frame,landmark_id,x,y,z,visibility
1,0,0.48095354437828064,0.39197731018066406,-0.5616755485534668,0.9999375343322754
1,1,0.47732430696487427,0.3825368285179138,-0.5225825905799866,0.9998233914375305
1,2,0.48000603914260864,0.3822591304779053,-0.5226497650146484,0.9997770190238953
1,3,0.4828934073448181,0.3819752335548401,-0.5226633548736572,0.9997692704200745
1,4,0.46493613719940186,0.38345855474472046,-0.5552404522895813,0.9998698234558105
1,5,0.45730772614479065,0.38389360904693604,-0.5553362965583801,0.9998661279678345
1,6,0.4491659700870514,0.38444745540618896,-0.555470883846283,0.9998681545257568
1,7,0.4751673936843872,0.386085569858551,-0.27950048446655273,0.9991783499717712
1,8,0.4275719225406647,0.390023410320282,-0.429026335477829,0.9998615980148315
1,9,0.48506975173950195,0.4028560519218445,-0.46690481901168823,0.9999135732650757
1,10,0.4689452648162842,0.4053604006767273,-0.5099887847900391,0.9999479055404663
1,11,0.5193310379981995,0.4497118592262268,-0.02502843737602234,0.9998053908348083
1,12,0.37775272130966187,0.4532528817653656,-0.40443775057792664,0.999958872795105
1,13,0.5405609011650085,0.5302432775497437,0.10759160667657852,0.7643987536430359
1,14,0.3617284893989563,0.5398143529891968,-0.413146048784256,0.9960227012634277
1,15,0.5510119199752808,0.6001636385917664,-0.07113289088010788,0.8617594838142395
1,16,0.39351746439933777,0.6110195517539978,-0.5238848924636841,0.9866235852241516
1,17,0.5643806457519531,0.6218330264091492,-0.11344277858734131,0.7936813831329346
1,18,0.3939007520675659,0.6337805390357971,-0.5940403938293457,0.9705910682678223
1,19,0.5620861053466797,0.6229914426803589,-0.18201465904712677,0.8119263648986816
1,20,0.40736693143844604,0.6321622729301453,-0.6304068565368652,0.9704536199569702
1,21,0.5534808039665222,0.6171215176582336,-0.10466011613607407,0.8010750412940979
1,22,0.40998610854148865,0.6254599690437317,-0.5381491184234619,0.9578927755355835
1,23,0.5010272264480591,0.6036779284477234,0.1272203028202057,0.9991486072540283
1,24,0.4192826449871063,0.6066572070121765,-0.12732410430908203,0.9993212223052979
1,25,0.4956473112106323,0.7144839763641357,0.2033049315214157,0.8841630816459656
1,26,0.41319212317466736,0.7179288268089294,-0.05984211340546608,0.9814587235450745
1,27,0.48019030690193176,0.8073503375053406,0.535715639591217,0.9357609748840332
1,28,0.42188191413879395,0.8173986673355103,0.2538885772228241,0.981894314289093
1,29,0.466349333524704,0.8164477348327637,0.5566188097000122,0.9029029607772827
1,30,0.41550689935684204,0.8284784555435181,0.2725731134414673,0.8440113663673401
1,31,0.5145399570465088,0.8404213786125183,0.3760792911052704,0.9568465948104858
1,32,0.4539056122303009,0.856525719165802,0.038259685039520264,0.9777500033378601
2,0,0.4820716381072998,0.3927432596683502,-0.5731285810470581,0.9999298453330994
2,1,0.4797525107860565,0.38293763995170593,-0.5349895358085632,0.9998055100440979
2,2,0.4827732443809509,0.38267216086387634,-0.5350415706634521,0.9997565150260925
2,3,0.48570770025253296,0.3824106454849243,-0.5350674390792847,0.9997454881668091
2,4,0.46628597378730774,0.3838329613208771,-0.569553554058075,0.9998541474342346
2,5,0.4584718346595764,0.384290486574173,-0.5696614384651184,0.9998520016670227
2,6,0.4500073194503784,0.3848448395729065,-0.5697748064994812,0.9998530745506287
2,7,0.47740405797958374,0.3867341876029968,-0.28645938634872437,0.999094545841217
2,8,0.4287016689777374,0.39031466841697693,-0.4447692930698395,0.9998442530632019
2,9,0.48633116483688354,0.4037935733795166,-0.4748360812664032,0.9998939633369446
2,10,0.46980756521224976,0.40597838163375854,-0.5203379988670349,0.9999355673789978
2,11,0.5195297002792358,0.44919151067733765,-0.025007158517837524,0.9997823238372803
2,12,0.3794057071208954,0.451823890209198,-0.41031527519226074,0.9999536275863647
2,13,0.5411317348480225,0.528150200843811,0.10759243369102478,0.7490410208702087
2,14,0.3701392412185669,0.5385261178016663,-0.41509488224983215,0.9958691596984863
2,15,0.5521022081375122,0.5964303016662598,-0.06583403795957565,0.8530797958374023
2,16,0.3987980782985687,0.6106693744659424,-0.5239368081092834,0.9862321615219116
2,17,0.5645127892494202,0.6191307306289673,-0.10502491146326065,0.7831506729125977
2,18,0.39780980348587036,0.6335659027099609,-0.5939218401908875,0.969903290271759
2,19,0.5619085431098938,0.6201292276382446,-0.17436957359313965,0.8017691969871521
2,20,0.4118892550468445,0.632168173789978,-0.6297168731689453,0.9697770476341248
2,21,0.5534803867340088,0.6144968271255493,-0.09961306303739548,0.790198802947998
2,22,0.4143246114253998,0.6254346966743469,-0.5381479263305664,0.9569505453109741
2,23,0.5018795132637024,0.6035091280937195,0.12715667486190796,0.9990673065185547
2,24,0.4213617444038391,0.6064692139625549,-0.12725411355495453,0.9992537498474121
2,25,0.4965285062789917,0.7141579389572144,0.1878434121608734,0.8823467493057251
2,26,0.4182702898979187,0.7177624106407166,-0.06840280443429947,0.9801164269447327
2,27,0.48143309354782104,0.8068417310714722,0.4822186827659607,0.9334343075752258
2,28,0.42258042097091675,0.8172880411148071,0.22261247038841248,0.9806867837905884
2,29,0.46626636385917664,0.8163105249404907,0.49936795234680176,0.8990375399589539
2,30,0.4160045087337494,0.8286353349685669,0.2386477142572403,0.8372101783752441
2,31,0.5162120461463928,0.8403570055961609,0.3183129131793976,0.9547271728515625
2,32,0.4573175311088562,0.856296181678772,0.002987971995025873,0.9762977361679077
3,0,0.4843180775642395,0.3943997621536255,-0.5946594476699829,0.999921441078186
3,1,0.48254895210266113,0.38439103960990906,-0.5587644577026367,0.9997828602790833
3,2,0.48559871315956116,0.38413429260253906,-0.5588247179985046,0.9997328519821167
3,3,0.4882964789867401,0.3838821351528168,-0.5588700175285339,0.9997188448905945
3,4,0.46906614303588867,0.38520485162734985,-0.5957467555999756,0.999832034111023
3,5,0.4613158404827118,0.3855425715446472,-0.5958605408668518,0.9998313188552856
3,6,0.4529261291027069,0.3860234320163727,-0.5959630608558655,0.9998282790184021
3,7,0.4789661467075348,0.3877851366996765,-0.30808621644973755,0.9990087747573853
3,8,0.4316328763961792,0.3908200263977051,-0.4787517189979553,0.9998179078102112
3,9,0.488260954618454,0.40528860688209534,-0.49374791979789734,0.9998762607574463
3,10,0.47176533937454224,0.40689119696617126,-0.5428069829940796,0.9999222755432129
3,11,0.5206121802330017,0.4470294415950775,-0.035860251635313034,0.9997850060462952
3,12,0.3795863687992096,0.45106691122055054,-0.42919230461120605,0.9999483227729797
3,13,0.541170060634613,0.5251617431640625,0.10195495933294296,0.7536973357200623
3,14,0.3733069598674774,0.5383745431900024,-0.4257664978504181,0.9958918690681458
3,15,0.5532124042510986,0.5930346250534058,-0.07137104868888855,0.8597303032875061
3,16,0.4024272561073303,0.6105422973632812,-0.5343049764633179,0.9864562749862671
3,17,0.5646400451660156,0.6156927943229675,-0.11290816962718964,0.7912791967391968
3,18,0.40071868896484375,0.633511483669281,-0.6055737137794495,0.9704272150993347
3,19,0.5616701245307922,0.6161832809448242,-0.1855684518814087,0.8093668818473816
3,20,0.41579389572143555,0.6321576833724976,-0.6434644460678101,0.9703348875045776
3,21,0.5534757375717163,0.610796332359314,-0.10612596571445465,0.7974050045013428
3,22,0.41836029291152954,0.6253636479377747,-0.549272894859314,0.9576840400695801
3,23,0.5038309097290039,0.6025526523590088,0.12727424502372742,0.9990159869194031
3,24,0.4236328899860382,0.6061229705810547,-0.12735137343406677,0.9991859197616577
3,25,0.49802878499031067,0.7131935358047485,0.18536895513534546,0.8813610076904297
3,26,0.42110180854797363,0.7173221707344055,-0.07530731707811356,0.978912353515625
3,27,0.48288586735725403,0.8064316511154175,0.47759053111076355,0.9304717183113098
3,28,0.42307373881340027,0.8167392611503601,0.2113092839717865,0.9795355200767517
3,29,0.4664134085178375,0.8161247372627258,0.4949157238006592,0.8959119915962219
3,30,0.4160624146461487,0.8283940553665161,0.2269708663225174,0.8313389420509338
3,31,0.5182362198829651,0.8403323888778687,0.3166023790836334,0.9522650241851807
3,32,0.4589936137199402,0.8558139801025391,-0.010161098092794418,0.9747004508972168
4,0,0.4863491952419281,0.3952787220478058,-0.5957653522491455,0.9999116063117981
4,1,0.48474764823913574,0.38534191250801086,-0.5593831539154053,0.9997580051422119
4,2,0.4877890646457672,0.38512855768203735,-0.5594527721405029,0.9997063875198364
4,3,0.4903310239315033,0.3849349617958069,-0.5594964623451233,0.9996885657310486
4,4,0.47119370102882385,0.386109322309494,-0.5956403017044067,0.9998067021369934
4,5,0.46351370215415955,0.3864251375198364,-0.5957454442977905,0.9998072981834412
4,6,0.4551187753677368,0.38689544796943665,-0.595849335193634,0.9998003840446472
4,7,0.48079177737236023,0.38875311613082886,-0.3073839545249939,0.9989093542098999
4,8,0.43392693996429443,0.39140766859054565,-0.4745570421218872,0.9997895359992981
4,9,0.49033036828041077,0.40628910064697266,-0.4946025311946869,0.999857485294342
4,10,0.47362369298934937,0.4075644016265869,-0.542787492275238,0.9999090433120728
4,11,0.5222242474555969,0.44644132256507874,-0.03684822842478752,0.9997880458831787
4,12,0.3803391754627228,0.4511100649833679,-0.42523160576820374,0.9999421238899231
4,13,0.5414507389068604,0.5238952040672302,0.10207870602607727,0.7584881782531738
4,14,0.3732515871524811,0.5384981036186218,-0.41886106133461,0.9958971738815308
4,15,0.554058313369751,0.5910424590110779,-0.07683563977479935,0.8662381768226624
4,16,0.40400663018226624,0.6103165149688721,-0.5338056683540344,0.9866577386856079
4,17,0.5649698972702026,0.6135836839675903,-0.1218009665608406,0.7995516657829285
4,18,0.40249863266944885,0.633319079875946,-0.6050194501876831,0.9708793759346008
4,19,0.5615732669830322,0.6137263178825378,-0.19497182965278625,0.8170740604400635
4,20,0.41799211502075195,0.6317421197891235,-0.6418015956878662,0.9708183407783508
4,21,0.5534688234329224,0.6082576513290405,-0.11191438138484955,0.8047548532485962
4,22,0.4206581115722656,0.6249030828475952,-0.5487356185913086,0.9583380222320557
4,23,0.5056286454200745,0.602407693862915,0.12646839022636414,0.998982310295105
4,24,0.4256468415260315,0.6061617732048035,-0.12650690972805023,0.9991292953491211
4,25,0.49940839409828186,0.7130640745162964,0.18193605542182922,0.8805058002471924
4,26,0.4226722717285156,0.7173933982849121,-0.07485942542552948,0.9772767424583435
4,27,0.4839024543762207,0.806428074836731,0.4778154492378235,0.9283585548400879
4,28,0.4234538972377777,0.8164191246032715,0.21857039630413055,0.9780336022377014
4,29,0.4665675759315491,0.8161481022834778,0.4954110085964203,0.8930895924568176
4,30,0.41618630290031433,0.828166663646698,0.2350127100944519,0.8234004974365234
4,31,0.519352912902832,0.8407232165336609,0.31455090641975403,0.9501855373382568
4,32,0.45885053277015686,0.8552294969558716,-0.0027914303354918957,0.9727811217308044
5,0,0.48838716745376587,0.39730849862098694,-0.6292338967323303,0.9999112486839294
5,1,0.48723962903022766,0.38708025217056274,-0.592913806438446,0.9997556209564209
5,2,0.4904552102088928,0.3869487941265106,-0.592962384223938,0.9997049570083618
5,3,0.4931359589099884,0.3869268596172333,-0.59299635887146,0.9996849298477173
5,4,0.472819983959198,0.3876133859157562,-0.6267427802085876,0.9998019337654114
5,5,0.4650595784187317,0.3879990875720978,-0.6268563866615295,0.9998031258583069
5,6,0.45668211579322815,0.388518750667572,-0.6269566416740417,0.9997937083244324
5,7,0.4847795367240906,0.39084452390670776,-0.3334348797798157,0.9988977313041687
5,8,0.43612709641456604,0.39299076795578003,-0.49178606271743774,0.9997825622558594
5,9,0.4929577708244324,0.4082426130771637,-0.524804949760437,0.999853789806366
5,10,0.4751633107662201,0.40898266434669495,-0.5702846050262451,0.9999063611030579
5,11,0.52602219581604,0.4465053975582123,-0.057519346475601196,0.9997984766960144
5,12,0.38069647550582886,0.4510704576969147,-0.4227015972137451,0.9999399781227112
5,13,0.5446823835372925,0.5221920609474182,0.08883101493120193,0.7719579339027405
5,14,0.37263381481170654,0.5390404462814331,-0.405502587556839,0.9960051774978638
5,15,0.5561584830284119,0.5869685411453247,-0.1055767834186554,0.8761417269706726
5,16,0.40611138939857483,0.6102187037467957,-0.5336449146270752,0.9871594309806824
5,17,0.5658867359161377,0.6091281771659851,-0.15633624792099,0.8130789399147034
5,18,0.40595096349716187,0.6330183744430542,-0.6040884852409363,0.971916675567627
5,19,0.5608855485916138,0.6087595820426941,-0.23041462898254395,0.8295414447784424
5,20,0.4223056733608246,0.6311106085777283,-0.6420173645019531,0.9718987345695496
5,21,0.5529865026473999,0.6026231050491333,-0.14067518711090088,0.8172475695610046
5,22,0.42520877718925476,0.6240371465682983,-0.5477941036224365,0.9598478674888611
5,23,0.5083250999450684,0.6014865636825562,0.12404622882604599,0.9989374876022339
5,24,0.42834770679473877,0.6059775352478027,-0.1240408718585968,0.9990660548210144
5,25,0.5038459897041321,0.7119680047035217,0.1517653912305832,0.8824208378791809
5,26,0.42771127820014954,0.7164440751075745,-0.09765587002038956,0.9760561585426331
5,27,0.48505792021751404,0.8062917590141296,0.4454505443572998,0.9270362257957458
5,28,0.42346981167793274,0.8164218664169312,0.18576768040657043,0.9767975211143494
5,29,0.4665679931640625,0.8160616159439087,0.46234703063964844,0.8917596340179443
5,30,0.4161321520805359,0.8280816078186035,0.20049285888671875,0.8164262175559998
5,31,0.5194622278213501,0.8409894704818726,0.2782994508743286,0.9484736323356628
5,32,0.4587414264678955,0.8552700877189636,-0.045522674918174744,0.9708199501037598
6,0,0.4899875223636627,0.39944297075271606,-0.6314058303833008,0.9999109506607056
6,1,0.4889688193798065,0.38893744349479675,-0.5977038741111755,0.9997506737709045
6,2,0.4921019971370697,0.3888634443283081,-0.5977519750595093,0.9997010231018066
6,3,0.49475160241127014,0.38891980051994324,-0.5977767705917358,0.9996799230575562
6,4,0.47461602091789246,0.3891972005367279,-0.6294965744018555,0.9997965693473816
6,5,0.467038631439209,0.3895537555217743,-0.6296080946922302,0.9997981786727905
6,6,0.45879173278808594,0.39005428552627563,-0.6297140121459961,0.9997872710227966
6,7,0.486510694026947,0.39297202229499817,-0.34662124514579773,0.9988850355148315
6,8,0.4382743835449219,0.3947429358959198,-0.49570316076278687,0.9997735023498535
6,9,0.4942152202129364,0.41032934188842773,-0.5297380089759827,0.9998517632484436
6,10,0.47660720348358154,0.41075533628463745,-0.5726782083511353,0.9999052882194519
6,11,0.5319558382034302,0.44648534059524536,-0.09222200512886047,0.999809741973877
6,12,0.38068562746047974,0.4517790377140045,-0.40193015336990356,0.9999376535415649
6,13,0.5542340874671936,0.5208244323730469,0.05233707278966904,0.7873573303222656
6,14,0.37177395820617676,0.53905189037323,-0.3617161214351654,0.9960473775863647
6,15,0.5607255697250366,0.5826858878135681,-0.15381865203380585,0.8853011131286621
6,16,0.40615081787109375,0.6090484261512756,-0.48840034008026123,0.987312912940979
6,17,0.5678168535232544,0.6042665243148804,-0.2093132883310318,0.8256356716156006
6,18,0.40779024362564087,0.6315855383872986,-0.5540996789932251,0.9722449779510498
6,19,0.5608713030815125,0.6032024621963501,-0.28020259737968445,0.8410813212394714
6,20,0.42422041296958923,0.6289160847663879,-0.6006234884262085,0.9722939133644104
6,21,0.5532525777816772,0.5968724489212036,-0.18727783858776093,0.8287926912307739
6,22,0.4264846444129944,0.6218137741088867,-0.5059446096420288,0.9604575037956238
6,23,0.5167168378829956,0.6008065938949585,0.1044950932264328,0.99885094165802
6,24,0.4339848458766937,0.6059346199035645,-0.1044522151350975,0.9989859461784363
6,25,0.5092149972915649,0.7095898389816284,0.1429627686738968,0.8869242668151855
6,26,0.43730467557907104,0.7158553600311279,-0.09476996213197708,0.9746480584144592
6,27,0.48627614974975586,0.8057096600532532,0.4298242926597595,0.9272564649581909
6,28,0.4275636374950409,0.8164073824882507,0.16782398521900177,0.9748574495315552
6,29,0.46656739711761475,0.8154109716415405,0.44619518518447876,0.8894479274749756
6,30,0.4192070960998535,0.8279546499252319,0.17971430718898773,0.8051963448524475
6,31,0.5193652510643005,0.8409134149551392,0.25666794180870056,0.9473967552185059
6,32,0.4629267752170563,0.8551995158195496,-0.06999757140874863,0.9677666425704956
7,0,0.4910452663898468,0.40150561928749084,-0.6278702020645142,0.9999154210090637
7,1,0.48997366428375244,0.39094704389572144,-0.5932511687278748,0.9997604489326477
7,2,0.49302801489830017,0.39091095328330994,-0.5932912826538086,0.9997135996818542
7,3,0.4956364631652832,0.3909347355365753,-0.5932928919792175,0.9996932744979858
7,4,0.475882887840271,0.39123377203941345,-0.6226138472557068,0.9998037815093994
7,5,0.468430757522583,0.3915500044822693,-0.6227110624313354,0.9998047947883606
7,6,0.460287481546402,0.39200252294540405,-0.6228143572807312,0.9997936487197876
7,7,0.48736312985420227,0.39494091272354126,-0.34318026900291443,0.9989304542541504
7,8,0.43967074155807495,0.3967084288597107,-0.4848584830760956,0.9997754693031311
7,9,0.49483001232147217,0.4126105308532715,-0.5272875428199768,0.9998576641082764
7,10,0.4777005612850189,0.4132061004638672,-0.5672358870506287,0.9999091029167175
7,11,0.5351121425628662,0.44636520743370056,-0.11482437700033188,0.9998245239257812
7,12,0.3807424306869507,0.45358794927597046,-0.3535737693309784,0.9999365210533142
7,13,0.5623738765716553,0.5188367366790771,0.01639566756784916,0.8050183653831482
7,14,0.3683704435825348,0.5390509963035583,-0.29650846123695374,0.9960715770721436
7,15,0.5633803606033325,0.5793575048446655,-0.21299661695957184,0.8953459858894348
7,16,0.4068422019481659,0.6069426536560059,-0.4320337176322937,0.9874995946884155
7,17,0.5677913427352905,0.6010996699333191,-0.2779710590839386,0.8401215672492981
7,18,0.4112708568572998,0.6288160681724548,-0.49563726782798767,0.9726531505584717
7,19,0.5580499172210693,0.5983773469924927,-0.34549441933631897,0.8543149828910828
7,20,0.4266585409641266,0.6263754367828369,-0.5441106557846069,0.972751796245575
7,21,0.5522170662879944,0.5917720794677734,-0.2445235401391983,0.8423545360565186
7,22,0.42777159810066223,0.6191855669021606,-0.4500781297683716,0.9610938429832458
7,23,0.5233342051506042,0.6002068519592285,0.08653846383094788,0.9988430142402649
7,24,0.43799659609794617,0.6058202385902405,-0.0865304172039032,0.9989761114120483
7,25,0.5118201971054077,0.7089751958847046,0.11814714223146439,0.8931761384010315
7,26,0.4439951181411743,0.7147394418716431,-0.09050615131855011,0.9741922616958618
7,27,0.48847508430480957,0.8049631118774414,0.41886430978775024,0.9295775294303894
7,28,0.430685430765152,0.8154171705245972,0.18033765256404877,0.9742379188537598
7,29,0.4675638973712921,0.8146053552627563,0.4370660185813904,0.8898544907569885
7,30,0.42274394631385803,0.8265846967697144,0.1930641382932663,0.7997381091117859
7,31,0.5193095207214355,0.8407177925109863,0.2446131855249405,0.9483417272567749
7,32,0.4641556143760681,0.854239284992218,-0.05348065868020058,0.9665102362632751
8,0,0.49607330560684204,0.4054943025112152,-0.6561210751533508,0.9999207854270935
8,1,0.4941750764846802,0.39498335123062134,-0.6222144365310669,0.9997748732566833
8,2,0.4969857633113861,0.3949274718761444,-0.6222574710845947,0.9997316598892212
8,3,0.49935752153396606,0.39490413665771484,-0.6222681403160095,0.9997114539146423
8,4,0.48032867908477783,0.39513248205184937,-0.6461936235427856,0.9998157620429993
8,5,0.47288450598716736,0.39536306262016296,-0.6463043689727783,0.9998167753219604
8,6,0.46493732929229736,0.39572417736053467,-0.6463651657104492,0.9998058080673218
8,7,0.49109551310539246,0.39820048213005066,-0.3661535084247589,0.9989897608757019
8,8,0.44299760460853577,0.4004126191139221,-0.4837479591369629,0.9997884631156921
8,9,0.4989566504955292,0.4155728816986084,-0.5524797439575195,0.9998649954795837
8,10,0.4825684130191803,0.4167703092098236,-0.5853672027587891,0.9999148845672607
8,11,0.5448371767997742,0.4471694529056549,-0.127661794424057,0.9998393058776855
8,12,0.38125526905059814,0.4579363465309143,-0.3412834703922272,0.9999399185180664
8,13,0.58310866355896,0.5181541442871094,-0.04231512174010277,0.8216906189918518
8,14,0.3547854721546173,0.537833571434021,-0.28978270292282104,0.9961615800857544
8,15,0.567281186580658,0.5752822160720825,-0.3237801492214203,0.9043641686439514
8,16,0.40651461482048035,0.5975245237350464,-0.4409729838371277,0.9873101711273193
8,17,0.5642505288124084,0.5956933498382568,-0.39620620012283325,0.8531356453895569
8,18,0.41343456506729126,0.6198894381523132,-0.5031300783157349,0.9722157716751099
8,19,0.5516008734703064,0.590085506439209,-0.4528295397758484,0.8661583065986633
8,20,0.4297870099544525,0.6157389283180237,-0.5460576415061951,0.9723783731460571
8,21,0.5496950149536133,0.5844886302947998,-0.3510647416114807,0.854301393032074
8,22,0.42944619059562683,0.6076891422271729,-0.4557662606239319,0.960482120513916
8,23,0.5248303413391113,0.5992363691329956,0.08841020613908768,0.9988510012626648
8,24,0.4392911195755005,0.601056694984436,-0.08838839828968048,0.999022364616394
8,25,0.5156121850013733,0.7056288123130798,0.1244840919971466,0.8934237360954285
8,26,0.4605877697467804,0.7004476189613342,-0.2451866716146469,0.9742931723594666
8,27,0.49255043268203735,0.8054007291793823,0.3638140857219696,0.9296817183494568
8,28,0.43624043464660645,0.8111953735351562,-0.10357575118541718,0.9739299416542053
8,29,0.47158104181289673,0.8157068490982056,0.37470462918281555,0.8876352310180664
8,30,0.4257935881614685,0.8235412836074829,-0.10343312472105026,0.7967647910118103
8,31,0.5197699069976807,0.8407157063484192,0.1924734264612198,0.947246253490448
8,32,0.4723166525363922,0.8471018075942993,-0.3526756763458252,0.9661568999290466
9,0,0.49889075756073,0.4110175669193268,-0.6068734526634216,0.9999254941940308
9,1,0.4978652894496918,0.40101808309555054,-0.5807771682739258,0.9997884631156921
9,2,0.5007988214492798,0.40063899755477905,-0.5808157324790955,0.999748706817627
9,3,0.5032333135604858,0.40031465888023376,-0.5808731317520142,0.9997299313545227
9,4,0.48349329829216003,0.40165939927101135,-0.5963420271873474,0.999826967716217
9,5,0.47577232122421265,0.40191879868507385,-0.5964331030845642,0.9998278021812439
9,6,0.46772754192352295,0.4022246301174164,-0.5964301228523254,0.9998177886009216
9,7,0.4960334002971649,0.402413547039032,-0.3580339252948761,0.9990564584732056
9,8,0.4462304413318634,0.4061165452003479,-0.4349684417247772,0.9998024702072144
9,9,0.5013135075569153,0.42062705755233765,-0.5102523565292358,0.999873697757721
9,10,0.48466598987579346,0.4230760633945465,-0.5347384214401245,0.9999213218688965
9,11,0.5502340197563171,0.4484090209007263,-0.10860132426023483,0.9998542070388794
9,12,0.3835209608078003,0.46247896552085876,-0.27531641721725464,0.9999445676803589
9,13,0.5995955467224121,0.5152190923690796,-0.04293861985206604,0.838453471660614
9,14,0.33789971470832825,0.5338099598884583,-0.21383215487003326,0.9962719082832336
9,15,0.5724702477455139,0.561877429485321,-0.3147449493408203,0.9133110642433167
9,16,0.4064418077468872,0.5870395302772522,-0.34299543499946594,0.9869009256362915
9,17,0.5642400979995728,0.5787476301193237,-0.3803534209728241,0.8663046360015869
9,18,0.4169134497642517,0.6101846694946289,-0.39259833097457886,0.970946729183197
9,19,0.5505731105804443,0.5736731290817261,-0.4196745455265045,0.8780727386474609
9,20,0.43220290541648865,0.6032480001449585,-0.42672592401504517,0.9710938930511475
9,21,0.549623966217041,0.5681723356246948,-0.3332284390926361,0.8665825128555298
9,22,0.43008431792259216,0.5947920083999634,-0.3526613414287567,0.958810031414032
9,23,0.5262670516967773,0.5936987400054932,0.08107057213783264,0.9988715052604675
9,24,0.44014880061149597,0.5915548801422119,-0.08096109330654144,0.9990913271903992
9,25,0.5180589556694031,0.6961344480514526,0.10426905006170273,0.8833727836608887
9,26,0.4727799594402313,0.680304765701294,-0.45138511061668396,0.9732013940811157
9,27,0.49425625801086426,0.8047394752502441,0.2802836000919342,0.920774519443512
9,28,0.44449010491371155,0.8058469891548157,-0.4152531027793884,0.97242671251297
9,29,0.4727950990200043,0.8159356117248535,0.28529107570648193,0.8751909732818604
9,30,0.43196558952331543,0.8216832876205444,-0.4234101176261902,0.7946962118148804
9,31,0.5209885239601135,0.8389576077461243,0.10873368382453918,0.9372274875640869
9,32,0.4852180480957031,0.8400079011917114,-0.681284487247467,0.9649712443351746
10,0,0.4983178377151489,0.4148385524749756,-0.481920063495636,0.9999305009841919
10,1,0.49775904417037964,0.40443912148475647,-0.4540257453918457,0.9998030662536621
10,2,0.5011653900146484,0.40389734506607056,-0.4540868103504181,0.9997665882110596
10,3,0.50404292345047,0.4034963548183441,-0.45414793491363525,0.9997497200965881
10,4,0.48285919427871704,0.4052722454071045,-0.47012418508529663,0.9998390674591064
10,5,0.47516006231307983,0.40556055307388306,-0.47019556164741516,0.9998398423194885
10,6,0.4671298861503601,0.4059376120567322,-0.47019559144973755,0.9998310208320618
10,7,0.4990176856517792,0.4050754904747009,-0.23696483671665192,0.9991258382797241
10,8,0.44665244221687317,0.40965190529823303,-0.3157820701599121,0.9998172521591187
10,9,0.501707136631012,0.42480459809303284,-0.3919784128665924,0.9998825192451477
10,10,0.4847085773944855,0.4270501732826233,-0.41515129804611206,0.9999275803565979
10,11,0.5531354546546936,0.45090675354003906,-0.03913229703903198,0.9998680353164673
10,12,0.3867400586605072,0.464160293340683,-0.1823848932981491,0.9999492764472961
10,13,0.607114851474762,0.5129135847091675,-0.023142468184232712,0.8535453677177429
10,14,0.3310280740261078,0.529079258441925,-0.11730550974607468,0.9963333606719971
10,15,0.5759022831916809,0.5541391372680664,-0.23765909671783447,0.9212968945503235
10,16,0.4055134654045105,0.5793699622154236,-0.23497770726680756,0.9860242605209351
10,17,0.5642547011375427,0.5703202486038208,-0.2945806384086609,0.8780573010444641
10,18,0.41821205615997314,0.6017888188362122,-0.27984005212783813,0.9687713980674744
10,19,0.5508051514625549,0.5645908713340759,-0.40565162897109985,0.8886750340461731
10,20,0.4339594542980194,0.5948554277420044,-0.31145331263542175,0.9688520431518555
10,21,0.5497412085533142,0.559048593044281,-0.2854258120059967,0.8774753212928772
10,22,0.4306628406047821,0.587157130241394,-0.2434200644493103,0.9561920762062073
10,23,0.5277426242828369,0.5908012390136719,0.07892687618732452,0.9989140629768372
10,24,0.44030600786209106,0.5879954099655151,-0.07876605540513992,0.9991589784622192
10,25,0.5176319479942322,0.6918931007385254,0.08767468482255936,0.8619526624679565
10,26,0.4800459146499634,0.674377977848053,-0.488470196723938,0.9699761867523193
10,27,0.4938666522502899,0.8038263320922852,0.2179114669561386,0.9014161825180054
10,28,0.44800034165382385,0.8007456064224243,-0.4872331917285919,0.967727541923523
10,29,0.47275301814079285,0.8165451884269714,0.2195238471031189,0.8547570109367371
10,30,0.43348124623298645,0.8183881640434265,-0.49626800417900085,0.7879347205162048
10,31,0.5219319462776184,0.8368145227432251,0.05112732946872711,0.9184224605560303
10,32,0.4902868866920471,0.8338330984115601,-0.7394990921020508,0.9614448547363281
11,0,0.5020067691802979,0.4328603744506836,-0.6026777625083923,0.9999241232872009
11,1,0.5013207793235779,0.4215514659881592,-0.576865553855896,0.9997888803482056
11,2,0.5049251317977905,0.4206317365169525,-0.576899528503418,0.9997480511665344
11,3,0.5079905986785889,0.41982612013816833,-0.5770169496536255,0.9997349381446838
11,4,0.4862808287143707,0.42305588722229004,-0.5955227613449097,0.9998323321342468
11,5,0.47880375385284424,0.42334628105163574,-0.5956553816795349,0.9998322129249573
11,6,0.4710378348827362,0.4235582947731018,-0.5956866145133972,0.9998282194137573
11,7,0.5043147802352905,0.4180642068386078,-0.33289816975593567,0.9990814328193665
11,8,0.4511716663837433,0.4246266782283783,-0.4146057069301605,0.9998179078102112
11,9,0.5065358877182007,0.4409978985786438,-0.49825820326805115,0.9998708367347717
11,10,0.4903472363948822,0.4427167475223541,-0.5226903557777405,0.9999266862869263
11,11,0.5584617853164673,0.4546986520290375,-0.07670657336711884,0.9998791813850403
11,12,0.39166703820228577,0.4708247184753418,-0.2683379054069519,0.9999525547027588
11,13,0.627171516418457,0.5084740519523621,-0.005976229440420866,0.867047131061554
11,14,0.31647464632987976,0.530040979385376,-0.22097767889499664,0.9964598417282104
11,15,0.5827246904373169,0.5427171587944031,-0.25830286741256714,0.9279106259346008
11,16,0.4053466022014618,0.5718916654586792,-0.34473004937171936,0.9853154420852661
11,17,0.5673335194587708,0.557859480381012,-0.3192649483680725,0.8872289657592773
11,18,0.4235621988773346,0.5896855592727661,-0.396627813577652,0.9662739634513855
11,19,0.553753137588501,0.5520909428596497,-0.36284011602401733,0.8968481421470642
11,20,0.4367561340332031,0.5823671817779541,-0.42760708928108215,0.9662832021713257
11,21,0.5550756454467773,0.5468565225601196,-0.27808669209480286,0.8853844404220581
11,22,0.4321384131908417,0.576560914516449,-0.35350677371025085,0.9526054263114929
11,23,0.5276791453361511,0.5897964239120483,0.08415491878986359,0.998824417591095
11,24,0.44140416383743286,0.5882054567337036,-0.08404948562383652,0.9991635680198669
11,25,0.5168206691741943,0.6947579383850098,0.07324621826410294,0.8343902230262756
11,26,0.5014867186546326,0.680203914642334,-0.47134432196617126,0.9661164283752441
11,27,0.4935242831707001,0.8041593432426453,0.2075435370206833,0.8800063133239746
11,28,0.46663618087768555,0.802483081817627,-0.46286043524742126,0.9640812873840332
11,29,0.47268345952033997,0.8178256750106812,0.2097676545381546,0.8366599678993225
11,30,0.44972479343414307,0.8188521265983582,-0.47053858637809753,0.787325382232666
11,31,0.5265336632728577,0.8355437517166138,0.030518433079123497,0.8988056778907776
11,32,0.5109603404998779,0.8363931775093079,-0.7241272926330566,0.9579933285713196
12,0,0.5042449235916138,0.4430356025695801,-0.4150962829589844,0.9999241232872009
12,1,0.5032266974449158,0.4321978688240051,-0.3855007588863373,0.9997915029525757
12,2,0.5068448781967163,0.4312027096748352,-0.38558468222618103,0.9997500777244568
12,3,0.5100667476654053,0.43024054169654846,-0.38569819927215576,0.9997420907020569
12,4,0.48858916759490967,0.4336875379085541,-0.4031118154525757,0.9998366236686707
12,5,0.4815840721130371,0.43393149971961975,-0.4032197594642639,0.9998356699943542
12,6,0.4739382565021515,0.43415603041648865,-0.40323781967163086,0.9998364448547363
12,7,0.5068292617797852,0.42942744493484497,-0.16081936657428741,0.999114453792572
12,8,0.45448926091194153,0.43674492835998535,-0.2428855299949646,0.9998275637626648
12,9,0.5098848342895508,0.45044535398483276,-0.3213155269622803,0.9998666048049927
12,10,0.4942100942134857,0.4525821805000305,-0.3454045057296753,0.9999279379844666
12,11,0.5622130632400513,0.4623880386352539,0.043424829840660095,0.9998895525932312
12,12,0.3947673738002777,0.4769909977912903,-0.10544878989458084,0.9999557733535767
12,13,0.6383946537971497,0.5067851543426514,0.06499408185482025,0.878756046295166
12,14,0.30444779992103577,0.5306803584098816,-0.04738190025091171,0.9964122176170349
12,15,0.5888223648071289,0.5363371968269348,-0.19991247355937958,0.9320579767227173
12,16,0.4056757688522339,0.5641382932662964,-0.1544462889432907,0.9830876588821411
12,17,0.5711167454719543,0.5488025546073914,-0.26153385639190674,0.8915534019470215
12,18,0.42656680941581726,0.5770267248153687,-0.1938478946685791,0.9606592059135437
12,19,0.5589179396629333,0.5416198372840881,-0.2625870406627655,0.9001265168190002
12,20,0.4385281801223755,0.569596529006958,-0.21524304151535034,0.960545539855957
12,21,0.562109649181366,0.5374597907066345,-0.20205111801624298,0.8871499300003052
12,22,0.43303316831588745,0.5652405023574829,-0.15742146968841553,0.9457613825798035
12,23,0.5270769596099854,0.5907193422317505,0.07648808509111404,0.9987847208976746
12,24,0.4422741234302521,0.5900561213493347,-0.07621409744024277,0.9992023706436157
12,25,0.5074356198310852,0.6965531706809998,0.05433468148112297,0.8015516400337219
12,26,0.5071929097175598,0.6642789840698242,-0.5863784551620483,0.9647333025932312
12,27,0.48205646872520447,0.8046836853027344,0.1400146186351776,0.8502354621887207
12,28,0.47417309880256653,0.8015972971916199,-0.6127884984016418,0.9604353904724121
12,29,0.46124184131622314,0.8177894353866577,0.138092502951622,0.8058544397354126
12,30,0.45814210176467896,0.8163072466850281,-0.6196088790893555,0.7906168699264526
12,31,0.5173760056495667,0.8351248502731323,-0.03850739076733589,0.8708146214485168
12,32,0.5139255523681641,0.8352249264717102,-0.8497899174690247,0.9549542665481567
13,0,0.5074716210365295,0.44723305106163025,-0.2834489047527313,0.9999266862869263
13,1,0.5058526992797852,0.4366645812988281,-0.2551148235797882,0.9997989535331726
13,2,0.5092892646789551,0.43568119406700134,-0.2551901638507843,0.9997587203979492
13,3,0.5125855207443237,0.43461695313453674,-0.2552974820137024,0.9997544884681702
13,4,0.49133288860321045,0.4387103021144867,-0.269004762172699,0.9998443126678467
13,5,0.48429378867149353,0.4391971230506897,-0.26908740401268005,0.9998429417610168
13,6,0.47648969292640686,0.4397977888584137,-0.269093781709671,0.9998467564582825
13,7,0.5095697045326233,0.43396496772766113,-0.05602709949016571,0.9991613626480103
13,8,0.4573133587837219,0.4425491690635681,-0.12176895886659622,0.9998391270637512
13,9,0.5139612555503845,0.454659640789032,-0.20066237449645996,0.9998663067817688
13,10,0.49791911244392395,0.4579697549343109,-0.21996478736400604,0.9999305009841919
13,11,0.5662961602210999,0.46633872389793396,0.10536519438028336,0.9998987317085266
13,12,0.39727479219436646,0.4806148409843445,-0.0141798947006464,0.9999587535858154
13,13,0.6396318078041077,0.5078787803649902,0.11191510409116745,0.8887563943862915
13,14,0.2975365221500397,0.5309536457061768,0.03340825065970421,0.9963624477386475
13,15,0.5881512761116028,0.5359580516815186,-0.09285332262516022,0.9349782466888428
13,16,0.4056130647659302,0.5618269443511963,-0.05287701264023781,0.9805175065994263
13,17,0.5710312128067017,0.5462597012519836,-0.14419730007648468,0.8939769268035889
13,18,0.42770203948020935,0.570666491985321,-0.08448075503110886,0.9540315270423889
13,19,0.5588780045509338,0.5386838316917419,-0.14075475931167603,0.9013579487800598
13,20,0.4381459653377533,0.5636332631111145,-0.09547298401594162,0.9536715745925903
13,21,0.5618554949760437,0.5357155203819275,-0.09316284209489822,0.8866634964942932
13,22,0.4326612651348114,0.5603248476982117,-0.051608841866254807,0.9381709694862366
13,23,0.52744060754776,0.5939025282859802,0.06835675984621048,0.9987471699714661
13,24,0.4431418478488922,0.5904535055160522,-0.06805584579706192,0.9992388486862183
13,25,0.5020864009857178,0.6995328664779663,0.04767363518476486,0.782414436340332
13,26,0.5004128217697144,0.650335431098938,-0.5896722078323364,0.9650870561599731
13,27,0.4662172198295593,0.8065330386161804,0.12879051268100739,0.8353562951087952
13,28,0.47806957364082336,0.7953724265098572,-0.61700838804245,0.9600964784622192
13,29,0.44701024889945984,0.8187805414199829,0.12823154032230377,0.7861234545707703
13,30,0.4625036418437958,0.8117353320121765,-0.6211490035057068,0.7989994287490845
13,31,0.5091217756271362,0.8358028531074524,-0.033053573220968246,0.8542492985725403
13,32,0.5155749917030334,0.8332659006118774,-0.8309059739112854,0.9544999599456787
14,0,0.5087819695472717,0.4553333818912506,-0.3132229149341583,0.9999324083328247
14,1,0.509185791015625,0.44384607672691345,-0.2835486829280853,0.9998146295547485
14,2,0.5133070349693298,0.4427970051765442,-0.2835834324359894,0.9997770190238953
14,3,0.5171788334846497,0.4416915476322174,-0.2836720645427704,0.9997739195823669
14,4,0.493332177400589,0.44547247886657715,-0.29794350266456604,0.9998572468757629
14,5,0.48583143949508667,0.4457727372646332,-0.2980574369430542,0.9998558759689331
14,6,0.47786954045295715,0.44621625542640686,-0.29806727170944214,0.9998602867126465
14,7,0.5164933800697327,0.4412413239479065,-0.07422931492328644,0.9992302656173706
14,8,0.4588860273361206,0.44800177216529846,-0.14348238706588745,0.9998536705970764
14,9,0.5156363844871521,0.46243181824684143,-0.22688665986061096,0.9998751282691956
14,10,0.49875542521476746,0.46556705236434937,-0.2471800446510315,0.9999361634254456
14,11,0.5671377778053284,0.47172895073890686,0.09788785874843597,0.9999072551727295
14,12,0.4036942422389984,0.48016804456710815,-0.03833843767642975,0.9999622702598572
14,13,0.6479440331459045,0.5081607103347778,0.09282100200653076,0.8986223340034485
14,14,0.293077290058136,0.5311582088470459,-0.019623346626758575,0.9965102076530457
14,15,0.5893166661262512,0.5336849689483643,-0.11834196746349335,0.9387449622154236
14,16,0.4056283235549927,0.5591181516647339,-0.1273973286151886,0.9805144667625427
14,17,0.5708855986595154,0.5429145693778992,-0.1717352718114853,0.8980507850646973
14,18,0.4294258654117584,0.5676276683807373,-0.1625598669052124,0.9529811143875122
14,19,0.5587798357009888,0.5362895131111145,-0.16888664662837982,0.9044152498245239
14,20,0.43918994069099426,0.561245858669281,-0.1737954467535019,0.9524885416030884
14,21,0.5617870092391968,0.5336836576461792,-0.11998071521520615,0.8885873556137085
14,22,0.43319404125213623,0.55819171667099,-0.12611952424049377,0.9369438886642456
14,23,0.5282538533210754,0.5998235940933228,0.07159165292978287,0.9987372756004333
14,24,0.4448687732219696,0.5928800702095032,-0.07134467363357544,0.9992862343788147
14,25,0.499586820602417,0.7054349184036255,0.05013933777809143,0.7670156359672546
14,26,0.5044689774513245,0.6513646245002747,-0.6168187260627747,0.964966356754303
14,27,0.4624570608139038,0.806185245513916,0.17902831733226776,0.8166124820709229
14,28,0.47792014479637146,0.7948119044303894,-0.6298999786376953,0.9591221213340759
14,29,0.43603748083114624,0.8185454607009888,0.1838333159685135,0.7712064981460571
14,30,0.46149516105651855,0.811263382434845,-0.633537769317627,0.8057580590248108
14,31,0.5069834589958191,0.8353567123413086,0.031174808740615845,0.8355010747909546
14,32,0.5215520262718201,0.8294480443000793,-0.8481401205062866,0.9531575441360474
15,0,0.5122612118721008,0.45579829812049866,-0.4030511975288391,0.9999247193336487
15,1,0.5133640170097351,0.44461575150489807,-0.3738289773464203,0.9998023509979248
15,2,0.5175533890724182,0.44368019700050354,-0.37388983368873596,0.9997566938400269
15,3,0.5213811993598938,0.4427468180656433,-0.37398943305015564,0.9997642636299133
15,4,0.4971906542778015,0.4459463953971863,-0.3910647928714752,0.9998511672019958
15,5,0.48952728509902954,0.446058452129364,-0.3911793529987335,0.999846339225769
15,6,0.4815358817577362,0.44630876183509827,-0.3912438750267029,0.9998599290847778
15,7,0.5198964476585388,0.44173407554626465,-0.15365393459796906,0.9991921186447144
15,8,0.462499737739563,0.4474004805088043,-0.2355869561433792,0.9998523592948914
15,9,0.5187202095985413,0.4630142152309418,-0.31176644563674927,0.9998496770858765
15,10,0.5014210939407349,0.4661417007446289,-0.3355232775211334,0.9999302625656128
15,11,0.5698097348213196,0.4718800187110901,0.046178821474313736,0.9999139904975891
15,12,0.4056665599346161,0.47974783182144165,-0.10694900155067444,0.9999643564224243
15,13,0.6487340927124023,0.5086379051208496,0.07130741328001022,0.9075835347175598
15,14,0.29763537645339966,0.5313639044761658,-0.059534285217523575,0.9964285492897034
15,15,0.5888761878013611,0.5353854894638062,-0.12195395678281784,0.9430432915687561
15,16,0.4075605571269989,0.5636440515518188,-0.15523916482925415,0.979192852973938
15,17,0.5701255202293396,0.5448942184448242,-0.18686582148075104,0.9034858345985413
15,18,0.43234917521476746,0.5760149955749512,-0.19043514132499695,0.9483988881111145
15,19,0.5579987168312073,0.5378038883209229,-0.20664696395397186,0.908933162689209
15,20,0.4428144693374634,0.5694559812545776,-0.20635375380516052,0.9476227164268494
15,21,0.5614405870437622,0.5351234674453735,-0.14651958644390106,0.8920404314994812
15,22,0.4365939795970917,0.5655059218406677,-0.15488198399543762,0.9306284189224243
15,23,0.5299053192138672,0.5996479392051697,0.06729345768690109,0.9986384510993958
15,24,0.44488465785980225,0.593292236328125,-0.06708449870347977,0.9992576837539673
15,25,0.49978378415107727,0.7000818848609924,-0.028804514557123184,0.7219564318656921
15,26,0.4990941286087036,0.6603087186813354,-0.5273575186729431,0.9410281181335449
15,27,0.46505826711654663,0.8048319816589355,0.000669483037199825,0.7664249539375305
15,28,0.47329381108283997,0.7967720031738281,-0.5641076564788818,0.9353824853897095
15,29,0.4416983425617218,0.8177798986434937,-0.005530108232051134,0.7295677661895752
15,30,0.45744162797927856,0.8128806948661804,-0.5729741454124451,0.784766674041748
15,31,0.5081291794776917,0.8307737112045288,-0.18792840838432312,0.7928327918052673
15,32,0.5142902135848999,0.8273630142211914,-0.8170422315597534,0.9359893798828125
16,0,0.5149545669555664,0.4526248574256897,-0.42015576362609863,0.9999248385429382
16,1,0.5149429440498352,0.4419449269771576,-0.3905509114265442,0.9998055100440979
16,2,0.5185970067977905,0.44094640016555786,-0.3906221091747284,0.9997602701187134
16,3,0.5220666527748108,0.43988722562789917,-0.39073044061660767,0.9997703433036804
16,4,0.49973711371421814,0.4434604048728943,-0.4084753394126892,0.9998539686203003
16,5,0.49226903915405273,0.4436892867088318,-0.4085756540298462,0.9998480677604675
16,6,0.48429909348487854,0.44386544823646545,-0.40862956643104553,0.9998643398284912
16,7,0.5190260410308838,0.4386206567287445,-0.1646082103252411,0.9992201328277588
16,8,0.4641302824020386,0.44512858986854553,-0.24810217320919037,0.9998584985733032
16,9,0.5207841396331787,0.4598821699619293,-0.3260086476802826,0.9998507499694824
16,10,0.5041413903236389,0.4630398750305176,-0.35057830810546875,0.9999322891235352
16,11,0.5723699927330017,0.47075802087783813,0.03940185531973839,0.9999211430549622
16,12,0.4072241187095642,0.47860485315322876,-0.11418049037456512,0.9999663829803467
16,13,0.645534098148346,0.5092726945877075,0.031598374247550964,0.9158028960227966
16,14,0.3027395009994507,0.5315216779708862,-0.06946273148059845,0.9963541030883789
16,15,0.5908498167991638,0.5369695425033569,-0.2512190639972687,0.9468963146209717
16,16,0.40914034843444824,0.5664718151092529,-0.1718660295009613,0.9775525331497192
16,17,0.5702019929885864,0.5470300912857056,-0.3152715563774109,0.9085519909858704
16,18,0.4327891767024994,0.5807539224624634,-0.2092825323343277,0.9443295001983643
16,19,0.5580907464027405,0.5400711297988892,-0.3169421851634979,0.9133006930351257
16,20,0.4438588321208954,0.5742629766464233,-0.22868265211582184,0.9433916807174683
16,21,0.5623461604118347,0.537047266960144,-0.25668859481811523,0.8957321643829346
16,22,0.4380589425563812,0.5696303248405457,-0.17358708381652832,0.9250307083129883
16,23,0.5300458073616028,0.5997835397720337,0.06966423243284225,0.9986177086830139
16,24,0.44565942883491516,0.5936195254325867,-0.06945957243442535,0.9992883801460266
16,25,0.5052524209022522,0.700366199016571,-0.017203614115715027,0.7061396837234497
16,26,0.5052815675735474,0.6635234355926514,-0.573465883731842,0.9424927234649658
16,27,0.4677780568599701,0.8035141229629517,0.13953500986099243,0.7511364221572876
16,28,0.47075554728507996,0.7978975772857666,-0.5655937790870667,0.9351311922073364
16,29,0.44225049018859863,0.8165814280509949,0.1424468606710434,0.7138848900794983
16,30,0.4548366963863373,0.8132594227790833,-0.569488525390625,0.7865386605262756
16,31,0.5107859373092651,0.8297821283340454,-0.03688747435808182,0.7786849737167358
16,32,0.5125904679298401,0.8293536901473999,-0.7983556389808655,0.9355686902999878
17,0,0.5181145071983337,0.4473199248313904,-0.7090196013450623,0.9999251365661621
17,1,0.5171009302139282,0.4369822144508362,-0.6813303828239441,0.9998033046722412
17,2,0.5205494165420532,0.43608003854751587,-0.6813510060310364,0.9997574090957642
17,3,0.52398681640625,0.43521612882614136,-0.6814355850219727,0.9997684955596924
17,4,0.5030987858772278,0.4387819766998291,-0.703260600566864,0.9998539090156555
17,5,0.49583011865615845,0.4393312931060791,-0.7034121751785278,0.9998475909233093
17,6,0.48777180910110474,0.43998900055885315,-0.7035055160522461,0.9998646378517151
17,7,0.5196856260299683,0.4377942681312561,-0.42764773964881897,0.9992164969444275
17,8,0.4664629101753235,0.44387760758399963,-0.5310987234115601,0.9998595714569092
17,9,0.5230472683906555,0.4553004801273346,-0.602225124835968,0.9998537302017212
17,10,0.5073948502540588,0.4599136412143707,-0.6324450969696045,0.9999338984489441
17,11,0.5713735222816467,0.4675515592098236,-0.15366853773593903,0.9999278783798218
17,12,0.408496230840683,0.4751059412956238,-0.3626346290111542,0.9999682307243347
17,13,0.640701174736023,0.5099486112594604,-0.05959222465753555,0.9234345555305481
17,14,0.3240202069282532,0.5314615368843079,-0.31922027468681335,0.9965372085571289
17,15,0.5906368494033813,0.5402119755744934,-0.3152402341365814,0.951531171798706
17,16,0.4101192355155945,0.5741053819656372,-0.4419015347957611,0.9779013395309448
17,17,0.5701168179512024,0.5513094663619995,-0.3728458881378174,0.9158979058265686
17,18,0.43205785751342773,0.5968819856643677,-0.4908783733844757,0.9445638656616211
17,19,0.5568236708641052,0.5479779839515686,-0.40368911623954773,0.920193076133728
17,20,0.4450094401836395,0.5924637317657471,-0.5157201886177063,0.9435932040214539
17,21,0.5595706701278687,0.543933093547821,-0.32884204387664795,0.9032345414161682
17,22,0.43947288393974304,0.5833760499954224,-0.44680336117744446,0.9248359799385071
17,23,0.529728889465332,0.5947612524032593,0.08477066457271576,0.9985325932502747
17,24,0.44553130865097046,0.5907836556434631,-0.0847838819026947,0.9992600679397583
17,25,0.5094662308692932,0.6914392709732056,-0.0010752234375104308,0.7021008729934692
17,26,0.5003652572631836,0.6851000785827637,-0.4056803286075592,0.941277265548706
17,27,0.469360888004303,0.802112877368927,0.15877918899059296,0.7522473931312561
17,28,0.46025195717811584,0.8017064929008484,-0.3719640076160431,0.936316192150116
17,29,0.4442812204360962,0.8150121569633484,0.16525252163410187,0.7156073451042175
17,30,0.44288715720176697,0.8172937631607056,-0.37862664461135864,0.788375735282898
17,31,0.5109375715255737,0.8304563760757446,-0.00710842851549387,0.7808277010917664
17,32,0.5081968307495117,0.8324233293533325,-0.6235496997833252,0.9359725117683411
18,0,0.5180495381355286,0.437791109085083,-0.6408620476722717,0.9999282360076904
18,1,0.5175386071205139,0.4267476201057434,-0.6116250157356262,0.9998087286949158
18,2,0.5209406614303589,0.42572277784347534,-0.6116599440574646,0.9997639060020447
18,3,0.5243857502937317,0.4246402382850647,-0.6117099523544312,0.9997743964195251
18,4,0.5034101009368896,0.42838263511657715,-0.6360428333282471,0.9998587369918823
18,5,0.49597442150115967,0.4285646378993988,-0.63616943359375,0.9998524188995361
18,6,0.4879287779331207,0.4283764362335205,-0.6362544894218445,0.9998690485954285
18,7,0.5202502608299255,0.4231284558773041,-0.36415523290634155,0.9992307424545288
18,8,0.4665868580341339,0.4274212718009949,-0.47936883568763733,0.9998644590377808
18,9,0.5227751731872559,0.4450216293334961,-0.5376596450805664,0.999860942363739
18,10,0.5071476697921753,0.4474881589412689,-0.5710961818695068,0.9999373555183411
18,11,0.5714330673217773,0.46020397543907166,-0.10578394681215286,0.9999340176582336
18,12,0.40789926052093506,0.46750694513320923,-0.34428179264068604,0.9999703168869019
18,13,0.6377458572387695,0.51277756690979,-0.028289448469877243,0.9295653700828552
18,14,0.33834561705589294,0.5315411686897278,-0.32052379846572876,0.9966893792152405
18,15,0.5853630900382996,0.5560833215713501,-0.2862265408039093,0.9554194808006287
18,16,0.4130019247531891,0.5842474699020386,-0.44450411200523376,0.978460431098938
18,17,0.5653753280639648,0.5702043175697327,-0.3447275161743164,0.922081470489502
18,18,0.4318861663341522,0.6084266901016235,-0.4990195333957672,0.9457741379737854
18,19,0.5514793395996094,0.5650590062141418,-0.3794458210468292,0.9259831309318542
18,20,0.4467657804489136,0.6067649126052856,-0.5229199528694153,0.9448053240776062
18,21,0.5528475642204285,0.5612409114837646,-0.30239516496658325,0.9094907641410828
18,22,0.4427807629108429,0.598669171333313,-0.44998881220817566,0.9261301159858704
18,23,0.5312930345535278,0.5938044786453247,0.10124851018190384,0.9985291957855225
18,24,0.44645512104034424,0.5906028151512146,-0.10126720368862152,0.9992665648460388
18,25,0.5094786286354065,0.6918388605117798,0.09263231605291367,0.7011573910713196
18,26,0.497864305973053,0.6932686567306519,-0.38087525963783264,0.941649854183197
18,27,0.4640454947948456,0.8025423288345337,0.2505311965942383,0.7570350170135498
18,28,0.4559769034385681,0.8043772578239441,-0.3352462351322174,0.9392635822296143
18,29,0.44082510471343994,0.8159034848213196,0.2556006610393524,0.7227304577827454
18,30,0.4345158040523529,0.8195079565048218,-0.340986430644989,0.7951569557189941
18,31,0.5090885758399963,0.8317911028862,0.08817073702812195,0.7867161631584167
18,32,0.4985668659210205,0.8432218432426453,-0.5830281376838684,0.9382652044296265
19,0,0.5181567072868347,0.4305998384952545,-0.6085087060928345,0.9999313354492188
19,1,0.518248438835144,0.4190584719181061,-0.5785003900527954,0.9998157620429993
19,2,0.5217043161392212,0.4182042181491852,-0.5785602331161499,0.9997730851173401
19,3,0.5251560807228088,0.4173057973384857,-0.5786095261573792,0.9997829794883728
19,4,0.5041412115097046,0.42029517889022827,-0.604609489440918,0.9998632669448853
19,5,0.4966120421886444,0.4202853739261627,-0.6047202348709106,0.9998569488525391
19,6,0.4884309470653534,0.420329749584198,-0.604788064956665,0.9998728036880493
19,7,0.5205455422401428,0.4157886505126953,-0.3347414433956146,0.9992599487304688
19,8,0.46734026074409485,0.41953983902931213,-0.45768076181411743,0.9998677968978882
19,9,0.5225251913070679,0.4376508295536041,-0.5071684718132019,0.9998685717582703
19,10,0.5071184039115906,0.43980592489242554,-0.5427484512329102,0.9999403953552246
19,11,0.5704982876777649,0.4551340937614441,-0.08964212238788605,0.9999397397041321
19,12,0.4072275757789612,0.4640616774559021,-0.3279833197593689,0.9999717473983765
19,13,0.6236885786056519,0.5137720704078674,-0.012269914150238037,0.9350156188011169
19,14,0.352032333612442,0.5340580344200134,-0.30473896861076355,0.9968081712722778
19,15,0.5805519819259644,0.5640623569488525,-0.2644385099411011,0.9590550661087036
19,16,0.41459906101226807,0.5920836925506592,-0.43146392703056335,0.9791944622993469
19,17,0.5634931921958923,0.5800616145133972,-0.3237748444080353,0.928009569644928
19,18,0.43136075139045715,0.6145927906036377,-0.4893578290939331,0.9476261734962463
19,19,0.5496178865432739,0.5735195279121399,-0.3642851412296295,0.9315769672393799
19,20,0.44675809144973755,0.6130977869033813,-0.517163872718811,0.9467403888702393
19,21,0.5498772263526917,0.5694667100906372,-0.2831980288028717,0.9157921671867371
19,22,0.4435805082321167,0.6056358218193054,-0.43938344717025757,0.92843097448349
19,23,0.5317317843437195,0.5931706428527832,0.10058024525642395,0.9985958337783813
19,24,0.44669511914253235,0.5910803079605103,-0.1005452573299408,0.9992883205413818
19,25,0.5095705389976501,0.6852957010269165,0.047477323561906815,0.7104576826095581
19,26,0.4953707456588745,0.6948919296264648,-0.3800823986530304,0.9426185488700867
19,27,0.4577997922897339,0.8024460673332214,0.15935461223125458,0.7664735913276672
19,28,0.44977501034736633,0.8050436973571777,-0.34910959005355835,0.942102313041687
19,29,0.4350632131099701,0.8156431913375854,0.15958458185195923,0.7332266569137573
19,30,0.43258288502693176,0.8201063871383667,-0.3556309938430786,0.8006962537765503
19,31,0.5036323070526123,0.834515392780304,-0.022233374416828156,0.79672771692276
19,32,0.4956681430339813,0.8456624150276184,-0.5982771515846252,0.9408636093139648
20,0,0.521043062210083,0.4169585108757019,-0.8898351192474365,0.999935507774353
20,1,0.5199505090713501,0.4064342975616455,-0.8538286685943604,0.9998241662979126
20,2,0.522922694683075,0.4058615267276764,-0.8538700342178345,0.9997842907905579
20,3,0.5257476568222046,0.4052897095680237,-0.8539199829101562,0.9997930526733398
20,4,0.5069486498832703,0.40715280175209045,-0.8913247585296631,0.999869704246521
20,5,0.4996430575847626,0.4072720408439636,-0.8915157914161682,0.9998640418052673
20,6,0.49114882946014404,0.4076766073703766,-0.8916113972663879,0.9998781085014343
20,7,0.5195809602737427,0.40587395429611206,-0.5740101337432861,0.9992822408676147
20,8,0.46808692812919617,0.40991339087486267,-0.746785044670105,0.9998717308044434
20,9,0.5239445567131042,0.4258672595024109,-0.7748219966888428,0.9998753666877747
20,10,0.5088943243026733,0.4286898672580719,-0.8246836066246033,0.999943196773529
20,11,0.5696761012077332,0.4500100016593933,-0.26277339458465576,0.9999437928199768
20,12,0.40693792700767517,0.46050137281417847,-0.6302505731582642,0.9999722242355347
20,13,0.5961438417434692,0.5170161128044128,-0.162699356675148,0.9383499622344971
20,14,0.38512763381004333,0.5388569831848145,-0.629870593547821,0.9969855546951294
20,15,0.5721124410629272,0.5783480405807495,-0.4081377387046814,0.9616042971611023
20,16,0.41930830478668213,0.6047607660293579,-0.7612910866737366,0.980502724647522
20,17,0.5614596009254456,0.598612368106842,-0.4745417833328247,0.9320263266563416
20,18,0.43046867847442627,0.6302616000175476,-0.8444967269897461,0.9509230256080627
20,19,0.5464444160461426,0.5943109393119812,-0.5387842655181885,0.9354230165481567
20,20,0.4465411603450775,0.6280776858329773,-0.8766471743583679,0.9500880837440491
20,21,0.5442980527877808,0.5888586044311523,-0.439806193113327,0.9199762940406799
20,22,0.4439276456832886,0.6193726658821106,-0.7735221982002258,0.9323453307151794
20,23,0.5315037369728088,0.5933459997177124,0.12535463273525238,0.9986512064933777
20,24,0.44686439633369446,0.5917192101478577,-0.12537609040737152,0.9993156790733337
20,25,0.5089972019195557,0.6926571726799011,0.23242709040641785,0.7238573431968689
20,26,0.4830642640590668,0.6938679814338684,-0.2522748112678528,0.9444792866706848
20,27,0.4505904018878937,0.8019332885742188,0.5132641196250916,0.7788454294204712
20,28,0.44957390427589417,0.8051848411560059,-0.10454203188419342,0.9454675316810608
20,29,0.42558225989341736,0.8130190968513489,0.5295520424842834,0.7462761402130127
20,30,0.43310248851776123,0.8198735117912292,-0.10366088151931763,0.8067097067832947
20,31,0.4936957061290741,0.8345822095870972,0.34796226024627686,0.8085954189300537
20,32,0.4949713945388794,0.84562748670578,-0.3670813739299774,0.9438183903694153
21,0,0.5214131474494934,0.4104815125465393,-0.8817355632781982,0.9999393820762634
21,1,0.519584596157074,0.39967650175094604,-0.846981406211853,0.9998323917388916
21,2,0.5223629474639893,0.3990589678287506,-0.8470116257667542,0.9997950792312622
21,3,0.5250548124313354,0.39840736985206604,-0.8470697402954102,0.9998037219047546
21,4,0.5069348812103271,0.40079593658447266,-0.8856927752494812,0.9998757839202881
21,5,0.49966710805892944,0.40120965242385864,-0.8858911991119385,0.9998706579208374
21,6,0.49111148715019226,0.40180230140686035,-0.8859879970550537,0.9998833537101746
21,7,0.5188300013542175,0.4006268084049225,-0.5781443119049072,0.9993112683296204
21,8,0.4676429331302643,0.40556931495666504,-0.7563043236732483,0.9998753666877747
21,9,0.5239213109016418,0.42022666335105896,-0.7714571356773376,0.9998825192451477
21,10,0.5091161727905273,0.4232858121395111,-0.8228102922439575,0.9999457597732544
21,11,0.5689905285835266,0.44660043716430664,-0.27461209893226624,0.9999468326568604
21,12,0.4069611132144928,0.45984897017478943,-0.6465569138526917,0.999971866607666
21,13,0.5813354253768921,0.5187200903892517,-0.15735431015491486,0.9407519102096558
21,14,0.39993175864219666,0.5422700047492981,-0.6391488313674927,0.9971044063568115
21,15,0.5681154727935791,0.5861477255821228,-0.3694792091846466,0.9635675549507141
21,16,0.4206632077693939,0.6121809482574463,-0.7514110803604126,0.9815898537635803
21,17,0.5615934729576111,0.6078570485115051,-0.42785322666168213,0.9349861145019531
21,18,0.42791035771369934,0.6373429894447327,-0.8312563300132751,0.9537259936332703
21,19,0.5465147495269775,0.6059488654136658,-0.4945395588874817,0.9383237361907959
21,20,0.4455103576183319,0.6347749829292297,-0.8653612732887268,0.9529551863670349
21,21,0.5432137250900269,0.6010847091674805,-0.4014095366001129,0.9232616424560547
21,22,0.4437206983566284,0.6263586282730103,-0.7647062540054321,0.9357569217681885
21,23,0.5313128232955933,0.593208909034729,0.1273304671049118,0.9987248182296753
21,24,0.4495386481285095,0.5923793911933899,-0.1273660957813263,0.999349057674408
21,25,0.5076611042022705,0.6991981267929077,0.22959066927433014,0.7397067546844482
21,26,0.4734961986541748,0.695996105670929,-0.1891956478357315,0.9466286897659302
21,27,0.43786096572875977,0.8008822202682495,0.51486736536026,0.792946994304657
21,28,0.45415547490119934,0.8057276606559753,-0.009945763275027275,0.9490746259689331
21,29,0.41139790415763855,0.8094795942306519,0.532200038433075,0.7606145143508911
21,30,0.44311222434043884,0.8198719024658203,-0.0059608048759400845,0.813047468662262
21,31,0.4757981300354004,0.834597110748291,0.35381001234054565,0.8212137222290039
21,32,0.4975087344646454,0.8457322120666504,-0.2590714991092682,0.9469812512397766
22,0,0.5215988755226135,0.40712833404541016,-0.8765376806259155,0.9999437928199768
22,1,0.5192584991455078,0.39577922224998474,-0.8400176167488098,0.9998435974121094
22,2,0.5219211578369141,0.3952478766441345,-0.840031623840332,0.9998091459274292
22,3,0.5245579481124878,0.3946492075920105,-0.8400655388832092,0.9998171329498291
22,4,0.5068995356559753,0.39689040184020996,-0.8791298866271973,0.9998842477798462
22,5,0.49973276257514954,0.3972824513912201,-0.8793401122093201,0.999879777431488
22,6,0.4912624657154083,0.3979715406894684,-0.8794311285018921,0.9998911619186401
22,7,0.518222451210022,0.39788269996643066,-0.5702651739120483,0.9993526935577393
22,8,0.46737509965896606,0.40295806527137756,-0.7500160336494446,0.9998827576637268
22,9,0.5241116285324097,0.41697993874549866,-0.767010509967804,0.9998904466629028
22,10,0.5094488859176636,0.4196947515010834,-0.8188163638114929,0.9999490976333618
22,11,0.5680794715881348,0.4455903470516205,-0.2648630142211914,0.9999489188194275
22,12,0.40765950083732605,0.45911654829978943,-0.6506302356719971,0.9999722242355347
22,13,0.5749526023864746,0.5200623273849487,-0.1447148472070694,0.9418244957923889
22,14,0.40145862102508545,0.5433233976364136,-0.6459718346595764,0.9972534775733948
22,15,0.5643302202224731,0.5889550447463989,-0.3507581353187561,0.964921236038208
22,16,0.4211551249027252,0.6142794489860535,-0.7547309994697571,0.9827575087547302
22,17,0.5613778233528137,0.6110023856163025,-0.4062841534614563,0.9370126724243164
22,18,0.4249473512172699,0.6387549042701721,-0.8338669538497925,0.9566524028778076
22,19,0.5463628768920898,0.6097716093063354,-0.47332772612571716,0.9403053522109985
22,20,0.4434230923652649,0.6356273293495178,-0.8668777346611023,0.9559229016304016
22,21,0.5419217348098755,0.6051912903785706,-0.38281935453414917,0.9255315065383911
22,22,0.44337356090545654,0.6274522542953491,-0.7673971652984619,0.9394384026527405
22,23,0.5312572717666626,0.5932050943374634,0.13214072585105896,0.9987932443618774
22,24,0.4511294364929199,0.5930946469306946,-0.13220542669296265,0.9993862509727478
22,25,0.5069175958633423,0.7017011642456055,0.24264241755008698,0.752913236618042
22,26,0.4675253927707672,0.6967805624008179,-0.19160720705986023,0.9491868019104004
22,27,0.43871164321899414,0.8007184267044067,0.5166698694229126,0.8056474328041077
22,28,0.4546782970428467,0.8058484792709351,-0.032862063497304916,0.9526235461235046
22,29,0.4122604727745056,0.8086977005004883,0.5327926874160767,0.7732754349708557
22,30,0.4466150104999542,0.8227133750915527,-0.03134102746844292,0.8199338912963867
22,31,0.47902536392211914,0.8351587057113647,0.36178380250930786,0.8328658938407898
22,32,0.49922430515289307,0.8456805348396301,-0.2822667062282562,0.9501863718032837
23,0,0.5211473107337952,0.4076591432094574,-0.9386680722236633,0.9999477863311768
23,1,0.5188834071159363,0.39657455682754517,-0.9005739688873291,0.9998531341552734
23,2,0.5215492844581604,0.39603978395462036,-0.900592029094696,0.9998212456703186
23,3,0.5242030024528503,0.39546674489974976,-0.9006279706954956,0.9998283386230469
23,4,0.5064206719398499,0.3975967764854431,-0.9389433860778809,0.9998915791511536
23,5,0.49918052554130554,0.3980225622653961,-0.9391706585884094,0.9998878836631775
23,6,0.4906787872314453,0.3986187279224396,-0.9392692446708679,0.9998981356620789
23,7,0.5174949169158936,0.3983573317527771,-0.6235052347183228,0.9993842840194702
23,8,0.4671039283275604,0.4032844007015228,-0.8002036809921265,0.9998892545700073
23,9,0.523733377456665,0.41774970293045044,-0.8266351222991943,0.9998972415924072
23,10,0.5089526772499084,0.420471727848053,-0.8776645064353943,0.9999521374702454
23,11,0.5654737949371338,0.44637951254844666,-0.3114375174045563,0.9999508857727051
23,12,0.4075116515159607,0.45946353673934937,-0.696466863155365,0.9999732971191406
23,13,0.567977249622345,0.5217882394790649,-0.1952042281627655,0.9424282312393188
23,14,0.40424999594688416,0.5459338426589966,-0.697681188583374,0.997390627861023
23,15,0.5605053901672363,0.594357967376709,-0.402616024017334,0.9654625058174133
23,16,0.4227529764175415,0.6164472103118896,-0.8162165284156799,0.9837625622749329
23,17,0.5606170296669006,0.616353452205658,-0.4606165289878845,0.9376601576805115
23,18,0.4247198700904846,0.6403745412826538,-0.8995730876922607,0.9591667652130127
23,19,0.5461053848266602,0.6157376170158386,-0.527496337890625,0.9409006834030151
23,20,0.4433824419975281,0.6365575790405273,-0.9338226318359375,0.9584660530090332
23,21,0.5407738089561462,0.6104962229728699,-0.4349614977836609,0.9261178970336914
23,22,0.4438594877719879,0.6285130977630615,-0.8298141360282898,0.9425104856491089
23,23,0.5311133861541748,0.5931305289268494,0.13314436376094818,0.9988579154014587
23,24,0.45115700364112854,0.5931532979011536,-0.13323789834976196,0.9994263648986816
23,25,0.506926953792572,0.7015570998191833,0.2822783887386322,0.7586593627929688
23,26,0.469541072845459,0.6959847211837769,-0.23699544370174408,0.9506800174713135
23,27,0.44222694635391235,0.7996978759765625,0.5897725224494934,0.8123839497566223
23,28,0.44962018728256226,0.8054354786872864,-0.08680499345064163,0.9550505876541138
23,29,0.4165050983428955,0.8075853586196899,0.608855664730072,0.7791281938552856
23,30,0.4405202269554138,0.8241806030273438,-0.08598066121339798,0.8224137425422668
23,31,0.48354971408843994,0.834809422492981,0.4366178810596466,0.8404968976974487
23,32,0.5021867752075195,0.845354437828064,-0.3489987552165985,0.9524039626121521
24,0,0.5210635662078857,0.40748101472854614,-0.9084770083427429,0.9999504089355469
24,1,0.5186121463775635,0.39635154604911804,-0.8718754053115845,0.9998570084571838
24,2,0.5212812423706055,0.39584699273109436,-0.8719126582145691,0.9998275637626648
24,3,0.5239799618721008,0.39529669284820557,-0.8719741702079773,0.9998348355293274
24,4,0.5061832666397095,0.39745208621025085,-0.9135175347328186,0.9998943209648132
24,5,0.498975932598114,0.39797738194465637,-0.9137321710586548,0.9998915791511536
24,6,0.49045220017433167,0.3986990749835968,-0.9138360023498535,0.9999005794525146
24,7,0.5166330337524414,0.3984801471233368,-0.6050488948822021,0.999398946762085
24,8,0.46684563159942627,0.40355390310287476,-0.7961952090263367,0.9998896718025208
24,9,0.5237376689910889,0.41747918725013733,-0.799837589263916,0.9999028444290161
24,10,0.5088844895362854,0.42045173048973083,-0.8550822734832764,0.9999542832374573
24,11,0.5654118061065674,0.44658082723617554,-0.30494219064712524,0.9999538064002991
24,12,0.4074108898639679,0.4597650170326233,-0.696295976638794,0.9999740719795227
24,13,0.5714205503463745,0.5219340324401855,-0.1915418654680252,0.9450583457946777
24,14,0.4055357277393341,0.5461700558662415,-0.6912156343460083,0.9975245594978333
24,15,0.5602519512176514,0.5931100249290466,-0.405021995306015,0.9672223329544067
24,16,0.4253517985343933,0.6150104403495789,-0.7972193956375122,0.9847412705421448
24,17,0.5605325102806091,0.6160316467285156,-0.46441179513931274,0.9404470920562744
24,18,0.4253101050853729,0.6394835114479065,-0.8800896406173706,0.9616174101829529
24,19,0.5461005568504333,0.6151163578033447,-0.5299079418182373,0.943535566329956
24,20,0.44387948513031006,0.6360791921615601,-0.9134790897369385,0.9609407782554626
24,21,0.5404598116874695,0.6100195050239563,-0.4368191659450531,0.9291559457778931
24,22,0.44620153307914734,0.6279670596122742,-0.810310423374176,0.9455158710479736
24,23,0.5310176014900208,0.5918878316879272,0.13601942360401154,0.9989168643951416
24,24,0.45128753781318665,0.5930948257446289,-0.13610602915287018,0.9994626045227051
24,25,0.5072240829467773,0.7003577947616577,0.266698956489563,0.762248158454895
24,26,0.4752049744129181,0.6941146850585938,-0.2721819281578064,0.9504714012145996
24,27,0.4370171129703522,0.7957175970077515,0.6006547212600708,0.8154919147491455
24,28,0.45033174753189087,0.8045328855514526,-0.13409161567687988,0.9568352699279785
24,29,0.4116973578929901,0.8030872344970703,0.6236500144004822,0.7825042009353638
24,30,0.44404923915863037,0.8240782022476196,-0.132754385471344,0.8252795338630676
24,31,0.4704005718231201,0.8300976753234863,0.4564291536808014,0.8450433015823364
24,32,0.507644772529602,0.8451894521713257,-0.397847443819046,0.9541229009628296
25,0,0.5207905769348145,0.4098660945892334,-0.9234532713890076,0.999952495098114
25,1,0.5184085965156555,0.3989028334617615,-0.8882620334625244,0.9998595118522644
25,2,0.521107017993927,0.39837032556533813,-0.8882825970649719,0.9998320937156677
25,3,0.5238180756568909,0.39779970049858093,-0.8883445858955383,0.9998388290405273
25,4,0.5059034824371338,0.3999345004558563,-0.928767204284668,0.9998964071273804
25,5,0.49868345260620117,0.4003545343875885,-0.9289865493774414,0.9998947381973267
25,6,0.49017632007598877,0.4010055661201477,-0.9290823936462402,0.9999024271965027
25,7,0.5161500573158264,0.4002896249294281,-0.6196038722991943,0.9994047284126282
25,8,0.46668532490730286,0.4052448868751526,-0.805873692035675,0.9998908638954163
25,9,0.5236110091209412,0.4196346700191498,-0.8129876255989075,0.9999076128005981
25,10,0.5087270736694336,0.42246589064598083,-0.8669328689575195,0.9999563694000244
25,11,0.5652607679367065,0.4472624659538269,-0.3131648302078247,0.9999569058418274
25,12,0.4061320126056671,0.46011561155319214,-0.6959277391433716,0.9999752640724182
25,13,0.576714277267456,0.5218514204025269,-0.20387937128543854,0.9485735297203064
25,14,0.39872047305107117,0.5460326671600342,-0.6913020014762878,0.9976566433906555
25,15,0.5611225366592407,0.5907609462738037,-0.43159034848213196,0.9692315459251404
25,16,0.42772334814071655,0.6120330691337585,-0.8007403016090393,0.9856446981430054
25,17,0.5606200098991394,0.6122083067893982,-0.49304521083831787,0.9436845183372498
25,18,0.42969635128974915,0.6369705200195312,-0.8833834528923035,0.9638519287109375
25,19,0.5462539196014404,0.6104231476783752,-0.5566234588623047,0.9465956091880798
25,20,0.4477466642856598,0.6325749158859253,-0.9146443605422974,0.9631893634796143
25,21,0.5410125851631165,0.6055151224136353,-0.462446004152298,0.9326412081718445
25,22,0.4500858783721924,0.624409556388855,-0.8122869729995728,0.9481804370880127
25,23,0.5308898687362671,0.5893558859825134,0.1379481852054596,0.9989597201347351
25,24,0.45001691579818726,0.5917609930038452,-0.1380579173564911,0.9994907379150391
25,25,0.5091536045074463,0.697388231754303,0.260232150554657,0.7572489976882935
25,26,0.47932925820350647,0.6895350813865662,-0.31938114762306213,0.9486933946609497
25,27,0.4395800232887268,0.7961932420730591,0.5512537956237793,0.8111909627914429
25,28,0.4556351602077484,0.805423378944397,-0.1785319596529007,0.9572193026542664
25,29,0.4149211347103119,0.8039779663085938,0.5691413879394531,0.7799484729766846
25,30,0.44395676255226135,0.824969470500946,-0.17954088747501373,0.8239141702651978
25,31,0.4754319489002228,0.8305190801620483,0.4000231921672821,0.8438970446586609
25,32,0.5070710778236389,0.8430037498474121,-0.460538387298584,0.9542577862739563
26,0,0.520650327205658,0.41011589765548706,-0.8503403663635254,0.9999523162841797
26,1,0.5183358788490295,0.3994179964065552,-0.8158969283103943,0.9998540878295898
26,2,0.5209547281265259,0.3989466726779938,-0.8159276247024536,0.99982750415802
26,3,0.5235027074813843,0.398552268743515,-0.815987229347229,0.999832034111023
26,4,0.505786657333374,0.4002877175807953,-0.8518067002296448,0.9998926520347595
26,5,0.4985559284687042,0.40080776810646057,-0.8519973754882812,0.9998927116394043
26,6,0.49000686407089233,0.4013536870479584,-0.8520843386650085,0.9998993277549744
26,7,0.5148759484291077,0.4003627896308899,-0.5539896488189697,0.9993629455566406
26,8,0.46653518080711365,0.4058395028114319,-0.7191997766494751,0.9998883008956909
26,9,0.5226319432258606,0.4198119044303894,-0.742864727973938,0.9999075531959534
26,10,0.5081632137298584,0.4228188991546631,-0.7907195091247559,0.9999567866325378
26,11,0.5650352239608765,0.44753962755203247,-0.26736363768577576,0.9999593496322632
26,12,0.4055573642253876,0.4603380262851715,-0.6066467761993408,0.9999760985374451
26,13,0.5792009234428406,0.5216942429542542,-0.18855179846286774,0.9509995579719543
26,14,0.3903798758983612,0.5441902279853821,-0.5995718836784363,0.9977693557739258
26,15,0.561944305896759,0.5887298583984375,-0.409967303276062,0.9707462191581726
26,16,0.4278099834918976,0.6059932708740234,-0.7184432148933411,0.9862053394317627
26,17,0.5592148900032043,0.608575165271759,-0.46521520614624023,0.9460028409957886
26,18,0.43240970373153687,0.6315321326255798,-0.7954356670379639,0.9651634097099304
26,19,0.5445069074630737,0.606234073638916,-0.514892578125,0.9487786889076233
26,20,0.449812650680542,0.6265157461166382,-0.8224895000457764,0.9644939303398132
26,21,0.5401156544685364,0.6014533638954163,-0.43377822637557983,0.9348939657211304
26,22,0.4510491192340851,0.6193379759788513,-0.7275916934013367,0.9495391845703125
26,23,0.530788779258728,0.5877506732940674,0.13394390046596527,0.9989873766899109
26,24,0.4498046040534973,0.590465247631073,-0.13402140140533447,0.9995070695877075
26,25,0.5100141167640686,0.6951297521591187,0.2592453360557556,0.7564165592193604
26,26,0.4860347807407379,0.6824771761894226,-0.34844550490379333,0.9485031962394714
26,27,0.4531553387641907,0.7969242930412292,0.4860474467277527,0.812458872795105
26,28,0.45970386266708374,0.8050709962844849,-0.23905393481254578,0.9578964710235596
26,29,0.428360253572464,0.8092280626296997,0.4962618947029114,0.7809395790100098
26,30,0.44324439764022827,0.8215516805648804,-0.24147582054138184,0.8233734369277954
26,31,0.49645015597343445,0.8304200172424316,0.3208063244819641,0.8457979559898376
26,32,0.5069518685340881,0.8374409675598145,-0.5061918497085571,0.9547268152236938
27,0,0.5200336575508118,0.4181743264198303,-0.8720839023590088,0.9999484419822693
27,1,0.5181595087051392,0.40644821524620056,-0.8397820591926575,0.9998406767845154
27,2,0.5207984447479248,0.4059455394744873,-0.8398159742355347,0.999809980392456
27,3,0.523428738117218,0.4054533839225769,-0.8399091362953186,0.9998140335083008
27,4,0.5054651498794556,0.4073708951473236,-0.8674653172492981,0.9998839497566223
27,5,0.49810007214546204,0.40759286284446716,-0.8676828145980835,0.9998851418495178
27,6,0.48971202969551086,0.40795794129371643,-0.8677870631217957,0.9998934268951416
27,7,0.51472407579422,0.40492159128189087,-0.5766960382461548,0.9993069767951965
27,8,0.46641427278518677,0.40944671630859375,-0.708613932132721,0.9998850226402283
27,9,0.5221741795539856,0.4265897870063782,-0.7627352476119995,0.9999032020568848
27,10,0.5077922940254211,0.4286237359046936,-0.8007424473762512,0.999955952167511
27,11,0.5649559497833252,0.4476776123046875,-0.2752920389175415,0.9999618530273438
27,12,0.40430572628974915,0.4604547917842865,-0.5852282047271729,0.9999774098396301
27,13,0.5892742276191711,0.5213754177093506,-0.1580999195575714,0.9545406699180603
27,14,0.36943334341049194,0.5410341024398804,-0.5768181085586548,0.9978744387626648
27,15,0.5656554698944092,0.583450973033905,-0.37240079045295715,0.9729115962982178
27,16,0.4272119402885437,0.5973597168922424,-0.6915178298950195,0.9869783520698547
27,17,0.560138463973999,0.6004064083099365,-0.4176501929759979,0.9497394561767578
27,18,0.43375247716903687,0.6204668879508972,-0.7648698687553406,0.9668606519699097
27,19,0.5446118116378784,0.5967229604721069,-0.47582414746284485,0.9522677659988403
27,20,0.4503830373287201,0.6154953837394714,-0.7927576899528503,0.9661863446235657
27,21,0.5404040217399597,0.5920413732528687,-0.3951359987258911,0.9389607906341553
27,22,0.450735867023468,0.608390212059021,-0.7004618644714355,0.9516592621803284
27,23,0.5308716297149658,0.576195240020752,0.12287520617246628,0.9990318417549133
27,24,0.448924720287323,0.5828403234481812,-0.12284551560878754,0.9995191693305969
27,25,0.5168969631195068,0.674627423286438,0.038218919187784195,0.7398828864097595
27,26,0.4910605549812317,0.6740358471870422,-0.43928176164627075,0.9402203559875488
27,27,0.46125420928001404,0.7855545282363892,0.17740865051746368,0.7898619174957275
27,28,0.46106958389282227,0.7932326793670654,-0.3929978311061859,0.9521536231040955
27,29,0.4401940107345581,0.8002911806106567,0.18025964498519897,0.7636982202529907
27,30,0.44510456919670105,0.8126606941223145,-0.3991742730140686,0.8134292960166931
27,31,0.4985351860523224,0.8205135464668274,-0.01164988987147808,0.8283690214157104
27,32,0.505685031414032,0.8258553743362427,-0.6745131611824036,0.9494429230690002
28,0,0.5198050737380981,0.4272361695766449,-0.7857310771942139,0.9999510645866394
28,1,0.517905592918396,0.41562074422836304,-0.7515740990638733,0.9998496174812317
28,2,0.5205751061439514,0.4149913191795349,-0.7515929341316223,0.9998201727867126
28,3,0.5232592821121216,0.41430264711380005,-0.7516888976097107,0.9998245239257812
28,4,0.5050362348556519,0.41655033826828003,-0.7801884412765503,0.999890923500061
28,5,0.49767422676086426,0.416677862405777,-0.7803878784179688,0.9998919367790222
28,6,0.4892711937427521,0.41693201661109924,-0.7804918885231018,0.9999001622200012
28,7,0.5146107077598572,0.41224703192710876,-0.47899410128593445,0.999347448348999
28,8,0.46568530797958374,0.4180689752101898,-0.6142480969429016,0.999893307685852
28,9,0.5221364498138428,0.4359440207481384,-0.6718387007713318,0.9999095797538757
28,10,0.5077518820762634,0.43713298439979553,-0.7111725807189941,0.9999590516090393
28,11,0.5649275183677673,0.4494841992855072,-0.16844691336154938,0.9999651908874512
28,12,0.4043578803539276,0.462198406457901,-0.4647057354450226,0.9999790787696838
28,13,0.6101415753364563,0.5185171365737915,-0.046228110790252686,0.9586463570594788
28,14,0.351942777633667,0.5373809933662415,-0.4287515878677368,0.9979751110076904
28,15,0.5724800825119019,0.5672024488449097,-0.2893706262111664,0.9751717448234558
28,16,0.42712441086769104,0.5863601565361023,-0.5389701128005981,0.98731929063797
28,17,0.5616386532783508,0.5842483639717102,-0.34333452582359314,0.9534539580345154
28,18,0.4399045705795288,0.6061774492263794,-0.6012823581695557,0.9671545028686523
28,19,0.5450137257575989,0.5789059996604919,-0.38508081436157227,0.9557262063026428
28,20,0.4580167233943939,0.5985177159309387,-0.6263259649276733,0.9663928747177124
28,21,0.5412210822105408,0.573360025882721,-0.30724239349365234,0.9429283142089844
28,22,0.4555080533027649,0.5908774733543396,-0.5443403720855713,0.9514930248260498
28,23,0.5308343768119812,0.5752404928207397,0.1238798275589943,0.9990758299827576
28,24,0.44825202226638794,0.5781345367431641,-0.12390187382698059,0.9995495080947876
28,25,0.517052173614502,0.6802624464035034,0.11030274629592896,0.7284098863601685
28,26,0.5159579515457153,0.6651830077171326,-0.5604587197303772,0.9418650269508362
28,27,0.4684295356273651,0.7882434129714966,0.3133920133113861,0.7795494794845581
28,28,0.46357426047325134,0.7915215492248535,-0.5314314365386963,0.954179048538208
28,29,0.44741541147232056,0.8009135127067566,0.32200685143470764,0.7544671893119812
28,30,0.4468841552734375,0.8095265626907349,-0.5376918315887451,0.8184698820114136
28,31,0.5114527940750122,0.8207809329032898,0.1400042474269867,0.819978654384613
28,32,0.5102503299713135,0.8248084187507629,-0.8063428401947021,0.9515520334243774
29,0,0.5190204977989197,0.4400700628757477,-0.6225257515907288,0.9999359250068665
29,1,0.5166917443275452,0.4290687143802643,-0.5953982472419739,0.9998201131820679
29,2,0.5193714499473572,0.4277536869049072,-0.5955103039741516,0.9997864365577698
29,3,0.5219508409500122,0.42634716629981995,-0.5956689715385437,0.9997996687889099
29,4,0.5039085149765015,0.43115290999412537,-0.6132739782333374,0.9998642802238464
29,5,0.4968249797821045,0.4314339756965637,-0.6133792400360107,0.9998605251312256
29,6,0.48859304189682007,0.4317018985748291,-0.6133818030357361,0.9998771548271179
29,7,0.514555037021637,0.42376238107681274,-0.3576667904853821,0.9992731213569641
29,8,0.4656001925468445,0.43278470635414124,-0.44230520725250244,0.9998805522918701
29,9,0.5220449566841125,0.4472646713256836,-0.5217865705490112,0.9998943209648132
29,10,0.5077157616615295,0.4502994418144226,-0.5464065670967102,0.9999539256095886
29,11,0.5661818981170654,0.4560581147670746,-0.11820291727781296,0.9999678134918213
29,12,0.40480631589889526,0.47110438346862793,-0.26657596230506897,0.9999791979789734
29,13,0.6246082782745361,0.5163807272911072,-0.062388624995946884,0.9619482755661011
29,14,0.3375658690929413,0.5373519659042358,-0.21297845244407654,0.9974761009216309
29,15,0.577341616153717,0.5549696087837219,-0.30528414249420166,0.9768778085708618
29,16,0.4263734519481659,0.5747697353363037,-0.3523470461368561,0.9839032888412476
29,17,0.5630946159362793,0.5716627836227417,-0.37939566373825073,0.9561322927474976
29,18,0.44055965542793274,0.5914934873580933,-0.4043368995189667,0.9602705240249634
29,19,0.5463886260986328,0.5663847923278809,-0.41046515107154846,0.9581654667854309
29,20,0.45750224590301514,0.5819793939590454,-0.43662765622138977,0.9595828056335449
29,21,0.5445387363433838,0.5613892078399658,-0.325374037027359,0.9454098343849182
29,22,0.4548843801021576,0.5757989883422852,-0.36084336042404175,0.9423911571502686
29,23,0.5307976007461548,0.5777512192726135,0.08584100008010864,0.9991269111633301
29,24,0.44810083508491516,0.5782188177108765,-0.08548865467309952,0.9995781183242798
29,25,0.516631543636322,0.6880820989608765,0.06007750704884529,0.7262700796127319
29,26,0.508838415145874,0.627592921257019,-0.6908782720565796,0.9439093470573425
29,27,0.4730350077152252,0.7982228994369507,0.1914273351430893,0.7822415232658386
29,28,0.46446579694747925,0.7476987838745117,-0.7049651741981506,0.9529963731765747
29,29,0.4521845877170563,0.8130958676338196,0.19118359684944153,0.7564098834991455
29,30,0.4491635262966156,0.7635999917984009,-0.7120308876037598,0.8211749196052551
29,31,0.5198192000389099,0.8260127902030945,-0.012607975862920284,0.8201391696929932
29,32,0.4966246783733368,0.7867814302444458,-0.965254545211792,0.9521409869194031
30,0,0.5189510583877563,0.45673108100891113,-0.7932853102684021,0.9998751878738403
30,1,0.5166544318199158,0.4454156458377838,-0.779132068157196,0.999737024307251
30,2,0.5194311141967773,0.44399183988571167,-0.7794297933578491,0.9997069835662842
30,3,0.522165060043335,0.4424637258052826,-0.7798192501068115,0.9997161030769348
30,4,0.5038297772407532,0.4481297433376312,-0.7841766476631165,0.9997673630714417
30,5,0.4967302680015564,0.44861215353012085,-0.7842828631401062,0.9997724890708923
30,6,0.48855382204055786,0.4489399492740631,-0.7841715216636658,0.9998191595077515
30,7,0.5162214636802673,0.43867167830467224,-0.5474567413330078,0.9990950226783752
30,8,0.4655202627182007,0.44755449891090393,-0.5215379595756531,0.9998267292976379
30,9,0.5224287509918213,0.46177834272384644,-0.689392626285553,0.9998463988304138
30,10,0.5076249837875366,0.4652736783027649,-0.6913628578186035,0.9999316930770874
30,11,0.5686526894569397,0.4634130895137787,-0.31978997588157654,0.9999698996543884
30,12,0.4017893373966217,0.48265713453292847,-0.3479250967502594,0.9999724626541138
30,13,0.6363950371742249,0.5164397358894348,-0.3052463233470917,0.9651384949684143
30,14,0.3200589716434479,0.5400001406669617,-0.2808786928653717,0.9965079426765442
30,15,0.5784898400306702,0.5510392785072327,-0.5223461389541626,0.977856457233429
30,16,0.4234670102596283,0.5690589547157288,-0.42862117290496826,0.9772058129310608
30,17,0.5621110200881958,0.5638435482978821,-0.581110954284668,0.9572016596794128
30,18,0.4401659369468689,0.5821971893310547,-0.4745311439037323,0.9476707577705383
30,19,0.546453058719635,0.5575999021530151,-0.6111298203468323,0.9589395523071289
30,20,0.4566422700881958,0.5712250471115112,-0.4979248046875,0.9471129775047302
30,21,0.5455171465873718,0.5535857677459717,-0.5340960621833801,0.9451757073402405
30,22,0.4546491801738739,0.5663456320762634,-0.43219685554504395,0.9258906841278076
30,23,0.5306439995765686,0.575509786605835,0.008072690106928349,0.9991689324378967
30,24,0.4446628987789154,0.575473427772522,-0.007268483284860849,0.9995977878570557
30,25,0.5129043459892273,0.6860955953598022,-0.006479240953922272,0.7438755035400391
30,26,0.4678211510181427,0.5971978306770325,-0.8631030321121216,0.9413867592811584
30,27,0.47241199016571045,0.7982445955276489,0.06828083097934723,0.7886213064193726
30,28,0.4857938885688782,0.6657583713531494,-1.2022912502288818,0.9397559762001038
30,29,0.4505215883255005,0.8129447102546692,0.060507118701934814,0.753467857837677
30,30,0.48961779475212097,0.6881363987922668,-1.2419469356536865,0.8251628279685974
30,31,0.5156973004341125,0.8258786201477051,-0.13961157202720642,0.8233094215393066
30,32,0.5029509663581848,0.6578470468521118,-1.490409016609192,0.9531051516532898
31,0,0.518646776676178,0.4701831340789795,-0.6808027625083923,0.9998138546943665
31,1,0.5164113640785217,0.45789018273353577,-0.6643549799919128,0.9996591210365295
31,2,0.5193997025489807,0.4562346339225769,-0.6645058393478394,0.9996035695075989
31,3,0.5221101641654968,0.4544079899787903,-0.6648126244544983,0.9996270537376404
31,4,0.5027647018432617,0.460726261138916,-0.6760646104812622,0.999687671661377
31,5,0.49556872248649597,0.4612673223018646,-0.6761764287948608,0.9996719360351562
31,6,0.48764047026634216,0.46171990036964417,-0.6761304140090942,0.9997506737709045
31,7,0.5176101922988892,0.4489425718784332,-0.4419471025466919,0.9989230036735535
31,8,0.46545839309692383,0.46074312925338745,-0.4945686459541321,0.9997937083244324
31,9,0.5231627225875854,0.47596511244773865,-0.5805361270904541,0.9997729063034058
31,10,0.5078414082527161,0.4780253767967224,-0.5970336198806763,0.9999058246612549
31,11,0.571048378944397,0.47095736861228943,-0.21991077065467834,0.9999690651893616
31,12,0.40301311016082764,0.4877082407474518,-0.27283450961112976,0.9999516010284424
31,13,0.6448742747306824,0.5155929327011108,-0.20786505937576294,0.9669192433357239
31,14,0.30530720949172974,0.5403734445571899,-0.27323228120803833,0.9948604702949524
31,15,0.5790786147117615,0.5465914607048035,-0.43259307742118835,0.9770979285240173
31,16,0.4210183918476105,0.5615935921669006,-0.46734270453453064,0.9649338722229004
31,17,0.5600275993347168,0.5579977035522461,-0.4925113618373871,0.9549577832221985
31,18,0.43976911902427673,0.5728516578674316,-0.5131068825721741,0.9266539216041565
31,19,0.5464631915092468,0.5512582659721375,-0.5792154669761658,0.9561489820480347
31,20,0.45603039860725403,0.562868058681488,-0.5249451994895935,0.9259788990020752
31,21,0.5466177463531494,0.5475872755050659,-0.4542267322540283,0.9396781921386719
31,22,0.45445212721824646,0.5594899654388428,-0.4675101041793823,0.8993701338768005
31,23,0.5271730422973633,0.5831394791603088,0.025262318551540375,0.9991441369056702
31,24,0.4431617856025696,0.5762333273887634,-0.024485493078827858,0.9995028376579285
31,25,0.5071841478347778,0.7033330798149109,-0.004739829804748297,0.7485802173614502
31,26,0.4338006377220154,0.5765113234519958,-0.7395092248916626,0.9307089447975159
31,27,0.47147136926651,0.8008458018302917,0.06407765299081802,0.7912660837173462
31,28,0.4988340139389038,0.6184024810791016,-0.8378925919532776,0.886436939239502
31,29,0.4487462341785431,0.8179111480712891,0.06078733503818512,0.7634206414222717
31,30,0.511506199836731,0.6323001980781555,-0.8469312787055969,0.804930567741394
31,31,0.517249584197998,0.8280125856399536,-0.10902251303195953,0.8233352303504944
31,32,0.5162209868431091,0.6152988076210022,-1.0323896408081055,0.9285185933113098
32,0,0.5116323828697205,0.48338350653648376,-0.7581682205200195,0.9997791647911072
32,1,0.5119726061820984,0.472287118434906,-0.7499497532844543,0.9996208548545837
32,2,0.5161678194999695,0.4702901840209961,-0.7500578165054321,0.9995545148849487
32,3,0.5201154351234436,0.4680195450782776,-0.7503715753555298,0.9995833039283752
32,4,0.49677836894989014,0.47472086548805237,-0.7504607439041138,0.9996458292007446
32,5,0.48951852321624756,0.47474122047424316,-0.7505512833595276,0.9996172785758972
32,6,0.48236194252967834,0.47459086775779724,-0.750407338142395,0.9997141361236572
32,7,0.5179974436759949,0.4610656797885895,-0.5351344347000122,0.9988951086997986
32,8,0.4644211232662201,0.47125673294067383,-0.520229160785675,0.999779224395752
32,9,0.5210883021354675,0.4881258010864258,-0.663192093372345,0.9997463822364807
32,10,0.5053116083145142,0.49081534147262573,-0.6557950973510742,0.999896764755249
32,11,0.5735011100769043,0.4793476462364197,-0.29436102509498596,0.9999697208404541
32,12,0.4036867916584015,0.49244803190231323,-0.34180736541748047,0.999940037727356
32,13,0.6540032625198364,0.5145378708839417,-0.3383721113204956,0.9695403575897217
32,14,0.2994043827056885,0.5404566526412964,-0.34161239862442017,0.993823230266571
32,15,0.586607813835144,0.5417343378067017,-0.6089051961898804,0.9769429564476013
32,16,0.42077383399009705,0.5578826665878296,-0.5866595506668091,0.9568967819213867
32,17,0.565579354763031,0.5519496202468872,-0.6645473837852478,0.953549325466156
32,18,0.4435690939426422,0.5621358156204224,-0.631050169467926,0.9107910394668579
32,19,0.5554216504096985,0.5464772582054138,-0.6818632483482361,0.9540584087371826
32,20,0.45591816306114197,0.5547062158584595,-0.6270269751548767,0.9091082215309143
32,21,0.5593237280845642,0.5426402688026428,-0.6154665350914001,0.935512363910675
32,22,0.4543449878692627,0.5530701279640198,-0.5822934508323669,0.8785012364387512
32,23,0.5237402319908142,0.5908951759338379,0.03243514522910118,0.9991703033447266
32,24,0.44251853227615356,0.5817232728004456,-0.03178100287914276,0.9994530081748962
32,25,0.5032027959823608,0.711389422416687,0.004169070161879063,0.7558175921440125
32,26,0.44270986318588257,0.5680176019668579,-0.679573118686676,0.9221017956733704
32,27,0.47084474563598633,0.8037203550338745,0.06223662197589874,0.7950140833854675
32,28,0.5093808770179749,0.6166311502456665,-0.7425354719161987,0.8348871469497681
32,29,0.4481293857097626,0.8208587765693665,0.0585600808262825,0.7725160121917725
32,30,0.5199688673019409,0.6344481110572815,-0.7481681704521179,0.7907212972640991
32,31,0.5191966891288757,0.8309319615364075,-0.09387031197547913,0.8255060315132141
32,32,0.5371982455253601,0.6106399297714233,-0.9132443070411682,0.9068460464477539
33,0,0.5107359886169434,0.4860842823982239,-0.8776161074638367,0.9997570514678955
33,1,0.5114229321479797,0.47538432478904724,-0.8606564998626709,0.9995903372764587
33,2,0.515913188457489,0.47344842553138733,-0.860791027545929,0.9995182156562805
33,3,0.5200672149658203,0.47128167748451233,-0.8610988259315491,0.9995376467704773
33,4,0.4953259229660034,0.4779069423675537,-0.8684803247451782,0.9996201992034912
33,5,0.48781538009643555,0.4778625965118408,-0.8686606287956238,0.9995973110198975
33,6,0.4808318614959717,0.4775892198085785,-0.8686436414718628,0.9996971487998962
33,7,0.5195302963256836,0.46460431814193726,-0.6220998167991638,0.9988946318626404
33,8,0.4643034338951111,0.4741273820400238,-0.6565815210342407,0.9997759461402893
33,9,0.5210109353065491,0.491630494594574,-0.7726267576217651,0.99970543384552
33,10,0.5048106908798218,0.4937308430671692,-0.7826538681983948,0.9998816847801208
33,11,0.5752025842666626,0.48387807607650757,-0.3510873019695282,0.999970018863678
33,12,0.40395674109458923,0.4955293536186218,-0.3793489634990692,0.9999229907989502
33,13,0.6536707282066345,0.514221727848053,-0.3384542167186737,0.9718987941741943
33,14,0.2966214120388031,0.5405684113502502,-0.4841878116130829,0.9933589100837708
33,15,0.5852436423301697,0.5426473021507263,-0.5212703943252563,0.9761345386505127
33,16,0.4160747826099396,0.5551292300224304,-0.7465277910232544,0.9522770643234253
33,17,0.5649756193161011,0.5528650283813477,-0.5602867603302002,0.9512795209884644
33,18,0.4441465139389038,0.5598651170730591,-0.7963963747024536,0.9014882445335388
33,19,0.5548540353775024,0.5479240417480469,-0.5833492875099182,0.9507572650909424
33,20,0.45568814873695374,0.553423285484314,-0.7991634011268616,0.8981281518936157
33,21,0.5581830739974976,0.5445815920829773,-0.5274960994720459,0.9296145439147949
33,22,0.45395833253860474,0.5516893863677979,-0.7448323369026184,0.8644700050354004
33,23,0.5195989608764648,0.593077540397644,0.026161614805459976,0.999233067035675
33,24,0.43922361731529236,0.5826773047447205,-0.02554244175553322,0.9994316697120667
33,25,0.5025067925453186,0.7116996049880981,-0.038525670766830444,0.773902177810669
33,26,0.43866580724716187,0.5537280440330505,-0.6675122976303101,0.9160511493682861
33,27,0.4701633155345917,0.8070719838142395,-0.05555619299411774,0.8047869205474854
33,28,0.5230811238288879,0.5816662311553955,-0.8512962460517883,0.794495701789856
33,29,0.4472114145755768,0.8234097361564636,-0.06771295517683029,0.7882258296012878
33,30,0.5385135412216187,0.6028667688369751,-0.8693031072616577,0.798090934753418
33,31,0.5223747491836548,0.832715630531311,-0.20887336134910583,0.83530193567276
33,32,0.553290069103241,0.5578442215919495,-1.002827525138855,0.9041107892990112
34,0,0.5109610557556152,0.48347026109695435,-0.9967219233512878,0.9997183084487915
34,1,0.5118416547775269,0.47188735008239746,-0.9780316948890686,0.9995481371879578
34,2,0.5162781476974487,0.47006362676620483,-0.9782227277755737,0.9994725584983826
34,3,0.5203497409820557,0.46798667311668396,-0.978624701499939,0.9994953274726868
34,4,0.4955420196056366,0.4746621251106262,-0.9941967725753784,0.9995736479759216
34,5,0.4879099428653717,0.47487130761146545,-0.994356095790863,0.9995437264442444
34,6,0.48093071579933167,0.4749225974082947,-0.9942693710327148,0.9996605515480042
34,7,0.5199431777000427,0.4618754982948303,-0.723785400390625,0.9988544583320618
34,8,0.4642958343029022,0.47245439887046814,-0.7973982691764832,0.9997744560241699
34,9,0.521302342414856,0.48849979043006897,-0.8841667175292969,0.9996850490570068
34,10,0.5051595568656921,0.4907543659210205,-0.905487596988678,0.9998704195022583
34,11,0.5746911764144897,0.47991523146629333,-0.42534369230270386,0.9999717473983765
34,12,0.4025399386882782,0.4951808452606201,-0.5257151126861572,0.99991375207901
34,13,0.6518334150314331,0.5132783651351929,-0.4252321124076843,0.9744597673416138
34,14,0.2965203523635864,0.5405684113502502,-0.5600336790084839,0.9935985207557678
34,15,0.5858210921287537,0.5420165657997131,-0.6306044459342957,0.9778973460197449
34,16,0.41623660922050476,0.5567007064819336,-0.7517743706703186,0.9530051946640015
34,17,0.5662232041358948,0.552573561668396,-0.6802710294723511,0.9543951749801636
34,18,0.4441504180431366,0.5626820921897888,-0.7992063760757446,0.9013899564743042
34,19,0.5555086731910706,0.5471873879432678,-0.7035154104232788,0.9538532495498657
34,20,0.45550182461738586,0.5558007955551147,-0.8084307312965393,0.897967517375946
34,21,0.5586345791816711,0.543424665927887,-0.6399275660514832,0.9333734512329102
34,22,0.4533180594444275,0.5534288287162781,-0.7503508925437927,0.8638995289802551
34,23,0.5196823477745056,0.5921000242233276,0.03544443100690842,0.9992455244064331
34,24,0.4367862343788147,0.5847780108451843,-0.03478230535984039,0.9994235634803772
34,25,0.502861499786377,0.7084119915962219,-0.02506207674741745,0.7914109230041504
34,26,0.44502758979797363,0.5843599438667297,-0.7851577997207642,0.9178550839424133
34,27,0.46974655985832214,0.8062405586242676,0.026782812550663948,0.8173386454582214
34,28,0.5192586183547974,0.6502429246902466,-0.9909234642982483,0.7984728813171387
34,29,0.4469442069530487,0.8220120668411255,0.015249340794980526,0.8008937239646912
34,30,0.517920196056366,0.6712040901184082,-1.0194898843765259,0.8115751147270203
34,31,0.5228901505470276,0.8319757580757141,-0.155801460146904,0.8457847833633423
34,32,0.5240750908851624,0.6447552442550659,-1.2288931608200073,0.9107233285903931
35,0,0.511139452457428,0.4773419499397278,-0.8876029253005981,0.9996529221534729
35,1,0.5125328302383423,0.4664973318576813,-0.8670549988746643,0.9994373917579651
35,2,0.5168510675430298,0.46506041288375854,-0.8671826124191284,0.9993249773979187
35,3,0.5208520293235779,0.46331462264060974,-0.8674431443214417,0.9993754625320435
35,4,0.4970419108867645,0.4686412215232849,-0.8844471573829651,0.9994718432426453
35,5,0.4899749457836151,0.46875983476638794,-0.8846192359924316,0.999414324760437
35,6,0.48292121291160583,0.468789666891098,-0.8846126794815063,0.9995750188827515
35,7,0.5208397507667542,0.4577665328979492,-0.6252908706665039,0.9986779689788818
35,8,0.46464216709136963,0.4662322998046875,-0.7051531672477722,0.999738335609436
35,9,0.520915687084198,0.4830065667629242,-0.7809018492698669,0.9996443390846252
35,10,0.5047995448112488,0.4849681854248047,-0.8046513795852661,0.9998533129692078
35,11,0.5744760036468506,0.47701412439346313,-0.34557995200157166,0.9999733567237854
35,12,0.4010799825191498,0.4916033148765564,-0.4782094359397888,0.9999123811721802
35,13,0.6475290656089783,0.512805700302124,-0.4002668261528015,0.9763288497924805
35,14,0.3002215623855591,0.5394835472106934,-0.46046850085258484,0.9931088089942932
35,15,0.585550844669342,0.5446306467056274,-0.45613721013069153,0.9790209531784058
35,16,0.4173285663127899,0.5597666501998901,-0.5966016054153442,0.9526461958885193
35,17,0.5661172866821289,0.5559965372085571,-0.49256035685539246,0.955816924571991
35,18,0.4440237283706665,0.5692352056503296,-0.6392554640769958,0.8991891741752625
35,19,0.55522221326828,0.5505696535110474,-0.5154892206192017,0.9552462100982666
35,20,0.4558868408203125,0.561765193939209,-0.6510512232780457,0.8962066173553467
35,21,0.5580106377601624,0.5465269684791565,-0.46153488755226135,0.934698760509491
35,22,0.45298394560813904,0.5587275624275208,-0.5942355990409851,0.8603667616844177
35,23,0.5194140076637268,0.591029167175293,0.041819553822278976,0.9992580413818359
35,24,0.43541043996810913,0.5847715139389038,-0.041321251541376114,0.9994194507598877
35,25,0.5118722915649414,0.705012857913971,-0.01106454711407423,0.7852926850318909
35,26,0.4528118968009949,0.5947444438934326,-0.691444993019104,0.9163424968719482
35,27,0.4694264829158783,0.8057325482368469,0.03962060436606407,0.8161665201187134
35,28,0.5095119476318359,0.6835321187973022,-0.6802510619163513,0.8049225211143494
35,29,0.44670766592025757,0.8211246728897095,0.06261008232831955,0.796509861946106
35,30,0.5108271241188049,0.6974458694458008,-0.6805145144462585,0.8110961318016052
35,31,0.522128164768219,0.8319047093391418,-0.0828789621591568,0.8405058979988098
35,32,0.523486316204071,0.7132812738418579,-0.937579333782196,0.9105948805809021
36,0,0.5115985870361328,0.4760548174381256,-0.7722948789596558,0.9996795654296875
36,1,0.5131816267967224,0.4653540551662445,-0.7479553818702698,0.9994756579399109
36,2,0.5172590613365173,0.46391311287879944,-0.7480428218841553,0.9993715882301331
36,3,0.5210184454917908,0.4620015025138855,-0.7482101321220398,0.9994193315505981
36,4,0.4980829954147339,0.4671785831451416,-0.7673417925834656,0.9995091557502747
36,5,0.4908856153488159,0.4670424461364746,-0.7675409913063049,0.9994559288024902
36,6,0.48348739743232727,0.4669906198978424,-0.7675572037696838,0.9996047019958496
36,7,0.5207093358039856,0.456557035446167,-0.5051283240318298,0.9987691640853882
36,8,0.4645915925502777,0.46565890312194824,-0.5957832932472229,0.999757707118988
36,9,0.520901083946228,0.4820585250854492,-0.6676565408706665,0.999673068523407
36,10,0.5047146081924438,0.4826470911502838,-0.6941654682159424,0.9998651742935181
36,11,0.5734805464744568,0.47585877776145935,-0.2288321554660797,0.9999757409095764
36,12,0.4006977379322052,0.48518386483192444,-0.3817536532878876,0.9999201893806458
36,13,0.644909679889679,0.5128840804100037,-0.1032729223370552,0.9784644246101379
36,14,0.30548128485679626,0.536908745765686,-0.2785570025444031,0.9934737086296082
36,15,0.5852132439613342,0.5456647872924805,-0.2617339789867401,0.9806305766105652
36,16,0.41723769903182983,0.5622246265411377,-0.36811408400535583,0.9552645683288574
36,17,0.5660443902015686,0.5593388676643372,-0.30632755160331726,0.9585607051849365
36,18,0.4432520568370819,0.5702527761459351,-0.41015365719795227,0.9034839868545532
36,19,0.5548759698867798,0.5540682673454285,-0.3363301157951355,0.9580658078193665
36,20,0.455797016620636,0.563658595085144,-0.439225971698761,0.9008557200431824
36,21,0.557228147983551,0.5498881936073303,-0.2719731032848358,0.9384744763374329
36,22,0.4529499411582947,0.5613564252853394,-0.3728821277618408,0.8660582900047302
36,23,0.5195143222808838,0.5902930498123169,0.06401464343070984,0.9992668628692627
36,24,0.43559128046035767,0.5850091576576233,-0.06354721635580063,0.9994539022445679
36,25,0.5070476531982422,0.6943627595901489,0.034457068890333176,0.7766243815422058
36,26,0.49672555923461914,0.6250895261764526,-0.68656325340271,0.9204338192939758
36,27,0.4692094027996063,0.7975824475288391,0.18475373089313507,0.8100370764732361
36,28,0.5061132907867432,0.743121325969696,-0.6861480474472046,0.8197776079177856
36,29,0.44616690278053284,0.8160659670829773,0.19081752002239227,0.7939362525939941
36,30,0.5064916610717773,0.7597169280052185,-0.6920424103736877,0.8182262778282166
36,31,0.5214585065841675,0.8266701698303223,-0.00562732107937336,0.8337872624397278
36,32,0.5306866765022278,0.7815848588943481,-0.9539572596549988,0.9154809713363647
37,0,0.5121020674705505,0.46090102195739746,-0.8122719526290894,0.9997037649154663
37,1,0.5132712125778198,0.45114603638648987,-0.7920224666595459,0.9995095729827881
37,2,0.5172688961029053,0.45003724098205566,-0.7920341491699219,0.9994097352027893
37,3,0.5209953784942627,0.4485490322113037,-0.7921159267425537,0.9994571805000305
37,4,0.49870944023132324,0.4516313076019287,-0.8120117783546448,0.9995452761650085
37,5,0.4913926422595978,0.4510522484779358,-0.8122480511665344,0.9994944930076599
37,6,0.48372316360473633,0.45043817162513733,-0.8123734593391418,0.9996328949928284
37,7,0.5196689963340759,0.4410085082054138,-0.5591428875923157,0.9988369941711426
37,8,0.46398645639419556,0.4488305151462555,-0.6514894962310791,0.9997715353965759
37,9,0.5207974314689636,0.4670509397983551,-0.7109050154685974,0.9996984601020813
37,10,0.5047184228897095,0.46733027696609497,-0.7382756471633911,0.9998754858970642
37,11,0.5713679194450378,0.4699365496635437,-0.27958810329437256,0.9999778270721436
37,12,0.39891353249549866,0.4767758846282959,-0.45320698618888855,0.9999277591705322
37,13,0.6439176201820374,0.5132303237915039,-0.15610526502132416,0.9804002046585083
37,14,0.3117746114730835,0.5360575914382935,-0.28648266196250916,0.9939449429512024
37,15,0.5853907465934753,0.5514880418777466,-0.34437045454978943,0.982096791267395
37,16,0.41970935463905334,0.566893458366394,-0.49291539192199707,0.9585211873054504
37,17,0.5682898759841919,0.5679521560668945,-0.3950870633125305,0.9611982703208923
37,18,0.44306251406669617,0.5822053551673889,-0.539356529712677,0.9091185927391052
37,19,0.555420458316803,0.5631774663925171,-0.43291211128234863,0.9608019590377808
37,20,0.45602038502693176,0.575891375541687,-0.546804666519165,0.9067251086235046
37,21,0.5568879246711731,0.5585440993309021,-0.3590221405029297,0.9421919584274292
37,22,0.45276960730552673,0.569719135761261,-0.49436962604522705,0.8730274438858032
37,23,0.5195741653442383,0.5804949998855591,0.07152366638183594,0.9992536306381226
37,24,0.43596887588500977,0.5825984477996826,-0.071290522813797,0.9994713068008423
37,25,0.5139424204826355,0.6811285018920898,-0.0022693201899528503,0.7373173832893372
37,26,0.48819825053215027,0.6652357578277588,-0.5525001287460327,0.9047256112098694
37,27,0.47186458110809326,0.7849533557891846,0.13378602266311646,0.7618717551231384
37,28,0.4789738655090332,0.7859894037246704,-0.5615066289901733,0.8212457895278931
37,29,0.4504637122154236,0.8065576553344727,0.1363200694322586,0.7525357604026794
37,30,0.4580329954624176,0.8083218336105347,-0.5727367997169495,0.8006256222724915
37,31,0.529154360294342,0.8187143206596375,-0.07337771356105804,0.7968534231185913
37,32,0.519051194190979,0.8196449279785156,-0.8590744137763977,0.910352885723114
38,0,0.5106778740882874,0.4441985487937927,-0.8937696814537048,0.9997303485870361
38,1,0.5113204717636108,0.4331928789615631,-0.8701345920562744,0.9995499849319458
38,2,0.5147106647491455,0.43224191665649414,-0.8701296448707581,0.9994576573371887
38,3,0.5182748436927795,0.4310741424560547,-0.8702505230903625,0.9995020627975464
38,4,0.4976489245891571,0.43394628167152405,-0.890570342540741,0.999584972858429
38,5,0.49036484956741333,0.4338317811489105,-0.8907862305641174,0.9995384216308594
38,6,0.4827477037906647,0.43366551399230957,-0.8908708095550537,0.9996641278266907
38,7,0.5158024430274963,0.42628803849220276,-0.6187373399734497,0.9989275932312012
38,8,0.4620559811592102,0.43261879682540894,-0.7141799926757812,0.9997903108596802
38,9,0.5171963572502136,0.45119214057922363,-0.7860512733459473,0.9997257590293884
38,10,0.5011759400367737,0.45177918672561646,-0.8138574957847595,0.9998866319656372
38,11,0.5690114498138428,0.4623067378997803,-0.31712955236434937,0.9999797940254211
38,12,0.39775389432907104,0.4700440466403961,-0.5238304734230042,0.9999346137046814
38,13,0.6303876638412476,0.5132636427879333,-0.18036390841007233,0.9821466207504272
38,14,0.32224002480506897,0.532394289970398,-0.45503637194633484,0.9944408535957336
38,15,0.5871676206588745,0.5594477653503418,-0.37744179368019104,0.983561098575592
38,16,0.4197656512260437,0.5729026198387146,-0.5945583581924438,0.9614524841308594
38,17,0.5722364783287048,0.5776286721229553,-0.4142659902572632,0.9640912413597107
38,18,0.4418422281742096,0.5927071571350098,-0.6531858444213867,0.9143869876861572
38,19,0.5582888126373291,0.5720281600952148,-0.4760812520980835,0.9637697339057922
38,20,0.4559355080127716,0.5889363884925842,-0.6862828731536865,0.9120995998382568
38,21,0.5585861802101135,0.5664539933204651,-0.3766394853591919,0.9463752508163452
38,22,0.4526134431362152,0.5814386010169983,-0.604370653629303,0.8797237277030945
38,23,0.5209429860115051,0.5794843435287476,0.08805626630783081,0.999244749546051
38,24,0.4390106201171875,0.5826094150543213,-0.08800051361322403,0.9994630813598633
38,25,0.5138450264930725,0.6799039244651794,0.007695839740335941,0.712639331817627
38,26,0.48445773124694824,0.6805530786514282,-0.4015086591243744,0.8998493552207947
38,27,0.4715299904346466,0.7887862920761108,0.13643775880336761,0.7461553812026978
38,28,0.4634672701358795,0.795404851436615,-0.3430625796318054,0.8286313414573669
38,29,0.45185497403144836,0.8081655502319336,0.1376156210899353,0.7384095788002014
38,30,0.44695213437080383,0.8147341012954712,-0.3489314317703247,0.7961055636405945
38,31,0.5273922681808472,0.8207558393478394,-0.06330599635839462,0.7854539155960083
38,32,0.5028659105300903,0.8251481056213379,-0.6145403385162354,0.9083444476127625
39,0,0.507408618927002,0.4322584569454193,-0.8965423703193665,0.9997545480728149
39,1,0.5085723400115967,0.4204886555671692,-0.8704609274864197,0.9995858669281006
39,2,0.5114254355430603,0.41966766119003296,-0.8704681396484375,0.9995006322860718
39,3,0.5148640275001526,0.4187167286872864,-0.8705873489379883,0.9995419383049011
39,4,0.4953539967536926,0.42151889204978943,-0.8928170204162598,0.9996203780174255
39,5,0.48849570751190186,0.42136844992637634,-0.8930250406265259,0.9995779395103455
39,6,0.4810495972633362,0.42123037576675415,-0.8931108117103577,0.9996920228004456
39,7,0.5130169987678528,0.4158519208431244,-0.6136115193367004,0.9990015625953674
39,8,0.4604038596153259,0.41997823119163513,-0.716765820980072,0.9998060464859009
39,9,0.5120774507522583,0.4392465054988861,-0.7876496911048889,0.9997498989105225
39,10,0.49656736850738525,0.44084423780441284,-0.8177236914634705,0.9998964667320251
39,11,0.5658180117607117,0.4556938707828522,-0.31464460492134094,0.9999811053276062
39,12,0.3971662223339081,0.4642919898033142,-0.5658449530601501,0.9999405741691589
39,13,0.6104934811592102,0.5155748128890991,-0.18197204172611237,0.9832037687301636
39,14,0.3342839181423187,0.5311110615730286,-0.5541279315948486,0.9948852062225342
39,15,0.5870671272277832,0.5735544562339783,-0.4207468628883362,0.9843252301216125
39,16,0.4197850823402405,0.5802234411239624,-0.7011123895645142,0.9640089869499207
39,17,0.5718068480491638,0.5917054414749146,-0.4832458198070526,0.9655557870864868
39,18,0.4377027750015259,0.603331983089447,-0.7743138074874878,0.9191703200340271
39,19,0.5580041408538818,0.58790522813797,-0.5459240078926086,0.9653471112251282
39,20,0.45513302087783813,0.601047694683075,-0.8028640151023865,0.916899561882019
39,21,0.5584756731987,0.5822962522506714,-0.445608913898468,0.9486123323440552
39,22,0.4525284767150879,0.5929961204528809,-0.710700511932373,0.8855552077293396
39,23,0.5210283994674683,0.5816752314567566,0.10003945976495743,0.9992098212242126
39,24,0.43949416279792786,0.585087776184082,-0.10001889616250992,0.9994620084762573
39,25,0.510927140712738,0.6832979917526245,0.09677226096391678,0.6996155381202698
39,26,0.4752039313316345,0.6824427843093872,-0.340633362531662,0.8997196555137634
39,27,0.47021356225013733,0.7906081080436707,0.28823500871658325,0.7359864115715027
39,28,0.4613035023212433,0.8069084286689758,-0.256050169467926,0.8379233479499817
39,29,0.450870543718338,0.8097620010375977,0.29573675990104675,0.7260561585426331
39,30,0.44649434089660645,0.828005313873291,-0.26046282052993774,0.7938196063041687
39,31,0.5227251052856445,0.8210353851318359,0.1026267260313034,0.780206561088562
39,32,0.4980071485042572,0.8293253779411316,-0.5316083431243896,0.9089475274085999
40,0,0.50722336769104,0.4209669232368469,-0.9545623660087585,0.9997778534889221
40,1,0.5080187320709229,0.4096031188964844,-0.9236468076705933,0.9996230006217957
40,2,0.5108449459075928,0.4088219106197357,-0.9236241579055786,0.9995449781417847
40,3,0.5142186880111694,0.4079650342464447,-0.9237154722213745,0.9995827674865723
40,4,0.49519068002700806,0.410473108291626,-0.9550104141235352,0.9996554255485535
40,5,0.4881996512413025,0.4102518558502197,-0.9552134871482849,0.9996170401573181
40,6,0.48053231835365295,0.41013455390930176,-0.9552997946739197,0.9997201561927795
40,7,0.5105593800544739,0.4070185124874115,-0.6552185416221619,0.9990800023078918
40,8,0.45895498991012573,0.41030511260032654,-0.8006350994110107,0.999822735786438
40,9,0.5109555125236511,0.42931610345840454,-0.8427706360816956,0.9997730255126953
40,10,0.4957130551338196,0.4314824044704437,-0.8848392963409424,0.999906063079834
40,11,0.5617468357086182,0.4504721164703369,-0.3451606333255768,0.9999822378158569
40,12,0.3954189419746399,0.4591975808143616,-0.6746301651000977,0.999946117401123
40,13,0.5951236486434937,0.517045259475708,-0.2524825632572174,0.9839104413986206
40,14,0.3481706976890564,0.5312235951423645,-0.6935421228408813,0.9953213930130005
40,15,0.5838181972503662,0.5827058553695679,-0.5097305178642273,0.9848748445510864
40,16,0.4192847013473511,0.5886615514755249,-0.8370580673217773,0.9669346213340759
40,17,0.571874737739563,0.6031001806259155,-0.5779097080230713,0.966630756855011
40,18,0.43006160855293274,0.6139954328536987,-0.9186002016067505,0.9253287315368652
40,19,0.5578038692474365,0.6006441712379456,-0.640274167060852,0.966533362865448
40,20,0.4512661099433899,0.611282467842102,-0.9471274614334106,0.9231829643249512
40,21,0.5571790337562561,0.5958546996116638,-0.5404548048973083,0.9504391551017761
40,22,0.4509410560131073,0.6027780175209045,-0.8470767736434937,0.8935508728027344
40,23,0.5219908952713013,0.5820554494857788,0.12004232406616211,0.999204158782959
40,24,0.43953803181648254,0.5851642489433289,-0.1200982853770256,0.9994812607765198
40,25,0.510843813419342,0.6847084164619446,0.17984509468078613,0.6963256597518921
40,26,0.46830257773399353,0.6821548938751221,-0.3382920026779175,0.9024781584739685
40,27,0.46891093254089355,0.7916868925094604,0.4331586956977844,0.734135091304779
40,28,0.45274344086647034,0.8062849044799805,-0.23840683698654175,0.8487512469291687
40,29,0.45032963156700134,0.8102078437805176,0.44584575295448303,0.7234988808631897
40,30,0.4344034492969513,0.8302848935127258,-0.24243055284023285,0.7943057417869568
40,31,0.5184308886528015,0.8242816925048828,0.2594364881515503,0.781658411026001
40,32,0.4916633665561676,0.8400052785873413,-0.516855776309967,0.9118748307228088
41,0,0.5063029527664185,0.41300854086875916,-0.9069912433624268,0.9997994899749756
41,1,0.5069179534912109,0.4019622802734375,-0.8808372616767883,0.9996588230133057
41,2,0.5100508332252502,0.40116453170776367,-0.8808931708335876,0.9995879530906677
41,3,0.5135135054588318,0.40031296014785767,-0.8810868859291077,0.9996220469474792
41,4,0.49392467737197876,0.4027908444404602,-0.9050211310386658,0.9996885657310486
41,5,0.4864591956138611,0.402870237827301,-0.9052121639251709,0.9996539354324341
41,6,0.4784592092037201,0.40290555357933044,-0.9052768349647522,0.9997467994689941
41,7,0.5092586278915405,0.4007048010826111,-0.6238657236099243,0.9991608262062073
41,8,0.4565731883049011,0.4045981764793396,-0.7441201210021973,0.9998389482498169
41,9,0.5100889205932617,0.4219779372215271,-0.7978981733322144,0.9997947216033936
41,10,0.49436154961586,0.4242967963218689,-0.8344588279724121,0.9999150037765503
41,11,0.5586856007575989,0.44799870252609253,-0.289354145526886,0.9999831318855286
41,12,0.39429551362991333,0.45592349767684937,-0.6307141780853271,0.9999508857727051
41,13,0.5891515612602234,0.5181861519813538,-0.1897413432598114,0.9841275811195374
41,14,0.35973817110061646,0.5300869345664978,-0.6525186896324158,0.9956957697868347
41,15,0.5791953802108765,0.5856743454933167,-0.4647955596446991,0.9855982661247253
41,16,0.4181661307811737,0.5942758917808533,-0.8022465109825134,0.9696440696716309
41,17,0.5723270177841187,0.6077573299407959,-0.5693766474723816,0.9680757522583008
41,18,0.4228009581565857,0.6194474697113037,-0.8858554363250732,0.931100606918335
41,19,0.5575876235961914,0.6064416170120239,-0.5831423401832581,0.968115508556366
41,20,0.44516873359680176,0.6172846555709839,-0.9166024327278137,0.9291126132011414
41,21,0.5553848147392273,0.600485622882843,-0.5248198509216309,0.9528539776802063
41,22,0.4476695656776428,0.6081305146217346,-0.813238263130188,0.9012607336044312
41,23,0.5239804983139038,0.5870131850242615,0.13063377141952515,0.9992019534111023
41,24,0.4403305947780609,0.5892980098724365,-0.1307315230369568,0.9995027184486389
41,25,0.5099242925643921,0.68897944688797,0.26073479652404785,0.7086818218231201
41,26,0.46263593435287476,0.6933651566505432,-0.27588385343551636,0.909257173538208
41,27,0.46877649426460266,0.7922146320343018,0.5553863048553467,0.7466800212860107
41,28,0.4513837993144989,0.8085601925849915,-0.15613771975040436,0.8614622950553894
41,29,0.44945383071899414,0.8075888752937317,0.5717275738716125,0.7339147329330444
41,30,0.4373375475406647,0.8282421231269836,-0.15847353637218475,0.8012182712554932
41,31,0.5148554444313049,0.826414942741394,0.38918283581733704,0.7933411598205566
41,32,0.4918968677520752,0.8453415036201477,-0.42771202325820923,0.9177180528640747
42,0,0.5036970973014832,0.4058118462562561,-0.8090067505836487,0.9998189210891724
42,1,0.5054807662963867,0.39439910650253296,-0.7692662477493286,0.9996911287307739
42,2,0.5090715289115906,0.393930047750473,-0.7692593336105347,0.9996267557144165
42,3,0.5127621293067932,0.3934659957885742,-0.7692710757255554,0.9996572136878967
42,4,0.4915490746498108,0.39483487606048584,-0.7987608909606934,0.999718427658081
42,5,0.4837433993816376,0.3945803642272949,-0.7989455461502075,0.9996872544288635
42,6,0.47541025280952454,0.3946681618690491,-0.7990552186965942,0.9997707605361938
42,7,0.5089037418365479,0.39610400795936584,-0.49187201261520386,0.999232828617096
42,8,0.454374223947525,0.39828962087631226,-0.6297743916511536,0.9998534917831421
42,9,0.508022129535675,0.4158703684806824,-0.6983359456062317,0.9998136758804321
42,10,0.4908369183540344,0.4172210693359375,-0.7386554479598999,0.9999228119850159
42,11,0.5568979978561401,0.4486319422721863,-0.17675945162773132,0.9999811053276062
42,12,0.3935885429382324,0.4546927809715271,-0.576517641544342,0.9999546408653259
42,13,0.5795289874076843,0.5223050713539124,-0.05209774523973465,0.9802862405776978
42,14,0.37456730008125305,0.5305491089820862,-0.5721060633659363,0.9959143400192261
42,15,0.5732130408287048,0.58991539478302,-0.27048298716545105,0.98418128490448
42,16,0.41357895731925964,0.5994203686714172,-0.7479945421218872,0.9717238545417786
42,17,0.5722067952156067,0.6127528548240662,-0.32842233777046204,0.9655041694641113
42,18,0.4138054847717285,0.6246220469474792,-0.7934107184410095,0.9355136752128601
42,19,0.5576680302619934,0.6120923757553101,-0.3946184813976288,0.9659901261329651
42,20,0.4347210228443146,0.6223182678222656,-0.8148394227027893,0.9337149262428284
42,21,0.5544255971908569,0.605391263961792,-0.3050324022769928,0.9508809447288513
42,22,0.43871408700942993,0.6127384305000305,-0.7406222820281982,0.9073402881622314
42,23,0.5205451846122742,0.5984393358230591,0.1384783685207367,0.9992085099220276
42,24,0.4399782717227936,0.5978022813796997,-0.1386222243309021,0.9995256066322327
42,25,0.5080409646034241,0.7007400989532471,0.3023894727230072,0.7255005240440369
42,26,0.4526330232620239,0.7066042423248291,-0.18303315341472626,0.9170054197311401
42,27,0.46941620111465454,0.7945889234542847,0.6041213274002075,0.7650966048240662
42,28,0.44053950905799866,0.8155455589294434,-0.026050839573144913,0.8740977644920349
42,29,0.449221670627594,0.8078839182853699,0.6214675307273865,0.7505780458450317
42,30,0.4285195767879486,0.8306472897529602,-0.02443953976035118,0.810221791267395
42,31,0.5143884420394897,0.8320811986923218,0.4481081962585449,0.8089393973350525
42,32,0.4803984761238098,0.8514267206192017,-0.27839913964271545,0.9242751598358154
43,0,0.5037413239479065,0.4000852108001709,-0.7100767493247986,0.9998360872268677
43,1,0.5054056644439697,0.3890383243560791,-0.6670055389404297,0.9997195601463318
43,2,0.5090376734733582,0.3889181911945343,-0.6670182943344116,0.9996609687805176
43,3,0.5126110315322876,0.38874566555023193,-0.6670383214950562,0.9996879696846008
43,4,0.49135732650756836,0.38900288939476013,-0.6996919512748718,0.9997447729110718
43,5,0.4836379289627075,0.3889320194721222,-0.6998472213745117,0.9997166991233826
43,6,0.4750075340270996,0.38910430669784546,-0.6999430060386658,0.9997917413711548
43,7,0.5080814957618713,0.3925537168979645,-0.39516180753707886,0.9992963671684265
43,8,0.4526800811290741,0.39418673515319824,-0.5450374484062195,0.9998656511306763
43,9,0.5081667900085449,0.41134780645370483,-0.6032183170318604,0.9998297095298767
43,10,0.49064362049102783,0.41208237409591675,-0.6466089487075806,0.9999290108680725
43,11,0.5519282221794128,0.4504166543483734,-0.09794918447732925,0.9999734163284302
43,12,0.39308568835258484,0.45245638489723206,-0.5128613114356995,0.9999563694000244
43,13,0.5670897960662842,0.5258077383041382,0.02478896453976631,0.9677920937538147
43,14,0.38359835743904114,0.5308220386505127,-0.5194553732872009,0.9959428310394287
43,15,0.5649732947349548,0.5957446098327637,-0.1685185581445694,0.9788575172424316
43,16,0.40837445855140686,0.6031395792961121,-0.6394438147544861,0.9732421636581421
43,17,0.5701971054077148,0.6175087094306946,-0.21402975916862488,0.9569770097732544
43,18,0.40709975361824036,0.6276550889015198,-0.7100851535797119,0.9389458298683167
43,19,0.5572443604469299,0.6170505285263062,-0.2807576358318329,0.9583536386489868
43,20,0.42398160696029663,0.6263279914855957,-0.7447190284729004,0.9373295903205872
43,21,0.5525124669075012,0.6103140711784363,-0.20050594210624695,0.9427361488342285
43,22,0.4285825192928314,0.6169207692146301,-0.6504442691802979,0.9121610522270203
43,23,0.5120865702629089,0.6033920645713806,0.14172758162021637,0.9992036819458008
43,24,0.43619638681411743,0.6007839441299438,-0.1418626308441162,0.9995346665382385
43,25,0.5042466521263123,0.7054504752159119,0.25746557116508484,0.7402309775352478
43,26,0.4460018277168274,0.711372435092926,-0.1632075160741806,0.9237619638442993
43,27,0.46936339139938354,0.7978596687316895,0.5489748120307922,0.7813221216201782
43,28,0.43627819418907166,0.8191137313842773,0.01940065063536167,0.8854266405105591
43,29,0.44916772842407227,0.8081697225570679,0.5655673146247864,0.7647203207015991
43,30,0.42308804392814636,0.8337656855583191,0.02358807995915413,0.817677915096283
43,31,0.5126844048500061,0.8353311419487,0.40067631006240845,0.8229305148124695
43,32,0.4770880341529846,0.8558058738708496,-0.2177533209323883,0.9301772117614746
44,0,0.5030698776245117,0.3985282778739929,-0.6448923945426941,0.9998517632484436
44,1,0.5044181942939758,0.38768893480300903,-0.60297030210495,0.999745786190033
44,2,0.5082153081893921,0.387717604637146,-0.602971613407135,0.9996926784515381
44,3,0.5117775201797485,0.3876892030239105,-0.6029586791992188,0.999716579914093
44,4,0.48991331458091736,0.38730156421661377,-0.6316720843315125,0.9997687935829163
44,5,0.481799453496933,0.3872920572757721,-0.6317893266677856,0.9997435212135315
44,6,0.47272181510925293,0.3875272870063782,-0.6318435072898865,0.9998108148574829
44,7,0.5068525671958923,0.3916149139404297,-0.3413616716861725,0.9993575215339661
44,8,0.4511348009109497,0.3930434584617615,-0.47519010305404663,0.9998770952224731
44,9,0.5078480839729309,0.40985292196273804,-0.5431966781616211,0.9998450875282288
44,10,0.48968595266342163,0.41044989228248596,-0.5816807746887207,0.9999350309371948
44,11,0.5451337695121765,0.45161786675453186,-0.06568180024623871,0.9999690651893616
44,12,0.39322349429130554,0.4501873552799225,-0.43111056089401245,0.9999580979347229
44,13,0.551586389541626,0.528520941734314,0.06029444932937622,0.9592961072921753
44,14,0.3834393322467804,0.5311280488967896,-0.4308997392654419,0.9959885478019714
44,15,0.5559812784194946,0.5988972783088684,-0.11669139564037323,0.9764777421951294
44,16,0.4030754864215851,0.6053528785705566,-0.5489405393600464,0.9747341275215149
44,17,0.5636109113693237,0.6206160187721252,-0.1593226045370102,0.9531679749488831
44,18,0.40020519495010376,0.6298049688339233,-0.6182591319084167,0.9424037933349609
44,19,0.5535476803779602,0.6211984157562256,-0.22747284173965454,0.9549986124038696
44,20,0.4160364866256714,0.6287972927093506,-0.6535094976425171,0.9409393072128296
44,21,0.5474601984024048,0.6143652200698853,-0.14829762279987335,0.9395668506622314
44,22,0.42154228687286377,0.620150089263916,-0.5624346137046814,0.9172695279121399
44,23,0.5041833519935608,0.603196918964386,0.13693152368068695,0.9992209672927856
44,24,0.4318110942840576,0.6007142663002014,-0.1370580494403839,0.9995449185371399
44,25,0.501754105091095,0.7079169154167175,0.2204418182373047,0.7548758387565613
44,26,0.4400341510772705,0.711867094039917,-0.1259564757347107,0.930080235004425
44,27,0.46933403611183167,0.7993385791778564,0.47051167488098145,0.7974519729614258
44,28,0.4341743588447571,0.8163596391677856,0.05275433510541916,0.895731508731842
44,29,0.44895926117897034,0.808732807636261,0.48274561762809753,0.779697597026825
44,30,0.42028918862342834,0.8307188749313354,0.056476809084415436,0.8246954083442688
44,31,0.5132232904434204,0.8354280591011047,0.31631436944007874,0.8361955881118774
44,32,0.47614261507987976,0.8549348711967468,-0.1750638633966446,0.9354365468025208
45,0,0.5027809143066406,0.3966295123100281,-0.6311823129653931,0.9998651146888733
45,1,0.5040947198867798,0.3860680162906647,-0.5886062979698181,0.9997676014900208
45,2,0.5079751014709473,0.38623782992362976,-0.5886061191558838,0.9997188448905945
45,3,0.5114704966545105,0.38638439774513245,-0.5885810852050781,0.9997396469116211
45,4,0.4894585907459259,0.38554179668426514,-0.6171070337295532,0.999789297580719
45,5,0.48136401176452637,0.3854711353778839,-0.617228627204895,0.9997665882110596
45,6,0.47230568528175354,0.3856661021709442,-0.6173045635223389,0.9998270869255066
45,7,0.5065234899520874,0.3905065655708313,-0.33311450481414795,0.9994031190872192
45,8,0.45094457268714905,0.39128565788269043,-0.4655067026615143,0.9998865723609924
45,9,0.5077991485595703,0.40798744559288025,-0.5328325033187866,0.9998573660850525
45,10,0.4894119203090668,0.40810447931289673,-0.5708855986595154,0.9999397993087769
45,11,0.54303377866745,0.45174846053123474,-0.06889833509922028,0.9999505877494812
45,12,0.3923529386520386,0.4509274959564209,-0.4259546995162964,0.9999591708183289
45,13,0.5463160872459412,0.5318682789802551,0.061778247356414795,0.9393131732940674
45,14,0.3809855580329895,0.5335254073143005,-0.42317870259284973,0.9959473609924316
45,15,0.5507612228393555,0.6003290414810181,-0.0972718894481659,0.9656826853752136
45,16,0.40121543407440186,0.6081239581108093,-0.532923698425293,0.9756886959075928
45,17,0.5580804347991943,0.6217945218086243,-0.13509292900562286,0.9377837777137756
45,18,0.3958735466003418,0.6322816610336304,-0.5994213819503784,0.9446449279785156
45,19,0.5512272119522095,0.6226938962936401,-0.19927982985973358,0.9407342076301575
45,20,0.41123390197753906,0.6313815712928772,-0.6325390934944153,0.9433093667030334
45,21,0.5451152920722961,0.6156333684921265,-0.12756043672561646,0.9248452186584473
45,22,0.4177182912826538,0.6227642297744751,-0.5456650853157043,0.9207857251167297
45,23,0.501787543296814,0.6066115498542786,0.13525952398777008,0.9992151856422424
45,24,0.4300555884838104,0.6044191122055054,-0.13544894754886627,0.9995419383049011
45,25,0.4981840252876282,0.7101187705993652,0.23433154821395874,0.7670136094093323
45,26,0.4366036653518677,0.7148755788803101,-0.06564684957265854,0.935749888420105
45,27,0.4693147838115692,0.8014870882034302,0.5008477568626404,0.81219482421875
45,28,0.43285679817199707,0.8166364431381226,0.17967496812343597,0.9049133658409119
45,29,0.44878867268562317,0.809491753578186,0.5149704813957214,0.7933064103126526
45,30,0.4198337495326996,0.8309711217880249,0.19086627662181854,0.8307729959487915
45,31,0.5141589045524597,0.8358111381530762,0.3478587865829468,0.8486329913139343
45,32,0.47294214367866516,0.8541967272758484,-0.03564881160855293,0.9401637315750122
46,0,0.5034142136573792,0.3937860131263733,-0.5953269004821777,0.9998756647109985
46,1,0.5043624639511108,0.38384050130844116,-0.5539994239807129,0.9997836351394653
46,2,0.5080347061157227,0.38397669792175293,-0.5540160536766052,0.9997382164001465
46,3,0.511570930480957,0.3841102719306946,-0.5540028810501099,0.9997560977935791
46,4,0.4898010790348053,0.3831797242164612,-0.5898139476776123,0.999805212020874
46,5,0.48183369636535645,0.38290950655937195,-0.5899420976638794,0.9997849464416504
46,6,0.4726373553276062,0.382662832736969,-0.5900357365608215,0.999839186668396
46,7,0.5050018429756165,0.3880574703216553,-0.30864354968070984,0.9994301199913025
46,8,0.45118004083633423,0.38696151971817017,-0.4732920825481415,0.9998924732208252
46,9,0.5078813433647156,0.40497320890426636,-0.5005896091461182,0.9998666048049927
46,10,0.4894758462905884,0.40483832359313965,-0.5481804609298706,0.9999431371688843
46,11,0.5391660928726196,0.45228394865989685,-0.05321385711431503,0.9999256730079651
46,12,0.3904726803302765,0.44987431168556213,-0.44430410861968994,0.9999592900276184
46,13,0.5427919626235962,0.5323435068130493,0.07042522728443146,0.919625997543335
46,14,0.3799193203449249,0.5336575508117676,-0.44725126028060913,0.9959956407546997
46,15,0.548259973526001,0.6019310355186462,-0.09212425351142883,0.9528371691703796
46,16,0.39955493807792664,0.6087261438369751,-0.5505722761154175,0.9766388535499573
46,17,0.5550702214241028,0.6225003004074097,-0.13049869239330292,0.9194386601448059
46,18,0.393643856048584,0.6323671936988831,-0.618654727935791,0.9468457698822021
46,19,0.5499409437179565,0.6241070032119751,-0.1962888538837433,0.9237542152404785
46,20,0.40804317593574524,0.6324423551559448,-0.6499263048171997,0.9455986618995667
46,21,0.5439002513885498,0.6172023415565491,-0.12391359359025955,0.9077388048171997
46,22,0.41419127583503723,0.6242552995681763,-0.5624447464942932,0.9240193963050842
46,23,0.49944931268692017,0.6057252883911133,0.13893017172813416,0.9991839528083801
46,24,0.42693427205085754,0.6039961576461792,-0.13908874988555908,0.9995349645614624
46,25,0.49403369426727295,0.7108570337295532,0.24631284177303314,0.7778620719909668
46,26,0.4344288408756256,0.7154443860054016,-0.09359859675168991,0.9407394528388977
46,27,0.46951377391815186,0.8031694293022156,0.5125083327293396,0.8246778249740601
46,28,0.43502354621887207,0.8189783096313477,0.11610826849937439,0.9131519198417664
46,29,0.4495331645011902,0.8113606572151184,0.5262642502784729,0.8041344285011292
46,30,0.4223279356956482,0.8333538174629211,0.12206705659627914,0.8361070156097412
46,31,0.5144233107566833,0.8367844820022583,0.35564252734184265,0.8592595458030701
46,32,0.47626835107803345,0.8566287755966187,-0.11622743308544159,0.9443531036376953
47,0,0.5035662651062012,0.3906543254852295,-0.5486921668052673,0.9998748898506165
47,1,0.5044843554496765,0.38136956095695496,-0.5065720677375793,0.9997739791870117
47,2,0.5081259608268738,0.3816547691822052,-0.5066344141960144,0.9997264742851257
47,3,0.511506974697113,0.38188397884368896,-0.5066410303115845,0.9997379183769226
47,4,0.4899701476097107,0.38040000200271606,-0.5416983962059021,0.9998024702072144
47,5,0.4820398688316345,0.37996768951416016,-0.5417981743812561,0.9997853636741638
47,6,0.472922682762146,0.37959223985671997,-0.5419191718101501,0.9998335838317871
47,7,0.5037150382995605,0.38613516092300415,-0.2638953626155853,0.9993314743041992
47,8,0.45103195309638977,0.38411837816238403,-0.4256631135940552,0.9998821020126343
47,9,0.5079277157783508,0.4023217558860779,-0.45553386211395264,0.9998579025268555
47,10,0.4897368252277374,0.4022074341773987,-0.5020613670349121,0.9999383687973022
47,11,0.5355033278465271,0.451869398355484,-0.015752384439110756,0.9998651742935181
47,12,0.38966962695121765,0.4482339918613434,-0.41140714287757874,0.9999569654464722
47,13,0.5413857102394104,0.5310029983520508,0.0984550192952156,0.8785598278045654
47,14,0.3771168887615204,0.5334500074386597,-0.4288071095943451,0.9957988858222961
47,15,0.5454398393630981,0.5988146066665649,-0.07554638385772705,0.9204320907592773
47,16,0.39652150869369507,0.6062438488006592,-0.5319241881370544,0.976282000541687
47,17,0.5522500872612,0.6188681125640869,-0.11479455977678299,0.8823608160018921
47,18,0.39067551493644714,0.6300869584083557,-0.6000010967254639,0.9466205835342407
47,19,0.5484253168106079,0.6196798086166382,-0.17768146097660065,0.8883387446403503
47,20,0.4049499034881592,0.6301994323730469,-0.629122257232666,0.945417582988739
47,21,0.542782187461853,0.6133650541305542,-0.10684279352426529,0.8723764419555664
47,22,0.4106755256652832,0.6217199563980103,-0.5432353019714355,0.9240561127662659
47,23,0.4987468421459198,0.6060642004013062,0.1412203311920166,0.9991326332092285
47,24,0.4243314564228058,0.6038844585418701,-0.1413615643978119,0.9995188117027283
47,25,0.4919777810573578,0.7117237448692322,0.25784429907798767,0.783140242099762
47,26,0.4348292052745819,0.714593231678009,-0.09952456504106522,0.9446176886558533
47,27,0.4697968363761902,0.8039828538894653,0.5403223037719727,0.8345655798912048
47,28,0.43380022048950195,0.8176836967468262,0.12298470735549927,0.9198476672172546
47,29,0.4495389759540558,0.8123672604560852,0.5558518767356873,0.8126362562179565
47,30,0.42046016454696655,0.8323590159416199,0.1309477984905243,0.837492823600769
47,31,0.5171553492546082,0.836840033531189,0.3864509165287018,0.8676131367683411
47,32,0.47820183634757996,0.8563641309738159,-0.10338836163282394,0.9472659230232239
48,0,0.503477931022644,0.3900606036186218,-0.5174497961997986,0.9998798370361328
48,1,0.504517138004303,0.3806303143501282,-0.47478511929512024,0.9997780323028564
48,2,0.5080972909927368,0.380934476852417,-0.4748387634754181,0.9997311234474182
48,3,0.5113254189491272,0.38116705417633057,-0.47482648491859436,0.9997379779815674
48,4,0.4900800883769989,0.3797582685947418,-0.5099698305130005,0.999809741973877
48,5,0.48218977451324463,0.37938040494918823,-0.5100533962249756,0.9997950196266174
48,6,0.47312548756599426,0.37901610136032104,-0.5101509094238281,0.9998379945755005
48,7,0.5027994513511658,0.3854324221611023,-0.230296328663826,0.9993005990982056
48,8,0.45071935653686523,0.38309183716773987,-0.392414927482605,0.9998821020126343
48,9,0.5075458288192749,0.40170302987098694,-0.42353981733322144,0.9998586177825928
48,10,0.48955151438713074,0.40158361196517944,-0.47018682956695557,0.9999386668205261
48,11,0.5340651273727417,0.4517538547515869,0.018305201083421707,0.9998288750648499
48,12,0.3886848986148834,0.44591760635375977,-0.3851762115955353,0.9999577403068542
48,13,0.5434094667434692,0.530218243598938,0.12442929297685623,0.8445382714271545
48,14,0.37486761808395386,0.5311533212661743,-0.41355475783348083,0.9957605600357056
48,15,0.546141505241394,0.5971988439559937,-0.06079471856355667,0.8966625928878784
48,16,0.39075592160224915,0.6043633222579956,-0.526247501373291,0.9766351580619812
48,17,0.5523197054862976,0.617082417011261,-0.1009267047047615,0.8544796109199524
48,18,0.3849332928657532,0.6282411813735962,-0.5959192514419556,0.9476771950721741
48,19,0.5484210252761841,0.617502748966217,-0.1642124056816101,0.8616474270820618
48,20,0.401844322681427,0.6274650692939758,-0.6227095127105713,0.9464892148971558
48,21,0.5428041219711304,0.611564576625824,-0.09253305941820145,0.8450617790222168
48,22,0.40761685371398926,0.6191605925559998,-0.5366379618644714,0.9255205392837524
48,23,0.49821653962135315,0.6055628061294556,0.14581643044948578,0.9990955591201782
48,24,0.42320775985717773,0.604240357875824,-0.14594919979572296,0.999519944190979
48,25,0.49064433574676514,0.710820734500885,0.27398741245269775,0.7897350192070007
48,26,0.43509241938591003,0.7148327231407166,-0.1239905133843422,0.9487601518630981
48,27,0.4693377614021301,0.8037465810775757,0.5446693301200867,0.8445541858673096
48,28,0.4336162507534027,0.8175230026245117,0.06842944771051407,0.9265142679214478
48,29,0.449249267578125,0.8124386668205261,0.5591133236885071,0.821831464767456
48,30,0.41901618242263794,0.8332706689834595,0.07321129739284515,0.8423973917961121
48,31,0.5181483030319214,0.8366287350654602,0.3945964276790619,0.8761137127876282
48,32,0.4793410301208496,0.8554093241691589,-0.1624893993139267,0.9507057070732117
49,0,0.5033945441246033,0.38918596506118774,-0.4821109473705292,0.9998831152915955
49,1,0.5042738318443298,0.3796994090080261,-0.43979474902153015,0.9997789263725281
49,2,0.5077052116394043,0.37996575236320496,-0.4398496448993683,0.9997313022613525
49,3,0.5106654763221741,0.38020187616348267,-0.4398413300514221,0.9997349977493286
49,4,0.49006229639053345,0.37907373905181885,-0.477855384349823,0.9998148679733276
49,5,0.48225194215774536,0.37885648012161255,-0.477922648191452,0.9998019337654114
49,6,0.47326770424842834,0.37865179777145386,-0.4780036509037018,0.9998403787612915
49,7,0.5007269382476807,0.3847772479057312,-0.20282062888145447,0.999264121055603
49,8,0.4503491222858429,0.38289782404899597,-0.377930611371994,0.9998810291290283
49,9,0.5071680545806885,0.4006994664669037,-0.39118605852127075,0.9998599290847778
49,10,0.4895995259284973,0.4007156789302826,-0.44158053398132324,0.99993896484375
49,11,0.532329797744751,0.45109039545059204,0.028588132932782173,0.9998127818107605
49,12,0.38632094860076904,0.44562944769859314,-0.37821727991104126,0.9999583959579468
49,13,0.5469966530799866,0.529558539390564,0.13197459280490875,0.8237961530685425
49,14,0.3677971363067627,0.5298632979393005,-0.41819119453430176,0.9958155751228333
49,15,0.548192024230957,0.596042275428772,-0.055859945714473724,0.8864855766296387
49,16,0.38515764474868774,0.6041809916496277,-0.5321086049079895,0.9774625897407532
49,17,0.5527571439743042,0.615510106086731,-0.09785839915275574,0.8410006761550903
49,18,0.38145655393600464,0.6268956661224365,-0.6031721830368042,0.9496416449546814
49,19,0.5491692423820496,0.6155897974967957,-0.16070771217346191,0.8490294218063354
49,20,0.3991169333457947,0.6257694363594055,-0.6276986598968506,0.9484601020812988
49,21,0.5428796410560608,0.6096189618110657,-0.08748164772987366,0.8317214846611023
49,22,0.40533751249313354,0.6174826622009277,-0.5415681600570679,0.9281055927276611
49,23,0.49716946482658386,0.6052461266517639,0.14446155726909637,0.9990845918655396
49,24,0.421955943107605,0.6040524840354919,-0.14458051323890686,0.999519944190979
49,25,0.4879634976387024,0.7103214263916016,0.25999289751052856,0.7920519113540649
49,26,0.43655693531036377,0.7136200666427612,-0.10681353509426117,0.9515514373779297
49,27,0.4671977162361145,0.8035433888435364,0.5155225992202759,0.8509960770606995
49,28,0.43489474058151245,0.8149412274360657,0.1062224805355072,0.9317233562469482
49,29,0.4469172954559326,0.8124644160270691,0.5290561318397522,0.8278949856758118
49,30,0.421343058347702,0.8304688334465027,0.11389850080013275,0.8437802195549011
49,31,0.5175070762634277,0.8364120721817017,0.3666945695877075,0.8820840716362
49,32,0.47966504096984863,0.8543132543563843,-0.11160246282815933,0.9528738260269165
50,0,0.503215491771698,0.38873445987701416,-0.5185917615890503,0.9998882412910461
50,1,0.503907322883606,0.37913429737091064,-0.4769657850265503,0.999785304069519
50,2,0.5071605443954468,0.3793664574623108,-0.47700899839401245,0.9997386932373047
50,3,0.5098811388015747,0.37959975004196167,-0.4770020842552185,0.9997410178184509
50,4,0.4899199306964874,0.37858936190605164,-0.5160701274871826,0.9998226761817932
50,5,0.482178658246994,0.37841013073921204,-0.516140878200531,0.9998109340667725
50,6,0.47331565618515015,0.3782559037208557,-0.5162168741226196,0.999845027923584
50,7,0.4989657998085022,0.3843483030796051,-0.23542402684688568,0.9992613196372986
50,8,0.44951167702674866,0.38267892599105835,-0.4161943793296814,0.9998821020126343
50,9,0.5066878199577332,0.4002581536769867,-0.4254055917263031,0.9998651146888733
50,10,0.4895196557044983,0.4002866744995117,-0.47757038474082947,0.9999408721923828
50,11,0.531211793422699,0.4505622386932373,-0.0019529910059645772,0.9998106956481934
50,12,0.38227325677871704,0.4460265636444092,-0.3924180269241333,0.9999584555625916
50,13,0.5497735142707825,0.5287440419197083,0.11598765850067139,0.8192760348320007
50,14,0.3564710021018982,0.5287781357765198,-0.4183183014392853,0.995858907699585
50,15,0.552876353263855,0.5944608449935913,-0.07995140552520752,0.8850248456001282
50,16,0.3828602731227875,0.6007980108261108,-0.5286473035812378,0.9780340194702148
50,17,0.5603484511375427,0.6150261163711548,-0.1269306242465973,0.8371221423149109
50,18,0.38253253698349,0.6243021488189697,-0.5989657640457153,0.9510713219642639
50,19,0.554524838924408,0.6152969002723694,-0.1918645054101944,0.8458631634712219
50,20,0.400141179561615,0.6229984164237976,-0.6272035241127014,0.9499108195304871
50,21,0.5479174852371216,0.6092155575752258,-0.11235535889863968,0.8282060623168945
50,22,0.40511956810951233,0.6150255799293518,-0.5392371416091919,0.9299194812774658
50,23,0.49798130989074707,0.6047519445419312,0.14230285584926605,0.9990748763084412
50,24,0.42088592052459717,0.6037165522575378,-0.1424163430929184,0.9995120167732239
50,25,0.4879976809024811,0.7110713720321655,0.26354506611824036,0.7972132563591003
50,26,0.43516772985458374,0.7144383192062378,-0.0884421169757843,0.954197883605957
50,27,0.46713918447494507,0.8046342134475708,0.5302544236183167,0.8585383892059326
50,28,0.43460723757743835,0.8163270950317383,0.13781334459781647,0.9364742636680603
50,29,0.44699427485466003,0.8141912221908569,0.5448943972587585,0.8351277112960815
50,30,0.4204550087451935,0.8309775590896606,0.14628325402736664,0.8447496294975281
50,31,0.5173364281654358,0.8366798162460327,0.3755168616771698,0.8885470032691956
50,32,0.47765791416168213,0.8568293452262878,-0.08563673496246338,0.9547699093818665
51,0,0.503004789352417,0.38868433237075806,-0.486067533493042,0.9998947978019714
51,1,0.503715455532074,0.37897658348083496,-0.4435916543006897,0.9997962117195129
51,2,0.5069001317024231,0.3791641592979431,-0.44364550709724426,0.9997514486312866
51,3,0.5095652341842651,0.37936320900917053,-0.44362640380859375,0.9997526407241821
51,4,0.4897555112838745,0.37847477197647095,-0.48252978920936584,0.9998329877853394
51,5,0.4819428324699402,0.3782505393028259,-0.4825776517391205,0.9998221397399902
51,6,0.47312644124031067,0.3780442178249359,-0.482646107673645,0.9998525977134705
51,7,0.4984356760978699,0.3842470049858093,-0.20156696438789368,0.9992850422859192
51,8,0.44841766357421875,0.38242682814598083,-0.3834574520587921,0.9998870491981506
51,9,0.5062755346298218,0.4003543257713318,-0.3931696116924286,0.9998726844787598
51,10,0.48921963572502136,0.40053731203079224,-0.44543278217315674,0.9999441504478455
51,11,0.5309557914733887,0.45033663511276245,0.021916739642620087,0.999815046787262
51,12,0.37614524364471436,0.44663143157958984,-0.3549085855484009,0.9999592900276184
51,13,0.5515835881233215,0.5286606550216675,0.142722487449646,0.8181985020637512
51,14,0.3488183915615082,0.5285881161689758,-0.3736981749534607,0.9959520697593689
51,15,0.5574657917022705,0.5940528512001038,-0.06760101020336151,0.8870320320129395
51,16,0.38097232580184937,0.5985832214355469,-0.49354249238967896,0.9789870381355286
51,17,0.5654662847518921,0.6146268844604492,-0.11802779138088226,0.8384373784065247
51,18,0.38099777698516846,0.6230770349502563,-0.5635486841201782,0.9532273411750793
51,19,0.5592968463897705,0.6147929430007935,-0.1846047043800354,0.8474341630935669
51,20,0.3987433612346649,0.6211205720901489,-0.5941711664199829,0.9521176218986511
51,21,0.5530077815055847,0.6087213158607483,-0.10093510150909424,0.8296388983726501
51,22,0.40343886613845825,0.6131665706634521,-0.5051010251045227,0.9328271746635437
51,23,0.4985327422618866,0.605879008769989,0.14078009128570557,0.9990813136100769
51,24,0.41851532459259033,0.6045551300048828,-0.14087723195552826,0.999504566192627
51,25,0.4886329174041748,0.7131389379501343,0.2532634139060974,0.80604487657547
51,26,0.43188759684562683,0.7167111039161682,-0.08081917464733124,0.9567039608955383
51,27,0.4673202931880951,0.8061321973800659,0.5187167525291443,0.8661150932312012
51,28,0.4322225749492645,0.8174222707748413,0.17762629687786102,0.9406135678291321
51,29,0.447645902633667,0.8160324096679688,0.5339362025260925,0.8423094749450684
51,30,0.4193283021450043,0.8313850164413452,0.18980732560157776,0.8434404730796814
51,31,0.5154047012329102,0.8393179774284363,0.3614639639854431,0.894686758518219
51,32,0.470760315656662,0.8594948649406433,-0.04382352530956268,0.9562796354293823
52,0,0.5023866295814514,0.38873204588890076,-0.4921237528324127,0.9998986721038818
52,1,0.5031753778457642,0.3793926239013672,-0.450289249420166,0.9998008012771606
52,2,0.5063587427139282,0.3796091079711914,-0.45034220814704895,0.9997560381889343
52,3,0.5090434551239014,0.3798125386238098,-0.45032835006713867,0.9997553825378418
52,4,0.4890923500061035,0.3787303566932678,-0.4896281063556671,0.9998390078544617
52,5,0.4810245633125305,0.37845122814178467,-0.48969677090644836,0.999829113483429
52,6,0.47221115231513977,0.37818798422813416,-0.48979517817497253,0.9998564720153809
52,7,0.497896283864975,0.38466334342956543,-0.20653212070465088,0.9992818832397461
52,8,0.44701337814331055,0.3826673924922943,-0.38917219638824463,0.9998886585235596
52,9,0.505504846572876,0.4002756178379059,-0.3978630602359772,0.9998772144317627
52,10,0.48847970366477966,0.40040960907936096,-0.4504806101322174,0.9999460577964783
52,11,0.5308204889297485,0.45046037435531616,0.028974521905183792,0.9998105764389038
52,12,0.3764427602291107,0.4456733167171478,-0.3672773540019989,0.9999605417251587
52,13,0.5527578592300415,0.5283927917480469,0.15234464406967163,0.8084757924079895
52,14,0.34933727979660034,0.5279539227485657,-0.38826873898506165,0.9960190057754517
52,15,0.5599852204322815,0.593489944934845,-0.05316929146647453,0.8822399973869324
52,16,0.3816550374031067,0.5980419516563416,-0.5080263018608093,0.9797975420951843
52,17,0.566508412361145,0.6142916679382324,-0.10096951574087143,0.8317312598228455
52,18,0.3821953237056732,0.6230259537696838,-0.5790418982505798,0.9551128149032593
52,19,0.5608847141265869,0.6145187616348267,-0.16875781118869781,0.8414329290390015
52,20,0.3999643623828888,0.6210078597068787,-0.6084040999412537,0.954042375087738
52,21,0.5552721619606018,0.6086552143096924,-0.08690089732408524,0.8233538866043091
52,22,0.40432319045066833,0.6130849719047546,-0.5190308690071106,0.9352707266807556
52,23,0.49883604049682617,0.6068726778030396,0.1411166936159134,0.9990673661231995
52,24,0.41757524013519287,0.6051087975502014,-0.14120294153690338,0.9995018839836121
52,25,0.4890252947807312,0.714213490486145,0.2521931827068329,0.8129273653030396
52,26,0.4301845133304596,0.7168407440185547,-0.10005524754524231,0.9593058824539185
52,27,0.4673715829849243,0.8076922297477722,0.5563709139823914,0.8722095489501953
52,28,0.4309096336364746,0.8218156099319458,0.14526261389255524,0.9446691870689392
52,29,0.4476671516895294,0.8182563781738281,0.5751615166664124,0.8482221364974976
52,30,0.41847944259643555,0.8373597860336304,0.15607088804244995,0.8442416787147522
52,31,0.5128483772277832,0.8420397639274597,0.40605291724205017,0.9000021815299988
52,32,0.4713803231716156,0.8648847341537476,-0.08032660186290741,0.9580900073051453
53,0,0.5012775659561157,0.3886333107948303,-0.503974974155426,0.9999056458473206
53,1,0.5022733807563782,0.37939944863319397,-0.46192577481269836,0.9998128414154053
53,2,0.5054476261138916,0.37962886691093445,-0.4619789123535156,0.9997708201408386
53,3,0.5081663727760315,0.3798523247241974,-0.4619702696800232,0.999769389629364
53,4,0.4880965054035187,0.37871769070625305,-0.5004478693008423,0.9998490810394287
53,5,0.47983238101005554,0.37844642996788025,-0.5005204677581787,0.999840259552002
53,6,0.47105127573013306,0.37818363308906555,-0.5006004571914673,0.9998645186424255
53,7,0.49709269404411316,0.38473957777023315,-0.21533013880252838,0.999315083026886
53,8,0.445375919342041,0.38263678550720215,-0.39485692977905273,0.9998939037322998
53,9,0.5042787194252014,0.4002082943916321,-0.4086092710494995,0.9998850226402283
53,10,0.4871869385242462,0.4003066122531891,-0.46029341220855713,0.9999492764472961
53,11,0.5299198031425476,0.45038485527038574,0.025813104584813118,0.9998185634613037
53,12,0.3754391670227051,0.4449816644191742,-0.367961585521698,0.9999620914459229
53,13,0.5535369515419006,0.5282758474349976,0.15038833022117615,0.8104527592658997
53,14,0.3504605293273926,0.5280743837356567,-0.3853842318058014,0.9961555600166321
53,15,0.5625805258750916,0.5931074619293213,-0.05777144432067871,0.8863518238067627
53,16,0.3814862072467804,0.5980145335197449,-0.5102055072784424,0.9809471368789673
53,17,0.5711962580680847,0.6140226721763611,-0.10642778873443604,0.836164116859436
53,18,0.3816590905189514,0.6228057146072388,-0.5818139314651489,0.9576810598373413
53,19,0.5657496452331543,0.6139742732048035,-0.1761539727449417,0.8459299802780151
53,20,0.4002015292644501,0.6208497285842896,-0.6145235300064087,0.9566922187805176
53,21,0.5600348114967346,0.6080965995788574,-0.092206671833992,0.8280768990516663
53,22,0.4042838215827942,0.6128889322280884,-0.5226411819458008,0.9388155937194824
53,23,0.49931809306144714,0.6064707040786743,0.14150527119636536,0.9990818500518799
53,24,0.4167526364326477,0.6048032641410828,-0.14158864319324493,0.9995084404945374
53,25,0.48939254879951477,0.7140651345252991,0.25056061148643494,0.8202663660049438
53,26,0.429571270942688,0.7158370614051819,-0.12006884813308716,0.961811900138855
53,27,0.4673718214035034,0.8079892992973328,0.5335075259208679,0.8784534335136414
53,28,0.4303112030029297,0.8215255737304688,0.09616172313690186,0.9485206007957458
53,29,0.44767650961875916,0.8186039924621582,0.5499436855316162,0.8539325594902039
53,30,0.41859355568885803,0.836267352104187,0.10396526008844376,0.8450393080711365
53,31,0.511752724647522,0.8430598378181458,0.38008740544319153,0.9051614999771118
53,32,0.47224193811416626,0.8668085932731628,-0.13255734741687775,0.9599184393882751
54,0,0.4980207681655884,0.3885513246059418,-0.47461220622062683,0.9999110698699951
54,1,0.49980396032333374,0.37956559658050537,-0.4326850473880768,0.9998217821121216
54,2,0.5031455159187317,0.37989193201065063,-0.4327375590801239,0.9997814297676086
54,3,0.5060353875160217,0.3801720440387726,-0.43273040652275085,0.9997792840003967
54,4,0.48489412665367126,0.3785969316959381,-0.4692670702934265,0.9998566508293152
54,5,0.476514995098114,0.37825071811676025,-0.4693160653114319,0.9998486042022705
54,6,0.467690110206604,0.3779292106628418,-0.46938303112983704,0.9998700022697449
54,7,0.4959554970264435,0.3851618468761444,-0.19069385528564453,0.9993358850479126
54,8,0.44300925731658936,0.3826848566532135,-0.3614644706249237,0.9998970031738281
54,9,0.5011752843856812,0.4004289209842682,-0.38140377402305603,0.9998908638954163
54,10,0.4833473563194275,0.40027958154678345,-0.43050113320350647,0.9999514222145081
54,11,0.5279014110565186,0.4503259062767029,0.041477758437395096,0.9998233318328857
54,12,0.3751818835735321,0.4442555904388428,-0.3439674973487854,0.9999628663063049
54,13,0.5539366006851196,0.5281715393066406,0.15956217050552368,0.8092362880706787
54,14,0.3509925305843353,0.5281245708465576,-0.3706126809120178,0.9961599111557007
54,15,0.5640983581542969,0.5928447246551514,-0.04374061897397041,0.8893380761146545
54,16,0.38094112277030945,0.5979883074760437,-0.4982908070087433,0.9816276431083679
54,17,0.5737111568450928,0.6139305233955383,-0.09113287180662155,0.8393896818161011
54,18,0.3803431987762451,0.6226440668106079,-0.5694364905357361,0.9593309760093689
54,19,0.5682986974716187,0.6137462258338928,-0.1608240306377411,0.849197268486023
54,20,0.39967620372772217,0.6206880211830139,-0.6018762588500977,0.9583963751792908
54,21,0.562445878982544,0.607737123966217,-0.07802803069353104,0.8313938975334167
54,22,0.4037243723869324,0.6127557754516602,-0.5108966827392578,0.9411324858665466
54,23,0.49961167573928833,0.6061973571777344,0.14089368283748627,0.9990822076797485
54,24,0.41591984033584595,0.6045724749565125,-0.14097417891025543,0.9995027780532837
54,25,0.48962846398353577,0.7149268984794617,0.2418903112411499,0.8245018720626831
54,26,0.42911186814308167,0.7172296643257141,-0.11595474928617477,0.9632818102836609
54,27,0.46738794445991516,0.8092401623725891,0.5091784000396729,0.8821561336517334
54,28,0.43032434582710266,0.8227099180221558,0.10011560469865799,0.9510623216629028
54,29,0.44767630100250244,0.819793701171875,0.5237700343132019,0.8566592931747437
54,30,0.41857579350471497,0.8369805216789246,0.1080903559923172,0.8417656421661377
54,31,0.5111835598945618,0.843650221824646,0.35615038871765137,0.9082230925559998
54,32,0.47286784648895264,0.8679471015930176,-0.1255321353673935,0.9603842496871948
55,0,0.4960152208805084,0.3882994055747986,-0.49824050068855286,0.9999163746833801
55,1,0.4978310167789459,0.3794441521167755,-0.4566446542739868,0.9998304843902588
55,2,0.5011695027351379,0.37980037927627563,-0.4566848874092102,0.9997918009757996
55,3,0.5040994882583618,0.380096971988678,-0.45667147636413574,0.9997890591621399
55,4,0.48275256156921387,0.37833279371261597,-0.493648499250412,0.9998641014099121
55,5,0.4743709862232208,0.3779035210609436,-0.4937087297439575,0.9998568296432495
55,6,0.46556583046913147,0.37750008702278137,-0.49377351999282837,0.9998754858970642
55,7,0.49436408281326294,0.385053813457489,-0.21378515660762787,0.9993565082550049
55,8,0.4409838318824768,0.3821396231651306,-0.38629022240638733,0.9998999834060669
55,9,0.4991799294948578,0.4001602232456207,-0.40453803539276123,0.9998963475227356
55,10,0.4811932444572449,0.39994412660598755,-0.4542369842529297,0.9999534487724304
55,11,0.5257043838500977,0.4500974118709564,0.02127881534397602,0.9998267292976379
55,12,0.3748825192451477,0.44378170371055603,-0.36220744252204895,0.9999634027481079
55,13,0.5536953806877136,0.5281473398208618,0.14225934445858002,0.8090618848800659
55,14,0.3514104187488556,0.5282594561576843,-0.3841553032398224,0.9961528182029724
55,15,0.5658367872238159,0.5927450656890869,-0.051456209272146225,0.8919199109077454
55,16,0.3812548816204071,0.598037600517273,-0.5046631693840027,0.9821152091026306
55,17,0.5763975977897644,0.6138260364532471,-0.09710770845413208,0.8417699933052063
55,18,0.38130050897598267,0.6225389242172241,-0.5741412043571472,0.9605574607849121
55,19,0.5710756182670593,0.6136660575866699,-0.1655709445476532,0.8517201542854309
55,20,0.40002039074897766,0.6206981539726257,-0.6073446869850159,0.9596787691116333
55,21,0.5646096467971802,0.6075054407119751,-0.0850580483675003,0.8340219855308533
55,22,0.40365058183670044,0.613164484500885,-0.5174620151519775,0.9429173469543457
55,23,0.4998093843460083,0.6058581471443176,0.14040368795394897,0.9990742206573486
55,24,0.4160688519477844,0.6045398116111755,-0.14048677682876587,0.9994904398918152
55,25,0.49041715264320374,0.7145726680755615,0.2415417581796646,0.827224850654602
55,26,0.4291987419128418,0.7169238328933716,-0.11161179840564728,0.9643659591674805
55,27,0.4680628180503845,0.8097828030586243,0.4975894093513489,0.8853316307067871
55,28,0.42988473176956177,0.8229632377624512,0.10652529448270798,0.9532517194747925
55,29,0.4478908181190491,0.8209105730056763,0.510982096195221,0.859312891960144
55,30,0.41808366775512695,0.8369499444961548,0.11445901542901993,0.8385289907455444
55,31,0.5112183094024658,0.8439248204231262,0.34392741322517395,0.9110774397850037
55,32,0.4734726846218109,0.8675974011421204,-0.11882101744413376,0.9607223868370056
56,0,0.49399277567863464,0.3877827525138855,-0.5048949122428894,0.9999205470085144
56,1,0.49571260809898376,0.3790381848812103,-0.46293798089027405,0.9998370409011841
56,2,0.49902406334877014,0.3794129192829132,-0.4629806578159332,0.9997995495796204
56,3,0.5019128322601318,0.37972813844680786,-0.46297597885131836,0.9997963309288025
56,4,0.4809943735599518,0.37797194719314575,-0.5016949772834778,0.9998698830604553
56,5,0.4726601839065552,0.37760645151138306,-0.5017642378807068,0.9998634457588196
56,6,0.46406885981559753,0.3772618770599365,-0.5018337368965149,0.9998796582221985
56,7,0.49227604269981384,0.3848336637020111,-0.21765418350696564,0.9993661642074585
56,8,0.4392523169517517,0.38193970918655396,-0.3968893587589264,0.9999021291732788
56,9,0.4971444010734558,0.39955759048461914,-0.41006171703338623,0.9998999238014221
56,10,0.4794619679450989,0.39939823746681213,-0.46193984150886536,0.9999546408653259
56,11,0.5227442979812622,0.44964200258255005,0.026566743850708008,0.9998272061347961
56,12,0.37524253129959106,0.4432443678379059,-0.36272186040878296,0.9999638795852661
56,13,0.5532962083816528,0.5270369648933411,0.14855115115642548,0.8038545846939087
56,14,0.35168710350990295,0.5283759236335754,-0.39370253682136536,0.9962103366851807
56,15,0.5657525062561035,0.5922121405601501,-0.04396423324942589,0.8913472294807434
56,16,0.38154131174087524,0.5984412431716919,-0.5084737539291382,0.9827300310134888
56,17,0.5767459869384766,0.6129531860351562,-0.0882328525185585,0.8399356007575989
56,18,0.3815237581729889,0.6229438781738281,-0.5769997835159302,0.9619141817092896
56,19,0.5714318752288818,0.6130343079566956,-0.1581859141588211,0.8502975106239319
56,20,0.40023374557495117,0.6216228008270264,-0.60786372423172,0.9610742926597595
56,21,0.5647159218788147,0.6070905923843384,-0.0785239040851593,0.8324270248413086
56,22,0.4038392901420593,0.6143960356712341,-0.520008385181427,0.9447750449180603
56,23,0.4999087154865265,0.6052010655403137,0.1435798853635788,0.9990556836128235
56,24,0.41581979393959045,0.6044690012931824,-0.14367397129535675,0.9994713068008423
56,25,0.4907023012638092,0.7148385047912598,0.24132564663887024,0.8292850852012634
56,26,0.42857131361961365,0.7177079916000366,-0.11757730692625046,0.965297520160675
56,27,0.4701133668422699,0.8111739158630371,0.4860925078392029,0.8878594040870667
56,28,0.42837122082710266,0.824349045753479,0.09729320555925369,0.9552364349365234
56,29,0.44943860173225403,0.8224762082099915,0.4980422854423523,0.8612997531890869
56,30,0.41657429933547974,0.8381640315055847,0.10466407984495163,0.8351882696151733
56,31,0.5117512345314026,0.8444392085075378,0.3273698687553406,0.9134587049484253
56,32,0.4734017252922058,0.8679119944572449,-0.13104502856731415,0.9610839486122131
57,0,0.49239692091941833,0.386976957321167,-0.5137040615081787,0.9999247789382935
57,1,0.4941583275794983,0.37842699885368347,-0.4716133177280426,0.9998442530632019
57,2,0.49757492542266846,0.37885183095932007,-0.47165602445602417,0.9998083114624023
57,3,0.5005251169204712,0.3792228698730469,-0.47165626287460327,0.9998047351837158
57,4,0.4792826771736145,0.37729862332344055,-0.5098831653594971,0.9998757243156433
57,5,0.4708532691001892,0.3769366443157196,-0.509957492351532,0.9998699426651001
57,6,0.4622134864330292,0.37662702798843384,-0.5100295543670654,0.9998839497566223
57,7,0.49102434515953064,0.3845907151699066,-0.22428368031978607,0.9993835687637329
57,8,0.43757545948028564,0.38153576850891113,-0.40247002243995667,0.9999043345451355
57,9,0.49581196904182434,0.39884060621261597,-0.41826677322387695,0.9999038577079773
57,10,0.47777897119522095,0.3985530436038971,-0.4694956839084625,0.9999558925628662
57,11,0.5209778547286987,0.44967398047447205,0.022963499650359154,0.9998267292976379
57,12,0.375024676322937,0.44307589530944824,-0.36511552333831787,0.9999632239341736
57,13,0.5526754856109619,0.5269454717636108,0.1496606469154358,0.8010549545288086
57,14,0.3514430820941925,0.528436541557312,-0.39613842964172363,0.9962140321731567
57,15,0.5656800270080566,0.5921825170516968,-0.03727755695581436,0.8918631076812744
57,16,0.38191652297973633,0.5986742377281189,-0.5122417211532593,0.983109176158905
57,17,0.5763140320777893,0.6124162673950195,-0.08036810159683228,0.8394625782966614
57,18,0.3819419741630554,0.6230875253677368,-0.5815438032150269,0.9627618193626404
57,19,0.5711669325828552,0.6126714944839478,-0.15202060341835022,0.8501574397087097
57,20,0.40042394399642944,0.6219248175621033,-0.6130397319793701,0.9619577527046204
57,21,0.5644581317901611,0.606897234916687,-0.07238170504570007,0.8322319388389587
57,22,0.40392085909843445,0.614768385887146,-0.5243059992790222,0.9460089802742004
57,23,0.4998546540737152,0.6040575504302979,0.14379985630512238,0.9990384578704834
57,24,0.4146128296852112,0.603908360004425,-0.14389044046401978,0.99944669008255
57,25,0.49088045954704285,0.7148087620735168,0.21379439532756805,0.8342363834381104
57,26,0.4269700050354004,0.7177295684814453,-0.12132546305656433,0.9664692878723145
57,27,0.47115805745124817,0.8120244741439819,0.4664662778377533,0.8916763067245483
57,28,0.42772895097732544,0.8252032995223999,0.10206909477710724,0.9575573205947876
57,29,0.45049917697906494,0.8233998417854309,0.47861483693122864,0.8642522096633911
57,30,0.4159192740917206,0.839483916759491,0.11020855605602264,0.8334123492240906
57,31,0.5122005343437195,0.8454481959342957,0.30159804224967957,0.9164049625396729
57,32,0.4728338122367859,0.8674824833869934,-0.132091224193573,0.9619608521461487
58,0,0.491349458694458,0.38659363985061646,-0.5592605471611023,0.999923050403595
58,1,0.49264857172966003,0.37792810797691345,-0.5183966755867004,0.9998372197151184
58,2,0.49598419666290283,0.3783155083656311,-0.5184246301651001,0.9997989535331726
58,3,0.498909592628479,0.3786572515964508,-0.518430769443512,0.9997940063476562
58,4,0.4778687357902527,0.37691599130630493,-0.5591580271720886,0.9998728036880493
58,5,0.46944355964660645,0.37657636404037476,-0.5592684149742126,0.9998681545257568
58,6,0.4607451558113098,0.37628549337387085,-0.5593828558921814,0.9998805522918701
58,7,0.4889411926269531,0.383977472782135,-0.2732901871204376,0.9993311762809753
58,8,0.43588799238204956,0.3810434639453888,-0.4626588523387909,0.9998989105224609
58,9,0.49494683742523193,0.39841073751449585,-0.4639861583709717,0.9998995065689087
58,10,0.4770127534866333,0.39823850989341736,-0.5186536312103271,0.9999538660049438
58,11,0.5202533602714539,0.4496228098869324,-0.02097204513847828,0.9998028874397278
58,12,0.3730502128601074,0.4432894289493561,-0.4318518042564392,0.999961256980896
58,13,0.551271378993988,0.5268896818161011,0.11545354127883911,0.7880035638809204
58,14,0.34915611147880554,0.5289865732192993,-0.4492931067943573,0.9961557388305664
58,15,0.5646806359291077,0.5923264026641846,-0.049619484692811966,0.8795256614685059
58,16,0.3827764391899109,0.5999723076820374,-0.5486215949058533,0.982933521270752
58,17,0.5753798484802246,0.6124702095985413,-0.08140535652637482,0.823261022567749
58,18,0.3838513195514679,0.6248844861984253,-0.6176621913909912,0.9625141620635986
58,19,0.5708736181259155,0.612714409828186,-0.15675804018974304,0.8351316452026367
58,20,0.40219536423683167,0.6234644651412964,-0.6469711065292358,0.9617106914520264
58,21,0.5637760758399963,0.6070059537887573,-0.08555909246206284,0.8172460198402405
58,22,0.40495991706848145,0.6162164211273193,-0.5594303011894226,0.9455485343933105
58,23,0.49993929266929626,0.60356205701828,0.1434335559606552,0.9989873170852661
58,24,0.4145922362804413,0.6038521528244019,-0.14352673292160034,0.9994096159934998
58,25,0.49158555269241333,0.714672327041626,0.21619156002998352,0.8370302319526672
58,26,0.42691609263420105,0.7174185514450073,-0.11139392852783203,0.9675481915473938
58,27,0.4717419147491455,0.8122819066047668,0.499654084444046,0.8946664929389954
58,28,0.42779943346977234,0.8244355320930481,0.1503603309392929,0.9596682190895081
58,29,0.4512636363506317,0.8234311938285828,0.5163063406944275,0.8663846850395203
58,30,0.41609320044517517,0.8385626673698425,0.16237962245941162,0.8326802849769592
58,31,0.5124186277389526,0.8455590009689331,0.3384251594543457,0.918992817401886
58,32,0.4718347191810608,0.8663696050643921,-0.07932355999946594,0.962786078453064
59,0,0.48991721868515015,0.3867296278476715,-0.5342897772789001,0.9999249577522278
59,1,0.4909982979297638,0.3781397342681885,-0.4932411313056946,0.9998395442962646
59,2,0.494204580783844,0.3784776031970978,-0.4932730495929718,0.9998018145561218
59,3,0.49711376428604126,0.37878429889678955,-0.4932682514190674,0.9997965097427368
59,4,0.47643372416496277,0.3771844804286957,-0.5327491164207458,0.9998746514320374
59,5,0.46810653805732727,0.376869261264801,-0.5328318476676941,0.9998704195022583
59,6,0.4595957100391388,0.3765646815299988,-0.532922625541687,0.9998809695243835
59,7,0.4869069457054138,0.38399308919906616,-0.251948744058609,0.999336302280426
59,8,0.4348547160625458,0.3810862898826599,-0.4378212094306946,0.9998977184295654
59,9,0.49345043301582336,0.39850032329559326,-0.4410146474838257,0.9999017119407654
59,10,0.47588208317756653,0.39839157462120056,-0.4941791594028473,0.9999541640281677
59,11,0.5191140174865723,0.4496442675590515,-0.011209365911781788,0.9998037815093994
59,12,0.37194374203681946,0.44344383478164673,-0.4178129732608795,0.9999600052833557
59,13,0.5493171811103821,0.5268519520759583,0.1233525276184082,0.7905188202857971
59,14,0.3491644263267517,0.5297328233718872,-0.434094101190567,0.9961540699005127
59,15,0.5619337558746338,0.5924500226974487,-0.05314167961478233,0.8827831745147705
59,16,0.38310983777046204,0.6006395220756531,-0.5348153710365295,0.9833450317382812
59,17,0.5740175247192383,0.6126965284347534,-0.09300997853279114,0.8264693021774292
59,18,0.3846113383769989,0.6258012056350708,-0.6054086685180664,0.9634187817573547
59,19,0.5672423839569092,0.6130483746528625,-0.16446998715400696,0.8383353352546692
59,20,0.40287691354751587,0.6245247721672058,-0.6355941891670227,0.9626424908638
59,21,0.5595136284828186,0.6075505614280701,-0.08779466152191162,0.8205529451370239
59,22,0.4055350422859192,0.6172019243240356,-0.5464870929718018,0.9468342661857605
59,23,0.49946412444114685,0.6036084890365601,0.14189083874225616,0.9989722371101379
59,24,0.41355928778648376,0.6039937734603882,-0.14198896288871765,0.9993782043457031
59,25,0.4925187826156616,0.7145859003067017,0.2064409703016281,0.8404883742332458
59,26,0.4258383810520172,0.7176240682601929,-0.09807722270488739,0.9679873585700989
59,27,0.4718967080116272,0.8121199607849121,0.4962180554866791,0.896034300327301
59,28,0.4271785020828247,0.8242559432983398,0.17616020143032074,0.960828423500061
59,29,0.45177680253982544,0.8233004808425903,0.5137496590614319,0.8664290308952332
59,30,0.4162364900112152,0.8379527926445007,0.18972742557525635,0.8281269669532776
59,31,0.5123993158340454,0.8454666137695312,0.3344632387161255,0.9201549887657166
59,32,0.46797558665275574,0.8656508326530457,-0.04913713037967682,0.9626644253730774
60,0,0.4886157512664795,0.3866737484931946,-0.5259690284729004,0.9999276399612427
60,1,0.48962652683258057,0.37815946340560913,-0.4837252199649811,0.9998441934585571
60,2,0.4928516745567322,0.37847062945365906,-0.48375409841537476,0.9998071193695068
60,3,0.49579954147338867,0.3787607252597809,-0.48373445868492126,0.9998006820678711
60,4,0.4748828411102295,0.37725114822387695,-0.5218492746353149,0.9998792409896851
60,5,0.4663649797439575,0.376963347196579,-0.5219326615333557,0.999875545501709
60,6,0.4578413963317871,0.37665292620658875,-0.5220097303390503,0.9998847246170044
60,7,0.48522117733955383,0.38397452235221863,-0.24086183309555054,0.9993453621864319
60,8,0.43312233686447144,0.3810660243034363,-0.41895124316215515,0.9999000430107117
60,9,0.492119163274765,0.39850708842277527,-0.4326457679271698,0.9999037981033325
60,10,0.4743935763835907,0.39847618341445923,-0.4838567078113556,0.9999550580978394
60,11,0.5166454315185547,0.4496823847293854,0.000825342838652432,0.9997924566268921
60,12,0.3705710470676422,0.44357427954673767,-0.41098135709762573,0.9999598264694214
60,13,0.5441018342971802,0.5270529389381409,0.12538602948188782,0.7828195691108704
60,14,0.34876057505607605,0.5303188562393188,-0.4329308867454529,0.9961516261100769
60,15,0.5536706447601318,0.5926796793937683,-0.05472096800804138,0.8782072067260742
60,16,0.38327857851982117,0.601179838180542,-0.5288624167442322,0.9835742115974426
60,17,0.5627694725990295,0.6131070852279663,-0.0959705263376236,0.8198156356811523
60,18,0.3855736553668976,0.6265489459037781,-0.5990121960639954,0.9639219641685486
60,19,0.5550012588500977,0.6132522225379944,-0.1639200896024704,0.8320682048797607
60,20,0.4039355516433716,0.624927282333374,-0.625571072101593,0.963155210018158
60,21,0.548426628112793,0.6077281832695007,-0.08808283507823944,0.8138752579689026
60,22,0.40632960200309753,0.6174758672714233,-0.5390371680259705,0.9475479125976562
60,23,0.4978506863117218,0.6036214232444763,0.14218036830425262,0.9989427924156189
60,24,0.41264310479164124,0.6040427088737488,-0.1422889679670334,0.9993653297424316
60,25,0.4926617443561554,0.7145503759384155,0.22171327471733093,0.8411073684692383
60,26,0.4254312813282013,0.7180157899856567,-0.10070821642875671,0.9687070846557617
60,27,0.47185495495796204,0.8119845390319824,0.5025642514228821,0.8972339630126953
60,28,0.4266400635242462,0.8247905969619751,0.14769570529460907,0.9623547792434692
60,29,0.45175936818122864,0.8232535123825073,0.5186985731124878,0.8674582839012146
60,30,0.41595807671546936,0.8384301066398621,0.15843339264392853,0.8272223472595215
60,31,0.5124712586402893,0.8451663851737976,0.3487584590911865,0.9214274287223816
60,32,0.4671534597873688,0.8650901913642883,-0.07763473689556122,0.9631211757659912
61,0,0.4878557324409485,0.38672107458114624,-0.523629903793335,0.9999288320541382
61,1,0.4887312948703766,0.37818992137908936,-0.48174479603767395,0.9998453259468079
61,2,0.4919237792491913,0.3784669041633606,-0.4817741811275482,0.9998082518577576
61,3,0.49491259455680847,0.37873905897140503,-0.4817546308040619,0.9998008012771606
61,4,0.4740384519100189,0.3773350417613983,-0.5191784501075745,0.9998806715011597
61,5,0.4656491279602051,0.37708014249801636,-0.5192572474479675,0.999877393245697
61,6,0.4570578634738922,0.37676888704299927,-0.5193313360214233,0.9998852610588074
61,7,0.4842396080493927,0.383865088224411,-0.23908980190753937,0.9993444681167603
61,8,0.43229782581329346,0.3810964524745941,-0.41381797194480896,0.9998994469642639
61,9,0.49161970615386963,0.3986034095287323,-0.4302757680416107,0.9999043941497803
61,10,0.4737487733364105,0.3985927700996399,-0.48054271936416626,0.9999549388885498
61,11,0.5150454640388489,0.44952860474586487,0.0013889273395761847,0.9997844696044922
61,12,0.36923879384994507,0.4436114430427551,-0.4047611653804779,0.9999595284461975
61,13,0.5391384363174438,0.5270434021949768,0.1252085119485855,0.7787091135978699
61,14,0.3483657240867615,0.5303283929824829,-0.42535001039505005,0.9961534738540649
61,15,0.545449435710907,0.5932192802429199,-0.05759451538324356,0.8758203983306885
61,16,0.38465502858161926,0.6011144518852234,-0.5229045152664185,0.9837898015975952
61,17,0.5528352856636047,0.6135980486869812,-0.09954420477151871,0.8158596754074097
61,18,0.3870043456554413,0.6263623237609863,-0.5933473110198975,0.9644032120704651
61,19,0.5459173917770386,0.6135801076889038,-0.16792359948158264,0.8283477425575256
61,20,0.40528780221939087,0.6247382164001465,-0.6199749708175659,0.9636396765708923
61,21,0.539853572845459,0.6080309748649597,-0.0910516306757927,0.8098457455635071
61,22,0.4077549874782562,0.6174412965774536,-0.5331450700759888,0.9482409954071045
61,23,0.4951009452342987,0.6035931706428528,0.14208269119262695,0.9989266395568848
61,24,0.41067081689834595,0.6040202379226685,-0.1421884298324585,0.9993513822555542
61,25,0.49265962839126587,0.714123547077179,0.2224811315536499,0.8422293663024902
61,26,0.4239920675754547,0.7183283567428589,-0.08542317152023315,0.9692680835723877
61,27,0.4718568027019501,0.8119539022445679,0.502983570098877,0.898267924785614
61,28,0.4259340465068817,0.8249775767326355,0.18192365765571594,0.9635790586471558
61,29,0.45184051990509033,0.823173999786377,0.5189204216003418,0.868381679058075
61,30,0.41566845774650574,0.8384948968887329,0.19518215954303741,0.8255544304847717
61,31,0.5125958919525146,0.8447567224502563,0.3494691848754883,0.9226351380348206
61,32,0.46635785698890686,0.8648381233215332,-0.03815118595957756,0.9633458256721497
62,0,0.4870074689388275,0.38685446977615356,-0.5046682357788086,0.9999282956123352
62,1,0.4878288209438324,0.37830090522766113,-0.46323052048683167,0.9998430609703064
62,2,0.49094030261039734,0.37856465578079224,-0.46326038241386414,0.9998046159744263
62,3,0.4938949644565582,0.3788287043571472,-0.4632302224636078,0.9997953772544861
62,4,0.4733235538005829,0.3774591088294983,-0.5014574527740479,0.9998809099197388
62,5,0.4650382101535797,0.3772098124027252,-0.50152987241745,0.9998779892921448
62,6,0.45648688077926636,0.37689799070358276,-0.5016047358512878,0.9998849034309387
62,7,0.4830540120601654,0.3839368224143982,-0.2238517552614212,0.9993208050727844
62,8,0.43167275190353394,0.3812039792537689,-0.4015437364578247,0.9998984336853027
62,9,0.49052247405052185,0.3987371325492859,-0.41239896416664124,0.999901294708252
62,10,0.4729235768318176,0.398731529712677,-0.4635586738586426,0.9999538064002991
62,11,0.512944221496582,0.4495428204536438,0.015829524025321007,0.9997608065605164
62,12,0.3682698905467987,0.44369572401046753,-0.3989756405353546,0.9999598264694214
62,13,0.5344035625457764,0.5269753336906433,0.13371343910694122,0.7609702348709106
62,14,0.347212553024292,0.5304345488548279,-0.4238168001174927,0.9961188435554504
62,15,0.5381004214286804,0.593435525894165,-0.04106282442808151,0.8623864054679871
62,16,0.3846991956233978,0.6010124683380127,-0.5136964321136475,0.9837462306022644
62,17,0.5452388525009155,0.6137003898620605,-0.08057932555675507,0.7999049425125122
62,18,0.3871849477291107,0.6263188719749451,-0.5817787051200867,0.9643841981887817
62,19,0.5397030711174011,0.6136261820793152,-0.14449232816696167,0.8129147291183472
62,20,0.4054736793041229,0.6246440410614014,-0.6062036156654358,0.963596522808075
62,21,0.5334587693214417,0.6082141399383545,-0.07275654375553131,0.7940295934677124
62,22,0.4079873263835907,0.6173033118247986,-0.522818386554718,0.9481732249259949
62,23,0.49219954013824463,0.6039320230484009,0.14433640241622925,0.9988989233970642
62,24,0.4093952178955078,0.6047144532203674,-0.14447765052318573,0.9993464946746826
62,25,0.4921838939189911,0.714400589466095,0.261192262172699,0.8415834903717041
62,26,0.4232628345489502,0.7196380496025085,-0.08071012794971466,0.9700940251350403
62,27,0.4723983705043793,0.8117063641548157,0.5280947089195251,0.8995275497436523
62,28,0.4259209930896759,0.8251827955245972,0.16892243921756744,0.9649075269699097
62,29,0.45279455184936523,0.82294762134552,0.5431172847747803,0.8696761131286621
62,30,0.41575419902801514,0.8385529518127441,0.18058571219444275,0.825497031211853
62,31,0.5137404799461365,0.8446070551872253,0.38189786672592163,0.9241766929626465
62,32,0.46643325686454773,0.8646858930587769,-0.047551319003105164,0.9639235734939575
63,0,0.4857299029827118,0.3868664503097534,-0.5349826216697693,0.9999303817749023
63,1,0.4863969683647156,0.37826284766197205,-0.49487054347991943,0.9998461604118347
63,2,0.4894522428512573,0.37849852442741394,-0.4948970377445221,0.9998087286949158
63,3,0.4923064410686493,0.37873947620391846,-0.49488145112991333,0.9997992515563965
63,4,0.4719986319541931,0.3774845004081726,-0.5349650979042053,0.9998840689659119
63,5,0.4636904299259186,0.3772631883621216,-0.5350693464279175,0.9998815655708313
63,6,0.45523279905319214,0.3769589960575104,-0.5351526737213135,0.9998874664306641
63,7,0.4815470278263092,0.3838919997215271,-0.2567547857761383,0.9993287324905396
63,8,0.43037906289100647,0.3812621831893921,-0.4426838457584381,0.9998993277549744
63,9,0.48906323313713074,0.3987874686717987,-0.4427848756313324,0.9999027252197266
63,10,0.4718082547187805,0.3988294005393982,-0.496550589799881,0.999954342842102
63,11,0.5123584866523743,0.449554443359375,-0.014833178371191025,0.9997604489326477
63,12,0.3645118772983551,0.4444923996925354,-0.42606472969055176,0.9999599456787109
63,13,0.5338200330734253,0.5269607901573181,0.1049855574965477,0.7646424770355225
63,14,0.3447261154651642,0.5305851697921753,-0.44556158781051636,0.9962134957313538
63,15,0.5385960936546326,0.5934573411941528,-0.072038933634758,0.8644103407859802
63,16,0.38516318798065186,0.6009353995323181,-0.540471076965332,0.9842443466186523
63,17,0.5456000566482544,0.614024817943573,-0.11529397964477539,0.800979495048523
63,18,0.38776880502700806,0.6261851787567139,-0.6110566258430481,0.965393602848053
63,19,0.5372721552848816,0.6138674020767212,-0.17934757471084595,0.814048171043396
63,20,0.40607109665870667,0.6245170831680298,-0.6366187334060669,0.9646244645118713
63,21,0.530358612537384,0.6085800528526306,-0.10338295996189117,0.7949573993682861
63,22,0.40843555331230164,0.6171834468841553,-0.5496804714202881,0.9494655728340149
63,23,0.4898686408996582,0.6039235591888428,0.14428341388702393,0.9988897442817688
63,24,0.40644553303718567,0.6047701835632324,-0.14442351460456848,0.999351441860199
63,25,0.490944504737854,0.7146593332290649,0.2623337507247925,0.8430750370025635
63,26,0.42238348722457886,0.7204098701477051,-0.08769749104976654,0.9710183143615723
63,27,0.4739373028278351,0.8115285038948059,0.5283520817756653,0.9012451767921448
63,28,0.42596012353897095,0.825390636920929,0.14405085146427155,0.9663203358650208
63,29,0.45504480600357056,0.8227758407592773,0.5428614020347595,0.8709251880645752
63,30,0.41636866331100464,0.8386472463607788,0.1518132984638214,0.8260540962219238
63,31,0.5142949819564819,0.8444656133651733,0.37668731808662415,0.9256909489631653
63,32,0.46662217378616333,0.8650736808776855,-0.08133942633867264,0.9645923376083374
64,0,0.4840813875198364,0.38690704107284546,-0.47628846764564514,0.9999326467514038
64,1,0.4845767021179199,0.3782697319984436,-0.43507859110832214,0.9998500943183899
64,2,0.4876304268836975,0.3784961998462677,-0.43511444330215454,0.9998133182525635
64,3,0.49043983221054077,0.37872397899627686,-0.435080885887146,0.9998036026954651
64,4,0.47043120861053467,0.3774941563606262,-0.4768472909927368,0.9998880624771118
64,5,0.46213752031326294,0.37727850675582886,-0.4769076406955719,0.9998857378959656
64,6,0.4537658393383026,0.37697166204452515,-0.4769691824913025,0.9998907446861267
64,7,0.4796231985092163,0.3838205337524414,-0.2002440094947815,0.9993379712104797
64,8,0.42863643169403076,0.3812110424041748,-0.39451828598976135,0.9999017119407654
64,9,0.4875408709049225,0.3988415598869324,-0.3856111764907837,0.9999051094055176
64,10,0.47029706835746765,0.39888980984687805,-0.44146648049354553,0.9999555349349976
64,11,0.5090958476066589,0.4496898055076599,0.034243348985910416,0.9997642040252686
64,12,0.3617970049381256,0.445232629776001,-0.40208134055137634,0.9999613761901855
64,13,0.532124936580658,0.5268319845199585,0.15101228654384613,0.7625714540481567
64,14,0.3419483006000519,0.5306063890457153,-0.43905335664749146,0.9962852597236633
64,15,0.5372615456581116,0.5933701395988464,-0.03225017338991165,0.8641612529754639
64,16,0.3855324983596802,0.6001001596450806,-0.5288414359092712,0.9847366213798523
64,17,0.5448165535926819,0.6140099763870239,-0.07565344870090485,0.8001832365989685
64,18,0.38940009474754333,0.6256068348884583,-0.6002740859985352,0.9664959907531738
64,19,0.5369232296943665,0.6138067245483398,-0.13833634555339813,0.8132279515266418
64,20,0.4073687791824341,0.6241136193275452,-0.6232476830482483,0.9657212495803833
64,21,0.529521107673645,0.6085206270217896,-0.06347063183784485,0.7937254309654236
64,22,0.40956199169158936,0.6165654063224792,-0.536859393119812,0.9507769346237183
64,23,0.4876624345779419,0.6044861078262329,0.14795759320259094,0.9989022016525269
64,24,0.4055503308773041,0.6055611968040466,-0.14811716973781586,0.9993640184402466
64,25,0.48865950107574463,0.715742290019989,0.2808019518852234,0.843349277973175
64,26,0.42165055871009827,0.7221454381942749,-0.09091262519359589,0.9719008207321167
64,27,0.47401702404022217,0.8117347955703735,0.5491218566894531,0.9027085900306702
64,28,0.4260213077068329,0.8257626295089722,0.13023479282855988,0.967507004737854
64,29,0.45519036054611206,0.823093056678772,0.5644188523292542,0.8729909062385559
64,30,0.4162498414516449,0.8395058512687683,0.13823479413986206,0.8271042704582214
64,31,0.5163253545761108,0.8443522453308105,0.40597450733184814,0.9273263216018677
64,32,0.46758273243904114,0.8651577234268188,-0.08668394386768341,0.9652231335639954
65,0,0.48264262080192566,0.38693514466285706,-0.4688604474067688,0.9999324083328247
65,1,0.4831671118736267,0.3782883882522583,-0.4279519021511078,0.9998476505279541
65,2,0.4862796366214752,0.37852293252944946,-0.4279850721359253,0.9998096823692322
65,3,0.48910510540008545,0.37875232100486755,-0.4279495179653168,0.9997997283935547
65,4,0.4689257740974426,0.37752512097358704,-0.47074562311172485,0.9998877048492432
65,5,0.46071916818618774,0.37733256816864014,-0.47081124782562256,0.9998854994773865
65,6,0.4524039924144745,0.3770260512828827,-0.47089439630508423,0.9998897314071655
65,7,0.4778822660446167,0.3838682770729065,-0.19195066392421722,0.9993135333061218
65,8,0.42744362354278564,0.38124725222587585,-0.3906572163105011,0.9998994469642639
65,9,0.48623594641685486,0.3988872170448303,-0.37729722261428833,0.9999033808708191
65,10,0.46873390674591064,0.3989335000514984,-0.4345804452896118,0.9999547004699707
65,11,0.5073219537734985,0.44989973306655884,0.04752780497074127,0.9997629523277283
65,12,0.36149975657463074,0.44525855779647827,-0.4000307619571686,0.999962329864502
65,13,0.5303393006324768,0.5268215537071228,0.16664551198482513,0.7583772540092468
65,14,0.3418130576610565,0.5312567949295044,-0.4344542920589447,0.9963485598564148
65,15,0.536801815032959,0.5933957099914551,-0.01641704887151718,0.863878607749939
65,16,0.38641008734703064,0.6000887751579285,-0.5287821292877197,0.9853007197380066
65,17,0.5446459650993347,0.614135205745697,-0.05823495611548424,0.7994328141212463
65,18,0.3902052044868469,0.6255514621734619,-0.5999306440353394,0.9677450656890869
65,19,0.537717342376709,0.6138889193534851,-0.12364844977855682,0.8126136660575867
65,20,0.40858858823776245,0.6240566968917847,-0.6232210993766785,0.9669768810272217
65,21,0.5307477712631226,0.6085237264633179,-0.048863690346479416,0.7927670478820801
65,22,0.411019891500473,0.616484522819519,-0.5366149544715881,0.9523111581802368
65,23,0.48775795102119446,0.6049094200134277,0.15102630853652954,0.9989059567451477
65,24,0.40535879135131836,0.606368362903595,-0.1511722058057785,0.9993667006492615
65,25,0.48827213048934937,0.7161524295806885,0.2757379412651062,0.8432655930519104
65,26,0.42045754194259644,0.7223700881004333,-0.09252041578292847,0.972550094127655
65,27,0.4741370677947998,0.8121014833450317,0.5426297783851624,0.9033898711204529
65,28,0.42552638053894043,0.8259316682815552,0.1425713449716568,0.9685994386672974
65,29,0.4552493691444397,0.8233975172042847,0.5576596856117249,0.8746960759162903
65,30,0.4158390164375305,0.839697539806366,0.15289290249347687,0.8286163210868835
65,31,0.5167986154556274,0.844528317451477,0.3961576223373413,0.9286683201789856
65,32,0.46770888566970825,0.865334689617157,-0.07290315628051758,0.9659174680709839
66,0,0.4821440279483795,0.38755807280540466,-0.48173242807388306,0.9999319911003113
66,1,0.4827803671360016,0.37883609533309937,-0.4403218626976013,0.999845027923584
66,2,0.48587659001350403,0.37905287742614746,-0.4403584897518158,0.9998058080673218
66,3,0.4887089729309082,0.3793162703514099,-0.4403311014175415,0.9997951984405518
66,4,0.468373566865921,0.3780137300491333,-0.48202815651893616,0.9998862147331238
66,5,0.46038997173309326,0.3777977526187897,-0.4820968210697174,0.9998842477798462
66,6,0.45178502798080444,0.3774140775203705,-0.4821787178516388,0.9998877644538879
66,7,0.476753830909729,0.38422277569770813,-0.1986543834209442,0.9992896318435669
66,8,0.4264454245567322,0.3813138008117676,-0.3938378095626831,0.9998972415924072
66,9,0.4855022430419922,0.3994668126106262,-0.3880773186683655,0.9999016523361206
66,10,0.46762537956237793,0.39937278628349304,-0.44408413767814636,0.9999539256095886
66,11,0.5047264695167542,0.4503544270992279,0.04525471106171608,0.9997588396072388
66,12,0.36065664887428284,0.44525861740112305,-0.39425069093704224,0.9999626278877258
66,13,0.5273234248161316,0.5270086526870728,0.16772690415382385,0.7538172602653503
66,14,0.3414675295352936,0.5313052535057068,-0.4231569468975067,0.9964234232902527
66,15,0.5368430018424988,0.5934183597564697,-0.020580608397722244,0.8622599244117737
66,16,0.38746213912963867,0.5999633073806763,-0.5222940444946289,0.9858622550964355
66,17,0.5452142357826233,0.6143714189529419,-0.0630633607506752,0.7969228625297546
66,18,0.3908950388431549,0.6252908110618591,-0.5945972204208374,0.9689319729804993
66,19,0.5386552214622498,0.614281415939331,-0.13016241788864136,0.8103288412094116
66,20,0.40959250926971436,0.6240036487579346,-0.6191327571868896,0.9681794047355652
66,21,0.531654417514801,0.6087859272956848,-0.053928013890981674,0.7903625965118408
66,22,0.41207531094551086,0.6164270043373108,-0.5308659672737122,0.9538576602935791
66,23,0.4866836667060852,0.6049660444259644,0.1503894031047821,0.9988958835601807
66,24,0.4039022624492645,0.6064503192901611,-0.1505267173051834,0.9993454813957214
66,25,0.4877368211746216,0.7163910269737244,0.2407236546278,0.8441330194473267
66,26,0.41915589570999146,0.722348690032959,-0.09251170605421066,0.9727216362953186
66,27,0.47411447763442993,0.8127766847610474,0.5093386769294739,0.9035081267356873
66,28,0.4242730140686035,0.826175332069397,0.173090398311615,0.9691882729530334
66,29,0.45522618293762207,0.824048638343811,0.5241908431053162,0.8750556111335754
66,30,0.41494670510292053,0.8397194743156433,0.1864774525165558,0.8269755840301514
66,31,0.516537606716156,0.8451492190361023,0.3538494110107422,0.9293971657752991
66,32,0.467525452375412,0.8654416799545288,-0.04744676873087883,0.9660446643829346
67,0,0.48125284910202026,0.38865089416503906,-0.472782164812088,0.9999310970306396
67,1,0.48159489035606384,0.37943074107170105,-0.4317361116409302,0.9998410940170288
67,2,0.48459744453430176,0.3795836865901947,-0.43177521228790283,0.9998003244400024
67,3,0.48735982179641724,0.37982553243637085,-0.43174684047698975,0.9997891187667847
67,4,0.4672847390174866,0.37874144315719604,-0.47427868843078613,0.9998840689659119
67,5,0.4593907594680786,0.3785887062549591,-0.4743373394012451,0.9998822212219238
67,6,0.45049193501472473,0.3782084584236145,-0.47441402077674866,0.999884843826294
67,7,0.4743598997592926,0.3845631182193756,-0.192546546459198,0.9992611408233643
67,8,0.42473775148391724,0.3816803991794586,-0.3903246521949768,0.9998942017555237
67,9,0.4843682646751404,0.4005829691886902,-0.37970882654190063,0.9998992681503296
67,10,0.46634429693222046,0.40037021040916443,-0.4367027282714844,0.9999527931213379
67,11,0.5005630254745483,0.45042699575424194,0.05036652460694313,0.9997575879096985
67,12,0.3601718842983246,0.44557100534439087,-0.3911118507385254,0.9999628663063049
67,13,0.5241749882698059,0.5269358158111572,0.17239902913570404,0.7504631876945496
67,14,0.34021899104118347,0.5318213105201721,-0.42025166749954224,0.9964770674705505
67,15,0.5369139909744263,0.593389630317688,-0.01380782388150692,0.8637739419937134
67,16,0.38856855034828186,0.6000478863716125,-0.5189703106880188,0.9863741993904114
67,17,0.5457909107208252,0.6143380403518677,-0.05600079521536827,0.7987345457077026
67,18,0.39206287264823914,0.6252502799034119,-0.590989887714386,0.9700562953948975
67,19,0.5392334461212158,0.6143075227737427,-0.12229593098163605,0.8120784759521484
67,20,0.4103795886039734,0.623964250087738,-0.6155086755752563,0.9693097472190857
67,21,0.5320650935173035,0.6087847948074341,-0.046747006475925446,0.7919523119926453
67,22,0.41281017661094666,0.6164066195487976,-0.5275435447692871,0.9553225040435791
67,23,0.48546499013900757,0.6052815318107605,0.15166765451431274,0.9988833069801331
67,24,0.4034941792488098,0.607535719871521,-0.15180614590644836,0.9993255734443665
67,25,0.487602561712265,0.7163744568824768,0.24498748779296875,0.8433944582939148
67,26,0.4184374213218689,0.722632646560669,-0.08569327741861343,0.9729046821594238
67,27,0.47410261631011963,0.8132532238960266,0.5099188089370728,0.9029299020767212
67,28,0.4236936867237091,0.8264341354370117,0.17681653797626495,0.9696698188781738
67,29,0.45503947138786316,0.8244888186454773,0.5247018933296204,0.8753957748413086
67,30,0.41420814394950867,0.8397014737129211,0.18995225429534912,0.8263842463493347
67,31,0.516537606716156,0.8451727032661438,0.35790008306503296,0.9298276305198669
67,32,0.46751272678375244,0.8653889894485474,-0.035406745970249176,0.9660897850990295
68,0,0.4808397591114044,0.3894740343093872,-0.4708063006401062,0.9999220967292786
68,1,0.48128366470336914,0.3800387382507324,-0.4310285449028015,0.999816358089447
68,2,0.4843013286590576,0.3801747262477875,-0.43108266592025757,0.9997706413269043
68,3,0.48703497648239136,0.3804113268852234,-0.43106523156166077,0.9997595548629761
68,4,0.46693503856658936,0.3795040547847748,-0.4751252830028534,0.9998654127120972
68,5,0.4591699242591858,0.3793860375881195,-0.47518640756607056,0.9998639225959778
68,6,0.4500271677970886,0.3790980577468872,-0.4752841889858246,0.9998644590377808
68,7,0.47325295209884644,0.38504698872566223,-0.19566676020622253,0.9991549253463745
68,8,0.4240545928478241,0.3821231424808502,-0.3914269208908081,0.9998735189437866
68,9,0.48351770639419556,0.4012667238712311,-0.37875062227249146,0.9998883008956909
68,10,0.46566107869148254,0.40099555253982544,-0.43761634826660156,0.9999462962150574
68,11,0.5002737045288086,0.4510138928890228,0.04557925462722778,0.9997550249099731
68,12,0.3575921654701233,0.4458714425563812,-0.3981288969516754,0.9999616146087646
68,13,0.5236325860023499,0.5272166132926941,0.16792666912078857,0.7491465210914612
68,14,0.3409295678138733,0.5335162878036499,-0.4238087832927704,0.9964057803153992
68,15,0.5372399091720581,0.5937706232070923,-0.019075464457273483,0.8639383316040039
68,16,0.3910007178783417,0.6010902523994446,-0.5202266573905945,0.9865673184394836
68,17,0.5462124943733215,0.6148396134376526,-0.06196404993534088,0.7988120913505554
68,18,0.39525341987609863,0.6259163618087769,-0.5930708646774292,0.9706346988677979
68,19,0.5396735072135925,0.6149469614028931,-0.12828859686851501,0.8123378753662109
68,20,0.41294097900390625,0.6248346567153931,-0.6196969151496887,0.9698957800865173
68,21,0.5325310826301575,0.6094025373458862,-0.05206647515296936,0.7922426462173462
68,22,0.4152902364730835,0.6171841025352478,-0.5294510126113892,0.9559580087661743
68,23,0.4850548207759857,0.6056557893753052,0.15278972685337067,0.9988553524017334
68,24,0.4015207886695862,0.6078380942344666,-0.15291208028793335,0.9992812871932983
68,25,0.4876680076122284,0.7167307734489441,0.24499131739139557,0.8411029577255249
68,26,0.4179150462150574,0.7227582335472107,-0.08583332598209381,0.9722656607627869
68,27,0.4738878905773163,0.8135854601860046,0.5162972211837769,0.9006331562995911
68,28,0.4223635792732239,0.8268017768859863,0.1885397583246231,0.969428300857544
68,29,0.4542277753353119,0.8247243165969849,0.5322489142417908,0.8739136457443237
68,30,0.41309213638305664,0.8399736285209656,0.20285195112228394,0.8239926695823669
68,31,0.5164372324943542,0.8456441760063171,0.36750122904777527,0.929144024848938
68,32,0.4659516513347626,0.8655552864074707,-0.025256985798478127,0.9654757976531982
69,0,0.4803779125213623,0.390494704246521,-0.47940877079963684,0.999920129776001
69,1,0.4807852804660797,0.38062524795532227,-0.44054651260375977,0.9998087882995605
69,2,0.4838118553161621,0.3807527422904968,-0.4405771493911743,0.999760091304779
69,3,0.48649927973747253,0.3809705674648285,-0.4405311048030853,0.9997469782829285
69,4,0.4663761556148529,0.3801368176937103,-0.4880274832248688,0.9998621344566345
69,5,0.4586889445781708,0.37999844551086426,-0.4880996644496918,0.9998611211776733
69,6,0.44939520955085754,0.3797527551651001,-0.48820337653160095,0.9998610615730286
69,7,0.47200703620910645,0.3855242431163788,-0.2079159915447235,0.9990979433059692
69,8,0.4232080280780792,0.3826636075973511,-0.41691380739212036,0.9998694062232971
69,9,0.48296689987182617,0.4021996855735779,-0.38768714666366577,0.9998810887336731
69,10,0.46488308906555176,0.4017740786075592,-0.4508213400840759,0.999943733215332
69,11,0.49767959117889404,0.45242851972579956,0.040291499346494675,0.9997352361679077
69,12,0.35552504658699036,0.44686880707740784,-0.4253201484680176,0.9999615550041199
69,13,0.5196203589439392,0.5290185213088989,0.1639135628938675,0.7335339188575745
69,14,0.3418188691139221,0.5369293093681335,-0.4533829092979431,0.9964008331298828
69,15,0.5375450849533081,0.5959002375602722,-0.013074745424091816,0.8536416888237
69,16,0.3935115933418274,0.605461835861206,-0.5361248850822449,0.9867234826087952
69,17,0.5465148091316223,0.6164378523826599,-0.04974573850631714,0.7868884205818176
69,18,0.3990773856639862,0.6287506818771362,-0.6060582995414734,0.9710102677345276
69,19,0.5398494005203247,0.616585373878479,-0.11383219808340073,0.801084578037262
69,20,0.4161081612110138,0.6279977560043335,-0.6302569508552551,0.9702773094177246
69,21,0.5330770015716553,0.6111884117126465,-0.04513974115252495,0.7811093330383301
69,22,0.41829752922058105,0.6205587983131409,-0.5441203713417053,0.9563695788383484
69,23,0.4844484031200409,0.6069229245185852,0.15357984602451324,0.998843789100647
69,24,0.4004437327384949,0.6089555025100708,-0.15372556447982788,0.9992650747299194
69,25,0.48806673288345337,0.716703474521637,0.25099918246269226,0.8376961350440979
69,26,0.417978972196579,0.7231903672218323,-0.07527505606412888,0.971780002117157
69,27,0.4738883972167969,0.8139662742614746,0.5231362581253052,0.8995423316955566
69,28,0.42246246337890625,0.826759934425354,0.20670540630817413,0.9696879982948303
69,29,0.45410647988319397,0.8252378702163696,0.5391627550125122,0.8736090064048767
69,30,0.4130709767341614,0.8399245142936707,0.22162622213363647,0.8243691921234131
69,31,0.5164286494255066,0.8457260131835938,0.3793727159500122,0.9293997883796692
69,32,0.465935081243515,0.8654864430427551,-0.0012835124507546425,0.9656068682670593
70,0,0.48038023710250854,0.3918819725513458,-0.5056928396224976,0.9999157786369324
70,1,0.48088815808296204,0.3816826343536377,-0.4671534597873688,0.9997945427894592
70,2,0.4839016795158386,0.3818211257457733,-0.4671962857246399,0.999743640422821
70,3,0.48652660846710205,0.38208478689193726,-0.4671715497970581,0.9997296929359436
70,4,0.46645596623420715,0.38122594356536865,-0.5143763422966003,0.9998521208763123
70,5,0.4587942659854889,0.3811120390892029,-0.5144574046134949,0.999851405620575
70,6,0.4495968818664551,0.38099405169487,-0.5145730972290039,0.9998494386672974
70,7,0.47219958901405334,0.3866487145423889,-0.22960467636585236,0.9990301728248596
70,8,0.4234650135040283,0.3836511969566345,-0.4433143138885498,0.9998563528060913
70,9,0.4826318919658661,0.4033263325691223,-0.41151270270347595,0.9998717904090881
70,10,0.4645176827907562,0.4029309153556824,-0.4746930003166199,0.99993896484375
70,11,0.49882587790489197,0.45258665084838867,0.021591223776340485,0.9997372031211853
70,12,0.35435062646865845,0.4474779963493347,-0.43660345673561096,0.999960720539093
70,13,0.5199468731880188,0.5289775133132935,0.15592080354690552,0.7362133264541626
70,14,0.34181973338127136,0.5386605858802795,-0.45777592062950134,0.9964358806610107
70,15,0.5380715131759644,0.5957905650138855,-0.014530828222632408,0.8581303954124451
70,16,0.39420652389526367,0.6072539687156677,-0.5446710586547852,0.987087607383728
70,17,0.5488079190254211,0.6163339614868164,-0.051112476736307144,0.7923781871795654
70,18,0.40092721581459045,0.6309658288955688,-0.6149214506149292,0.9718358516693115
70,19,0.5412596464157104,0.6164743304252625,-0.12138120085000992,0.8065622448921204
70,20,0.41772881150245667,0.6293814182281494,-0.6448497176170349,0.971145749092102
70,21,0.5344058275222778,0.6110841631889343,-0.04854464903473854,0.7868524193763733
70,22,0.41955262422561646,0.622011661529541,-0.5551011562347412,0.9575124979019165
70,23,0.48459142446517944,0.6076857447624207,0.15355464816093445,0.9988211393356323
70,24,0.3999210298061371,0.610470175743103,-0.1536833494901657,0.9992464780807495
70,25,0.4892662763595581,0.7174075841903687,0.2622987627983093,0.8386416435241699
70,26,0.41808387637138367,0.723561704158783,-0.07687164843082428,0.9720989465713501
70,27,0.47408196330070496,0.8142286539077759,0.5315853357315063,0.9001432657241821
70,28,0.4228661060333252,0.8273649215698242,0.19314001500606537,0.9703475832939148
70,29,0.45409443974494934,0.8254204988479614,0.5468357801437378,0.8748102784156799
70,30,0.41380971670150757,0.8405759930610657,0.20512233674526215,0.82603520154953
70,31,0.5165647864341736,0.8459181785583496,0.38597407937049866,0.9302381277084351
70,32,0.465999573469162,0.865990161895752,-0.017344729974865913,0.9660206437110901
71,0,0.48052656650543213,0.392859548330307,-0.5381231307983398,0.9999138116836548
71,1,0.48110657930374146,0.3824921250343323,-0.5004703402519226,0.9997872114181519
71,2,0.4839906394481659,0.38263630867004395,-0.5005102753639221,0.9997349381446838
71,3,0.48660972714424133,0.382934033870697,-0.5005074739456177,0.9997198581695557
71,4,0.466782808303833,0.38192394375801086,-0.5435701012611389,0.9998442530632019
71,5,0.45921066403388977,0.38175708055496216,-0.5436452627182007,0.9998434782028198
71,6,0.4501931369304657,0.3816295862197876,-0.5437535047531128,0.9998403787612915
71,7,0.47256529331207275,0.38732701539993286,-0.25973981618881226,0.9990038871765137
71,8,0.4243401885032654,0.3840937614440918,-0.45988646149635315,0.9998452067375183
71,9,0.48277851939201355,0.4040605127811432,-0.4426782727241516,0.9998679757118225
71,10,0.46468544006347656,0.40376216173171997,-0.5008338689804077,0.9999368190765381
71,11,0.4995717704296112,0.4527958035469055,-0.013914533890783787,0.9997427463531494
71,12,0.3534976840019226,0.447503000497818,-0.4332990348339081,0.9999590516090393
71,13,0.5199647545814514,0.5295041799545288,0.12751156091690063,0.7411556243896484
71,14,0.34150660037994385,0.5387111902236938,-0.45065078139305115,0.9964678287506104
71,15,0.5403718948364258,0.5956895351409912,-0.04825029894709587,0.8630844354629517
71,16,0.39610880613327026,0.6066849827766418,-0.5456494092941284,0.9874430298805237
71,17,0.5535474419593811,0.6162735223770142,-0.09140174835920334,0.7983008027076721
71,18,0.4031398892402649,0.6305217146873474,-0.6160429120063782,0.9726084470748901
71,19,0.545397162437439,0.6163659691810608,-0.1625349223613739,0.812355637550354
71,20,0.4196702837944031,0.6290186047554016,-0.6495829820632935,0.9719590544700623
71,21,0.5379428267478943,0.6110436320304871,-0.08289703726768494,0.7929672002792358
71,22,0.42124781012535095,0.6216301918029785,-0.5578033328056335,0.9586417078971863
71,23,0.48382386565208435,0.6078489422798157,0.14102952182292938,0.9988457560539246
71,24,0.39593252539634705,0.6103750467300415,-0.1411004215478897,0.999235212802887
71,25,0.49191203713417053,0.7174744606018066,0.19389359652996063,0.84405517578125
71,26,0.4151679575443268,0.7234684228897095,-0.07881686091423035,0.9720093011856079
71,27,0.47530072927474976,0.8143037557601929,0.512133777141571,0.9018272757530212
71,28,0.4216979146003723,0.8271499872207642,0.2296912968158722,0.9707539677619934
71,29,0.45468422770500183,0.8255487680435181,0.5316954851150513,0.8759320378303528
71,30,0.4138106405735016,0.8401111364364624,0.24723052978515625,0.8257227540016174
71,31,0.5162369608879089,0.8468487858772278,0.35702943801879883,0.9313432574272156
71,32,0.4613451659679413,0.8651841878890991,0.011521857231855392,0.966293454170227
72,0,0.4811828136444092,0.39503270387649536,-0.5302551984786987,0.9999111890792847
72,1,0.4824519753456116,0.3844892382621765,-0.49809396266937256,0.9997774362564087
72,2,0.485329270362854,0.3848060369491577,-0.49813729524612427,0.9997225999832153
72,3,0.48784494400024414,0.38520416617393494,-0.4981516897678375,0.9997043013572693
72,4,0.46818292140960693,0.3834966719150543,-0.5324298143386841,0.9998337626457214
72,5,0.4605001211166382,0.38311341404914856,-0.5323962569236755,0.9998326301574707
72,6,0.45181596279144287,0.38292187452316284,-0.5324814915657043,0.9998278021812439
72,7,0.47347769141197205,0.3892017602920532,-0.24970793724060059,0.9989863038063049
72,8,0.4264562427997589,0.3850760757923126,-0.4316762387752533,0.9998319745063782
72,9,0.4828902781009674,0.4060344696044922,-0.4393703043460846,0.9998666644096375
72,10,0.4648304283618927,0.40576356649398804,-0.48499706387519836,0.9999359250068665
72,11,0.5000545382499695,0.45315369963645935,-0.014225821010768414,0.9997522234916687
72,12,0.3531753122806549,0.447502464056015,-0.3881838619709015,0.9999576807022095
72,13,0.5195778012275696,0.529615581035614,0.12219560146331787,0.7487562894821167
72,14,0.34097108244895935,0.5384849905967712,-0.40464550256729126,0.9963221549987793
72,15,0.5443316698074341,0.5956460237503052,-0.05626760050654411,0.8696637153625488
72,16,0.3960123360157013,0.6062105298042297,-0.5208345055580139,0.9874027967453003
72,17,0.5574905872344971,0.6159130930900574,-0.1024937853217125,0.8073440790176392
72,18,0.4044583737850189,0.6300996541976929,-0.5900289416313171,0.9728240966796875
72,19,0.5487377643585205,0.615787923336029,-0.17141112685203552,0.8207626342773438
72,20,0.420697957277298,0.6279340386390686,-0.6284840703010559,0.9721927046775818
72,21,0.5414913892745972,0.610776424407959,-0.08980678021907806,0.8019272685050964
72,22,0.4221205711364746,0.6208254098892212,-0.5357890129089355,0.9591022729873657
72,23,0.48341450095176697,0.6099449396133423,0.12351173907518387,0.9988901019096375
72,24,0.3932422697544098,0.6116343140602112,-0.12352678179740906,0.999245822429657
72,25,0.49577850103378296,0.7151967287063599,0.18850074708461761,0.8534330725669861
72,26,0.4107924699783325,0.7233511209487915,-0.05087876692414284,0.9728869199752808
72,27,0.47667574882507324,0.8106735348701477,0.5212159752845764,0.9057743549346924
72,28,0.42003360390663147,0.8234466314315796,0.27777719497680664,0.9715782999992371
72,29,0.4568219780921936,0.8207831382751465,0.5450488328933716,0.8797463178634644
72,30,0.41318830847740173,0.8351876139640808,0.29840150475502014,0.8288446664810181
72,31,0.5155337452888489,0.8453718423843384,0.37825194001197815,0.9336634874343872
72,32,0.45536452531814575,0.8629865646362305,0.07550850510597229,0.9668542742729187
73,0,0.48550906777381897,0.3999233841896057,-0.5255855917930603,0.9998977184295654
73,1,0.487076073884964,0.38925600051879883,-0.49088549613952637,0.99973464012146
73,2,0.48949724435806274,0.3895922303199768,-0.49092230200767517,0.999666690826416
73,3,0.4918227791786194,0.389992892742157,-0.49091801047325134,0.9996353387832642
73,4,0.4739082455635071,0.3877241611480713,-0.5284125208854675,0.9998013973236084
73,5,0.46706801652908325,0.3869815468788147,-0.5284138917922974,0.9998000264167786
73,6,0.45866110920906067,0.386347234249115,-0.5285034775733948,0.9997936487197876
73,7,0.47724634408950806,0.3933933675289154,-0.2504916787147522,0.99886155128479
73,8,0.43318215012550354,0.3877309560775757,-0.43280458450317383,0.99980229139328
73,9,0.484425812959671,0.4103279113769531,-0.4330120384693146,0.9998515844345093
73,10,0.46739768981933594,0.4097905158996582,-0.48285582661628723,0.9999306797981262
73,11,0.5001664757728577,0.45380258560180664,-0.017186017706990242,0.9997521638870239
73,12,0.3534051775932312,0.4476976990699768,-0.3917143642902374,0.9999572038650513
73,13,0.5201473236083984,0.5295699834823608,0.12203149497509003,0.7407716512680054
73,14,0.3353543281555176,0.5384281873703003,-0.4109152853488922,0.9962393641471863
73,15,0.5495967268943787,0.591478705406189,-0.06594698876142502,0.8667412996292114
73,16,0.3967469036579132,0.603235125541687,-0.5316978096961975,0.9872612953186035
73,17,0.5620909929275513,0.6122685074806213,-0.1116691306233406,0.8056480288505554
73,18,0.41117575764656067,0.6260115504264832,-0.6022759079933167,0.9728129506111145
73,19,0.5537959337234497,0.6109936833381653,-0.1803918182849884,0.8187301158905029
73,20,0.4289915859699249,0.6213929653167725,-0.6358469724655151,0.9721649289131165
73,21,0.5458654761314392,0.6044882535934448,-0.09984510391950607,0.7999407052993774
73,22,0.42662498354911804,0.6143043041229248,-0.545035719871521,0.9590417146682739
73,23,0.4837402403354645,0.6118674278259277,0.11977918446063995,0.9989199042320251
73,24,0.39350447058677673,0.6152451038360596,-0.11973205953836441,0.9992525577545166
73,25,0.5065937638282776,0.7090662717819214,0.15780109167099,0.8636812567710876
73,26,0.4092029631137848,0.7233403921127319,-0.038278043270111084,0.974041759967804
73,27,0.477366179227829,0.8025786280632019,0.5408943295478821,0.9094809293746948
73,28,0.419136643409729,0.8218493461608887,0.32664045691490173,0.9726376533508301
73,29,0.4576506018638611,0.8100614547729492,0.5711715817451477,0.8836691975593567
73,30,0.4130506217479706,0.8317054510116577,0.35142654180526733,0.8336738348007202
73,31,0.5156612992286682,0.8404141664505005,0.41411909461021423,0.9360041618347168
73,32,0.4522186815738678,0.8610881567001343,0.13144740462303162,0.9676650166511536
74,0,0.48915138840675354,0.4022706151008606,-0.4631170630455017,0.9998878836631775
74,1,0.49174702167510986,0.3918032646179199,-0.42600032687187195,0.999710202217102
74,2,0.4946031868457794,0.3921540081501007,-0.4260471761226654,0.9996338486671448
74,3,0.4972272515296936,0.3925878405570984,-0.42609256505966187,0.9996008276939392
74,4,0.4778374135494232,0.39019185304641724,-0.4659532308578491,0.9997756481170654
74,5,0.47107723355293274,0.3893570899963379,-0.46594321727752686,0.9997687339782715
74,6,0.4632093608379364,0.3887244164943695,-0.466018944978714,0.9997597932815552
74,7,0.48509830236434937,0.39633023738861084,-0.1919855922460556,0.9988502860069275
74,8,0.4408222734928131,0.3906763792037964,-0.37888407707214355,0.9997583627700806
74,9,0.4881768822669983,0.4125745892524719,-0.370158851146698,0.9998394250869751
74,10,0.4710618257522583,0.41164594888687134,-0.42367762327194214,0.9999228119850159
74,11,0.5006627440452576,0.45606642961502075,0.0225241519510746,0.9997583031654358
74,12,0.35358256101608276,0.4484327435493469,-0.3491289019584656,0.9999484419822693
74,13,0.5231881141662598,0.529415488243103,0.16873416304588318,0.7332980632781982
74,14,0.33406978845596313,0.5375396013259888,-0.40080490708351135,0.9958207607269287
74,15,0.5567241907119751,0.5845812559127808,-0.0031396127305924892,0.8675991892814636
74,16,0.39928770065307617,0.5950022339820862,-0.5330212712287903,0.986609935760498
74,17,0.5687897801399231,0.604449450969696,-0.039581023156642914,0.8091761469841003
74,18,0.41960927844047546,0.6166016459465027,-0.6013906002044678,0.9720686674118042
74,19,0.5613206028938293,0.6024341583251953,-0.10197143256664276,0.8217354416847229
74,20,0.43538010120391846,0.6110619306564331,-0.6272881627082825,0.9713772535324097
74,21,0.5530592799186707,0.5951180458068848,-0.03318636864423752,0.8028345704078674
74,22,0.43134811520576477,0.6043058633804321,-0.5449079275131226,0.9576696753501892
74,23,0.48257192969322205,0.6129090785980225,0.11600815504789352,0.9989815950393677
74,24,0.3904317617416382,0.6174212098121643,-0.11592789739370346,0.999248743057251
74,25,0.5192070603370667,0.6978639960289001,-0.13306458294391632,0.8723188042640686
74,26,0.40630489587783813,0.7237540483474731,-0.11612994223833084,0.9708191156387329
74,27,0.47388651967048645,0.7910773754119873,0.26562029123306274,0.9069151282310486
74,28,0.4192717373371124,0.8203771710395813,0.26936131715774536,0.9704409241676331
74,29,0.4458492398262024,0.7981406450271606,0.2979715168476105,0.881721556186676
74,30,0.41305986046791077,0.8309281468391418,0.2869236469268799,0.8269343376159668
74,31,0.514458179473877,0.8347810506820679,0.14345431327819824,0.9338156580924988
74,32,0.4508165121078491,0.8606239557266235,0.06373599171638489,0.9647577404975891
75,0,0.49606853723526,0.4094610810279846,-0.38433122634887695,0.9998912215232849
75,1,0.49972838163375854,0.4000019431114197,-0.3441343903541565,0.9997209906578064
75,2,0.5024529099464417,0.40021926164627075,-0.3441440165042877,0.9996469616889954
75,3,0.5048080682754517,0.40044301748275757,-0.3441503047943115,0.9996169209480286
75,4,0.4861395061016083,0.397978812456131,-0.3810366690158844,0.9997820258140564
75,5,0.4782240092754364,0.3967374861240387,-0.381001353263855,0.9997715353965759
75,6,0.47118768095970154,0.3956058621406555,-0.38102272152900696,0.9997629523277283
75,7,0.4923980236053467,0.40284061431884766,-0.12186923623085022,0.9989280104637146
75,8,0.4497731924057007,0.3981015980243683,-0.2924005389213562,0.9997536540031433
75,9,0.49313807487487793,0.4204027056694031,-0.2978242337703705,0.9998447299003601
75,10,0.4755977690219879,0.418036550283432,-0.3470172882080078,0.9999253153800964
75,11,0.5033140182495117,0.46206560730934143,0.044836193323135376,0.999765932559967
75,12,0.3577992022037506,0.4504852890968323,-0.27773088216781616,0.9999445080757141
75,13,0.5354917049407959,0.5293810963630676,0.10732011497020721,0.73564213514328
75,14,0.32584524154663086,0.5353374481201172,-0.3588387072086334,0.99579918384552
75,15,0.5641462802886963,0.577014684677124,-0.1361369490623474,0.8714905977249146
75,16,0.4122345447540283,0.5852829217910767,-0.4763312339782715,0.9867584705352783
75,17,0.5749049782752991,0.5969024896621704,-0.18789884448051453,0.8163818717002869
75,18,0.4376576840877533,0.6040459275245667,-0.5271124243736267,0.9725134372711182
75,19,0.5630228519439697,0.5953345894813538,-0.2333034723997116,0.8278921246528625
75,20,0.45124292373657227,0.5982705354690552,-0.5366901159286499,0.9717715978622437
75,21,0.5549306273460388,0.5892695188522339,-0.16091202199459076,0.8088631629943848
75,22,0.44744521379470825,0.5923404097557068,-0.4777335226535797,0.9580392837524414
75,23,0.4804624319076538,0.6129699349403381,0.10666706413030624,0.9990120530128479
75,24,0.3864056169986725,0.6205293536186218,-0.10651852190494537,0.9992275238037109
75,25,0.5398480892181396,0.6749708652496338,-0.2833101153373718,0.8827272653579712
75,26,0.4070771634578705,0.7237042784690857,-0.15834727883338928,0.970839262008667
75,27,0.4760262668132782,0.7683895826339722,0.02747904695570469,0.9083635807037354
75,28,0.41970664262771606,0.8191649317741394,0.11446516215801239,0.9701642990112305
75,29,0.446321576833725,0.7773138284683228,0.05255509912967682,0.882732629776001
75,30,0.4128654897212982,0.8307345509529114,0.12822192907333374,0.8243247866630554
75,31,0.5188422203063965,0.8105133175849915,-0.079915851354599,0.9343839883804321
75,32,0.4516405761241913,0.8578295707702637,-0.06890499591827393,0.9634800553321838
76,0,0.5112789869308472,0.42412886023521423,-0.4029928743839264,0.9998839497566223
76,1,0.5136737823486328,0.4137367308139801,-0.36439210176467896,0.9997127056121826
76,2,0.5149276852607727,0.41381675004959106,-0.3644200563430786,0.9996433258056641
76,3,0.5157879590988159,0.4138798713684082,-0.3644637167453766,0.9996179342269897
76,4,0.5031362771987915,0.41238969564437866,-0.403189480304718,0.9997642040252686
76,5,0.4961943030357361,0.41123896837234497,-0.403168261051178,0.9997422099113464
76,6,0.48836570978164673,0.40993016958236694,-0.4032078981399536,0.9997295141220093
76,7,0.497133731842041,0.41464537382125854,-0.14722910523414612,0.9989804625511169
76,8,0.46086227893829346,0.4098721444606781,-0.3267269432544708,0.9996869564056396
76,9,0.5039551854133606,0.43589073419570923,-0.31842538714408875,0.9998447299003601
76,10,0.4904346168041229,0.4342072606086731,-0.37040629982948303,0.9999228715896606
76,11,0.5076407790184021,0.46945327520370483,-0.008138200268149376,0.9997813701629639
76,12,0.36493363976478577,0.4534797668457031,-0.2930644452571869,0.9999368190765381
76,13,0.545263946056366,0.5297929644584656,-0.036636143922805786,0.7516372799873352
76,14,0.3099433183670044,0.5310317277908325,-0.3753853738307953,0.9958496689796448
76,15,0.5698201060295105,0.5668330788612366,-0.37174856662750244,0.880652666091919
76,16,0.4124208092689514,0.5746966004371643,-0.5189489126205444,0.9867623448371887
76,17,0.5806717872619629,0.5821505784988403,-0.44610464572906494,0.8296545743942261
76,18,0.4421287477016449,0.591641366481781,-0.567894458770752,0.9725824594497681
76,19,0.5687553882598877,0.579700231552124,-0.4895300269126892,0.8402611017227173
76,20,0.4546610414981842,0.585540235042572,-0.5585815906524658,0.9718074798583984
76,21,0.5608147978782654,0.5745893120765686,-0.39729732275009155,0.8218779563903809
76,22,0.4497982859611511,0.5800345540046692,-0.5110523104667664,0.9576644897460938
76,23,0.47580260038375854,0.6125195026397705,0.09208681434392929,0.9990546107292175
76,24,0.3807313144207001,0.6198128461837769,-0.09182833880186081,0.9992029070854187
76,25,0.5481987595558167,0.6501585841178894,-0.35994961857795715,0.8924193382263184
76,26,0.4072752296924591,0.7207770943641663,-0.1370295137166977,0.9705853462219238
76,27,0.4761282205581665,0.7516857385635376,-0.05226535722613335,0.910026490688324
76,28,0.42138147354125977,0.8175589442253113,0.1457413285970688,0.969314694404602
76,29,0.44665005803108215,0.7580708265304565,-0.02587403543293476,0.8843435049057007
76,30,0.41628575325012207,0.8287725448608398,0.1615351289510727,0.822097659111023
76,31,0.5272312164306641,0.7891921997070312,-0.17385168373584747,0.935463011264801
76,32,0.4520426392555237,0.8534307479858398,-0.04620957002043724,0.9607753157615662
77,0,0.5214239358901978,0.4378150999546051,-0.3875994384288788,0.9998817443847656
77,1,0.5246055722236633,0.42754119634628296,-0.35019761323928833,0.9997152090072632
77,2,0.525606095790863,0.4278499186038971,-0.35019874572753906,0.9996501803398132
77,3,0.5262537002563477,0.42820459604263306,-0.35027265548706055,0.9996270537376404
77,4,0.5151743292808533,0.42568475008010864,-0.38809067010879517,0.9997621774673462
77,5,0.5090869069099426,0.4246808588504791,-0.38810309767723083,0.9997329115867615
77,6,0.5018907785415649,0.423458993434906,-0.38813352584838867,0.9997208714485168
77,7,0.5095412135124207,0.4297772943973541,-0.13543155789375305,0.9990474581718445
77,8,0.47260528802871704,0.4221373498439789,-0.31098878383636475,0.9996638894081116
77,9,0.5142836570739746,0.4481223523616791,-0.303533136844635,0.9998473525047302
77,10,0.5015878081321716,0.44599050283432007,-0.3545531928539276,0.9999228715896606
77,11,0.516768753528595,0.4786033034324646,-0.007139227353036404,0.9997910261154175
77,12,0.3717150390148163,0.45781201124191284,-0.2618163228034973,0.9999352693557739
77,13,0.5619280934333801,0.5297760963439941,-0.04041498154401779,0.7687657475471497
77,14,0.3014393746852875,0.526977002620697,-0.37927117943763733,0.9960258603096008
77,15,0.5746719241142273,0.5613123178482056,-0.38725772500038147,0.8883687257766724
77,16,0.4179215431213379,0.5625495314598083,-0.5207287073135376,0.9871498346328735
77,17,0.5820326805114746,0.5727525353431702,-0.4644182324409485,0.8403303623199463
77,18,0.4453589916229248,0.5758696794509888,-0.5728929042816162,0.9730287194252014
77,19,0.568071722984314,0.5691870450973511,-0.5000590682029724,0.8502320647239685
77,20,0.4599883258342743,0.5707352161407471,-0.5758910179138184,0.9722484350204468
77,21,0.5603234171867371,0.5655567049980164,-0.40943488478660583,0.8322864174842834
77,22,0.45667144656181335,0.5663347840309143,-0.5160614252090454,0.9578326940536499
77,23,0.4748917818069458,0.6102672815322876,0.08462398499250412,0.9990895986557007
77,24,0.3799973726272583,0.6194695830345154,-0.08431573957204819,0.9991880655288696
77,25,0.5490731000900269,0.6308034658432007,-0.4759003520011902,0.901436448097229
77,26,0.40760383009910583,0.7202235460281372,-0.12753048539161682,0.9705861806869507
77,27,0.48389557003974915,0.7424179315567017,-0.28374895453453064,0.9131097793579102
77,28,0.42426127195358276,0.8193143010139465,0.09514319896697998,0.9686443209648132
77,29,0.45779258012771606,0.7510740756988525,-0.2683424949645996,0.8884044885635376
77,30,0.4202091693878174,0.8294504880905151,0.10493540018796921,0.8215693831443787
77,31,0.5459517240524292,0.773880124092102,-0.4349533021450043,0.938051164150238
77,32,0.4533986747264862,0.8535038828849792,-0.10959082841873169,0.9576007127761841
78,0,0.5273827910423279,0.4556586742401123,-0.4028443992137909,0.9998559355735779
78,1,0.5304580926895142,0.446026474237442,-0.36716794967651367,0.9996712803840637
78,2,0.5315251350402832,0.4460051953792572,-0.36717334389686584,0.9996050596237183
78,3,0.5322926640510559,0.44600510597229004,-0.3672473132610321,0.9995800256729126
78,4,0.5213386416435242,0.4439922273159027,-0.4076498746871948,0.9997233152389526
78,5,0.5154709815979004,0.44250375032424927,-0.4076747000217438,0.9996801614761353
78,6,0.5087875127792358,0.4409119188785553,-0.40771862864494324,0.9996682405471802
78,7,0.5160098671913147,0.44495558738708496,-0.15253327786922455,0.9990333914756775
78,8,0.48120054602622986,0.43799638748168945,-0.333193302154541,0.9995920062065125
78,9,0.5205646753311157,0.4640827178955078,-0.318574458360672,0.9998155236244202
78,10,0.5085975527763367,0.4617108404636383,-0.3729880750179291,0.9999095797538757
78,11,0.5206073522567749,0.4855423867702484,-0.02033255621790886,0.999771773815155
78,12,0.37597647309303284,0.4649367928504944,-0.2908759117126465,0.9999282956123352
78,13,0.5672059059143066,0.5301210880279541,-0.05719105526804924,0.7779410481452942
78,14,0.29371699690818787,0.5275720953941345,-0.40876197814941406,0.9961580038070679
78,15,0.5772423148155212,0.556639552116394,-0.40203627943992615,0.8900157809257507
78,16,0.4284944236278534,0.557778537273407,-0.5355160236358643,0.987347424030304
78,17,0.583354651927948,0.5622380375862122,-0.4744422435760498,0.8430553078651428
78,18,0.4563439190387726,0.567245364189148,-0.5790585279464722,0.9729688763618469
78,19,0.5702807903289795,0.5577136278152466,-0.5040126442909241,0.8527757525444031
78,20,0.4676491916179657,0.5607739686965942,-0.583886444568634,0.9722004532814026
78,21,0.5627888441085815,0.555867612361908,-0.422953724861145,0.8349196314811707
78,22,0.46402978897094727,0.5577802062034607,-0.526408314704895,0.9571968913078308
78,23,0.4717133939266205,0.6064677238464355,0.08954919874668121,0.9989941716194153
78,24,0.3787682354450226,0.6191660165786743,-0.08929459005594254,0.999015748500824
78,25,0.5505625605583191,0.6216680407524109,-0.3901480436325073,0.9083376526832581
78,26,0.41204002499580383,0.7163934707641602,-0.14061832427978516,0.9704791903495789
78,27,0.49217885732650757,0.7337452173233032,-0.22084501385688782,0.9142763018608093
78,28,0.4242222309112549,0.8193464279174805,0.01892225258052349,0.9677804708480835
78,29,0.46735963225364685,0.7443533539772034,-0.20805877447128296,0.8928815126419067
78,30,0.4191277027130127,0.8299020528793335,0.024534400552511215,0.8240566849708557
78,31,0.5595102310180664,0.7639889121055603,-0.358014851808548,0.9389505982398987
78,32,0.45371463894844055,0.8523615002632141,-0.1853782683610916,0.9537724256515503
79,0,0.5263124108314514,0.4680110514163971,-0.52708500623703,0.9998534917831421
79,1,0.532126784324646,0.45830613374710083,-0.4918012320995331,0.9996684789657593
79,2,0.534196674823761,0.4583296775817871,-0.49178221821784973,0.9996044635772705
79,3,0.5359138250350952,0.4583897590637207,-0.49186667799949646,0.9995699524879456
79,4,0.5207216739654541,0.45600008964538574,-0.5247538685798645,0.9997180700302124
79,5,0.5141656398773193,0.4544753432273865,-0.5247918367385864,0.9996731281280518
79,6,0.5069746375083923,0.45253586769104004,-0.5248098373413086,0.9996604919433594
79,7,0.5233302712440491,0.4567714333534241,-0.2541576027870178,0.9990670680999756
79,8,0.4814634919166565,0.4483458399772644,-0.40607520937919617,0.999589741230011
79,9,0.5204889178276062,0.47765499353408813,-0.4315483868122101,0.9998064637184143
79,10,0.5067096948623657,0.4743707776069641,-0.4761233329772949,0.9999080300331116
79,11,0.5269136428833008,0.4902917444705963,-0.07631422579288483,0.9997643828392029
79,12,0.3794845938682556,0.4722997546195984,-0.29889747500419617,0.9999281167984009
79,13,0.5669329166412354,0.530205488204956,-0.11915146559476852,0.7874768972396851
79,14,0.2914414405822754,0.5278246402740479,-0.4276447296142578,0.9963585138320923
79,15,0.5756692886352539,0.5507459044456482,-0.48299896717071533,0.8920227885246277
79,16,0.43547558784484863,0.5558630228042603,-0.5542036294937134,0.9876784086227417
79,17,0.5831267833709717,0.556735098361969,-0.5586099624633789,0.8458475470542908
79,18,0.46161410212516785,0.5627622604370117,-0.5969724059104919,0.9729234576225281
79,19,0.570293664932251,0.5518606901168823,-0.5825263261795044,0.855057954788208
79,20,0.46945321559906006,0.5555230379104614,-0.5898545980453491,0.9721929430961609
79,21,0.5622609853744507,0.5501389503479004,-0.5019702315330505,0.8375800848007202
79,22,0.46578285098075867,0.5535404086112976,-0.546158492565155,0.9568997621536255
79,23,0.4717831015586853,0.6044385433197021,0.08775509893894196,0.9989100694656372
79,24,0.37801703810691833,0.6188381314277649,-0.0875343456864357,0.9989194869995117
79,25,0.5475949048995972,0.6067461371421814,-0.3760356605052948,0.9141097068786621
79,26,0.41480353474617004,0.7122801542282104,-0.203489750623703,0.9707706570625305
79,27,0.49873459339141846,0.7186446785926819,-0.2111322432756424,0.9147319793701172
79,28,0.4255228340625763,0.8194302320480347,-0.1243002787232399,0.9671533107757568
79,29,0.4750613272190094,0.7329584360122681,-0.19913724064826965,0.8962348103523254
79,30,0.4199395775794983,0.8301984667778015,-0.1262105107307434,0.8283799886703491
79,31,0.5643040537834167,0.753428041934967,-0.3495080769062042,0.9388619065284729
79,32,0.458132803440094,0.8515388369560242,-0.3496410548686981,0.9505344033241272
80,0,0.5292712450027466,0.47197604179382324,-0.49612951278686523,0.9998528361320496
80,1,0.535606324672699,0.4624606966972351,-0.46317559480667114,0.9996619820594788
80,2,0.5376126170158386,0.46242648363113403,-0.4631519317626953,0.9995974898338318
80,3,0.5393060445785522,0.4623996615409851,-0.4632166028022766,0.9995591640472412
80,4,0.5246217250823975,0.4602326452732086,-0.49880871176719666,0.9997172355651855
80,5,0.5183895826339722,0.45881932973861694,-0.49884045124053955,0.9996719360351562
80,6,0.5111453533172607,0.457113653421402,-0.4988718628883362,0.9996610879898071
80,7,0.5267703533172607,0.46032506227493286,-0.24626325070858002,0.9990943074226379
80,8,0.4855332374572754,0.45304933190345764,-0.4089483916759491,0.9995911717414856
80,9,0.5231444239616394,0.4814320504665375,-0.40654271841049194,0.9997985363006592
80,10,0.5096633434295654,0.478642076253891,-0.45462730526924133,0.9999070763587952
80,11,0.5272646546363831,0.4898760914802551,-0.07002623379230499,0.9997646808624268
80,12,0.3851574659347534,0.47259050607681274,-0.3065354526042938,0.9999294877052307
80,13,0.575545608997345,0.5237972736358643,-0.04748900607228279,0.8014277815818787
80,14,0.29411575198173523,0.527880072593689,-0.4127502739429474,0.9965301752090454
80,15,0.5769065618515015,0.549086332321167,-0.337319552898407,0.8956274390220642
80,16,0.4339030385017395,0.5563465356826782,-0.48739200830459595,0.9879134893417358
80,17,0.5830097198486328,0.5573655366897583,-0.4003812074661255,0.8493253588676453
80,18,0.460726797580719,0.563486635684967,-0.5237293839454651,0.9727813601493835
80,19,0.5694987177848816,0.5534132719039917,-0.4473021626472473,0.8579989671707153
80,20,0.4685295820236206,0.5557118654251099,-0.5261637568473816,0.9720538258552551
80,21,0.5614790320396423,0.550942063331604,-0.3605126738548279,0.8411191701889038
80,22,0.46492522954940796,0.5538612604141235,-0.4810144305229187,0.9563507437705994
80,23,0.4720551669597626,0.6012423634529114,0.09101501852273941,0.9988257884979248
80,24,0.37880393862724304,0.6170777678489685,-0.09081928431987762,0.9988866448402405
80,25,0.5463294386863708,0.6047739386558533,-0.27499496936798096,0.9173686504364014
80,26,0.41798925399780273,0.7104671001434326,-0.23642006516456604,0.9712927341461182
80,27,0.5002073049545288,0.7147594690322876,-0.07946598529815674,0.9109272956848145
80,28,0.42681044340133667,0.8194831609725952,-0.2025155872106552,0.9672581553459167
80,29,0.4764484465122223,0.7264302968978882,-0.06496112793684006,0.8971883058547974
80,30,0.420606791973114,0.8302709460258484,-0.20910833775997162,0.8355987668037415
80,31,0.5656401515007019,0.7493091821670532,-0.19437050819396973,0.9355775117874146
80,32,0.4601356089115143,0.8504998087882996,-0.42541587352752686,0.9490535855293274
81,0,0.5275568962097168,0.47018760442733765,-0.47624266147613525,0.9998595714569092
81,1,0.5346640944480896,0.46029096841812134,-0.44872844219207764,0.9996776580810547
81,2,0.5370444655418396,0.4602387547492981,-0.44868481159210205,0.9996179342269897
81,3,0.5390368700027466,0.4601970613002777,-0.4488132894039154,0.9995784759521484
81,4,0.5230737924575806,0.4583876132965088,-0.4766504466533661,0.999728798866272
81,5,0.5169576406478882,0.45669880509376526,-0.4766513705253601,0.9996840953826904
81,6,0.5098181366920471,0.45471280813217163,-0.476617693901062,0.9996731281280518
81,7,0.526745617389679,0.45842066407203674,-0.23632164299488068,0.9991537928581238
81,8,0.4857952892780304,0.4506198465824127,-0.37663522362709045,0.9996068477630615
81,9,0.5217152237892151,0.4795668125152588,-0.39038676023483276,0.9998065233230591
81,10,0.5077588558197021,0.4766627848148346,-0.4303511679172516,0.9999109506607056
81,11,0.5278510451316833,0.4911096692085266,-0.05064791440963745,0.9997730851173401
81,12,0.3854941427707672,0.4726528525352478,-0.2841033935546875,0.9999317526817322
81,13,0.5745354890823364,0.5272077322006226,-0.044739700853824615,0.8133443593978882
81,14,0.2970632314682007,0.5279813408851624,-0.34031879901885986,0.9966446757316589
81,15,0.579016387462616,0.552914023399353,-0.37472304701805115,0.8998229503631592
81,16,0.4330200254917145,0.559362530708313,-0.425417959690094,0.9881085753440857
81,17,0.5837298035621643,0.5600358247756958,-0.44397273659706116,0.8544585108757019
81,18,0.45689064264297485,0.5680873990058899,-0.4646301567554474,0.972878634929657
81,19,0.5710955858230591,0.5559834837913513,-0.46995875239372253,0.8626591563224792
81,20,0.4662890136241913,0.5608969926834106,-0.4702988564968109,0.9721757173538208
81,21,0.5637011528015137,0.5535414814949036,-0.3927413821220398,0.8460977077484131
81,22,0.4629247486591339,0.558173418045044,-0.42155566811561584,0.9563636183738708
81,23,0.46943792700767517,0.6010037064552307,0.09152349829673767,0.9987769722938538
81,24,0.3762468993663788,0.6167498230934143,-0.09131792932748795,0.9988349676132202
81,25,0.5454058051109314,0.6080237627029419,-0.33738958835601807,0.9220969676971436
81,26,0.41804060339927673,0.7098323106765747,-0.20982864499092102,0.9720858335494995
81,27,0.5009031891822815,0.7220817804336548,-0.20282189548015594,0.9119706153869629
81,28,0.4269040822982788,0.819499671459198,-0.14571735262870789,0.9675742983818054
81,29,0.47888606786727905,0.7353411316871643,-0.19394102692604065,0.900731086730957
81,30,0.4220360219478607,0.8303559422492981,-0.14985555410385132,0.8424241542816162
81,31,0.5695116519927979,0.7525171637535095,-0.3377561867237091,0.9361916780471802
81,32,0.46160176396369934,0.8496373891830444,-0.3670242726802826,0.9479411840438843
82,0,0.5288324952125549,0.46361032128334045,-0.41607746481895447,0.9997767210006714
82,1,0.535258948802948,0.4537438452243805,-0.3855239748954773,0.9994956851005554
82,2,0.5369718074798584,0.4538792669773102,-0.3855961263179779,0.999443531036377
82,3,0.5384084582328796,0.4540489614009857,-0.3857225179672241,0.9993869066238403
82,4,0.5256921052932739,0.4515193998813629,-0.42447468638420105,0.9995524287223816
82,5,0.5203402042388916,0.44987305998802185,-0.4244954288005829,0.9994797110557556
82,6,0.514170229434967,0.448080450296402,-0.4245467782020569,0.9994531273841858
82,7,0.5235067009925842,0.4525429308414459,-0.18803291022777557,0.9989428520202637
82,8,0.4890807271003723,0.44418272376060486,-0.3630441427230835,0.9993345141410828
82,9,0.5216770768165588,0.4722672998905182,-0.33570632338523865,0.9997433423995972
82,10,0.5091025233268738,0.469452440738678,-0.3873724639415741,0.9998775124549866
82,11,0.5266382098197937,0.48941779136657715,-0.049190495163202286,0.9997641444206238
82,12,0.383883535861969,0.4704073965549469,-0.29554665088653564,0.9999231100082397
82,13,0.5711309313774109,0.5299111604690552,-0.054067809134721756,0.8198707103729248
82,14,0.30211931467056274,0.531783401966095,-0.36079567670822144,0.9965121746063232
82,15,0.5787468552589417,0.5551068186759949,-0.4037304222583771,0.8973809480667114
82,16,0.4352002441883087,0.5606723427772522,-0.45351076126098633,0.987474799156189
82,17,0.5836231112480164,0.5652485489845276,-0.4778791666030884,0.8519304990768433
82,18,0.45879507064819336,0.5726900696754456,-0.5007299780845642,0.9718027710914612
82,19,0.5721372961997986,0.5612872242927551,-0.5065382122993469,0.86026531457901
82,20,0.47039857506752014,0.5663036704063416,-0.511609673500061,0.9710944294929504
82,21,0.5652179718017578,0.5581937432289124,-0.42441368103027344,0.8437208533287048
82,22,0.4658870995044708,0.5631524324417114,-0.4528122842311859,0.9543147087097168
82,23,0.4604640603065491,0.6006389856338501,0.0931139662861824,0.9986348748207092
82,24,0.3707258105278015,0.6122733354568481,-0.09294025599956512,0.9986104965209961
82,25,0.5463120937347412,0.6186443567276001,-0.33030131459236145,0.924781084060669
82,26,0.41791266202926636,0.7091916799545288,-0.22352881729602814,0.9712550044059753
82,27,0.4992073178291321,0.7285574674606323,-0.16995981335639954,0.9106796383857727
82,28,0.42700305581092834,0.819240391254425,-0.11571784317493439,0.9665610790252686
82,29,0.4783330261707306,0.741389811038971,-0.15990988910198212,0.9022899270057678
82,30,0.42201513051986694,0.8304334878921509,-0.11679799109697342,0.8460639119148254
82,31,0.5643140077590942,0.7609581351280212,-0.3102497458457947,0.9343112707138062
82,32,0.4607607424259186,0.8454597592353821,-0.3423905372619629,0.9451488852500916
83,0,0.5269791483879089,0.4572392404079437,-0.3058093786239624,0.9997534155845642
83,1,0.5325577855110168,0.4473823010921478,-0.27312496304512024,0.9994407296180725
83,2,0.5344218015670776,0.4474999010562897,-0.27324533462524414,0.9993894696235657
83,3,0.5359917283058167,0.44764065742492676,-0.2733442485332489,0.9993332624435425
83,4,0.5223934650421143,0.4453369677066803,-0.3064752519130707,0.9994803667068481
83,5,0.5166216492652893,0.4438931345939636,-0.3064750134944916,0.9993854761123657
83,6,0.5100832581520081,0.4423550069332123,-0.3065791130065918,0.9993457198143005
83,7,0.5226866602897644,0.44790226221084595,-0.07174822688102722,0.9989023804664612
83,8,0.4851591885089874,0.44211331009864807,-0.2238447219133377,0.9992011785507202
83,9,0.5191725492477417,0.46652188897132874,-0.2253691405057907,0.9997348785400391
83,10,0.5082610249519348,0.46426647901535034,-0.26972293853759766,0.9998669624328613
83,11,0.5254906415939331,0.48803824186325073,0.054065365344285965,0.9997801780700684
83,12,0.38672882318496704,0.46307167410850525,-0.19462135434150696,0.999923050403595
83,13,0.5692002773284912,0.5299058556556702,-0.012498950585722923,0.8301099538803101
83,14,0.3235620856285095,0.5293788909912109,-0.29473957419395447,0.9960944652557373
83,15,0.5793501734733582,0.5602774024009705,-0.3554408848285675,0.9044130444526672
83,16,0.4369809031486511,0.5680537223815918,-0.432003915309906,0.9871084690093994
83,17,0.5848115086555481,0.5745213031768799,-0.42963337898254395,0.8621568083763123
83,18,0.45646145939826965,0.5836839079856873,-0.4883492887020111,0.9717647433280945
83,19,0.5726297497749329,0.5717271566390991,-0.4653061032295227,0.8699080944061279
83,20,0.4692930579185486,0.5788054466247559,-0.5086367130279541,0.9710488319396973
83,21,0.5651875138282776,0.5675210356712341,-0.37811943888664246,0.8540835976600647
83,22,0.4664143919944763,0.5740763545036316,-0.4375755190849304,0.9542936086654663
83,23,0.4624447822570801,0.6010468006134033,0.09164950251579285,0.9986580014228821
83,24,0.37220752239227295,0.6118310689926147,-0.09135322272777557,0.9985840916633606
83,25,0.5452417731285095,0.6239749193191528,-0.3115686774253845,0.9272513389587402
83,26,0.4178258776664734,0.7092028260231018,-0.20083162188529968,0.9696841835975647
83,27,0.4981471598148346,0.7328827381134033,-0.1365288943052292,0.9050971269607544
83,28,0.4271165728569031,0.8192498087882996,-0.06402517110109329,0.9645723700523376
83,29,0.4788132905960083,0.745099663734436,-0.12482002377510071,0.8995145559310913
83,30,0.42048436403274536,0.8321416974067688,-0.061725642532110214,0.8448107838630676
83,31,0.5617481470108032,0.7654775381088257,-0.2724844217300415,0.9300881028175354
83,32,0.4578206241130829,0.8460049629211426,-0.283134788274765,0.9413000345230103
84,0,0.526595413684845,0.44880396127700806,-0.3075777590274811,0.9997645020484924
84,1,0.5324363112449646,0.43873733282089233,-0.2791118621826172,0.9994565844535828
84,2,0.5335918664932251,0.4387456476688385,-0.2792012691497803,0.9994083046913147
84,3,0.5347385406494141,0.4386245608329773,-0.27927035093307495,0.9993588328361511
84,4,0.5211262702941895,0.4359198212623596,-0.315560519695282,0.999487578868866
84,5,0.5148480534553528,0.43394795060157776,-0.31554630398750305,0.9993948936462402
84,6,0.5079492926597595,0.43201470375061035,-0.31560400128364563,0.9993545413017273
84,7,0.5171364545822144,0.43513721227645874,-0.0991750955581665,0.9989413619041443
84,8,0.48290494084358215,0.4289039969444275,-0.2649088203907013,0.999204158782959
84,9,0.5167775750160217,0.45769381523132324,-0.23483601212501526,0.9997504353523254
84,10,0.5077327489852905,0.4540978968143463,-0.28319457173347473,0.9998735785484314
84,11,0.5161063075065613,0.47802597284317017,0.03786487132310867,0.9997988343238831
84,12,0.3861832022666931,0.45753413438796997,-0.24904471635818481,0.9999264478683472
84,13,0.5627166032791138,0.5302587747573853,0.018067510798573494,0.8420476317405701
84,14,0.3362378776073456,0.5327621102333069,-0.3159675598144531,0.9961320161819458
84,15,0.5790583491325378,0.5680248737335205,-0.2640976905822754,0.9122920036315918
84,16,0.44189098477363586,0.5845216512680054,-0.3870405852794647,0.987682580947876
84,17,0.5849484205245972,0.5868595242500305,-0.3317485749721527,0.8731329441070557
84,18,0.459264874458313,0.6037935614585876,-0.43925803899765015,0.9732139110565186
84,19,0.5732575058937073,0.5847610831260681,-0.3713466227054596,0.8802610039710999
84,20,0.4734775125980377,0.5957164764404297,-0.46315252780914307,0.9725377559661865
84,21,0.5655228495597839,0.579701840877533,-0.287712961435318,0.865398645401001
84,22,0.47156020998954773,0.5888774394989014,-0.392805278301239,0.9566031694412231
84,23,0.46275201439857483,0.6013389825820923,0.09250179678201675,0.9986960291862488
84,24,0.37279069423675537,0.6116823554039001,-0.09223829209804535,0.9985563158988953
84,25,0.5443864464759827,0.643224835395813,-0.2991925776004791,0.9297437071800232
84,26,0.4149298071861267,0.7086771726608276,-0.23256728053092957,0.9688558578491211
84,27,0.4937058389186859,0.7569894790649414,-0.11303989589214325,0.9024825096130371
84,28,0.4262159466743469,0.8182007074356079,-0.10572630912065506,0.962343156337738
84,29,0.4742361605167389,0.7688480615615845,-0.10379941016435623,0.8946635127067566
84,30,0.41617995500564575,0.8322064280509949,-0.10348713397979736,0.8380728363990784
84,31,0.5454426407814026,0.7936872839927673,-0.24677202105522156,0.9278247356414795
84,32,0.45795267820358276,0.8465064764022827,-0.3091355562210083,0.9394181966781616
85,0,0.5191929340362549,0.4332943856716156,-0.35224249958992004,0.9997705221176147
85,1,0.5245799422264099,0.4242933392524719,-0.3222525417804718,0.9994561076164246
85,2,0.5259270071983337,0.4243954122066498,-0.3223346769809723,0.9994075298309326
85,3,0.5269712209701538,0.42435216903686523,-0.32240432500839233,0.9993631839752197
85,4,0.5143314599990845,0.42137664556503296,-0.3590790629386902,0.9994783997535706
85,5,0.5075488686561584,0.41923612356185913,-0.35907426476478577,0.9993883371353149
85,6,0.5010033845901489,0.41728097200393677,-0.3591407239437103,0.9993433356285095
85,7,0.5087956190109253,0.42226433753967285,-0.12884652614593506,0.9989426136016846
85,8,0.4748847484588623,0.41446453332901,-0.29756489396095276,0.99919593334198
85,9,0.5099852085113525,0.44158124923706055,-0.27589157223701477,0.9997621178627014
85,10,0.5003514885902405,0.43842726945877075,-0.32495206594467163,0.9998783469200134
85,11,0.5091509222984314,0.46865230798721313,0.02691100351512432,0.9998161792755127
85,12,0.37580129504203796,0.4535299837589264,-0.3161576986312866,0.9999307990074158
85,13,0.543443500995636,0.5304903984069824,0.019779371097683907,0.8510797619819641
85,14,0.35881033539772034,0.5338131189346313,-0.377399742603302,0.9959762096405029
85,15,0.5757720470428467,0.5753523111343384,-0.22513991594314575,0.9191932082176208
85,16,0.449092835187912,0.5944691896438599,-0.3954453766345978,0.9879308342933655
85,17,0.5848618149757385,0.5958349108695984,-0.2855544090270996,0.8827419877052307
85,18,0.4628559648990631,0.6129856109619141,-0.47468262910842896,0.9741383194923401
85,19,0.5730180740356445,0.5935418009757996,-0.33219480514526367,0.88930743932724
85,20,0.4771379828453064,0.6045839190483093,-0.5098251104354858,0.9734758138656616
85,21,0.5651686191558838,0.587313711643219,-0.2512097656726837,0.875389039516449
85,22,0.475376158952713,0.597732663154602,-0.4102504253387451,0.9581788778305054
85,23,0.46339544653892517,0.6014047861099243,0.09754607081413269,0.9986844062805176
85,24,0.3728516101837158,0.6107767820358276,-0.09730231016874313,0.9985848069190979
85,25,0.5397815704345703,0.6597530841827393,-0.07680845260620117,0.9264802932739258
85,26,0.4082449674606323,0.709148645401001,-0.2660239338874817,0.96824049949646
85,27,0.4916697144508362,0.7608075141906738,0.21631155908107758,0.8854485750198364
85,28,0.4244927763938904,0.8176560401916504,-0.11621852219104767,0.9607959985733032
85,29,0.47199150919914246,0.7731428146362305,0.23848026990890503,0.8750114440917969
85,30,0.4114892780780792,0.8322157859802246,-0.11165732145309448,0.8317177295684814
85,31,0.5404499769210815,0.8019997477531433,0.12605510652065277,0.9138295650482178
85,32,0.45749667286872864,0.8475524187088013,-0.31710246205329895,0.938289225101471
86,0,0.5106030702590942,0.4227387309074402,-0.44476717710494995,0.9997282028198242
86,1,0.5150726437568665,0.41210657358169556,-0.41937896609306335,0.9992549419403076
86,2,0.5162599682807922,0.412121444940567,-0.41946351528167725,0.9991816878318787
86,3,0.5171571373939514,0.4120557904243469,-0.41948768496513367,0.9991427659988403
86,4,0.5047405362129211,0.41011595726013184,-0.4660702645778656,0.9993310570716858
86,5,0.49809515476226807,0.40841707587242126,-0.46608754992485046,0.9992316365242004
86,6,0.49062293767929077,0.40658801794052124,-0.4662158191204071,0.9991506338119507
86,7,0.49721869826316833,0.4108133316040039,-0.22832483053207397,0.998431921005249
86,8,0.4604334235191345,0.4039205014705658,-0.44211268424987793,0.9989160299301147
86,9,0.5015669465065002,0.43186283111572266,-0.364763081073761,0.9997172951698303
86,10,0.49006232619285583,0.4294610917568207,-0.4273514151573181,0.9998534321784973
86,11,0.5032069087028503,0.4607701301574707,-0.03275752067565918,0.9998260736465454
86,12,0.36395466327667236,0.4542228579521179,-0.43112823367118835,0.9999305009841919
86,13,0.5264282822608948,0.5305453538894653,0.07143882662057877,0.8563558459281921
86,14,0.3617066740989685,0.5423980951309204,-0.4587251543998718,0.9942353963851929
86,15,0.5680912137031555,0.5831369161605835,-0.0792519673705101,0.9234557151794434
86,16,0.44617822766304016,0.6015962958335876,-0.5231814980506897,0.9855234026908875
86,17,0.5801517963409424,0.6038705110549927,-0.1206606850028038,0.8880006670951843
86,18,0.4607953727245331,0.620273232460022,-0.5953968167304993,0.9714043736457825
86,19,0.5719459056854248,0.6013475656509399,-0.1810397058725357,0.8943368196487427
86,20,0.4748535454273224,0.6124612092971802,-0.6251695156097412,0.9706539511680603
86,21,0.5639181733131409,0.5943549275398254,-0.10828756541013718,0.880807101726532
86,22,0.47302183508872986,0.6053712368011475,-0.5355122685432434,0.9539905190467834
86,23,0.4689127504825592,0.6103507280349731,0.10869548469781876,0.9985817074775696
86,24,0.3773672878742218,0.6188830137252808,-0.10851672291755676,0.9986057281494141
86,25,0.524321436882019,0.6945922374725342,0.22558678686618805,0.9235500693321228
86,26,0.4058339297771454,0.7202877998352051,-0.20032821595668793,0.9681114554405212
86,27,0.48822644352912903,0.7858454585075378,0.6162598133087158,0.8788554072380066
86,28,0.4233328402042389,0.8194189071655273,0.04920719936490059,0.9615140557289124
86,29,0.46897074580192566,0.7969601154327393,0.6464561223983765,0.8665815591812134
86,30,0.4092544913291931,0.835435688495636,0.06200088560581207,0.8340345621109009
86,31,0.5400434136390686,0.822968602180481,0.5190526843070984,0.9093669056892395
86,32,0.4558641314506531,0.8539772033691406,-0.15754246711730957,0.9406812191009521
87,0,0.50117027759552,0.4136274456977844,-0.43765130639076233,0.9997255802154541
87,1,0.5057790279388428,0.40385136008262634,-0.4088771343231201,0.9992228150367737
87,2,0.5076963901519775,0.4040549695491791,-0.40895020961761475,0.9991312026977539
87,3,0.5093808770179749,0.404261976480484,-0.4089757204055786,0.9991030097007751
87,4,0.49364328384399414,0.40169763565063477,-0.4548998177051544,0.9993188977241516
87,5,0.4865660071372986,0.40035495162010193,-0.4549161195755005,0.9992181658744812
87,6,0.4780050814151764,0.39874738454818726,-0.45503154397010803,0.9991363286972046
87,7,0.49136483669281006,0.4046010375022888,-0.20949338376522064,0.9982864856719971
87,8,0.4495096504688263,0.3964119553565979,-0.4212510883808136,0.9989094734191895
87,9,0.49430954456329346,0.42336392402648926,-0.35561317205429077,0.9997121095657349
87,10,0.4802599549293518,0.42119795083999634,-0.4171363115310669,0.999850332736969
87,11,0.4976652264595032,0.4574047923088074,-0.018323423340916634,0.9998302459716797
87,12,0.36068180203437805,0.4523639678955078,-0.4198039472103119,0.999930739402771
87,13,0.5162400007247925,0.5309576988220215,0.11253341287374496,0.8539055585861206
87,14,0.36380821466445923,0.543525755405426,-0.4544582664966583,0.9937446117401123
87,15,0.5566543936729431,0.5880515575408936,-0.05013123154640198,0.924048662185669
87,16,0.443951278924942,0.6067564487457275,-0.5270394086837769,0.9846603870391846
87,17,0.5715523958206177,0.6086469292640686,-0.09459739178419113,0.8879703879356384
87,18,0.4602065086364746,0.6282553672790527,-0.5987607836723328,0.970343291759491
87,19,0.566665768623352,0.6077373027801514,-0.15790842473506927,0.894519031047821
87,20,0.47379270195961,0.6238340139389038,-0.6251343488693237,0.9695383310317993
87,21,0.556799054145813,0.6004526019096375,-0.08178845793008804,0.8810538053512573
87,22,0.4727388024330139,0.6167150735855103,-0.5371541976928711,0.9525086879730225
87,23,0.47314053773880005,0.6142461895942688,0.11576688289642334,0.9985469579696655
87,24,0.3854483366012573,0.6210438013076782,-0.11563313007354736,0.9986093640327454
87,25,0.5139598250389099,0.7164219617843628,0.22444216907024384,0.9249609708786011
87,26,0.4030863046646118,0.7299238443374634,-0.027443671599030495,0.9691005945205688
87,27,0.48687946796417236,0.7997519373893738,0.5961443185806274,0.8801531791687012
87,28,0.4214029908180237,0.8243522644042969,0.307283878326416,0.9631784558296204
87,29,0.4667470157146454,0.8110268712043762,0.6240105032920837,0.8672764897346497
87,30,0.40847840905189514,0.8396898508071899,0.32886803150177,0.8394151329994202
87,31,0.537523627281189,0.8328603506088257,0.47727182507514954,0.9111801385879517
87,32,0.4520393908023834,0.8600541949272156,0.11685461550951004,0.9436970949172974
88,0,0.496538370847702,0.4104534983634949,-0.4484463930130005,0.9997180104255676
88,1,0.5003998279571533,0.40062060952186584,-0.41785913705825806,0.9991784691810608
88,2,0.5025040507316589,0.4009568691253662,-0.4179230034351349,0.9990646243095398
88,3,0.5041601061820984,0.40129226446151733,-0.41793292760849,0.9990411996841431
88,4,0.48804470896720886,0.3985707759857178,-0.46595361828804016,0.9993018507957458
88,5,0.4806320071220398,0.3973466753959656,-0.4659855365753174,0.9992044568061829
88,6,0.47250062227249146,0.3958919644355774,-0.46611154079437256,0.9991248250007629
88,7,0.48620277643203735,0.40257424116134644,-0.2137204110622406,0.9980912804603577
88,8,0.4453514516353607,0.39418521523475647,-0.4341284930706024,0.9989128112792969
88,9,0.4906799793243408,0.4211507737636566,-0.3652401864528656,0.9997055530548096
88,10,0.4754984676837921,0.4192430078983307,-0.4293980002403259,0.9998474717140198
88,11,0.4952441453933716,0.45842838287353516,-0.016909290105104446,0.9998268485069275
88,12,0.35800090432167053,0.45272690057754517,-0.43997102975845337,0.9999312162399292
88,13,0.5150625109672546,0.5319724082946777,0.12287119030952454,0.8446850180625916
88,14,0.3673299252986908,0.5450092554092407,-0.47460857033729553,0.9936063289642334
88,15,0.550464391708374,0.5919800996780396,-0.036757197231054306,0.9201892614364624
88,16,0.44288456439971924,0.6111984252929688,-0.550807774066925,0.9842485189437866
88,17,0.5623292326927185,0.6127960681915283,-0.07899941504001617,0.8823009133338928
88,18,0.4576289653778076,0.6324528455734253,-0.6249482035636902,0.9699297547340393
88,19,0.5599132776260376,0.6128603219985962,-0.14310231804847717,0.8894131779670715
88,20,0.4723380506038666,0.6284397840499878,-0.6511303186416626,0.969081461429596
88,21,0.5511875152587891,0.6061583161354065,-0.06898462772369385,0.8759012222290039
88,22,0.47237879037857056,0.6220511198043823,-0.5608565211296082,0.9519274234771729
88,23,0.47800585627555847,0.6162621974945068,0.11968617141246796,0.9985579252243042
88,24,0.38800036907196045,0.622062087059021,-0.11956096440553665,0.9986474514007568
88,25,0.5106329321861267,0.7220302820205688,0.23177532851696014,0.9270573854446411
88,26,0.40079882740974426,0.7335587739944458,-0.006952687632292509,0.9705703854560852
88,27,0.48583510518074036,0.8023355603218079,0.6266922950744629,0.8831397294998169
88,28,0.4214739501476288,0.8251795768737793,0.3539116084575653,0.9651964902877808
88,29,0.46533674001693726,0.8122847676277161,0.6569216847419739,0.8702008724212646
88,30,0.4088611900806427,0.8397606611251831,0.37834978103637695,0.8461552262306213
88,31,0.5339974761009216,0.836208164691925,0.5100861191749573,0.9142633676528931
88,32,0.4523477852344513,0.8604508638381958,0.16692203283309937,0.9471336007118225
89,0,0.4945656657218933,0.41004401445388794,-0.47537311911582947,0.9997084140777588
89,1,0.49835723638534546,0.4002037048339844,-0.44226518273353577,0.9991230368614197
89,2,0.5003525018692017,0.4004482328891754,-0.4423149526119232,0.9989862442016602
89,3,0.5020859241485596,0.4007444977760315,-0.4423042833805084,0.998957633972168
89,4,0.486081063747406,0.3981720209121704,-0.4883477985858917,0.9992754459381104
89,5,0.478826105594635,0.39701107144355774,-0.48838794231414795,0.9991847276687622
89,6,0.4705701470375061,0.3955523371696472,-0.48852139711380005,0.9991040825843811
89,7,0.485117644071579,0.4018635153770447,-0.22621876001358032,0.9978170990943909
89,8,0.44433319568634033,0.3934507966041565,-0.4372738301753998,0.9988890290260315
89,9,0.4889511168003082,0.42042070627212524,-0.3878411054611206,0.9996894001960754
89,10,0.4737015962600708,0.41876548528671265,-0.4492286145687103,0.9998395442962646
89,11,0.49620184302330017,0.45812922716140747,-0.017440320923924446,0.9998175501823425
89,12,0.3542935848236084,0.4530714154243469,-0.4310581684112549,0.9999271035194397
89,13,0.5153908729553223,0.5326604843139648,0.11802681535482407,0.841189444065094
89,14,0.371942937374115,0.5472421646118164,-0.46012797951698303,0.9934084415435791
89,15,0.546710729598999,0.5932708978652954,-0.028466444462537766,0.9188470840454102
89,16,0.4422203004360199,0.6110779047012329,-0.5365975499153137,0.9838396906852722
89,17,0.5587112307548523,0.6146538257598877,-0.06911680102348328,0.8792909979820251
89,18,0.4573814868927002,0.6329240798950195,-0.6063636541366577,0.9694088697433472
89,19,0.5539459586143494,0.6149933934211731,-0.1306333690881729,0.8868210911750793
89,20,0.4711607098579407,0.629433274269104,-0.6355530023574829,0.9685861468315125
89,21,0.5456035137176514,0.608361005783081,-0.05896841734647751,0.8732305765151978
89,22,0.4722740054130554,0.6229099035263062,-0.5469883680343628,0.9513694643974304
89,23,0.4785494804382324,0.6164880394935608,0.11796298623085022,0.9985702037811279
89,24,0.38794517517089844,0.6222047805786133,-0.11783664673566818,0.9986699819564819
89,25,0.5044941902160645,0.7179816961288452,0.20475442707538605,0.9305641055107117
89,26,0.40040314197540283,0.7339202165603638,-0.009115507826209068,0.9719696640968323
89,27,0.48303884267807007,0.8047199249267578,0.5893070697784424,0.889029324054718
89,28,0.4209674298763275,0.824896514415741,0.3468351662158966,0.9673661589622498
89,29,0.4625242352485657,0.8148301839828491,0.6177420616149902,0.8747339248657227
89,30,0.4092319905757904,0.8394268751144409,0.36974552273750305,0.8532336354255676
89,31,0.5162370204925537,0.837273895740509,0.46077996492385864,0.9187858700752258
89,32,0.452565461397171,0.8605269193649292,0.15098032355308533,0.9507401585578918
90,0,0.4933970868587494,0.40838903188705444,-0.5268259644508362,0.9997011423110962
90,1,0.4975331723690033,0.3989291787147522,-0.48996371030807495,0.9990793466567993
90,2,0.49984320998191833,0.39930588006973267,-0.49002185463905334,0.998924195766449
90,3,0.5020348429679871,0.39971527457237244,-0.4900062680244446,0.9988894462585449
90,4,0.4846208393573761,0.3968217968940735,-0.5316897630691528,0.999245822429657
90,5,0.47767651081085205,0.3957689702510834,-0.5317263007164001,0.9991582632064819
90,6,0.46914321184158325,0.39445462822914124,-0.531855046749115,0.999073326587677
90,7,0.4868088960647583,0.40151435136795044,-0.25954341888427734,0.9975633025169373
90,8,0.44462984800338745,0.3934096693992615,-0.45268622040748596,0.9988298416137695
90,9,0.4887162446975708,0.4192611575126648,-0.435165673494339,0.9996671080589294
90,10,0.473283588886261,0.4172183573246002,-0.49087175726890564,0.9998264312744141
90,11,0.4975084662437439,0.45804277062416077,-0.04928172007203102,0.9998104572296143
90,12,0.35400593280792236,0.4534240663051605,-0.430600643157959,0.9999139308929443
90,13,0.5182616114616394,0.5329062342643738,0.07570917904376984,0.8432773351669312
90,14,0.371686726808548,0.5478861927986145,-0.45562371611595154,0.9929150342941284
90,15,0.5490813851356506,0.5925464034080505,-0.09984815120697021,0.9210180640220642
90,16,0.4445788562297821,0.6127890348434448,-0.5367541313171387,0.9828735589981079
90,17,0.5602080225944519,0.6133172512054443,-0.1493079960346222,0.8811840415000916
90,18,0.4578746259212494,0.6330476999282837,-0.6080141663551331,0.9679770469665527
90,19,0.553192675113678,0.6128836870193481,-0.1982807219028473,0.8887330293655396
90,20,0.4708544909954071,0.6288160681724548,-0.6394720077514648,0.967214822769165
90,21,0.5452417135238647,0.6064189672470093,-0.12690497934818268,0.8753147721290588
90,22,0.47096043825149536,0.6225152015686035,-0.5484605431556702,0.949869692325592
90,23,0.47911617159843445,0.6168416738510132,0.1149577870965004,0.998540997505188
90,24,0.38776418566703796,0.6224766969680786,-0.11487669497728348,0.9986582398414612
90,25,0.49969300627708435,0.7108936309814453,0.22037270665168762,0.9320322871208191
90,26,0.4002416431903839,0.7312576770782471,0.002412540605291724,0.9726983904838562
90,27,0.4774477779865265,0.7970219850540161,0.6095794439315796,0.8918875455856323
90,28,0.41902604699134827,0.8234015703201294,0.35895079374313354,0.9687002897262573
90,29,0.458210825920105,0.8068572878837585,0.6386353969573975,0.8759845495223999
90,30,0.4083496034145355,0.8363347053527832,0.3823583424091339,0.8566041588783264
90,31,0.5088773369789124,0.8311408758163452,0.48390087485313416,0.9212430119514465
90,32,0.45260557532310486,0.8600853085517883,0.16516727209091187,0.9531434774398804
91,0,0.4946947693824768,0.4103994369506836,-0.4915199279785156,0.9997110962867737
91,1,0.49904754757881165,0.40080371499061584,-0.457550972700119,0.9991023540496826
91,2,0.5012576580047607,0.4012215733528137,-0.4575952887535095,0.9989420771598816
91,3,0.5033266544342041,0.4016461968421936,-0.45757734775543213,0.9989023804664612
91,4,0.48624923825263977,0.3986428380012512,-0.49940791726112366,0.9992734789848328
91,5,0.47951439023017883,0.3974711298942566,-0.49942049384117126,0.999189555644989
91,6,0.471024751663208,0.3961791396141052,-0.4995272755622864,0.9991061091423035
91,7,0.4877783954143524,0.4032673239707947,-0.24093064665794373,0.9975628852844238
91,8,0.44575291872024536,0.3952290415763855,-0.4355693757534027,0.9988653063774109
91,9,0.4894876182079315,0.4210495054721832,-0.4048904776573181,0.9996707439422607
91,10,0.4745926856994629,0.4186553359031677,-0.46101269125938416,0.9998299479484558
91,11,0.49817800521850586,0.45932736992836,-0.042260780930519104,0.9998144507408142
91,12,0.35512539744377136,0.45350393652915955,-0.4191325604915619,0.9999153017997742
91,13,0.5209212303161621,0.5332890152931213,0.07963177561759949,0.8438937067985535
91,14,0.37282779812812805,0.5494218468666077,-0.4491397738456726,0.9918602108955383
91,15,0.5505246520042419,0.591170072555542,-0.08496695756912231,0.9232943058013916
91,16,0.45115500688552856,0.611387312412262,-0.529492974281311,0.981026828289032
91,17,0.5605125427246094,0.6109906435012817,-0.1308998167514801,0.8841465711593628
91,18,0.4650524854660034,0.6298000812530518,-0.5976048111915588,0.9658562541007996
91,19,0.5539785027503967,0.6100767254829407,-0.18598826229572296,0.8914297223091125
91,20,0.47724494338035583,0.6245441436767578,-0.625013530254364,0.9651343822479248
91,21,0.5457368493080139,0.6039533615112305,-0.11253833025693893,0.8782875537872314
91,22,0.47439777851104736,0.6181927919387817,-0.5393301844596863,0.9472866058349609
91,23,0.4809935986995697,0.6198924779891968,0.11468055844306946,0.9985580444335938
91,24,0.38924163579940796,0.6264462471008301,-0.11461614817380905,0.9987357258796692
91,25,0.4967236816883087,0.7107076048851013,0.3403274714946747,0.9301132559776306
91,26,0.40054935216903687,0.7312744855880737,-0.0061254920437932014,0.9730692505836487
91,27,0.4704475700855255,0.7926449179649353,0.746275782585144,0.8900262713432312
91,28,0.4177602529525757,0.8229621648788452,0.26654350757598877,0.9689617156982422
91,29,0.45009440183639526,0.802782416343689,0.7796512842178345,0.8756258487701416
91,30,0.40675854682922363,0.8356820344924927,0.2830629050731659,0.8581329584121704
91,31,0.5110877752304077,0.8308221101760864,0.6662088632583618,0.920047402381897
91,32,0.4526974558830261,0.8599820137023926,0.08140051364898682,0.9537944793701172
92,0,0.5028830170631409,0.41300511360168457,-0.39262670278549194,0.9996823072433472
92,1,0.5065941214561462,0.40334635972976685,-0.35925060510635376,0.9989798069000244
92,2,0.5082932114601135,0.40370315313339233,-0.35930582880973816,0.9988091588020325
92,3,0.5098069310188293,0.4040621221065521,-0.3592912554740906,0.9987800121307373
92,4,0.49586907029151917,0.401211678981781,-0.4060952365398407,0.9991847276687622
92,5,0.48970717191696167,0.3999869227409363,-0.4060911536216736,0.9990761876106262
92,6,0.48256129026412964,0.3986150622367859,-0.40621668100357056,0.9989736080169678
92,7,0.4932333528995514,0.40527042746543884,-0.1659839004278183,0.9974315762519836
92,8,0.4555312991142273,0.39714184403419495,-0.3794351816177368,0.9986032247543335
92,9,0.4957801103591919,0.42341065406799316,-0.3145230710506439,0.9996321797370911
92,10,0.48277002573013306,0.42103704810142517,-0.37626147270202637,0.9998018741607666
92,11,0.4983077049255371,0.4600909352302551,-0.0033892879728227854,0.999810516834259
92,12,0.3567962348461151,0.45376795530319214,-0.4100363552570343,0.9999098777770996
92,13,0.5223316550254822,0.5323972702026367,0.07833408564329147,0.8457866907119751
92,14,0.3730853497982025,0.5490248799324036,-0.44629937410354614,0.9920712113380432
92,15,0.5549067258834839,0.5892063975334167,-0.10549211502075195,0.9251443147659302
92,16,0.45900958776474,0.6085277199745178,-0.5042694807052612,0.9817876219749451
92,17,0.5643972158432007,0.6095294952392578,-0.1470775008201599,0.8867574334144592
92,18,0.4737456738948822,0.6274890899658203,-0.5608457922935486,0.9671897888183594
92,19,0.5564844608306885,0.6097094416618347,-0.19818566739559174,0.8937633037567139
92,20,0.48693937063217163,0.6236327290534973,-0.5803223252296448,0.9664720892906189
92,21,0.5485869646072388,0.6029437184333801,-0.12600430846214294,0.8804937601089478
92,22,0.4821757972240448,0.6164719462394714,-0.5089046359062195,0.9489023089408875
92,23,0.4808351397514343,0.6187467575073242,0.11413753032684326,0.998580276966095
92,24,0.38911810517311096,0.625786542892456,-0.11400521546602249,0.9986938834190369
92,25,0.5141840577125549,0.6771632432937622,-0.1860787570476532,0.9339300394058228
92,26,0.40228602290153503,0.7303452491760254,-0.0382554791867733,0.9714252948760986
92,27,0.4695262610912323,0.767895519733429,0.08831331133842468,0.8892472386360168
92,28,0.4179615378379822,0.823358416557312,0.2423279881477356,0.9671412110328674
92,29,0.4482804238796234,0.7770211696624756,0.11076896637678146,0.8777986168861389
92,30,0.4080338478088379,0.8370659947395325,0.25842276215553284,0.8541738986968994
92,31,0.5138683915138245,0.8063009977340698,-0.029850004240870476,0.9215007424354553
92,32,0.45166775584220886,0.8590672612190247,0.055311065167188644,0.9516702890396118
93,0,0.5121927261352539,0.4205920100212097,-0.3338640332221985,0.9996830821037292
93,1,0.5164160132408142,0.4118826389312744,-0.2966980040073395,0.9989871978759766
93,2,0.5177791118621826,0.412165105342865,-0.2967461347579956,0.998814582824707
93,3,0.5188447833061218,0.4123536944389343,-0.2967343330383301,0.9987925887107849
93,4,0.5056244134902954,0.4089628756046295,-0.3418639600276947,0.9991899132728577
93,5,0.4988175630569458,0.40693575143814087,-0.34183213114738464,0.9990729689598083
93,6,0.49133291840553284,0.40491732954978943,-0.3419318199157715,0.9989736080169678
93,7,0.5047318935394287,0.41265425086021423,-0.09416580945253372,0.9975101351737976
93,8,0.464499294757843,0.40427127480506897,-0.29891303181648254,0.9985815286636353
93,9,0.5051954388618469,0.4309787154197693,-0.2534703016281128,0.9996314644813538
93,10,0.4921073615550995,0.4273099899291992,-0.3128274381160736,0.9998000860214233
93,11,0.5001682043075562,0.46265849471092224,0.05075884237885475,0.9998080730438232
93,12,0.3648662865161896,0.4538190960884094,-0.3276137411594391,0.9999114871025085
93,13,0.5325331091880798,0.5311418771743774,0.058725178241729736,0.8453230261802673
93,14,0.37022659182548523,0.5440760850906372,-0.4104229509830475,0.9924572110176086
93,15,0.5632395148277283,0.5772649645805359,-0.2317398339509964,0.9266328811645508
93,16,0.4641161262989044,0.5928040146827698,-0.45639312267303467,0.982726514339447
93,17,0.5693888068199158,0.5963772535324097,-0.29454678297042847,0.8896870613098145
93,18,0.4834721088409424,0.6145168542861938,-0.5098152160644531,0.9686879515647888
93,19,0.5626183152198792,0.5944663882255554,-0.3358756899833679,0.8963610529899597
93,20,0.5011835098266602,0.6063903570175171,-0.5244085788726807,0.9679575562477112
93,21,0.5568221211433411,0.5881748199462891,-0.25648340582847595,0.8828318119049072
93,22,0.49693578481674194,0.600983738899231,-0.45761802792549133,0.9507927298545837
93,23,0.4836218059062958,0.6176174879074097,0.11185804009437561,0.9986377358436584
93,24,0.3906826078891754,0.6248737573623657,-0.11164453625679016,0.9987255334854126
93,25,0.5357316732406616,0.657063364982605,-0.25795719027519226,0.9385138154029846
93,26,0.4088691771030426,0.7283112406730652,-0.05486172065138817,0.9717974066734314
93,27,0.46956726908683777,0.7522562742233276,-0.0023872109595686197,0.891984224319458
93,28,0.42277634143829346,0.8281590342521667,0.18979263305664062,0.9676203727722168
93,29,0.4484518766403198,0.7612775564193726,0.018655817955732346,0.8825152516365051
93,30,0.41466230154037476,0.8411697149276733,0.20103946328163147,0.8567386269569397
93,31,0.5155882239341736,0.7870165109634399,-0.11992411315441132,0.9244712591171265
93,32,0.45100104808807373,0.858376145362854,-0.0010273983934894204,0.9520977735519409
94,0,0.52309250831604,0.4357438087463379,-0.27820321917533875,0.9996587038040161
94,1,0.5285395979881287,0.42584672570228577,-0.2416030913591385,0.9989563822746277
94,2,0.5296002626419067,0.4260047376155853,-0.24165081977844238,0.9987865686416626
94,3,0.5302460789680481,0.4261016249656677,-0.24168360233306885,0.9987695217132568
94,4,0.5198066830635071,0.4236059784889221,-0.2859558165073395,0.9991584420204163
94,5,0.5145856142044067,0.421797513961792,-0.28593841195106506,0.9990284442901611
94,6,0.5079184770584106,0.41961032152175903,-0.2860315144062042,0.9989351034164429
94,7,0.5115033388137817,0.42382845282554626,-0.05181923508644104,0.9975432753562927
94,8,0.479050874710083,0.41662144660949707,-0.2521090507507324,0.9984894394874573
94,9,0.5153241753578186,0.4451957643032074,-0.20395660400390625,0.9996136426925659
94,10,0.5045945644378662,0.44190534949302673,-0.2621765434741974,0.999789297580719
94,11,0.5066109895706177,0.4715939164161682,0.0654379352927208,0.9997906684875488
94,12,0.3718257546424866,0.4546922743320465,-0.2803601026535034,0.999911367893219
94,13,0.5465282201766968,0.5317980051040649,0.014801095239818096,0.8445660471916199
94,14,0.3688512444496155,0.5424192547798157,-0.3684896230697632,0.9927964806556702
94,15,0.5669383406639099,0.5705770254135132,-0.31801721453666687,0.9259820580482483
94,16,0.46979936957359314,0.5841326713562012,-0.4082833528518677,0.9835565686225891
94,17,0.5722487568855286,0.5838991403579712,-0.38846129179000854,0.8902522325515747
94,18,0.490729957818985,0.6021828651428223,-0.45734265446662903,0.9699834585189819
94,19,0.564921498298645,0.5801787972450256,-0.4183911085128784,0.8966032862663269
94,20,0.5095229148864746,0.5944422483444214,-0.46596378087997437,0.9692564606666565
94,21,0.5588428378105164,0.5763372778892517,-0.33927249908447266,0.8825840353965759
94,22,0.5029518604278564,0.5894204378128052,-0.4062062203884125,0.952302873134613
94,23,0.4835697114467621,0.6126213073730469,0.10903050005435944,0.9986635446548462
94,24,0.3904261589050293,0.6222480535507202,-0.1087435632944107,0.9987210631370544
94,25,0.545657217502594,0.6378235220909119,-0.33091792464256287,0.9423134922981262
94,26,0.41474735736846924,0.7261894941329956,-0.10390016436576843,0.971760094165802
94,27,0.4733077883720398,0.72895348072052,-0.11359275877475739,0.8929538130760193
94,28,0.42355549335479736,0.8277987241744995,0.10845056176185608,0.9676174521446228
94,29,0.45054346323013306,0.7417765855789185,-0.09538125991821289,0.8857824206352234
94,30,0.41643959283828735,0.8408375978469849,0.1187157928943634,0.8573939204216003
94,31,0.5197969675064087,0.7672592401504517,-0.22086453437805176,0.9255739450454712
94,32,0.4511996805667877,0.855190098285675,-0.07712406665086746,0.9511119723320007
95,0,0.5398468375205994,0.4486066699028015,-0.4175868630409241,0.9996450543403625
95,1,0.546664834022522,0.439354807138443,-0.3739979565143585,0.9989734888076782
95,2,0.5475780963897705,0.4397324025630951,-0.37405040860176086,0.9988204836845398
95,3,0.5478391647338867,0.4400319457054138,-0.3741976320743561,0.99878990650177
95,4,0.5370105504989624,0.4363671839237213,-0.41680634021759033,0.9991532564163208
95,5,0.531783938407898,0.4346195161342621,-0.4167782962322235,0.9990216493606567
95,6,0.5251145958900452,0.43246403336524963,-0.4168400168418884,0.9989262819290161
95,7,0.5272727608680725,0.4377014636993408,-0.14232824742794037,0.9976628422737122
95,8,0.49533790349960327,0.4282587468624115,-0.3354368507862091,0.9985125660896301
95,9,0.5293566584587097,0.4573044180870056,-0.3307349979877472,0.9996216893196106
95,10,0.5190788507461548,0.4536100924015045,-0.3875717520713806,0.9997968077659607
95,11,0.5207995772361755,0.48784130811691284,-0.025677569210529327,0.999770998954773
95,12,0.3859894275665283,0.4619210660457611,-0.3159397542476654,0.999910831451416
95,13,0.5599945783615112,0.5481396317481995,-0.18762989342212677,0.8463571667671204
95,14,0.3565270006656647,0.5424209833145142,-0.406613826751709,0.9931078553199768
95,15,0.5689824223518372,0.5539255142211914,-0.6405476927757263,0.9239033460617065
95,16,0.46962153911590576,0.5735130906105042,-0.4884314239025116,0.9837019443511963
95,17,0.5731438398361206,0.5574626326560974,-0.7338473796844482,0.8885878920555115
95,18,0.492994487285614,0.5849059820175171,-0.5384069085121155,0.9696949124336243
95,19,0.5650529861450195,0.5518780946731567,-0.7399649620056152,0.8942682147026062
95,20,0.5110792517662048,0.5782519578933716,-0.5170344114303589,0.9688968062400818
95,21,0.558935821056366,0.5505387783050537,-0.6551768779754639,0.8788756728172302
95,22,0.5034509301185608,0.5735939741134644,-0.4776465892791748,0.951064944267273
95,23,0.4833904206752777,0.6118085980415344,0.10227540135383606,0.9986411333084106
95,24,0.390352338552475,0.6215150356292725,-0.1019127294421196,0.9986788630485535
95,25,0.555836021900177,0.6226264238357544,-0.35781314969062805,0.9448341727256775
95,26,0.41832950711250305,0.7247942686080933,-0.142936110496521,0.9716625213623047
95,27,0.4746735990047455,0.712254524230957,-0.06085030362010002,0.8910397887229919
95,28,0.42402130365371704,0.8264821767807007,0.1038743406534195,0.967155396938324
95,29,0.4510498046875,0.7177658677101135,-0.034223638474941254,0.8856210708618164
95,30,0.4165825843811035,0.8371554613113403,0.11719167232513428,0.8573331832885742
95,31,0.5250183343887329,0.7503942847251892,-0.1681399792432785,0.9243150949478149
95,32,0.4547363221645355,0.8547435998916626,-0.10027376562356949,0.9485865235328674
96,0,0.551974356174469,0.46519026160240173,-0.33849668502807617,0.9995797872543335
96,1,0.5562129616737366,0.4552021622657776,-0.30506038665771484,0.9989290237426758
96,2,0.5559313297271729,0.4549519419670105,-0.30507853627204895,0.9987905025482178
96,3,0.55519700050354,0.4545883536338806,-0.3051866888999939,0.9987646341323853
96,4,0.5496954321861267,0.45299941301345825,-0.3542400896549225,0.9990949034690857
96,5,0.5450782775878906,0.4512128233909607,-0.35425645112991333,0.9989354014396667
96,6,0.5393983721733093,0.44908517599105835,-0.35434025526046753,0.9988510012626648
96,7,0.5311563014984131,0.4500524401664734,-0.12359819561243057,0.9977182149887085
96,8,0.5079201459884644,0.4436381757259369,-0.3404349982738495,0.9984142780303955
96,9,0.5375176072120667,0.47357550263404846,-0.2684456706047058,0.9995866417884827
96,10,0.5293937921524048,0.47070980072021484,-0.33413684368133545,0.9997782111167908
96,11,0.5309926271438599,0.49721723794937134,-0.018192371353507042,0.9997368454933167
96,12,0.39402318000793457,0.4724280834197998,-0.32354044914245605,0.9999034404754639
96,13,0.5640771389007568,0.5555166006088257,-0.10880236327648163,0.8418030738830566
96,14,0.3443065881729126,0.543635368347168,-0.4177097678184509,0.9930253624916077
96,15,0.5689127445220947,0.5544922351837158,-0.45399484038352966,0.9156743884086609
96,16,0.4692198932170868,0.5676081776618958,-0.48688435554504395,0.9829283356666565
96,17,0.5733532309532166,0.5573179125785828,-0.5226457118988037,0.8783524036407471
96,18,0.49566078186035156,0.5771559476852417,-0.527812123298645,0.9677865505218506
96,19,0.5650447607040405,0.5502113103866577,-0.5280623435974121,0.8834314346313477
96,20,0.5113288164138794,0.5689743757247925,-0.5161963701248169,0.9668620228767395
96,21,0.558887243270874,0.5489368438720703,-0.4646492004394531,0.8666204810142517
96,22,0.5024401545524597,0.5657214522361755,-0.47561895847320557,0.9471275806427002
96,23,0.48310762643814087,0.609757125377655,0.10199243575334549,0.9984344840049744
96,24,0.3902508318424225,0.6192840933799744,-0.10164840519428253,0.9985000491142273
96,25,0.5556464195251465,0.6020816564559937,-0.30201661586761475,0.9420284628868103
96,26,0.4230588376522064,0.7154558897018433,-0.1640598624944687,0.96839439868927
96,27,0.4805507957935333,0.6967534422874451,-0.10723177343606949,0.8777318596839905
96,28,0.4251052439212799,0.8229507207870483,-0.03355918079614639,0.963698148727417
96,29,0.4541075527667999,0.7044161558151245,-0.09006545692682266,0.8782929182052612
96,30,0.4106746315956116,0.8371292352676392,-0.02970241941511631,0.85462486743927
96,31,0.5318019390106201,0.7332135438919067,-0.1981498897075653,0.9162667393684387
96,32,0.456942081451416,0.8531535267829895,-0.2193981558084488,0.9423707723617554
97,0,0.554584264755249,0.47951826453208923,-0.4045777916908264,0.9995129704475403
97,1,0.5624415874481201,0.469251811504364,-0.37644636631011963,0.9988641142845154
97,2,0.5633990168571472,0.46904534101486206,-0.3764282763004303,0.9987353682518005
97,3,0.5638239979743958,0.4687718451023102,-0.37653252482414246,0.9986867308616638
97,4,0.5530523657798767,0.4668673574924469,-0.41846609115600586,0.9990137219429016
97,5,0.5476313829421997,0.46498316526412964,-0.4185227155685425,0.9988487958908081
97,6,0.5414080023765564,0.4627668261528015,-0.4186483919620514,0.9987796545028687
97,7,0.5421499609947205,0.4643738269805908,-0.19156767427921295,0.9976869821548462
97,8,0.5128836035728455,0.45703125,-0.38520312309265137,0.9983772039413452
97,9,0.5430506467819214,0.48707813024520874,-0.3313019573688507,0.9995392560958862
97,10,0.5325350165367126,0.48391953110694885,-0.3883393704891205,0.9997574090957642
97,11,0.5365803837776184,0.49911683797836304,-0.06409962475299835,0.9996458888053894
97,12,0.4036516845226288,0.4798368811607361,-0.324010968208313,0.9998989105224609
97,13,0.5613913536071777,0.5477584004402161,-0.1401422917842865,0.8246898651123047
97,14,0.341403067111969,0.5436199903488159,-0.4456254839897156,0.9930088520050049
97,15,0.5688163042068481,0.5412541627883911,-0.45767369866371155,0.8979694843292236
97,16,0.47489607334136963,0.5624502897262573,-0.5083099007606506,0.9815134406089783
97,17,0.5737689733505249,0.5470689535140991,-0.5196868181228638,0.8583633899688721
97,18,0.5060965418815613,0.5693541765213013,-0.5417731404304504,0.9639662504196167
97,19,0.5646157264709473,0.5418288111686707,-0.5230412483215332,0.8629871010780334
97,20,0.5184889435768127,0.5614769458770752,-0.5266984105110168,0.9629346132278442
97,21,0.557927131652832,0.5401476621627808,-0.4674011170864105,0.8462541103363037
97,22,0.5067740678787231,0.5591685771942139,-0.4975831210613251,0.9414814114570618
97,23,0.4829053580760956,0.6055769920349121,0.09852536767721176,0.9982046484947205
97,24,0.38935932517051697,0.6167527437210083,-0.09824822843074799,0.9984602928161621
97,25,0.553789496421814,0.5804285407066345,-0.2258944809436798,0.9331337809562683
97,26,0.42637190222740173,0.7105668187141418,-0.1850619614124298,0.9673206806182861
97,27,0.4888171851634979,0.6803329586982727,-0.04644603282213211,0.8674586415290833
97,28,0.42652371525764465,0.8206372261047363,-0.1462142914533615,0.9636370539665222
97,29,0.47720959782600403,0.6883045434951782,-0.033002350479364395,0.874345600605011
97,30,0.4155625104904175,0.8344481587409973,-0.15181326866149902,0.8604995608329773
97,31,0.5394232273101807,0.7200455069541931,-0.13625077903270721,0.9102895855903625
97,32,0.45856577157974243,0.8528987765312195,-0.34864041209220886,0.9413862228393555
98,0,0.5524786710739136,0.48821455240249634,-0.5608294606208801,0.9995469450950623
98,1,0.5605868697166443,0.4785504937171936,-0.5330731272697449,0.9989498853683472
98,2,0.56273353099823,0.4785451889038086,-0.5330324172973633,0.9988310933113098
98,3,0.5646693110466003,0.4784862995147705,-0.5331085324287415,0.9987778663635254
98,4,0.5499182939529419,0.47587499022483826,-0.5665520429611206,0.9990862011909485
98,5,0.5446153283119202,0.47382816672325134,-0.5666248202323914,0.9989354610443115
98,6,0.5384300351142883,0.4715324342250824,-0.5667025446891785,0.9988721609115601
98,7,0.5491089224815369,0.47520413994789124,-0.3196181058883667,0.9978698492050171
98,8,0.5124894380569458,0.4658129811286926,-0.4758886694908142,0.9985118508338928
98,9,0.5445966124534607,0.4951052665710449,-0.47324398159980774,0.9995666146278381
98,10,0.5334147810935974,0.4926896095275879,-0.5190253853797913,0.9997729659080505
98,11,0.5406284928321838,0.5002542734146118,-0.132314071059227,0.9996606707572937
98,12,0.40559881925582886,0.4858091473579407,-0.37299567461013794,0.9999048709869385
98,13,0.5642493367195129,0.5337730050086975,-0.11397625505924225,0.8283989429473877
98,14,0.34207627177238464,0.5461341142654419,-0.4447934031486511,0.9931684732437134
98,15,0.5687532424926758,0.5427604913711548,-0.3911955952644348,0.8983068466186523
98,16,0.47555941343307495,0.5593481063842773,-0.5095224380493164,0.9812681078910828
98,17,0.573570966720581,0.5473594665527344,-0.4691176116466522,0.8570677042007446
98,18,0.5057730078697205,0.5648694634437561,-0.5444802045822144,0.9624297022819519
98,19,0.5638760924339294,0.5427917242050171,-0.5160751938819885,0.8613454103469849
98,20,0.5164609551429749,0.5570861101150513,-0.5291897058486938,0.9614489674568176
98,21,0.5570399165153503,0.5418730974197388,-0.41224128007888794,0.8455460071563721
98,22,0.5057488679885864,0.5549210906028748,-0.5025562047958374,0.9396628141403198
98,23,0.48260414600372314,0.6017648577690125,0.0983106791973114,0.9980995059013367
98,24,0.38928958773612976,0.6137505769729614,-0.09808070212602615,0.9985302090644836
98,25,0.5524100661277771,0.5797194838523865,-0.05401655659079552,0.9198148250579834
98,26,0.42966052889823914,0.7068918347358704,-0.2234417200088501,0.9682579040527344
98,27,0.5067651271820068,0.680188775062561,0.16796644032001495,0.8565239906311035
98,28,0.42695847153663635,0.8189528584480286,-0.21850626170635223,0.9651431441307068
98,29,0.494615763425827,0.6934678554534912,0.1850946843624115,0.8687968850135803
98,30,0.4155992269515991,0.8324230313301086,-0.226912260055542,0.8681091070175171
98,31,0.575720489025116,0.7189018130302429,0.10499981790781021,0.9021307229995728
98,32,0.46181127429008484,0.8527641296386719,-0.4302116334438324,0.9427558183670044
99,0,0.5543736219406128,0.49179282784461975,-0.5808446407318115,0.9995695352554321
99,1,0.5620520114898682,0.48227787017822266,-0.55293869972229,0.9990090727806091
99,2,0.564350426197052,0.48223406076431274,-0.5528974533081055,0.9988967180252075
99,3,0.5664995908737183,0.4821460247039795,-0.5529740452766418,0.9988336563110352
99,4,0.5516378879547119,0.4798352122306824,-0.5864181518554688,0.9991388320922852
99,5,0.546579897403717,0.4778488278388977,-0.5864973664283752,0.9990002512931824
99,6,0.5407654047012329,0.4756719172000885,-0.586608350276947,0.9989432692527771
99,7,0.5506508946418762,0.4780300557613373,-0.3381809890270233,0.9980083107948303
99,8,0.5155889987945557,0.46981972455978394,-0.4929744005203247,0.99862140417099
99,9,0.5470348596572876,0.4982379972934723,-0.4923248291015625,0.9995774030685425
99,10,0.5362355709075928,0.49597135186195374,-0.5376802086830139,0.9997820854187012
99,11,0.5397239923477173,0.49904242157936096,-0.13772401213645935,0.9996588230133057
99,12,0.40960434079170227,0.4861544072628021,-0.39655476808547974,0.9999079704284668
99,13,0.5814633369445801,0.5307303667068481,-0.094456747174263,0.829380989074707
99,14,0.34306907653808594,0.5460179448127747,-0.46427464485168457,0.99338698387146
99,15,0.5693358778953552,0.5401531457901001,-0.25525185465812683,0.8967796564102173
99,16,0.47715118527412415,0.5578056573867798,-0.5402531027793884,0.9815768003463745
99,17,0.5743100643157959,0.5444358587265015,-0.2964077889919281,0.8540095090866089
99,18,0.5057872533798218,0.5636483430862427,-0.5796246528625488,0.9621898531913757
99,19,0.5636264085769653,0.5405124425888062,-0.3190528154373169,0.8580403923988342
99,20,0.5149106383323669,0.5556041598320007,-0.5784443616867065,0.9612436294555664
99,21,0.5565147995948792,0.5394355058670044,-0.2667844593524933,0.8434771299362183
99,22,0.50493323802948,0.5538837313652039,-0.535222589969635,0.9396114349365234
99,23,0.4794081747531891,0.5999978184700012,0.09921980649232864,0.997897744178772
99,24,0.38703399896621704,0.6123028993606567,-0.09898742288351059,0.9985123872756958
99,25,0.5497447848320007,0.5840305089950562,-0.08734839409589767,0.9109209775924683
99,26,0.43211695551872253,0.7065206170082092,-0.22060956060886383,0.9680033922195435
99,27,0.5368383526802063,0.6770632863044739,0.1376783549785614,0.844404399394989
99,28,0.42711135745048523,0.8184746503829956,-0.17844811081886292,0.965310275554657
99,29,0.5163476467132568,0.6907965540885925,0.1575430929660797,0.8633593916893005
99,30,0.41555675864219666,0.831741213798523,-0.1829012930393219,0.8734270930290222
99,31,0.5803219079971313,0.7204230427742004,0.05935444310307503,0.8918336629867554
99,32,0.46346282958984375,0.8534785509109497,-0.38586747646331787,0.9416109919548035
100,0,0.5540977716445923,0.49009841680526733,-0.5818086862564087,0.9995792508125305
100,1,0.5610643029212952,0.4805799126625061,-0.5499061346054077,0.9990391135215759
100,2,0.5630372166633606,0.48030486702919006,-0.5499025583267212,0.9989272356033325
100,3,0.5649791955947876,0.479968398809433,-0.5499843955039978,0.9988442659378052
100,4,0.5521267652511597,0.4785069525241852,-0.5888332724571228,0.9991740584373474
100,5,0.5473577976226807,0.47669968008995056,-0.5889207124710083,0.9990460872650146
100,6,0.5416702628135681,0.4746316373348236,-0.5890324711799622,0.9989964365959167
100,7,0.5498430132865906,0.4757235646247864,-0.32380732893943787,0.9980435967445374
100,8,0.5158116817474365,0.46841397881507874,-0.504625141620636,0.9987056255340576
100,9,0.5463289618492126,0.4971492886543274,-0.49000659584999084,0.9995509386062622
100,10,0.5355959534645081,0.49509650468826294,-0.5430547595024109,0.9997819066047668
100,11,0.5373945832252502,0.4975777268409729,-0.1058855801820755,0.9996398687362671
100,12,0.410045325756073,0.48547759652137756,-0.4192187786102295,0.9999127984046936
100,13,0.5760469436645508,0.5230085849761963,0.00041004663216881454,0.8231661319732666
100,14,0.34055209159851074,0.5452750325202942,-0.48323991894721985,0.9934277534484863
100,15,0.5711587071418762,0.5389477014541626,-0.16314034163951874,0.8933111429214478
100,16,0.47604188323020935,0.5592444539070129,-0.5721583366394043,0.981635570526123
100,17,0.5770412683486938,0.5438248515129089,-0.1972610205411911,0.8507086038589478
100,18,0.500157356262207,0.5663328766822815,-0.6177945733070374,0.962164044380188
100,19,0.5645791292190552,0.5411996841430664,-0.23090635240077972,0.8548047542572021
100,20,0.5078182220458984,0.5588196516036987,-0.6247578263282776,0.9612441658973694
100,21,0.5568731427192688,0.5394266843795776,-0.17979145050048828,0.8413469195365906
100,22,0.500453770160675,0.5562974214553833,-0.5694398880004883,0.9392989873886108
100,23,0.47165247797966003,0.5996474623680115,0.12042756378650665,0.9978090524673462
100,24,0.38426169753074646,0.6126836538314819,-0.12024632841348648,0.9985954761505127
100,25,0.5498675107955933,0.592645525932312,0.026768062263727188,0.9019550681114197
100,26,0.43464216589927673,0.7067225575447083,-0.3375890254974365,0.9696755409240723
100,27,0.5251584053039551,0.692965567111969,0.2521788477897644,0.8374531865119934
100,28,0.4271338880062103,0.820094108581543,-0.3706120252609253,0.9673479199409485
100,29,0.5090852379798889,0.7058777213096619,0.2683655023574829,0.8623929619789124
100,30,0.4084874093532562,0.8394075632095337,-0.38447290658950806,0.8822105526924133
100,31,0.5962600111961365,0.7249401807785034,0.17990532517433167,0.8861859440803528
100,32,0.4722849428653717,0.854202151298523,-0.6157413721084595,0.944271981716156
101,0,0.5533909201622009,0.4832691252231598,-0.5783495306968689,0.9995896220207214
101,1,0.5600961446762085,0.47362104058265686,-0.52142333984375,0.9990793466567993
101,2,0.5619128346443176,0.47331780195236206,-0.5212739109992981,0.9989768862724304
101,3,0.5635861158370972,0.47294920682907104,-0.5210292935371399,0.9988926649093628
101,4,0.550658106803894,0.4713820815086365,-0.5647294521331787,0.9992037415504456
101,5,0.5454915165901184,0.46947604417800903,-0.5645737051963806,0.9990816712379456
101,6,0.5395338535308838,0.46746039390563965,-0.5646496415138245,0.9990370273590088
101,7,0.5490626096725464,0.4689578413963318,-0.28239527344703674,0.998153567314148
101,8,0.5144346356391907,0.4618604779243469,-0.46971359848976135,0.9987875819206238
101,9,0.5465618371963501,0.4914003014564514,-0.4748416543006897,0.9995721578598022
101,10,0.5346857905387878,0.48832088708877563,-0.5333421230316162,0.9997934103012085
101,11,0.541206955909729,0.4965997636318207,-0.08844269067049026,0.9996607303619385
101,12,0.4110764265060425,0.4842013716697693,-0.40619808435440063,0.9999187588691711
101,13,0.5716001987457275,0.5255346298217773,-0.088983453810215,0.8262338638305664
101,14,0.34011828899383545,0.5397291779518127,-0.4697583019733429,0.9936082363128662
101,15,0.5742925405502319,0.5423904657363892,-0.4041106700897217,0.8938359618186951
101,16,0.4753902554512024,0.5614021420478821,-0.5702739953994751,0.9814180731773376
101,17,0.5785115361213684,0.5485990047454834,-0.47033172845840454,0.8527778387069702
101,18,0.4936399757862091,0.5708655118942261,-0.619001567363739,0.9618037939071655
101,19,0.565233588218689,0.5454674363136292,-0.49017828702926636,0.8566714525222778
101,20,0.5022572875022888,0.5633324980735779,-0.6242247819900513,0.9608672261238098
101,21,0.5581674575805664,0.5429179668426514,-0.4198557138442993,0.8434621691703796
101,22,0.49640417098999023,0.5601178407669067,-0.5678562521934509,0.9385545253753662
101,23,0.4721316993236542,0.5989674925804138,0.11759734898805618,0.9976732730865479
101,24,0.38375213742256165,0.6124431490898132,-0.11739613115787506,0.998607873916626
101,25,0.5574235320091248,0.6013671159744263,-0.0002100009296555072,0.8975951671600342
101,26,0.4348047375679016,0.7080994248390198,-0.3238043785095215,0.9698703289031982
101,27,0.5260198712348938,0.6962162256240845,0.16573141515254974,0.8273690342903137
101,28,0.42786267399787903,0.8203108906745911,-0.3158426284790039,0.9669677019119263
101,29,0.5099056959152222,0.7063467502593994,0.1798834502696991,0.8568384647369385
101,30,0.403126984834671,0.8388999700546265,-0.32518869638442993,0.8834408521652222
101,31,0.5962780117988586,0.7317746877670288,0.11945822089910507,0.8763552308082581
101,32,0.4727967083454132,0.8541166186332703,-0.550476610660553,0.9415051937103271
102,0,0.5536217093467712,0.4824511408805847,-0.30553871393203735,0.9996201395988464
102,1,0.5602954626083374,0.4719468057155609,-0.27579906582832336,0.9991540908813477
102,2,0.5615717768669128,0.4715840816497803,-0.27587446570396423,0.9990627765655518
102,3,0.5626472234725952,0.4710734784603119,-0.27595341205596924,0.9989854693412781
102,4,0.5521201491355896,0.4708661139011383,-0.3156124949455261,0.9992634654045105
102,5,0.5473237633705139,0.4686940312385559,-0.3156411051750183,0.9991497993469238
102,6,0.541431725025177,0.46588200330734253,-0.31570225954055786,0.9991072416305542
102,7,0.5460370182991028,0.4658636152744293,-0.09715509414672852,0.9983153343200684
102,8,0.5139614939689636,0.45967596769332886,-0.27966436743736267,0.9988832473754883
102,9,0.5458328723907471,0.49094367027282715,-0.23322732746601105,0.9996074438095093
102,10,0.535043478012085,0.48796191811561584,-0.28677892684936523,0.9998099207878113
102,11,0.5397419333457947,0.4961373209953308,0.01796826720237732,0.9996905326843262
102,12,0.4118683338165283,0.47519373893737793,-0.2623230218887329,0.9999247789382935
102,13,0.5732178092002869,0.5268598198890686,-0.07694360613822937,0.8343670964241028
102,14,0.34069177508354187,0.533507227897644,-0.3690657615661621,0.99384605884552
102,15,0.5772817134857178,0.5446505546569824,-0.4202481210231781,0.9006648659706116
102,16,0.4706963002681732,0.5633267164230347,-0.49583080410957336,0.9818158745765686
102,17,0.5825814604759216,0.5514237880706787,-0.49768877029418945,0.8626405000686646
102,18,0.48748579621315,0.5729252099990845,-0.5461618900299072,0.9628667831420898
102,19,0.5686718225479126,0.5478348731994629,-0.5182358622550964,0.8663302063941956
102,20,0.5000085830688477,0.5635179877281189,-0.5526453852653503,0.9619463086128235
102,21,0.5611844658851624,0.5458884239196777,-0.4373146891593933,0.8533639311790466
102,22,0.4952660799026489,0.5615329742431641,-0.49422353506088257,0.9398588538169861
102,23,0.47245660424232483,0.5998227596282959,0.11675182729959488,0.9977713227272034
102,24,0.3837393522262573,0.612686038017273,-0.11657235026359558,0.9986573457717896
102,25,0.5613905787467957,0.6116625666618347,-0.19590793550014496,0.900654673576355
102,26,0.436724990606308,0.7089560627937317,-0.3160673975944519,0.970074474811554
102,27,0.5228954553604126,0.7242482900619507,-0.023091794922947884,0.8253993391990662
102,28,0.4276138246059418,0.8205888867378235,-0.29098331928253174,0.9654709100723267
102,29,0.5061160326004028,0.7357321977615356,-0.010095441713929176,0.8563470244407654
102,30,0.39528998732566833,0.8398634195327759,-0.2984848916530609,0.880887508392334
102,31,0.591074526309967,0.7524287700653076,-0.11493439227342606,0.8743165731430054
102,32,0.47177374362945557,0.8539395332336426,-0.5125991702079773,0.9380356669425964
103,0,0.5522859692573547,0.464717298746109,-0.2681943476200104,0.9996311068534851
103,1,0.5588433742523193,0.4540705680847168,-0.2366458922624588,0.9991889595985413
103,2,0.5602281093597412,0.4539792537689209,-0.2367735505104065,0.9991076588630676
103,3,0.5614051818847656,0.45374250411987305,-0.23687705397605896,0.9990366697311401
103,4,0.5504329204559326,0.45219165086746216,-0.27688470482826233,0.9992802739143372
103,5,0.545972466468811,0.4502370357513428,-0.27687913179397583,0.9991645812988281
103,6,0.5402205586433411,0.4477998614311218,-0.2769547700881958,0.9991166591644287
103,7,0.5447000861167908,0.4494155943393707,-0.05217830464243889,0.998421847820282
103,8,0.5122129321098328,0.4423506259918213,-0.23445892333984375,0.9989143013954163
103,9,0.5449480414390564,0.4732505679130554,-0.19455738365650177,0.9996318817138672
103,10,0.5344309210777283,0.46994152665138245,-0.2477298527956009,0.9998205900192261
103,11,0.535874605178833,0.48436808586120605,0.058742739260196686,0.9997156262397766
103,12,0.4129413962364197,0.464304119348526,-0.24003535509109497,0.9999275207519531
103,13,0.5708078742027283,0.526374876499176,-0.07178124040365219,0.8426113724708557
103,14,0.3416232764720917,0.5271503329277039,-0.35779228806495667,0.9941449165344238
103,15,0.5794206261634827,0.5456085205078125,-0.46042102575302124,0.9081491827964783
103,16,0.46468794345855713,0.5643640756607056,-0.48158755898475647,0.982610285282135
103,17,0.5864290595054626,0.5563791990280151,-0.5474268794059753,0.8733379244804382
103,18,0.47812432050704956,0.5756171941757202,-0.5368425250053406,0.9646968245506287
103,19,0.5731956958770752,0.5538301467895508,-0.5725162625312805,0.876771092414856
103,20,0.49222320318222046,0.5714281797409058,-0.5477451682090759,0.9637923240661621
103,21,0.5652655959129333,0.5497289299964905,-0.4811035692691803,0.8642598986625671
103,22,0.48930609226226807,0.5667290091514587,-0.48244184255599976,0.9425451159477234
103,23,0.4725399315357208,0.6019871830940247,0.11552450060844421,0.9978116154670715
103,24,0.3837600648403168,0.6135832071304321,-0.11531952768564224,0.9985583424568176
103,25,0.5653852820396423,0.6334417462348938,-0.2552880048751831,0.9056936502456665
103,26,0.4360291659832001,0.711357057094574,-0.2673315703868866,0.9703938364982605
103,27,0.5193468928337097,0.743392288684845,-0.05892466381192207,0.8245295286178589
103,28,0.42706960439682007,0.820916473865509,-0.19777263700962067,0.964144766330719
103,29,0.5029592514038086,0.7532122135162354,-0.044656720012426376,0.8563357591629028
103,30,0.3975384533405304,0.839649498462677,-0.19079221785068512,0.8790225982666016
103,31,0.5837249755859375,0.7676302194595337,-0.1603827178478241,0.8728000521659851
103,32,0.47087520360946655,0.854803740978241,-0.39960813522338867,0.9347628951072693
104,0,0.5489105582237244,0.4478680491447449,-0.19393503665924072,0.9996435046195984
104,1,0.5528744459152222,0.4381738305091858,-0.16455607116222382,0.9992081522941589
104,2,0.5532037615776062,0.43803563714027405,-0.16467441618442535,0.9991266131401062
104,3,0.5532610416412354,0.43784037232398987,-0.16474291682243347,0.99906325340271
104,4,0.5458216667175293,0.4362557530403137,-0.20891520380973816,0.9992998838424683
104,5,0.5420207381248474,0.4346730709075928,-0.2089005410671234,0.9991874098777771
104,6,0.5367295742034912,0.4328199326992035,-0.2089795172214508,0.9991417527198792
104,7,0.5319817066192627,0.43425148725509644,-0.0049032908864319324,0.9984676837921143
104,8,0.5096024870872498,0.4285338521003723,-0.20573636889457703,0.9989594221115112
104,9,0.53730708360672,0.45641350746154785,-0.13046209514141083,0.9996503591537476
104,10,0.5292584896087646,0.4534410536289215,-0.18902714550495148,0.9998308420181274
104,11,0.5230735540390015,0.4750608503818512,0.09387468546628952,0.9997362494468689
104,12,0.409637451171875,0.45780667662620544,-0.2517508864402771,0.9999324679374695
104,13,0.5671988725662231,0.5213029384613037,0.007391870487481356,0.8468083739280701
104,14,0.35271117091178894,0.5295630097389221,-0.3329072594642639,0.9944115281105042
104,15,0.5809532999992371,0.5464977025985718,-0.34158894419670105,0.9144608974456787
104,16,0.46440941095352173,0.5753945112228394,-0.3607237637042999,0.9836008548736572
104,17,0.5903734564781189,0.5631898045539856,-0.4200226664543152,0.8823496103286743
104,18,0.4779990315437317,0.5951359868049622,-0.4067966043949127,0.96683269739151
104,19,0.5783644914627075,0.559331476688385,-0.44408369064331055,0.8855686187744141
104,20,0.4921383261680603,0.5904996395111084,-0.42263439297676086,0.9659520983695984
104,21,0.5697192549705505,0.5520613193511963,-0.36266279220581055,0.8735008835792542
104,22,0.4890340268611908,0.584762454032898,-0.36193719506263733,0.9458591341972351
104,23,0.4726759195327759,0.60346519947052,0.11670386046171188,0.9977213144302368
104,24,0.3838265836238861,0.6136915683746338,-0.11649633944034576,0.998510479927063
104,25,0.5626192092895508,0.6545274257659912,-0.08279131352901459,0.9009632468223572
104,26,0.435835599899292,0.7099682688713074,-0.31061431765556335,0.97087562084198
104,27,0.5172038078308105,0.7590538263320923,0.1308547407388687,0.8090829849243164
104,28,0.42610037326812744,0.8194475173950195,-0.22918877005577087,0.9635515809059143
104,29,0.500758707523346,0.7713639736175537,0.146178737282753,0.8460564017295837
104,30,0.39795154333114624,0.8372482061386108,-0.22884443402290344,0.8780263066291809
104,31,0.579874575138092,0.7887321710586548,0.067787304520607,0.8593416213989258
104,32,0.47027474641799927,0.8546023368835449,-0.41373804211616516,0.9341675639152527
105,0,0.5417889356613159,0.43369054794311523,-0.2929134666919708,0.9996595978736877
105,1,0.5458784103393555,0.4241238236427307,-0.26016202569007874,0.999223530292511
105,2,0.546170711517334,0.42424649000167847,-0.26020511984825134,0.999134361743927
105,3,0.5460958480834961,0.42431944608688354,-0.26042428612709045,0.9990752339363098
105,4,0.5385745763778687,0.42166534066200256,-0.3011327087879181,0.9993244409561157
105,5,0.5338655710220337,0.4199674725532532,-0.3012670874595642,0.9992163181304932
105,6,0.5276440978050232,0.41793376207351685,-0.3014158606529236,0.9991688132286072
105,7,0.5237099528312683,0.42149585485458374,-0.08001785725355148,0.9984533190727234
105,8,0.49908527731895447,0.4137466549873352,-0.2675960659980774,0.9990027546882629
105,9,0.5298235416412354,0.44204288721084595,-0.2226206660270691,0.9996669292449951
105,10,0.521149218082428,0.43950480222702026,-0.27782249450683594,0.9998405575752258
105,11,0.5167111754417419,0.46543318033218384,0.04331992566585541,0.9997588992118835
105,12,0.40852123498916626,0.45082172751426697,-0.31072351336479187,0.9999372959136963
105,13,0.5619382262229919,0.5206372141838074,0.06798076629638672,0.8547548651695251
105,14,0.3607180714607239,0.5305958986282349,-0.3583241403102875,0.9945841431617737
105,15,0.5820603966712952,0.5572524070739746,-0.18829546868801117,0.9211806654930115
105,16,0.4639570116996765,0.5870504975318909,-0.4300227761268616,0.9843512177467346
105,17,0.5904785990715027,0.5774251222610474,-0.24853932857513428,0.8910789489746094
105,18,0.4776318073272705,0.6074539422988892,-0.46380534768104553,0.9684385657310486
105,19,0.579545259475708,0.5735993385314941,-0.29723289608955383,0.8941273093223572
105,20,0.491998553276062,0.6013823747634888,-0.4462653398513794,0.9675596356391907
105,21,0.5722499489784241,0.5664947628974915,-0.21513842046260834,0.8825741410255432
105,22,0.4888964295387268,0.59478360414505,-0.42762333154678345,0.9483504891395569
105,23,0.48254016041755676,0.6052762269973755,0.11835241317749023,0.9977801442146301
105,24,0.39175117015838623,0.6133285760879517,-0.11815141886472702,0.9985914826393127
105,25,0.5496788620948792,0.6834061145782471,0.19208961725234985,0.9033735990524292
105,26,0.43436524271965027,0.7123767137527466,-0.21539513766765594,0.9726449251174927
105,27,0.5138550400733948,0.7733505964279175,0.5501574277877808,0.8110790252685547
105,28,0.4260457754135132,0.8164841532707214,-0.059528663754463196,0.9652851819992065
105,29,0.49863582849502563,0.7862151265144348,0.5780004262924194,0.8396623730659485
105,30,0.4038141071796417,0.8310691714286804,-0.05417688563466072,0.8782638311386108
105,31,0.5730104446411133,0.8069766163825989,0.4744488596916199,0.8586641550064087
105,32,0.4654485881328583,0.8546270132064819,-0.25679507851600647,0.937605619430542
106,0,0.5330469012260437,0.4230368137359619,-0.3364666998386383,0.9996553659439087
106,1,0.53703773021698,0.41290050745010376,-0.31170371174812317,0.9991698265075684
106,2,0.5381464958190918,0.4129621386528015,-0.3119191825389862,0.9990609288215637
106,3,0.5388405323028564,0.41300415992736816,-0.31205445528030396,0.9990262985229492
106,4,0.5278072953224182,0.410668283700943,-0.36840981245040894,0.9993011951446533
106,5,0.5221134424209595,0.4092191755771637,-0.36850666999816895,0.9991883039474487
106,6,0.5150659084320068,0.407649427652359,-0.36866921186447144,0.9991341829299927
106,7,0.5186092257499695,0.411480188369751,-0.11992791295051575,0.9982007741928101
106,8,0.4879133403301239,0.404496431350708,-0.36224183440208435,0.9989702105522156
106,9,0.5238640904426575,0.4314240515232086,-0.25389617681503296,0.999660313129425
106,10,0.5133049488067627,0.42927879095077515,-0.3331608772277832,0.9998348355293274
106,11,0.511163592338562,0.4561282694339752,0.042623698711395264,0.9997764229774475
106,12,0.4081750214099884,0.449601948261261,-0.3747330605983734,0.999937891960144
106,13,0.5521469712257385,0.5191136598587036,0.1618739515542984,0.8598260879516602
106,14,0.3658645749092102,0.531416118144989,-0.3889889717102051,0.9945062398910522
106,15,0.581355094909668,0.5646256804466248,-0.014950030483305454,0.9267643690109253
106,16,0.45564568042755127,0.6006268858909607,-0.4403442442417145,0.9844264388084412
106,17,0.589694619178772,0.5869541764259338,-0.06147884204983711,0.8977845907211304
106,18,0.4638064205646515,0.6210228204727173,-0.5172891616821289,0.9689592123031616
106,19,0.57880699634552,0.5846032500267029,-0.12186961621046066,0.9009488224983215
106,20,0.48034578561782837,0.6180106401443481,-0.536186158657074,0.968067467212677
106,21,0.5726019740104675,0.5768611431121826,-0.04439934715628624,0.8896592259407043
106,22,0.4782800078392029,0.6106942892074585,-0.4557126462459564,0.9492352604866028
106,23,0.4909437894821167,0.608761191368103,0.13387145102024078,0.9978093504905701
106,24,0.4055066704750061,0.6133638024330139,-0.13368552923202515,0.9986053109169006
106,25,0.5290296077728271,0.708873450756073,0.23543669283390045,0.8984963297843933
106,26,0.43100059032440186,0.7177929282188416,-0.10591614991426468,0.9728454947471619
106,27,0.5005050897598267,0.7950072288513184,0.5427464246749878,0.8131453394889832
106,28,0.4261723458766937,0.8167365789413452,0.11585511267185211,0.9663047194480896
106,29,0.4826336205005646,0.8048678636550903,0.5654422044754028,0.8418033719062805
106,30,0.40706902742385864,0.8312455415725708,0.12690450251102448,0.8788352012634277
106,31,0.5608229637145996,0.8222261667251587,0.44488999247550964,0.8613399863243103
106,32,0.46497538685798645,0.857047438621521,-0.07099765539169312,0.9402641654014587
107,0,0.523320198059082,0.41555577516555786,-0.4366012215614319,0.9996826648712158
107,1,0.5279174447059631,0.40550822019577026,-0.4043993651866913,0.9992294907569885
107,2,0.5299378037452698,0.4056713581085205,-0.40447187423706055,0.999121904373169
107,3,0.5316107869148254,0.4058400094509125,-0.4044967591762543,0.9990932941436768
107,4,0.516369104385376,0.4034561514854431,-0.45445001125335693,0.999355673789978
107,5,0.5098452568054199,0.4020420014858246,-0.4544956684112549,0.9992511868476868
107,6,0.5019145607948303,0.40030375123023987,-0.45455795526504517,0.9992010593414307
107,7,0.5145281553268433,0.4052641987800598,-0.18566346168518066,0.9982657432556152
107,8,0.4762986898422241,0.39747270941734314,-0.4156912565231323,0.9990491271018982
107,9,0.5171350836753845,0.42491307854652405,-0.3468775153160095,0.9996810555458069
107,10,0.503869891166687,0.4229873716831207,-0.4146978557109833,0.9998442530632019
107,11,0.5026770234107971,0.45177119970321655,0.03704238310456276,0.9997920393943787
107,12,0.4077349305152893,0.44875568151474,-0.4134497046470642,0.9999392628669739
107,13,0.5322934985160828,0.5177232027053833,0.19189006090164185,0.8593624234199524
107,14,0.36983522772789,0.5325590372085571,-0.43403011560440063,0.9945135712623596
107,15,0.5768318176269531,0.5714580416679382,0.0646480992436409,0.9308627247810364
107,16,0.43258607387542725,0.6057249903678894,-0.4846822917461395,0.9846373796463013
107,17,0.5839283466339111,0.5946992635726929,0.03405873477458954,0.9019477367401123
107,18,0.43590548634529114,0.6287025809288025,-0.556942343711853,0.9693700671195984
107,19,0.578569769859314,0.5942277312278748,-0.02917986921966076,0.9054827094078064
107,20,0.456241637468338,0.6279653906822205,-0.5820937752723694,0.9685157537460327
107,21,0.5717330574989319,0.5868272185325623,0.03505678102374077,0.8942434787750244
107,22,0.45740020275115967,0.6212297677993774,-0.4974891245365143,0.9502235651016235
107,23,0.4896245002746582,0.610516369342804,0.13959094882011414,0.9979280829429626
107,24,0.4126936197280884,0.6133077144622803,-0.13958317041397095,0.9986425042152405
107,25,0.5115134119987488,0.7146061062812805,0.23019006848335266,0.8936241269111633
107,26,0.42642921209335327,0.7209572196006775,-0.06406101584434509,0.9717949628829956
107,27,0.49240827560424805,0.8061529397964478,0.5005600452423096,0.8186235427856445
107,28,0.4258134961128235,0.8173530697822571,0.20232191681861877,0.9669880867004395
107,29,0.4713970124721527,0.8167735934257507,0.5180683732032776,0.843961775302887
107,30,0.4070606529712677,0.8312126994132996,0.2175789773464203,0.877153754234314
107,31,0.5454142689704895,0.8325760960578918,0.3775160610675812,0.8665592074394226
107,32,0.45987167954444885,0.8575615882873535,0.016537467017769814,0.9429555535316467
108,0,0.5150159001350403,0.4101952910423279,-0.5117924809455872,0.9997103810310364
108,1,0.519099235534668,0.40087977051734924,-0.47808292508125305,0.9992939233779907
108,2,0.52158522605896,0.40101534128189087,-0.4781152606010437,0.9991924166679382
108,3,0.5239015221595764,0.4011469781398773,-0.47812122106552124,0.9991666674613953
108,4,0.5061501860618591,0.3989827334880829,-0.5242832899093628,0.9994121789932251
108,5,0.49911579489707947,0.39771708846092224,-0.5243608951568604,0.9993171095848083
108,6,0.4907538592815399,0.39611154794692993,-0.5244089365005493,0.9992712736129761
108,7,0.5087112188339233,0.40169793367385864,-0.25126051902770996,0.998372495174408
108,8,0.4651510417461395,0.3947567641735077,-0.4650280773639679,0.9991342425346375
108,9,0.510814905166626,0.42052721977233887,-0.4198596179485321,0.9997046589851379
108,10,0.4957631826400757,0.4190010130405426,-0.48153698444366455,0.9998556971549988
108,11,0.5046301484107971,0.45221656560897827,0.012191977351903915,0.9998031258583069
108,12,0.40114691853523254,0.4497629702091217,-0.45778167247772217,0.9999421834945679
108,13,0.5298977494239807,0.5183947086334229,0.146568164229393,0.8546469807624817
108,14,0.3724903166294098,0.5357898473739624,-0.47652336955070496,0.9947679042816162
108,15,0.5689405798912048,0.5821138024330139,0.0067296456545591354,0.9327261447906494
108,16,0.42141103744506836,0.613190770149231,-0.5294076800346375,0.9853289723396301
108,17,0.5775763392448425,0.6043685674667358,-0.025351718068122864,0.9026188254356384
108,18,0.42555558681488037,0.6365224123001099,-0.5970937013626099,0.9705825448036194
108,19,0.5743109583854675,0.605200469493866,-0.08974683284759521,0.906772255897522
108,20,0.44469955563545227,0.6365412473678589,-0.6238391995429993,0.9697890877723694
108,21,0.5680410861968994,0.5979354381561279,-0.024400239810347557,0.895463228225708
108,22,0.44618475437164307,0.6299358606338501,-0.5395011901855469,0.9524294137954712
108,23,0.49055179953575134,0.609749972820282,0.14255332946777344,0.998053789138794
108,24,0.41394954919815063,0.6114035844802856,-0.142604261636734,0.9987167119979858
108,25,0.5065745115280151,0.7191107869148254,0.2594814896583557,0.891925573348999
108,26,0.4241548180580139,0.7227548956871033,-0.043852243572473526,0.9724293351173401
108,27,0.48680177330970764,0.8112081289291382,0.5082851052284241,0.8272914886474609
108,28,0.4258623421192169,0.8177488446235657,0.20914408564567566,0.9686875343322754
108,29,0.46652624011039734,0.822063148021698,0.5230644941329956,0.8498131036758423
108,30,0.40972626209259033,0.8312918543815613,0.222266286611557,0.8786590695381165
108,31,0.5296096205711365,0.8393179178237915,0.37809109687805176,0.8739306926727295
108,32,0.45897671580314636,0.8575025796890259,0.015630705282092094,0.9466111660003662
109,0,0.5103495121002197,0.4069560468196869,-0.5080244541168213,0.9997344017028809
109,1,0.5134772658348083,0.3973630666732788,-0.47077205777168274,0.9993511438369751
109,2,0.5162423253059387,0.3974582552909851,-0.47083163261413574,0.9992557168006897
109,3,0.5189616084098816,0.39756155014038086,-0.47086554765701294,0.999232828617096
109,4,0.4990440309047699,0.39593449234962463,-0.513407289981842,0.9994595646858215
109,5,0.4913131594657898,0.394911527633667,-0.513464629650116,0.999372661113739
109,6,0.4821155071258545,0.39366763830184937,-0.5135015845298767,0.9993295669555664
109,7,0.5048046112060547,0.39950031042099,-0.23569783568382263,0.9984742999076843
109,8,0.45612919330596924,0.3938303589820862,-0.4341319501399994,0.999204695224762
109,9,0.507666289806366,0.41817212104797363,-0.41415923833847046,0.9997262358665466
109,10,0.49162018299102783,0.41746217012405396,-0.47093021869659424,0.9998645782470703
109,11,0.5061987638473511,0.45554327964782715,0.014350997284054756,0.9998112320899963
109,12,0.3933464586734772,0.45070523023605347,-0.42530953884124756,0.9999407529830933
109,13,0.5266735553741455,0.5273308157920837,0.15517637133598328,0.8422011733055115
109,14,0.38298094272613525,0.5369099974632263,-0.4675731360912323,0.9940392971038818
109,15,0.5583879947662354,0.596049964427948,0.02262183092534542,0.925899088382721
109,16,0.41357994079589844,0.615584671497345,-0.5167300701141357,0.9825923442840576
109,17,0.5672113299369812,0.6150301694869995,-0.007886167615652084,0.8910828232765198
109,18,0.412386029958725,0.6381696462631226,-0.5916330814361572,0.9660733938217163
109,19,0.5662597417831421,0.6156861782073975,-0.07410930097103119,0.8967591524124146
109,20,0.4291865825653076,0.6400771737098694,-0.6010591983795166,0.9654315710067749
109,21,0.5603979825973511,0.6102532148361206,-0.009279529564082623,0.8851509094238281
109,22,0.4307290017604828,0.6330209374427795,-0.5289352536201477,0.9475273489952087
109,23,0.4899434447288513,0.609259843826294,0.14265568554401398,0.9981616139411926
109,24,0.4133204221725464,0.6097588539123535,-0.14272411167621613,0.9987506866455078
109,25,0.5027568936347961,0.7213181853294373,0.19754214584827423,0.8868738412857056
109,26,0.42469143867492676,0.7241334915161133,-0.08184456825256348,0.9709806442260742
109,27,0.48725783824920654,0.8159916996955872,0.4723544716835022,0.8335864543914795
109,28,0.42650601267814636,0.8177811503410339,0.19168049097061157,0.9689145684242249
109,29,0.4681323170661926,0.8267655372619629,0.4882534444332123,0.8513290882110596
109,30,0.41116493940353394,0.8314363360404968,0.20648081600666046,0.8729933500289917
109,31,0.5263350605964661,0.8442620038986206,0.3243630826473236,0.8787078857421875
109,32,0.464216947555542,0.857471764087677,-0.012198441661894321,0.9486339688301086
110,0,0.5076699256896973,0.40519627928733826,-0.5042750835418701,0.9997581839561462
110,1,0.510089635848999,0.394902765750885,-0.46894317865371704,0.9994086027145386
110,2,0.5129196643829346,0.39494451880455017,-0.46897587180137634,0.9993199110031128
110,3,0.5157703757286072,0.39499202370643616,-0.46899235248565674,0.9992995858192444
110,4,0.4952179789543152,0.39397045969963074,-0.511328935623169,0.9995082020759583
110,5,0.487956702709198,0.3932209014892578,-0.5114038586616516,0.9994294047355652
110,6,0.4787641763687134,0.39229804277420044,-0.5114448666572571,0.9993900656700134
110,7,0.5024296045303345,0.3977307379245758,-0.2420375794172287,0.9985896348953247
110,8,0.454236775636673,0.3932085335254669,-0.43827882409095764,0.9992772936820984
110,9,0.5062013268470764,0.4164807200431824,-0.41380417346954346,0.999748706817627
110,10,0.49017104506492615,0.41608119010925293,-0.47033828496932983,0.9998749494552612
110,11,0.5072759985923767,0.45557814836502075,0.01414345484226942,0.9998192191123962
110,12,0.3929575979709625,0.45080724358558655,-0.4486464262008667,0.9999435544013977
110,13,0.5267890691757202,0.5338873267173767,0.14312925934791565,0.8340557217597961
110,14,0.38766270875930786,0.5416930317878723,-0.48080646991729736,0.9940048456192017
110,15,0.5508400201797485,0.6024943590164185,0.026507264003157616,0.9252084493637085
110,16,0.4103170931339264,0.6211482286453247,-0.541237473487854,0.9826653599739075
110,17,0.5591620206832886,0.6226235628128052,0.0003729933232534677,0.8880760669708252
110,18,0.4075442850589752,0.6453526616096497,-0.6100281476974487,0.9662788510322571
110,19,0.5571727752685547,0.623292088508606,-0.0639229267835617,0.894362211227417
110,20,0.42525947093963623,0.6469531059265137,-0.6364959478378296,0.9656848311424255
110,21,0.5514432191848755,0.6182135343551636,-0.0039741662330925465,0.882594108581543
110,22,0.429675430059433,0.6392897963523865,-0.5530008673667908,0.9482458233833313
110,23,0.49005618691444397,0.6099025011062622,0.14570575952529907,0.9982895851135254
110,24,0.4157525300979614,0.6100026369094849,-0.14582903683185577,0.9988278150558472
110,25,0.49327850341796875,0.7251977324485779,0.25480949878692627,0.87967449426651
110,26,0.4246315360069275,0.726966142654419,-0.05004871264100075,0.9708611965179443
110,27,0.48458510637283325,0.8153446912765503,0.49255257844924927,0.8379690647125244
110,28,0.4268414378166199,0.8179890513420105,0.20358553528785706,0.9693216681480408
110,29,0.46654319763183594,0.8262149095535278,0.5059873461723328,0.853995144367218
110,30,0.41143879294395447,0.8315821886062622,0.2171095460653305,0.8693317770957947
110,31,0.5267553329467773,0.8434568643569946,0.35619956254959106,0.8830798268318176
110,32,0.4716835021972656,0.8564174771308899,0.014363924972712994,0.9506470561027527
111,0,0.5049479007720947,0.401700496673584,-0.5479319095611572,0.999777615070343
111,1,0.50694739818573,0.3909756541252136,-0.5115878582000732,0.9994556307792664
111,2,0.5102708339691162,0.390921026468277,-0.5115746259689331,0.9993693828582764
111,3,0.5134044885635376,0.39092937111854553,-0.5115550756454468,0.9993494153022766
111,4,0.4918738007545471,0.3905024528503418,-0.5518845319747925,0.9995514750480652
111,5,0.4841923117637634,0.39012613892555237,-0.5520180463790894,0.9994804263114929
111,6,0.4752945005893707,0.38980281352996826,-0.5520998239517212,0.9994456768035889
111,7,0.5015952587127686,0.3942514955997467,-0.28105825185775757,0.9986535310745239
111,8,0.4525909721851349,0.39213237166404724,-0.46523576974868774,0.9993447065353394
111,9,0.5046999454498291,0.41241782903671265,-0.4561484158039093,0.9997627139091492
111,10,0.48909449577331543,0.4126979410648346,-0.5091122388839722,0.9998829960823059
111,11,0.5124194025993347,0.45362743735313416,-0.008686618879437447,0.999762773513794
111,12,0.39250755310058594,0.45130348205566406,-0.48729023337364197,0.9999472498893738
111,13,0.5247467756271362,0.5350643396377563,0.12001165002584457,0.7767020463943481
111,14,0.38492071628570557,0.5454469919204712,-0.5149334669113159,0.9941505193710327
111,15,0.5372337102890015,0.6041869521141052,-0.004594712983816862,0.8733752369880676
111,16,0.4081006646156311,0.6225981116294861,-0.5487109422683716,0.9823570251464844
111,17,0.5425692796707153,0.6245932579040527,-0.026860157027840614,0.834185779094696
111,18,0.40588968992233276,0.645606279373169,-0.6114853620529175,0.9654933214187622
111,19,0.5412821173667908,0.6249619722366333,-0.08341879397630692,0.8417192697525024
111,20,0.4233664572238922,0.6459373831748962,-0.6330257058143616,0.964911699295044
111,21,0.5351381301879883,0.619078516960144,-0.032954998314380646,0.8313027620315552
111,22,0.4286589026451111,0.6378308534622192,-0.556483805179596,0.94778972864151
111,23,0.49123871326446533,0.6111095547676086,0.15240928530693054,0.9983790516853333
111,24,0.4211558997631073,0.6107853055000305,-0.1526561677455902,0.9989091753959656
111,25,0.489587664604187,0.7221202254295349,0.3133108913898468,0.8695406317710876
111,26,0.4252581298351288,0.7264385223388672,-0.00970131903886795,0.9716380834579468
111,27,0.4825742542743683,0.8129978179931641,0.5706340074539185,0.8434787392616272
111,28,0.42917463183403015,0.8180961608886719,0.2590676248073578,0.9706262350082397
111,29,0.4653485119342804,0.8243821859359741,0.5868717432022095,0.8576818704605103
111,30,0.41378551721572876,0.8316799998283386,0.2752584218978882,0.8717572689056396
111,31,0.5270693302154541,0.842808723449707,0.44837507605552673,0.8888347148895264
111,32,0.48140615224838257,0.8555644154548645,0.08222388476133347,0.953525185585022
112,0,0.5028120875358582,0.39990225434303284,-0.5432512164115906,0.9997949004173279
112,1,0.5045725107192993,0.3888990879058838,-0.5060720443725586,0.9994986653327942
112,2,0.5083237886428833,0.38890716433525085,-0.5060871839523315,0.9994156956672668
112,3,0.511798620223999,0.38898998498916626,-0.5060725212097168,0.9993955492973328
112,4,0.4888010621070862,0.3885518014431,-0.5433892011642456,0.9995899796485901
112,5,0.4806952178478241,0.3883269429206848,-0.5435280203819275,0.9995259046554565
112,6,0.47181934118270874,0.3882670998573303,-0.5436153411865234,0.9994955658912659
112,7,0.5018515586853027,0.3926733434200287,-0.26981687545776367,0.9987212419509888
112,8,0.45067262649536133,0.3913128674030304,-0.4442414939403534,0.9994056820869446
112,9,0.5039430856704712,0.41041818261146545,-0.4495782256126404,0.9997747540473938
112,10,0.4877406656742096,0.4108935296535492,-0.49853113293647766,0.9998902082443237
112,11,0.519582211971283,0.45210400223731995,-0.006462564691901207,0.9997133612632751
112,12,0.3910733163356781,0.45086508989334106,-0.45234161615371704,0.9999504089355469
112,13,0.5241727828979492,0.5342586040496826,0.11733630299568176,0.7246868014335632
112,14,0.38310208916664124,0.5447268486022949,-0.4923730492591858,0.9943039417266846
112,15,0.5333962440490723,0.600872814655304,-0.02178388647735119,0.8221390247344971
112,16,0.40877315402030945,0.6187750101089478,-0.4920913279056549,0.9819419980049133
112,17,0.5390508770942688,0.6213328242301941,-0.04980175197124481,0.7823121547698975
112,18,0.40835312008857727,0.6418870687484741,-0.5491616129875183,0.9643569588661194
112,19,0.5366564989089966,0.6208034753799438,-0.10655394941568375,0.7908138632774353
112,20,0.42587190866470337,0.6417818069458008,-0.5754518508911133,0.9638127684593201
112,21,0.5301058292388916,0.6144689321517944,-0.05101458728313446,0.7816428542137146
112,22,0.42975375056266785,0.6338582634925842,-0.5010702610015869,0.9470657110214233
112,23,0.4933757483959198,0.6110495328903198,0.1491755098104477,0.9984285831451416
112,24,0.42141270637512207,0.6107223629951477,-0.149355947971344,0.9989674687385559
112,25,0.4943689703941345,0.7189151644706726,0.27054154872894287,0.8632291555404663
112,26,0.4259100556373596,0.7262851595878601,-0.028148606419563293,0.9721148610115051
112,27,0.4822310209274292,0.8098987340927124,0.5145914554595947,0.8487352728843689
112,28,0.43093451857566833,0.8167543411254883,0.22758744657039642,0.971276581287384
112,29,0.46524497866630554,0.8207780718803406,0.5283840298652649,0.8598516583442688
112,30,0.41664785146713257,0.8291131854057312,0.24183788895606995,0.870441198348999
112,31,0.5235309600830078,0.8401827812194824,0.3776264190673828,0.8935623168945312
112,32,0.48032844066619873,0.8545278310775757,0.03870207071304321,0.9555848836898804
113,0,0.5015284419059753,0.398719847202301,-0.5207983255386353,0.9998067617416382
113,1,0.5034899711608887,0.3877236545085907,-0.48273107409477234,0.9995297789573669
113,2,0.5074015855789185,0.3877831995487213,-0.48275965452194214,0.9994454979896545
113,3,0.5109599828720093,0.38790735602378845,-0.4827519655227661,0.9994217157363892
113,4,0.4873424470424652,0.38732367753982544,-0.5205169320106506,0.9996193051338196
113,5,0.47917765378952026,0.38711148500442505,-0.5206372141838074,0.999561607837677
113,6,0.47049111127853394,0.38706138730049133,-0.5207401514053345,0.9995364546775818
113,7,0.5019644498825073,0.3916810154914856,-0.253923237323761,0.9987354278564453
113,8,0.44997113943099976,0.3902609050273895,-0.4141254127025604,0.9994582533836365
113,9,0.5031102299690247,0.4094727635383606,-0.42633137106895447,0.9997808933258057
113,10,0.4865308403968811,0.40991777181625366,-0.47643983364105225,0.9998950958251953
113,11,0.524627149105072,0.45246896147727966,0.020100228488445282,0.999647855758667
113,12,0.3907637596130371,0.45042070746421814,-0.4144643247127533,0.9999528527259827
113,13,0.5201699733734131,0.5345207452774048,0.14415274560451508,0.6673714518547058
113,14,0.38161808252334595,0.5431468486785889,-0.3955381512641907,0.9941726326942444
113,15,0.5275264978408813,0.6023048758506775,-0.01850857026875019,0.7587483525276184
113,16,0.40887901186943054,0.6154659986495972,-0.4053424894809723,0.98004549741745
113,17,0.5336934924125671,0.6227666139602661,-0.05264946445822716,0.7214975953102112
113,18,0.4106481671333313,0.6381263732910156,-0.4578511416912079,0.9605892896652222
113,19,0.5331243872642517,0.6224124431610107,-0.10897762328386307,0.7303106784820557
113,20,0.4270392954349518,0.6373487114906311,-0.48499518632888794,0.9600627422332764
113,21,0.5267340540885925,0.6157256364822388,-0.04904012009501457,0.722692608833313
113,22,0.43010222911834717,0.6299414038658142,-0.4136313498020172,0.9431118965148926
113,23,0.4979272484779358,0.6113890409469604,0.1459042876958847,0.9984725713729858
113,24,0.422254353761673,0.6108001470565796,-0.14616179466247559,0.9990125298500061
113,25,0.4978235363960266,0.7231358289718628,0.22325532138347626,0.8666890859603882
113,26,0.42652514576911926,0.7267456650733948,-0.038755420595407486,0.9725539684295654
113,27,0.48308584094047546,0.8140771985054016,0.5409631133079529,0.8574814796447754
113,28,0.4308684766292572,0.8168314695358276,0.29171982407569885,0.9715474843978882
113,29,0.46685880422592163,0.8237766027450562,0.5619127750396729,0.8634073138237
113,30,0.41753509640693665,0.8283367156982422,0.31390124559402466,0.865134596824646
113,31,0.521634578704834,0.8439012765884399,0.38839471340179443,0.8998174071311951
113,32,0.47882553935050964,0.8547039031982422,0.0943504050374031,0.9573284387588501
114,0,0.5008968114852905,0.39704325795173645,-0.5066847205162048,0.9998142719268799
114,1,0.5030012130737305,0.3862293064594269,-0.4719094932079315,0.9995521903038025
114,2,0.50697922706604,0.38636618852615356,-0.47194167971611023,0.9994627833366394
114,3,0.5106125473976135,0.3865756690502167,-0.47197097539901733,0.9994341135025024
114,4,0.48676231503486633,0.38570624589920044,-0.5120908617973328,0.9996438026428223
114,5,0.47867313027381897,0.38552552461624146,-0.5121586918830872,0.9995914697647095
114,6,0.47013917565345764,0.38541311025619507,-0.5121954083442688,0.9995719194412231
114,7,0.5020173788070679,0.3904736042022705,-0.22006024420261383,0.9987087249755859
114,8,0.4498666524887085,0.3887319266796112,-0.39015620946884155,0.9995054006576538
114,9,0.502765953540802,0.40814051032066345,-0.4190231263637543,0.9997820258140564
114,10,0.4858979880809784,0.4083784222602844,-0.47442176938056946,0.99989914894104
114,11,0.5264017581939697,0.4521603584289551,0.05045226588845253,0.9995570778846741
114,12,0.3904249966144562,0.4486490786075592,-0.387498676776886,0.9999553561210632
114,13,0.5152868628501892,0.5340248942375183,0.1760454773902893,0.6133026480674744
114,14,0.37307047843933105,0.5383161902427673,-0.37124213576316833,0.9942334890365601
114,15,0.5266530513763428,0.6020418405532837,0.0011545945890247822,0.6985960602760315
114,16,0.4071718752384186,0.6148535013198853,-0.38387903571128845,0.9787026047706604
114,17,0.5317291617393494,0.6232689619064331,-0.0348457507789135,0.664637565612793
114,18,0.4097439646720886,0.6355427503585815,-0.43683862686157227,0.9575622081756592
114,19,0.5310593247413635,0.6230682134628296,-0.09317034482955933,0.673617422580719
114,20,0.4264562726020813,0.6345348358154297,-0.4600423574447632,0.9569597840309143
114,21,0.5252225399017334,0.6161898374557495,-0.030668940395116806,0.6674606800079346
114,22,0.42891937494277954,0.6274276971817017,-0.3899826109409332,0.9397940039634705
114,23,0.5010348558425903,0.6114080548286438,0.1449531763792038,0.9984804391860962
114,24,0.42309749126434326,0.6108819246292114,-0.1451777219772339,0.9990503787994385
114,25,0.49782127141952515,0.7239990830421448,0.22404278814792633,0.8676795363426208
114,26,0.42778417468070984,0.7270225286483765,-0.04278390482068062,0.972850501537323
114,27,0.4839738607406616,0.8143803477287292,0.5518070459365845,0.8637365698814392
114,28,0.43165314197540283,0.8174808621406555,0.28218787908554077,0.9717522263526917
114,29,0.4670919179916382,0.8243667483329773,0.5730034112930298,0.8659506440162659
114,30,0.41855588555336,0.8292630910873413,0.30310624837875366,0.8618519902229309
114,31,0.5228010416030884,0.8450843095779419,0.39865797758102417,0.9046357870101929
114,32,0.4807932674884796,0.8559791445732117,0.07856827974319458,0.9587275981903076
115,0,0.5001653432846069,0.3952917456626892,-0.5052289962768555,0.9998270869255066
115,1,0.5025351643562317,0.3842999339103699,-0.46748411655426025,0.9995844960212708
115,2,0.5066925883293152,0.38444823026657104,-0.4675130248069763,0.9994978308677673
115,3,0.5105006694793701,0.3846634328365326,-0.46750882267951965,0.9994688630104065
115,4,0.4859168231487274,0.3838654160499573,-0.5059136152267456,0.9996720552444458
115,5,0.4777839779853821,0.38377493619918823,-0.5059971213340759,0.9996246695518494
115,6,0.469182550907135,0.3836662173271179,-0.5060659646987915,0.9996084570884705
115,7,0.5024299025535583,0.38863617181777954,-0.21896366775035858,0.9987647533416748
115,8,0.44919925928115845,0.3873462677001953,-0.3817911744117737,0.9995505213737488
115,9,0.5028663873672485,0.4069637656211853,-0.41235992312431335,0.9997947216033936
115,10,0.4853648245334625,0.4071967601776123,-0.4665832817554474,0.999906063079834
115,11,0.5289377570152283,0.45263615250587463,0.041709475219249725,0.9995418787002563
115,12,0.3904726803302765,0.44727110862731934,-0.3702572286128998,0.9999582171440125
115,13,0.5161459445953369,0.5338445901870728,0.16199983656406403,0.5775340795516968
115,14,0.3627980053424835,0.535366415977478,-0.36413928866386414,0.9943884611129761
115,15,0.531504213809967,0.6005467772483826,-0.021810464560985565,0.6613651514053345
115,16,0.40603283047676086,0.6120201945304871,-0.4068886637687683,0.9781274795532227
115,17,0.5367709398269653,0.6217030882835388,-0.05955252796411514,0.6280745267868042
115,18,0.409673810005188,0.6353322863578796,-0.4632970690727234,0.9560136795043945
115,19,0.5344740152359009,0.6214441657066345,-0.11653552949428558,0.6379541158676147
115,20,0.4270508587360382,0.6329017877578735,-0.4864744544029236,0.9553479552268982
115,21,0.5288006067276001,0.6142724752426147,-0.052889760583639145,0.632371187210083
115,22,0.4291383922100067,0.6256362795829773,-0.41376885771751404,0.9381285905838013
115,23,0.5058877468109131,0.612245500087738,0.14019711315631866,0.9985326528549194
115,24,0.42551881074905396,0.6109357476234436,-0.14039598405361176,0.9990985989570618
115,25,0.4995590150356293,0.7244637608528137,0.22588764131069183,0.869724690914154
115,26,0.4293811321258545,0.7274067401885986,-0.03409690037369728,0.973642110824585
115,27,0.4844616651535034,0.8144662976264954,0.5563616156578064,0.8706002235412598
115,28,0.4339033365249634,0.8184217214584351,0.29443874955177307,0.972350537776947
115,29,0.46840986609458923,0.8245600461959839,0.5781832933425903,0.8699919581413269
115,30,0.4203629791736603,0.8309801816940308,0.3158983588218689,0.8605489134788513
115,31,0.5229532718658447,0.844260036945343,0.40519753098487854,0.909753680229187
115,32,0.48072466254234314,0.856289267539978,0.09383658319711685,0.9603093862533569
116,0,0.49953046441078186,0.39356502890586853,-0.5037540793418884,0.9998405575752258
116,1,0.5018290877342224,0.3826345205307007,-0.4645366966724396,0.9996169209480286
116,2,0.5060110092163086,0.3827270269393921,-0.4645649790763855,0.9995347261428833
116,3,0.5099021792411804,0.3829135298728943,-0.4645518958568573,0.9995070695877075
116,4,0.48520541191101074,0.38235005736351013,-0.502602756023407,0.9996991157531738
116,5,0.4770216941833496,0.38237786293029785,-0.5026909112930298,0.999656081199646
116,6,0.46832337975502014,0.3823513686656952,-0.5027695298194885,0.999642014503479
116,7,0.5021744966506958,0.3870253264904022,-0.21435436606407166,0.9988337755203247
116,8,0.4482637643814087,0.38634124398231506,-0.3720676898956299,0.9995908141136169
116,9,0.5028875470161438,0.40531834959983826,-0.4087817668914795,0.9998084306716919
116,10,0.4849732220172882,0.4058142304420471,-0.4641495645046234,0.999912679195404
116,11,0.5292634963989258,0.45253390073776245,0.0458635613322258,0.9995546936988831
116,12,0.39051076769828796,0.44547033309936523,-0.3536326587200165,0.9999606013298035
116,13,0.5241785049438477,0.533585250377655,0.17581546306610107,0.5717521905899048
116,14,0.3567051291465759,0.5334048271179199,-0.3638031780719757,0.9946311116218567
116,15,0.5374652147293091,0.5986078977584839,-0.008636006154119968,0.6660000085830688
116,16,0.40518009662628174,0.6062851548194885,-0.417070209980011,0.9789998531341553
116,17,0.5453886985778809,0.6194356679916382,-0.04747837409377098,0.6284486651420593
116,18,0.4073467552661896,0.6291805505752563,-0.49525031447410583,0.9574092626571655
116,19,0.5433089137077332,0.6188846826553345,-0.11253289878368378,0.6393918395042419
116,20,0.4251610338687897,0.6267333030700684,-0.5238165855407715,0.956737220287323
116,21,0.5365727543830872,0.6119857430458069,-0.04193329066038132,0.6324810981750488
116,22,0.4278094470500946,0.6200075149536133,-0.4317070543766022,0.9399805068969727
116,23,0.5070544481277466,0.6121529936790466,0.13947033882141113,0.9985941052436829
116,24,0.426448792219162,0.6107558608055115,-0.13968916237354279,0.9991425275802612
116,25,0.499381422996521,0.7268825173377991,0.22612226009368896,0.8704613447189331
116,26,0.43038058280944824,0.7279003262519836,-0.03939028084278107,0.9744678735733032
116,27,0.48494598269462585,0.8149319887161255,0.5324885249137878,0.8763498663902283
116,28,0.43459823727607727,0.819547176361084,0.26305216550827026,0.9732736349105835
116,29,0.46864238381385803,0.8250983953475952,0.5515472292900085,0.8739874362945557
116,30,0.4206848442554474,0.8332233428955078,0.2808772027492523,0.8614612817764282
116,31,0.5238370299339294,0.8441348075866699,0.38229814171791077,0.9141676425933838
116,32,0.48214370012283325,0.8567957878112793,0.05850205942988396,0.9621065258979797
117,0,0.4994647204875946,0.39233943819999695,-0.5023816227912903,0.9998524785041809
117,1,0.5015144944190979,0.3814678192138672,-0.4624503254890442,0.999646008014679
117,2,0.505646288394928,0.38150709867477417,-0.4624800384044647,0.9995679259300232
117,3,0.5095416307449341,0.38165175914764404,-0.462467223405838,0.9995414018630981
117,4,0.4848787188529968,0.3814247250556946,-0.501390814781189,0.9997233748435974
117,5,0.476584255695343,0.3815590739250183,-0.5014933943748474,0.99968421459198
117,6,0.46771368384361267,0.38165467977523804,-0.5015848278999329,0.9996720552444458
117,7,0.5016791224479675,0.38596218824386597,-0.20838135480880737,0.9988925457000732
117,8,0.4472612142562866,0.3858303427696228,-0.36571449041366577,0.9996271133422852
117,9,0.5029767155647278,0.40410566329956055,-0.4066920876502991,0.9998204112052917
117,10,0.4849625825881958,0.4048295021057129,-0.46293848752975464,0.9999186396598816
117,11,0.5289073586463928,0.45192772150039673,0.052099063992500305,0.9995710253715515
117,12,0.39052462577819824,0.4451510012149811,-0.34150153398513794,0.9999626278877258
117,13,0.5340198278427124,0.5314181447029114,0.1860133856534958,0.5719069242477417
117,14,0.34913960099220276,0.532784104347229,-0.3593389689922333,0.994937002658844
117,15,0.5457754731178284,0.5974698662757874,-0.009259575046598911,0.6791884899139404
117,16,0.4036780595779419,0.6020345687866211,-0.44730567932128906,0.9802190065383911
117,17,0.5549085140228271,0.6182757616043091,-0.05092990770936012,0.6385537385940552
117,18,0.4054223299026489,0.624779999256134,-0.5265552401542664,0.9595383405685425
117,19,0.5518654584884644,0.6166578531265259,-0.11720027774572372,0.6501994132995605
117,20,0.4236009418964386,0.6215402483940125,-0.5525241494178772,0.9588698148727417
117,21,0.5446224212646484,0.609565794467926,-0.04314305633306503,0.6417751908302307
117,22,0.42604315280914307,0.6145071387290955,-0.4601004421710968,0.9427913427352905
117,23,0.507737934589386,0.6117504835128784,0.13919079303741455,0.9986511468887329
117,24,0.42748621106147766,0.6104207038879395,-0.13938817381858826,0.9991803765296936
117,25,0.5001382231712341,0.7274417281150818,0.23506073653697968,0.870743453502655
117,26,0.43077149987220764,0.7282199859619141,-0.04136515036225319,0.9752481579780579
117,27,0.4851626455783844,0.8148853182792664,0.536867618560791,0.8815324306488037
117,28,0.4344590902328491,0.8203878402709961,0.25597071647644043,0.9740909934043884
117,29,0.4690819978713989,0.8256670236587524,0.5553162097930908,0.8775998950004578
117,30,0.4208235442638397,0.8344370722770691,0.27327102422714233,0.8613506555557251
117,31,0.5242514610290527,0.8448508381843567,0.3839215040206909,0.9180570244789124
117,32,0.48171675205230713,0.85807865858078,0.04748508706688881,0.9636217355728149
118,0,0.49841436743736267,0.3915085196495056,-0.5189403295516968,0.9998648166656494
118,1,0.5005879402160645,0.3808334171772003,-0.47878044843673706,0.9996755123138428
118,2,0.5048683881759644,0.3808617889881134,-0.4787972867488861,0.9996031522750854
118,3,0.508911669254303,0.3810001313686371,-0.47877344489097595,0.9995784163475037
118,4,0.4836621582508087,0.38079699873924255,-0.5117747783660889,0.9997466802597046
118,5,0.4751943349838257,0.38094961643218994,-0.5118423700332642,0.9997110366821289
118,6,0.46626973152160645,0.3810585141181946,-0.5118951797485352,0.9996999502182007
118,7,0.5015733242034912,0.38536614179611206,-0.22433103621006012,0.9989709854125977
118,8,0.44611024856567383,0.3852540850639343,-0.37242257595062256,0.9996599555015564
118,9,0.5025028586387634,0.4032181203365326,-0.4211184084415436,0.9998341798782349
118,10,0.48405444622039795,0.4040125012397766,-0.46720340847969055,0.9999246001243591
118,11,0.5292301774024963,0.4514014720916748,0.034600500017404556,0.9996008276939392
118,12,0.39054742455482483,0.44438204169273376,-0.3435226082801819,0.9999639391899109
118,13,0.5437592267990112,0.5304908752441406,0.1701178103685379,0.5946972966194153
118,14,0.3499760031700134,0.5316116213798523,-0.35686057806015015,0.9951406121253967
118,15,0.5566760301589966,0.5966651439666748,-0.016601288691163063,0.7046539187431335
118,16,0.4037754535675049,0.5992164611816406,-0.46507003903388977,0.9812467694282532
118,17,0.5644229054450989,0.6176010966300964,-0.05178220570087433,0.6637771129608154
118,18,0.4053246080875397,0.6223427057266235,-0.5394460558891296,0.9614078402519226
118,19,0.5605179667472839,0.6154045462608337,-0.1336953341960907,0.6751902103424072
118,20,0.4236230254173279,0.6196783185005188,-0.5699918270111084,0.9607648253440857
118,21,0.5536966323852539,0.608508825302124,-0.045204199850559235,0.6660559177398682
118,22,0.42597389221191406,0.6126552224159241,-0.4790107309818268,0.9453703761100769
118,23,0.5084038972854614,0.6093328595161438,0.13492770493030548,0.9987137317657471
118,24,0.4280279874801636,0.608896017074585,-0.13511285185813904,0.9992143511772156
118,25,0.5006574988365173,0.7268116474151611,0.22544339299201965,0.872786283493042
118,26,0.4311446249485016,0.72798091173172,-0.046420738101005554,0.9759039878845215
118,27,0.4866226613521576,0.8159783482551575,0.5177878737449646,0.8869895935058594
118,28,0.4344998598098755,0.8209459185600281,0.2410065084695816,0.974924623966217
118,29,0.47152411937713623,0.8267014622688293,0.5306634306907654,0.8816444277763367
118,30,0.42164474725723267,0.8348709940910339,0.25828614830970764,0.8614187240600586
118,31,0.5246145725250244,0.8467432856559753,0.3476923704147339,0.9216544032096863
118,32,0.4815612733364105,0.8588927984237671,0.038648128509521484,0.9649221897125244
119,0,0.49700865149497986,0.3917800486087799,-0.49107614159584045,0.9998757243156433
119,1,0.49929940700531006,0.3810141086578369,-0.45015203952789307,0.9997012615203857
119,2,0.5037121176719666,0.3810303211212158,-0.4501769542694092,0.9996339082717896
119,3,0.5078890323638916,0.3811456263065338,-0.4501418173313141,0.999610960483551
119,4,0.48204290866851807,0.3809742033481598,-0.4811524748802185,0.9997667074203491
119,5,0.4732687175273895,0.3810391426086426,-0.4811655282974243,0.9997340440750122
119,6,0.46427273750305176,0.3811108469963074,-0.4811839163303375,0.9997236132621765
119,7,0.5007504820823669,0.3854683041572571,-0.19798073172569275,0.999039351940155
119,8,0.4443361461162567,0.38521140813827515,-0.3465787172317505,0.999687910079956
119,9,0.5015038847923279,0.40343061089515686,-0.3934081196784973,0.9998465180397034
119,10,0.48250070214271545,0.4039817750453949,-0.4358677268028259,0.9999297261238098
119,11,0.5293794870376587,0.45086607336997986,0.04469575732946396,0.9996315836906433
119,12,0.3900720477104187,0.4442227780818939,-0.31326448917388916,0.9999643564224243
119,13,0.5500372052192688,0.5285531282424927,0.18074552714824677,0.6193481683731079
119,14,0.3504082262516022,0.5305394530296326,-0.3306586444377899,0.9951798319816589
119,15,0.5649912357330322,0.5947570204734802,-0.007529743947088718,0.7293655276298523
119,16,0.40432119369506836,0.598030686378479,-0.45533090829849243,0.9817646741867065
119,17,0.5733773708343506,0.6157262325286865,-0.05000750720500946,0.6892338395118713
119,18,0.40591782331466675,0.6206878423690796,-0.5279261469841003,0.9623976349830627
119,19,0.567956805229187,0.6140855550765991,-0.1252613514661789,0.7002177238464355
119,20,0.4239230751991272,0.6183310151100159,-0.5664113759994507,0.9617699384689331
119,21,0.5610082149505615,0.6073644757270813,-0.04039541631937027,0.6906193494796753
119,22,0.4260772168636322,0.6113682985305786,-0.47022053599357605,0.9467380046844482
119,23,0.5100786685943604,0.6086539030075073,0.1319594830274582,0.9987779855728149
119,24,0.4286837577819824,0.6087987422943115,-0.13211502134799957,0.9992412328720093
119,25,0.5010222792625427,0.7261128425598145,0.22128374874591827,0.8773137927055359
119,26,0.4316212832927704,0.727874755859375,-0.04900234565138817,0.9767057299613953
119,27,0.4874459505081177,0.8158432841300964,0.5034583806991577,0.8934911489486694
119,28,0.4344172477722168,0.8212475776672363,0.23370102047920227,0.9759035110473633
119,29,0.47285088896751404,0.8262723684310913,0.5157731771469116,0.8869093060493469
119,30,0.4217674732208252,0.8348585367202759,0.25024354457855225,0.8626886606216431
119,31,0.5244628190994263,0.8474502563476562,0.3366434872150421,0.9259217977523804
119,32,0.48018020391464233,0.8593159914016724,0.031973835080862045,0.966383695602417
120,0,0.49682503938674927,0.3918902575969696,-0.502343475818634,0.9998852014541626
120,1,0.49894362688064575,0.38093188405036926,-0.46202927827835083,0.9997235536575317
120,2,0.5033460259437561,0.3809032440185547,-0.46204790472984314,0.999660313129425
120,3,0.5074917674064636,0.38095733523368835,-0.4620043933391571,0.9996386766433716
120,4,0.4817429482936859,0.3810165226459503,-0.49181750416755676,0.9997845888137817
120,5,0.472908616065979,0.38106676936149597,-0.49182841181755066,0.9997547268867493
120,6,0.46379101276397705,0.38116130232810974,-0.491840660572052,0.9997451305389404
120,7,0.5003103017807007,0.3852774202823639,-0.20900817215442657,0.99909508228302
120,8,0.443727970123291,0.38526105880737305,-0.3576415181159973,0.9997135400772095
120,9,0.5014923810958862,0.403411328792572,-0.4046876132488251,0.9998570680618286
120,10,0.4824768602848053,0.4040438234806061,-0.4450699985027313,0.9999343752861023
120,11,0.5297984480857849,0.4503870904445648,0.02994425594806671,0.9996558427810669
120,12,0.38967493176460266,0.44431766867637634,-0.32320940494537354,0.9999650716781616
120,13,0.5551761388778687,0.5265114307403564,0.17495973408222198,0.6405181288719177
120,14,0.34870561957359314,0.5304297208786011,-0.3364645540714264,0.995341420173645
120,15,0.569534957408905,0.5924814939498901,-0.019634060561656952,0.7505056858062744
120,16,0.4041622579097748,0.5972936749458313,-0.4561927020549774,0.9825499057769775
120,17,0.5791723132133484,0.6142569780349731,-0.06892558932304382,0.7105478048324585
120,18,0.4061373770236969,0.6200271248817444,-0.5290315747261047,0.9638611674308777
120,19,0.5731973648071289,0.6132534742355347,-0.14585749804973602,0.7212406396865845
120,20,0.4232245683670044,0.6178678274154663,-0.5648702383041382,0.9632477760314941
120,21,0.5657007098197937,0.6064214110374451,-0.05571313947439194,0.7111865878105164
120,22,0.42530471086502075,0.6107134222984314,-0.47196251153945923,0.9487305879592896
120,23,0.512641966342926,0.6078692674636841,0.12828510999679565,0.9988226294517517
120,24,0.4304274320602417,0.6085638999938965,-0.128421351313591,0.9992625713348389
120,25,0.5012250542640686,0.7249491214752197,0.22059184312820435,0.882067859172821
120,26,0.43177226185798645,0.7271873354911804,-0.045781753957271576,0.9777358770370483
120,27,0.4876551628112793,0.8150642514228821,0.502013623714447,0.8998454809188843
120,28,0.43433910608291626,0.821318507194519,0.2333219349384308,0.9769566655158997
120,29,0.4731143116950989,0.8254213333129883,0.5156322717666626,0.8919669985771179
120,30,0.4219370186328888,0.8348606824874878,0.24884632229804993,0.86441969871521
120,31,0.5236595869064331,0.8472652435302734,0.337504118680954,0.9301018118858337
120,32,0.47950515151023865,0.8596259951591492,0.027823355048894882,0.9678081274032593
121,0,0.4964331388473511,0.3919183313846588,-0.5153624415397644,0.9998937845230103
121,1,0.49858203530311584,0.38087743520736694,-0.4752933084964752,0.9997437596321106
121,2,0.5029910802841187,0.38080862164497375,-0.47531065344810486,0.9996846318244934
121,3,0.5071542263031006,0.38080158829689026,-0.4752630591392517,0.9996640086174011
121,4,0.48130691051483154,0.38108029961586,-0.506368100643158,0.9998006820678711
121,5,0.47243446111679077,0.3811309337615967,-0.5063968896865845,0.9997736215591431
121,6,0.46330147981643677,0.3812634348869324,-0.5064103603363037,0.9997645020484924
121,7,0.5000885725021362,0.38511595129966736,-0.2220720648765564,0.999144434928894
121,8,0.4433833956718445,0.3853979706764221,-0.3665231168270111,0.999736487865448
121,9,0.5013340711593628,0.40336132049560547,-0.41715875267982483,0.9998661279678345
121,10,0.48214924335479736,0.4040473401546478,-0.45905086398124695,0.9999383687973022
121,11,0.5303289890289307,0.44951897859573364,0.02266402542591095,0.9996789693832397
121,12,0.38928303122520447,0.4443581998348236,-0.33338919281959534,0.9999657273292542
121,13,0.5580784678459167,0.5246878266334534,0.1744944006204605,0.6587920784950256
121,14,0.34901005029678345,0.5304667949676514,-0.3469994068145752,0.9955084919929504
121,15,0.5736678242683411,0.5890624523162842,-0.027329469099640846,0.7694922685623169
121,16,0.4027255177497864,0.5973518490791321,-0.46236923336982727,0.9831935167312622
121,17,0.5837374925613403,0.6111165881156921,-0.0764477550983429,0.7297555804252625
121,18,0.40570467710494995,0.6202774047851562,-0.5323711037635803,0.9650716185569763
121,19,0.5778909921646118,0.6108660697937012,-0.15126211941242218,0.7402132153511047
121,20,0.42237693071365356,0.6182092428207397,-0.566943883895874,0.9644904136657715
121,21,0.5701315999031067,0.6040941476821899,-0.0633430927991867,0.7297738194465637
121,22,0.423876017332077,0.611040472984314,-0.4772289991378784,0.9504184126853943
121,23,0.513454794883728,0.6052089333534241,0.1304292380809784,0.9988619089126587
121,24,0.4312872588634491,0.6072786450386047,-0.13059356808662415,0.9992853403091431
121,25,0.5014316439628601,0.7230481505393982,0.23877398669719696,0.8832207918167114
121,26,0.43181127309799194,0.7232962250709534,-0.06843777000904083,0.9786640405654907
121,27,0.48677748441696167,0.8148185610771179,0.505965530872345,0.9048783779144287
121,28,0.4343102276325226,0.8205671310424805,0.162592351436615,0.977954626083374
121,29,0.4704355001449585,0.8244271278381348,0.5199253559112549,0.8959213495254517
121,30,0.42127224802970886,0.8336272239685059,0.17271490395069122,0.866142749786377
121,31,0.5227013826370239,0.8463295698165894,0.3509751856327057,0.933469295501709
121,32,0.47941726446151733,0.8595989942550659,-0.05122296139597893,0.9691123366355896
122,0,0.4962272644042969,0.3919289708137512,-0.5487188100814819,0.9999014735221863
122,1,0.49844953417778015,0.3807169795036316,-0.5100958347320557,0.9997614622116089
122,2,0.5028814673423767,0.38059625029563904,-0.5101040601730347,0.9997058510780334
122,3,0.5070566534996033,0.3805379867553711,-0.5100594162940979,0.999686062335968
122,4,0.48114508390426636,0.38106876611709595,-0.5417212843894958,0.9998149275779724
122,5,0.47232213616371155,0.3811403214931488,-0.5417720079421997,0.9997902512550354
122,6,0.46320241689682007,0.3813287615776062,-0.5418086051940918,0.9997816681861877
122,7,0.4999609589576721,0.3849709630012512,-0.25894075632095337,0.9991893768310547
122,8,0.44307467341423035,0.3855728805065155,-0.40741369128227234,0.999756932258606
122,9,0.5013408064842224,0.4034087061882019,-0.45052647590637207,0.999874472618103
122,10,0.48201891779899597,0.4041253626346588,-0.49330994486808777,0.9999420046806335
122,11,0.531311571598053,0.44917264580726624,-0.015497199259698391,0.9996996521949768
122,12,0.38819777965545654,0.4445285201072693,-0.34200650453567505,0.999966025352478
122,13,0.5601459741592407,0.5241671204566956,0.13043010234832764,0.6799538135528564
122,14,0.34902870655059814,0.5306309461593628,-0.351629376411438,0.995657742023468
122,15,0.5760243535041809,0.5885810852050781,-0.06620753556489944,0.787871778011322
122,16,0.4006316363811493,0.5973955392837524,-0.48013076186180115,0.9838416576385498
122,17,0.5867344737052917,0.6109018921852112,-0.11440055817365646,0.7486424446105957
122,18,0.40350794792175293,0.6204697489738464,-0.5482586026191711,0.9662501215934753
122,19,0.580625593662262,0.6107131242752075,-0.1882954090833664,0.7587631940841675
122,20,0.41968077421188354,0.6184302568435669,-0.5841545462608337,0.965694010257721
122,21,0.5727269649505615,0.6039119958877563,-0.10145217180252075,0.7481706738471985
122,22,0.42137327790260315,0.611167848110199,-0.49454548954963684,0.9520773887634277
122,23,0.5150057673454285,0.6042248010635376,0.1253015697002411,0.9988769888877869
122,24,0.4319955110549927,0.6070131063461304,-0.1254369169473648,0.9992883205413818
122,25,0.5018030405044556,0.7219146490097046,0.23836155235767365,0.8870675563812256
122,26,0.43180403113365173,0.722087562084198,-0.0637311264872551,0.9793195724487305
122,27,0.487090140581131,0.8140559196472168,0.4891394376754761,0.9098508358001709
122,28,0.4342705309391022,0.8205668330192566,0.16411848366260529,0.9786244034767151
122,29,0.471884161233902,0.8238250613212585,0.5022459626197815,0.8993064165115356
122,30,0.4215455651283264,0.833614706993103,0.179992213845253,0.8654295206069946
122,31,0.5225901007652283,0.84649658203125,0.32683801651000977,0.9365933537483215
122,32,0.4748144745826721,0.8596168756484985,-0.029787426814436913,0.9698891639709473
123,0,0.4962897300720215,0.39207151532173157,-0.5352165102958679,0.9999077320098877
123,1,0.4985010027885437,0.3809317946434021,-0.4964379072189331,0.9997759461402893
123,2,0.5028777718544006,0.3808179497718811,-0.49645477533340454,0.9997230172157288
123,3,0.5070064067840576,0.3807468116283417,-0.4964199364185333,0.9997038245201111
123,4,0.48128369450569153,0.38126009702682495,-0.5294948816299438,0.9998265504837036
123,5,0.4725480079650879,0.3813106417655945,-0.5295476913452148,0.9998040795326233
123,6,0.4634178876876831,0.3814927339553833,-0.5295928120613098,0.9997960925102234
123,7,0.49979841709136963,0.38524335622787476,-0.24799910187721252,0.9992234110832214
123,8,0.44304192066192627,0.38570791482925415,-0.402106910943985,0.9997747540473938
123,9,0.5014240741729736,0.4035346508026123,-0.43794941902160645,0.9998817443847656
123,10,0.4821102023124695,0.40425461530685425,-0.4823940694332123,0.9999451637268066
123,11,0.5317263603210449,0.449162095785141,-0.0041870251297950745,0.9997181296348572
123,12,0.3878505229949951,0.4446489214897156,-0.3442729711532593,0.9999664425849915
123,13,0.5606335997581482,0.5239216089248657,0.13379846513271332,0.695101797580719
123,14,0.34933212399482727,0.5306862592697144,-0.3551926016807556,0.9957748055458069
123,15,0.5753886699676514,0.5881315469741821,-0.060525503009557724,0.802687406539917
123,16,0.4004199206829071,0.5975866913795471,-0.4832826852798462,0.9843871593475342
123,17,0.5856161713600159,0.6105392575263977,-0.10796923190355301,0.763363242149353
123,18,0.402496337890625,0.6206883788108826,-0.5524979829788208,0.9673030376434326
123,19,0.5798231363296509,0.6103617548942566,-0.18026870489120483,0.7733169198036194
123,20,0.4188969135284424,0.618509829044342,-0.5875558853149414,0.9667577147483826
123,21,0.5720534920692444,0.6035448312759399,-0.09535934776067734,0.7624258399009705
123,22,0.4210244119167328,0.6112746596336365,-0.4971233904361725,0.9535048604011536
123,23,0.5159767270088196,0.6043132543563843,0.1251198947429657,0.9989058375358582
123,24,0.4329720735549927,0.607108473777771,-0.12523587048053741,0.9992958307266235
123,25,0.502092719078064,0.7215796709060669,0.23368683457374573,0.8909561634063721
123,26,0.43213561177253723,0.722527027130127,-0.05840817466378212,0.9799708127975464
123,27,0.48763546347618103,0.8138118982315063,0.49423134326934814,0.9144212007522583
123,28,0.43424221873283386,0.8208619356155396,0.20754002034664154,0.9791524410247803
123,29,0.4732414782047272,0.8237420320510864,0.5086832046508789,0.9024526476860046
123,30,0.4215286374092102,0.8338548541069031,0.22387981414794922,0.8642738461494446
123,31,0.5227593183517456,0.8466356992721558,0.3272593319416046,0.9395059943199158
123,32,0.4748108685016632,0.8600494265556335,-0.0028031545225530863,0.9705419540405273
124,0,0.496429443359375,0.39234524965286255,-0.552582859992981,0.999912440776825
124,1,0.49864116311073303,0.38133448362350464,-0.5143616795539856,0.9997861981391907
124,2,0.5029407739639282,0.3812425434589386,-0.5143880248069763,0.9997356534004211
124,3,0.5069905519485474,0.38118094205856323,-0.5143745541572571,0.999717116355896
124,4,0.48149940371513367,0.3815515637397766,-0.5484687089920044,0.999833881855011
124,5,0.4728393256664276,0.38155847787857056,-0.548524796962738,0.9998133182525635
124,6,0.46370929479599,0.3816741406917572,-0.5485787391662598,0.9998050928115845
124,7,0.4997102618217468,0.38558506965637207,-0.26204729080200195,0.9992424845695496
124,8,0.44323015213012695,0.3857540488243103,-0.42242178320884705,0.9997861981391907
124,9,0.5014926791191101,0.4037714898586273,-0.4531133472919464,0.9998863935470581
124,10,0.4822238087654114,0.40443354845046997,-0.4992106854915619,0.9999464750289917
124,11,0.5323817133903503,0.4491715431213379,-0.010797863826155663,0.9997366666793823
124,12,0.38756778836250305,0.44453591108322144,-0.3605015277862549,0.9999656081199646
124,13,0.5610061287879944,0.5237482786178589,0.1319839209318161,0.7125118374824524
124,14,0.3554726839065552,0.5307877659797668,-0.36209335923194885,0.9957921504974365
124,15,0.5756387710571289,0.5877215266227722,-0.06348545849323273,0.8179057836532593
124,16,0.4008775055408478,0.5976607203483582,-0.49319398403167725,0.9847134947776794
124,17,0.5852228999137878,0.6103278398513794,-0.11122550815343857,0.779098629951477
124,18,0.40221187472343445,0.6213526129722595,-0.563288688659668,0.9679785370826721
124,19,0.5800231695175171,0.6102545261383057,-0.18643242120742798,0.7888201475143433
124,20,0.41835281252861023,0.619287371635437,-0.6012676358222961,0.9674695134162903
124,21,0.5723790526390076,0.6032960414886475,-0.0993243008852005,0.7778240442276001
124,22,0.42108142375946045,0.6121158599853516,-0.5081180334091187,0.954422652721405
124,23,0.5159733295440674,0.6029347777366638,0.12520939111709595,0.9989190101623535
124,24,0.43272629380226135,0.6061705946922302,-0.12530949711799622,0.9992885589599609
124,25,0.5022115111351013,0.7209275364875793,0.2241601049900055,0.8933923244476318
124,26,0.4323931932449341,0.7223308682441711,-0.06890105456113815,0.9801859259605408
124,27,0.48793914914131165,0.8135278820991516,0.4939836263656616,0.9174951910972595
124,28,0.4340384602546692,0.8209320306777954,0.200980082154274,0.9793521165847778
124,29,0.4741944968700409,0.8236621618270874,0.5086888670921326,0.9032907485961914
124,30,0.4214855134487152,0.8339112401008606,0.21562765538692474,0.8603565692901611
124,31,0.5222076773643494,0.8465239405632019,0.32791203260421753,0.9412509799003601
124,32,0.47398820519447327,0.860024631023407,-0.02247942052781582,0.9707649350166321
125,0,0.49654266238212585,0.392630010843277,-0.5419970750808716,0.999917209148407
125,1,0.49879202246665955,0.3816506266593933,-0.5034752488136292,0.9997972846031189
125,2,0.5030772089958191,0.38156628608703613,-0.5035006999969482,0.9997491240501404
125,3,0.5071065425872803,0.3815184235572815,-0.503482460975647,0.9997310042381287
125,4,0.48172852396965027,0.38182348012924194,-0.537764847278595,0.9998417496681213
125,5,0.4730982184410095,0.38181403279304504,-0.5378227233886719,0.9998230338096619
125,6,0.4639779329299927,0.38190487027168274,-0.5378795862197876,0.9998148083686829
125,7,0.4997292757034302,0.38583841919898987,-0.2538369596004486,0.9992694854736328
125,8,0.4433232545852661,0.3859100937843323,-0.4213833212852478,0.9997982978820801
125,9,0.5017608404159546,0.40403294563293457,-0.44376665353775024,0.9998914003372192
125,10,0.4822996258735657,0.4046660363674164,-0.49022597074508667,0.9999479651451111
125,11,0.5329421758651733,0.44927138090133667,-0.005867617670446634,0.9997521042823792
125,12,0.38783857226371765,0.4443458914756775,-0.35859358310699463,0.9999646544456482
125,13,0.5603848695755005,0.5238839387893677,0.13354605436325073,0.7233895063400269
125,14,0.3662172555923462,0.5314114689826965,-0.36110398173332214,0.9957653284072876
125,15,0.5745373368263245,0.5877492427825928,-0.062118809670209885,0.8298826813697815
125,16,0.40215855836868286,0.6011475324630737,-0.4892374575138092,0.9848723411560059
125,17,0.5839436054229736,0.6103127002716064,-0.11088630557060242,0.7908165454864502
125,18,0.40240880846977234,0.6246798038482666,-0.5575175881385803,0.9683322906494141
125,19,0.5787373185157776,0.6102423667907715,-0.1812172830104828,0.8004806041717529
125,20,0.418823778629303,0.6236875653266907,-0.5929355025291443,0.9678670167922974
125,21,0.5712568759918213,0.603306770324707,-0.0987422913312912,0.7892107963562012
125,22,0.4211759865283966,0.6170649528503418,-0.5026242733001709,0.9550689458847046
125,23,0.5159045457839966,0.6029534935951233,0.12503622472286224,0.998930811882019
125,24,0.4328573942184448,0.6061071157455444,-0.12512947618961334,0.9992748498916626
125,25,0.5029089450836182,0.7207008600234985,0.2047109156847,0.8930183053016663
125,26,0.432664155960083,0.7223201990127563,-0.06969733536243439,0.9795528054237366
125,27,0.48803192377090454,0.8133150339126587,0.4743840992450714,0.9185898900032043
125,28,0.43400511145591736,0.8207886815071106,0.20153634250164032,0.9786048531532288
125,29,0.47420012950897217,0.8236045837402344,0.4893012046813965,0.9022663235664368
125,30,0.4214308559894562,0.8336000442504883,0.21616967022418976,0.8530652523040771
125,31,0.5221500992774963,0.8467000722885132,0.3123416602611542,0.9416028261184692
125,32,0.4740109443664551,0.8600066900253296,-0.017802473157644272,0.969956636428833
126,0,0.49663594365119934,0.3927612900733948,-0.5371377468109131,0.9999178647994995
126,1,0.4988834857940674,0.38184401392936707,-0.49841877818107605,0.9997983574867249
126,2,0.5031520128250122,0.38177186250686646,-0.49844422936439514,0.9997507333755493
126,3,0.5071708559989929,0.3817293047904968,-0.4984245002269745,0.9997318387031555
126,4,0.4817335903644562,0.381971150636673,-0.5333297848701477,0.9998408555984497
126,5,0.4729965627193451,0.3819532096385956,-0.5333876609802246,0.999823808670044
126,6,0.46373507380485535,0.3820246458053589,-0.5334375500679016,0.9998152852058411
126,7,0.4997718036174774,0.38603585958480835,-0.24966153502464294,0.999262273311615
126,8,0.4430021047592163,0.3860267698764801,-0.40826085209846497,0.9998013377189636
126,9,0.5018195509910583,0.40423622727394104,-0.4392780363559723,0.9998913407325745
126,10,0.48235973715782166,0.40484052896499634,-0.48755407333374023,0.9999461770057678
126,11,0.533191442489624,0.44955459237098694,-0.0038744923658668995,0.9997581839561462
126,12,0.3878712058067322,0.4442605972290039,-0.3463078439235687,0.9999626278877258
126,13,0.5601248145103455,0.5247634649276733,0.13255412876605988,0.7231563925743103
126,14,0.37083232402801514,0.532080888748169,-0.34187379479408264,0.9954694509506226
126,15,0.572442352771759,0.5899012088775635,-0.06062845513224602,0.8319185376167297
126,16,0.40318310260772705,0.6031022071838379,-0.46227455139160156,0.9837589859962463
126,17,0.5813007950782776,0.6118332147598267,-0.11055798828601837,0.790181040763855
126,18,0.40261128544807434,0.6264198422431946,-0.5276961922645569,0.9663675427436829
126,19,0.5753645300865173,0.611861526966095,-0.17911414802074432,0.8003897070884705
126,20,0.4192109704017639,0.6257849335670471,-0.5675187706947327,0.9659307599067688
126,21,0.5688707828521729,0.6050444841384888,-0.09667619317770004,0.7882981896400452
126,22,0.42136138677597046,0.6193209290504456,-0.478500634431839,0.9528102874755859
126,23,0.516070544719696,0.6030839085578918,0.11957351118326187,0.9989250302314758
126,24,0.43265894055366516,0.6060596108436584,-0.1196432039141655,0.9992550015449524
126,25,0.5041785836219788,0.7205852270126343,0.17174842953681946,0.8960343599319458
126,26,0.43278202414512634,0.7223623991012573,-0.06978119909763336,0.9793757796287537
126,27,0.48831906914711,0.81327885389328,0.4626144468784332,0.9213470220565796
126,28,0.4339402914047241,0.8207892179489136,0.21331259608268738,0.9783236384391785
126,29,0.4744293987751007,0.823424220085144,0.4789331555366516,0.9019709825515747
126,30,0.42156973481178284,0.8335216641426086,0.22918620705604553,0.8474323749542236
126,31,0.5213728547096252,0.8475958108901978,0.2930755317211151,0.9429227709770203
126,32,0.47286462783813477,0.859957218170166,-0.01112540252506733,0.9697777032852173
127,0,0.49672365188598633,0.3928103446960449,-0.5339825749397278,0.9999140501022339
127,1,0.49897176027297974,0.38187357783317566,-0.4962936341762543,0.9997894167900085
127,2,0.5032275319099426,0.38183683156967163,-0.49634382128715515,0.9997385144233704
127,3,0.5072340965270996,0.3818310797214508,-0.496340811252594,0.9997168183326721
127,4,0.48185861110687256,0.38200750946998596,-0.5262922644615173,0.9998334050178528
127,5,0.4731384813785553,0.3820217251777649,-0.5263580679893494,0.999817967414856
127,6,0.46382561326026917,0.3820655941963196,-0.5264452695846558,0.999810516834259
127,7,0.49979642033576965,0.38633954524993896,-0.2482636719942093,0.9992069005966187
127,8,0.44291457533836365,0.3861864507198334,-0.38565924763679504,0.9998006224632263
127,9,0.5020017027854919,0.404435932636261,-0.43646934628486633,0.9998852014541626
127,10,0.4824270009994507,0.4049169421195984,-0.4773428738117218,0.9999422430992126
127,11,0.5331401228904724,0.44982877373695374,-0.001711756456643343,0.9997482299804688
127,12,0.3879185914993286,0.4441825747489929,-0.33099207282066345,0.9999611377716064
127,13,0.5566439032554626,0.5253393054008484,0.13188977539539337,0.7072340846061707
127,14,0.3705747723579407,0.5327797532081604,-0.32279422879219055,0.9950651526451111
127,15,0.5678738355636597,0.5905877351760864,-0.05817955732345581,0.8165658116340637
127,16,0.4047011137008667,0.6055769920349121,-0.43405210971832275,0.9818270206451416
127,17,0.5754162073135376,0.6121079921722412,-0.10626760870218277,0.7718315124511719
127,18,0.4035882353782654,0.6288368105888367,-0.49698007106781006,0.9629360437393188
127,19,0.5691030621528625,0.6120404601097107,-0.17600521445274353,0.7829657196998596
127,20,0.41958728432655334,0.6279304027557373,-0.5349082350730896,0.9625248312950134
127,21,0.5631142854690552,0.6053029298782349,-0.0934782475233078,0.7701015472412109
127,22,0.4224049746990204,0.6211775541305542,-0.44937121868133545,0.9488420486450195
127,23,0.516229510307312,0.604228675365448,0.11674714833498001,0.9988998770713806
127,24,0.4325219392776489,0.6061026453971863,-0.1168074682354927,0.9992347955703735
127,25,0.5049790143966675,0.7206912636756897,0.16512703895568848,0.8986344933509827
127,26,0.43309852480888367,0.7226054668426514,-0.06931383162736893,0.9790340065956116
127,27,0.48865148425102234,0.8132811784744263,0.46662864089012146,0.9238656759262085
127,28,0.4337720572948456,0.8208000063896179,0.23172931373119354,0.9778997302055359
127,29,0.4745067059993744,0.8233783841133118,0.4836123287677765,0.9017899036407471
127,30,0.42155778408050537,0.8335248827934265,0.2488754689693451,0.8420839309692383
127,31,0.5213407278060913,0.8480015993118286,0.2974330186843872,0.9441101551055908
127,32,0.4723236858844757,0.8599439859390259,0.00856401864439249,0.9694563150405884
128,0,0.49680086970329285,0.3928411900997162,-0.47996312379837036,0.9999126195907593
128,1,0.4990513324737549,0.38199156522750854,-0.44089275598526,0.9997878670692444
128,2,0.5032947063446045,0.3819955885410309,-0.4409565031528473,0.9997345805168152
128,3,0.5072901248931885,0.38203346729278564,-0.44094961881637573,0.9997110366821289
128,4,0.48194316029548645,0.382101446390152,-0.47128936648368835,0.9998323917388916
128,5,0.4732142984867096,0.3821430802345276,-0.4713466763496399,0.9998182058334351
128,6,0.46392297744750977,0.3821682333946228,-0.4714348614215851,0.9998123645782471
128,7,0.4998261332511902,0.38678354024887085,-0.19653737545013428,0.9991809129714966
128,8,0.44300228357315063,0.386427640914917,-0.3368709087371826,0.9998061656951904
128,9,0.5020430684089661,0.40461331605911255,-0.38481009006500244,0.9998821020126343
128,10,0.4824795722961426,0.4049680829048157,-0.425186425447464,0.9999404549598694
128,11,0.5328305959701538,0.4504547715187073,0.03871077671647072,0.9997351765632629
128,12,0.3883957862854004,0.4442104399204254,-0.3071899116039276,0.999960720539093
128,13,0.5529845952987671,0.5268421173095703,0.1581767201423645,0.6838431358337402
128,14,0.3748316466808319,0.5337530374526978,-0.3041570782661438,0.9947013258934021
128,15,0.5634707808494568,0.5922644138336182,-0.02689502201974392,0.7976912260055542
128,16,0.40571898221969604,0.6068601608276367,-0.39770635962486267,0.9804455637931824
128,17,0.5703696608543396,0.6130615472793579,-0.07058436423540115,0.7511111497879028
128,18,0.4043335020542145,0.6299654841423035,-0.45861637592315674,0.9605647921562195
128,19,0.5653555393218994,0.6132581233978271,-0.13680796325206757,0.763028085231781
128,20,0.41966983675956726,0.6289926171302795,-0.49503305554389954,0.960161566734314
128,21,0.5593507885932922,0.6067124605178833,-0.06054002791643143,0.7495666742324829
128,22,0.422893226146698,0.6222756505012512,-0.4119425415992737,0.9461778998374939
128,23,0.5161799788475037,0.6049772500991821,0.11733832955360413,0.9988887310028076
128,24,0.43246105313301086,0.6061351299285889,-0.1173936128616333,0.9992333650588989
128,25,0.5057404041290283,0.7207049131393433,0.17012517154216766,0.8998991250991821
128,26,0.43314483761787415,0.7231944799423218,-0.06877218931913376,0.9784525036811829
128,27,0.489529550075531,0.813423752784729,0.46785351634025574,0.9251621961593628
128,28,0.43373626470565796,0.8211225271224976,0.23060521483421326,0.9772295355796814
128,29,0.4751988649368286,0.8234745264053345,0.4848957359790802,0.900557816028595
128,30,0.4217803180217743,0.8338689804077148,0.24735286831855774,0.8360607624053955
128,31,0.5213960409164429,0.848044753074646,0.30101749300956726,0.9446302056312561
128,32,0.47184646129608154,0.8599247932434082,0.010963063687086105,0.9689812064170837
129,0,0.4968785047531128,0.39294350147247314,-0.4869330823421478,0.9999122619628906
129,1,0.49909111857414246,0.38201385736465454,-0.4468773305416107,0.9997900724411011
129,2,0.5033251643180847,0.382052481174469,-0.44692492485046387,0.9997348189353943
129,3,0.5073099732398987,0.3821246325969696,-0.44690781831741333,0.999708890914917
129,4,0.48199835419654846,0.38214749097824097,-0.4774852693080902,0.9998356699943542
129,5,0.4733298420906067,0.38224494457244873,-0.47755661606788635,0.9998229146003723
129,6,0.46397116780281067,0.38230252265930176,-0.47764497995376587,0.9998188614845276
129,7,0.4998386800289154,0.3870949447154999,-0.1990695744752884,0.9991579651832581
129,8,0.44305869936943054,0.3868817687034607,-0.3402421474456787,0.9998158812522888
129,9,0.5024263858795166,0.40470772981643677,-0.39081302285194397,0.9998781681060791
129,10,0.4826359152793884,0.4050043225288391,-0.43139609694480896,0.9999393820762634
129,11,0.53279048204422,0.45129555463790894,0.04552505910396576,0.9996916055679321
129,12,0.38986125588417053,0.444342702627182,-0.3146496117115021,0.9999608397483826
129,13,0.5485518574714661,0.527532160282135,0.16407163441181183,0.6470346450805664
129,14,0.375842422246933,0.5349701642990112,-0.3080892860889435,0.9944397211074829
129,15,0.5577529668807983,0.5928127765655518,-0.02011222578585148,0.7624538540840149
129,16,0.4069956839084625,0.6076894402503967,-0.3830384910106659,0.9790144562721252
129,17,0.564203143119812,0.6136350035667419,-0.0614137165248394,0.7160619497299194
129,18,0.4056240916252136,0.6307783722877502,-0.4410792589187622,0.9579247236251831
129,19,0.561256468296051,0.6140972375869751,-0.1256309300661087,0.7285603284835815
129,20,0.4203101396560669,0.6300404667854309,-0.4744674563407898,0.9574943780899048
129,21,0.555386483669281,0.6075974702835083,-0.05315270274877548,0.7154695987701416
129,22,0.4238438606262207,0.6232686638832092,-0.3953627347946167,0.9432780742645264
129,23,0.5161339044570923,0.6055387854576111,0.1204146295785904,0.9988720417022705
129,24,0.43299004435539246,0.6061508059501648,-0.12048531323671341,0.9992413520812988
129,25,0.506170928478241,0.7206683158874512,0.17466022074222565,0.8996386528015137
129,26,0.4332561194896698,0.7232288122177124,-0.06835446506738663,0.9782586693763733
129,27,0.48993128538131714,0.8135265111923218,0.4721834063529968,0.9266108870506287
129,28,0.4336285889148712,0.8213858604431152,0.22974616289138794,0.9770957231521606
129,29,0.47527456283569336,0.8235676884651184,0.4893835783004761,0.9006933569908142
129,30,0.42177221179008484,0.8343311548233032,0.24628664553165436,0.8329237103462219
129,31,0.5216458439826965,0.8480381965637207,0.30262887477874756,0.945490837097168
129,32,0.4718419015407562,0.8599101305007935,0.011126572266221046,0.9690819978713989
130,0,0.4972361624240875,0.3929630517959595,-0.4930579662322998,0.9999160766601562
130,1,0.4992407560348511,0.3821869492530823,-0.45323461294174194,0.9998010993003845
130,2,0.5034218430519104,0.3822680115699768,-0.4532773792743683,0.9997477531433105
130,3,0.5073485374450684,0.3823772668838501,-0.45325931906700134,0.9997218251228333
130,4,0.4823344349861145,0.38235247135162354,-0.4842452108860016,0.9998447895050049
130,5,0.4738181531429291,0.38249585032463074,-0.4843137562274933,0.9998331665992737
130,6,0.4644487500190735,0.38258010149002075,-0.4843888282775879,0.9998298287391663
130,7,0.4998630881309509,0.3875240087509155,-0.2036583423614502,0.999187707901001
130,8,0.44350436329841614,0.3873174786567688,-0.3462088704109192,0.9998289942741394
130,9,0.5029543042182922,0.4049037992954254,-0.396620512008667,0.9998811483383179
130,10,0.483143150806427,0.4051038324832916,-0.43791526556015015,0.9999412298202515
130,11,0.5327675342559814,0.4517850875854492,0.046310488134622574,0.9996786117553711
130,12,0.3909117877483368,0.4446240961551666,-0.32030218839645386,0.9999616146087646
130,13,0.5463266372680664,0.5277143716812134,0.16411104798316956,0.6241881251335144
130,14,0.376046359539032,0.535253643989563,-0.31762412190437317,0.9943838119506836
130,15,0.5558323264122009,0.5929433703422546,-0.020693743601441383,0.7478986382484436
130,16,0.4071069061756134,0.6075683832168579,-0.3997590243816376,0.9785005450248718
130,17,0.5631943345069885,0.6138724684715271,-0.061674781143665314,0.6997460126876831
130,18,0.40582549571990967,0.630884051322937,-0.45961278676986694,0.956875205039978
130,19,0.5605856776237488,0.6142829656600952,-0.12667803466320038,0.7127571702003479
130,20,0.4204353392124176,0.6300836801528931,-0.49209824204444885,0.9564224481582642
130,21,0.5544789433479309,0.6079073548316956,-0.053797654807567596,0.6992640495300293
130,22,0.42387664318084717,0.6232319474220276,-0.41188669204711914,0.9422252178192139
130,23,0.516057014465332,0.6057712435722351,0.12875308096408844,0.9988811612129211
130,24,0.4332517981529236,0.6063121557235718,-0.12885278463363647,0.9992602467536926
130,25,0.5065046548843384,0.7207101583480835,0.21012365818023682,0.8986105918884277
130,26,0.43340080976486206,0.7232806086540222,-0.06643813103437424,0.978606641292572
130,27,0.49005377292633057,0.8134995698928833,0.4841112494468689,0.928036093711853
130,28,0.43361324071884155,0.8217118382453918,0.22299449145793915,0.9773882627487183
130,29,0.47509849071502686,0.8235764503479004,0.49925002455711365,0.9022824168205261
130,30,0.4220554232597351,0.8348745107650757,0.23829610645771027,0.8325884342193604
130,31,0.5235884785652161,0.8479390144348145,0.323550820350647,0.946485161781311
130,32,0.47285112738609314,0.8599087595939636,0.006759710609912872,0.9695027470588684
131,0,0.4984223246574402,0.39304858446121216,-0.4959762692451477,0.9999189972877502
131,1,0.4999256134033203,0.382224977016449,-0.45371827483177185,0.9998087286949158
131,2,0.5039945244789124,0.38230007886886597,-0.45377156138420105,0.9997568130493164
131,3,0.5077985525131226,0.3824257254600525,-0.453771710395813,0.9997314810752869
131,4,0.48325592279434204,0.3823719620704651,-0.4854857623577118,0.9998511075973511
131,5,0.47494277358055115,0.3825123906135559,-0.4855451285839081,0.9998404383659363
131,6,0.46552222967147827,0.38260090351104736,-0.4855981171131134,0.999837338924408
131,7,0.5001383423805237,0.3875865340232849,-0.20646119117736816,0.9992056488990784
131,8,0.44446372985839844,0.38734397292137146,-0.3474028706550598,0.9998377561569214
131,9,0.5042785406112671,0.404920756816864,-0.3987851142883301,0.9998834729194641
131,10,0.4845714867115021,0.4051521420478821,-0.44096192717552185,0.9999421834945679
131,11,0.5330802202224731,0.4517878592014313,0.04071693867444992,0.9996826648712158
131,12,0.39214015007019043,0.4447243809700012,-0.3363257646560669,0.9999614357948303
131,13,0.5469261407852173,0.5277096033096313,0.16157306730747223,0.6218689680099487
131,14,0.37561196088790894,0.5358829498291016,-0.3557583689689636,0.9944808483123779
131,15,0.5563696622848511,0.5929746627807617,-0.02070489153265953,0.7539969682693481
131,16,0.40669330954551697,0.6076030731201172,-0.4669100046157837,0.9790142774581909
131,17,0.5637224912643433,0.6139270067214966,-0.0616595521569252,0.703873872756958
131,18,0.40576624870300293,0.6312043070793152,-0.5351927876472473,0.9577193260192871
131,19,0.560899019241333,0.614224910736084,-0.12794877588748932,0.7170879244804382
131,20,0.4205312430858612,0.6304509043693542,-0.5649080276489258,0.9572573900222778
131,21,0.5547412633895874,0.6078487038612366,-0.05381505936384201,0.702838659286499
131,22,0.4239746630191803,0.6234215497970581,-0.4789881408214569,0.9432002305984497
131,23,0.5155314803123474,0.6066001653671265,0.1322188824415207,0.9988991022109985
131,24,0.433199018239975,0.6069558262825012,-0.1323397010564804,0.9992672204971313
131,25,0.5065139532089233,0.72098708152771,0.22096514701843262,0.8960695266723633
131,26,0.4334915280342102,0.7233682870864868,-0.062144357711076736,0.9785013794898987
131,27,0.49008747935295105,0.8134673237800598,0.5010523200035095,0.9277493357658386
131,28,0.43367546796798706,0.821725070476532,0.22413285076618195,0.9771367907524109
131,29,0.47482508420944214,0.8235328793525696,0.5175431370735168,0.9021600484848022
131,30,0.4220876097679138,0.8348729014396667,0.23993754386901855,0.8303613662719727
131,31,0.5241197347640991,0.847864031791687,0.35136088728904724,0.9463146924972534
131,32,0.4741666913032532,0.8598031997680664,0.014222402125597,0.9692618250846863
132,0,0.5002411603927612,0.393124520778656,-0.514468252658844,0.9999224543571472
132,1,0.5013378262519836,0.3822959065437317,-0.4732823371887207,0.9998172521591187
132,2,0.5052972435951233,0.38235923647880554,-0.4733331799507141,0.9997671842575073
132,3,0.5088904500007629,0.3824893534183502,-0.4733295142650604,0.9997425079345703
132,4,0.48507970571517944,0.38241297006607056,-0.5063991546630859,0.9998577833175659
132,5,0.4769664704799652,0.38255468010902405,-0.5064546465873718,0.9998480081558228
132,6,0.46775490045547485,0.382641077041626,-0.5064952969551086,0.9998449683189392
132,7,0.5010102391242981,0.387641042470932,-0.22174544632434845,0.9992290735244751
132,8,0.4463801085948944,0.3873700201511383,-0.37417107820510864,0.9998463988304138
132,9,0.5061871409416199,0.40501150488853455,-0.4160435199737549,0.9998867511749268
132,10,0.4865649342536926,0.40523824095726013,-0.46024802327156067,0.9999436736106873
132,11,0.5345311760902405,0.4515143930912018,0.0363226979970932,0.9996934533119202
132,12,0.3926611542701721,0.4447415769100189,-0.3525940477848053,0.9999616742134094
132,13,0.5493565201759338,0.5274046659469604,0.16138020157814026,0.6273012161254883
132,14,0.3755039572715759,0.5359523892402649,-0.37221840023994446,0.9946532845497131
132,15,0.5576756596565247,0.5933022499084473,-0.022851258516311646,0.7657356858253479
132,16,0.40658941864967346,0.6080794930458069,-0.49108612537384033,0.9799115657806396
132,17,0.5660017728805542,0.6143180131912231,-0.06446254998445511,0.7146682143211365
132,18,0.4056909382343292,0.6318858861923218,-0.5613405108451843,0.9593377113342285
132,19,0.5631256699562073,0.614324688911438,-0.1297912746667862,0.7278509140014648
132,20,0.42060673236846924,0.6311790347099304,-0.5928423404693604,0.9588898420333862
132,21,0.5567673444747925,0.608159065246582,-0.05575290322303772,0.7131305932998657
132,22,0.424051970243454,0.6241374611854553,-0.503884494304657,0.9452118277549744
132,23,0.5154188275337219,0.6068286299705505,0.13354185223579407,0.9989217519760132
132,24,0.4331786632537842,0.6072636246681213,-0.13365182280540466,0.9992757439613342
132,25,0.5067785382270813,0.721052885055542,0.2290550023317337,0.8945604562759399
132,26,0.43384110927581787,0.7235260009765625,-0.06088058650493622,0.9786166548728943
132,27,0.49046868085861206,0.8134740591049194,0.503349244594574,0.9280629754066467
132,28,0.43366539478302,0.8217924237251282,0.22236201167106628,0.9772064089775085
132,29,0.4748684763908386,0.8235775828361511,0.5192146897315979,0.9027715921401978
132,30,0.42207950353622437,0.8349148631095886,0.23784567415714264,0.8291804194450378
132,31,0.5246774554252625,0.8478666543960571,0.3522612154483795,0.946619987487793
132,32,0.47483155131340027,0.8597938418388367,0.013616085052490234,0.9693455100059509
133,0,0.5015859603881836,0.39314746856689453,-0.5067839026451111,0.9999250173568726
133,1,0.502618134021759,0.3823641240596771,-0.4663195312023163,0.9998230934143066
133,2,0.5065876245498657,0.3824312388896942,-0.46639031171798706,0.9997747540473938
133,3,0.5101258158683777,0.3825698792934418,-0.46638306975364685,0.9997504949569702
133,4,0.48641830682754517,0.38243913650512695,-0.49949997663497925,0.9998618364334106
133,5,0.47831180691719055,0.3825830817222595,-0.4995376467704773,0.9998526573181152
133,6,0.46922600269317627,0.3826664090156555,-0.4995753765106201,0.9998490810394287
133,7,0.5027936100959778,0.3876652419567108,-0.21604004502296448,0.9992451667785645
133,8,0.44783884286880493,0.38736268877983093,-0.3699862062931061,0.9998519420623779
133,9,0.5077694654464722,0.4050825238227844,-0.40892839431762695,0.999889612197876
133,10,0.4878894090652466,0.4052853584289551,-0.4532639682292938,0.9999446272850037
133,11,0.5380300879478455,0.45120659470558167,0.03502383083105087,0.9997093081474304
133,12,0.39264434576034546,0.44537895917892456,-0.3442765474319458,0.9999613165855408
133,13,0.552014172077179,0.5273090600967407,0.1602906435728073,0.6403569579124451
133,14,0.3759298622608185,0.5364651679992676,-0.3716047406196594,0.9947419166564941
133,15,0.5607683658599854,0.5933135747909546,-0.03402045741677284,0.780422031879425
133,16,0.40760594606399536,0.6090433597564697,-0.4787141978740692,0.9805234670639038
133,17,0.5705391764640808,0.6143947839736938,-0.08018569648265839,0.7299666404724121
133,18,0.40731629729270935,0.6329386234283447,-0.5480918884277344,0.9605064392089844
133,19,0.565617561340332,0.614372193813324,-0.14930854737758636,0.7428504228591919
133,20,0.42233455181121826,0.6317989230155945,-0.5818665623664856,0.9600918292999268
133,21,0.5589233636856079,0.6082491278648376,-0.0680956169962883,0.7279075980186462
133,22,0.42576053738594055,0.6248124837875366,-0.4922454059123993,0.9467025995254517
133,23,0.5154663324356079,0.6080356240272522,0.1331125646829605,0.9989498853683472
133,24,0.4331510365009308,0.6091316938400269,-0.13321998715400696,0.9992830753326416
133,25,0.5070562362670898,0.721351683139801,0.22971755266189575,0.8944281935691833
133,26,0.4346351623535156,0.7239629626274109,-0.057513102889060974,0.9786134958267212
133,27,0.49105873703956604,0.813522219657898,0.5020008087158203,0.9290264844894409
133,28,0.4336537718772888,0.8218125104904175,0.22274544835090637,0.9771277904510498
133,29,0.47507575154304504,0.8236526250839233,0.5177016854286194,0.9043824672698975
133,30,0.42210087180137634,0.8349688649177551,0.23818571865558624,0.8280637264251709
133,31,0.5251530408859253,0.8480094075202942,0.3502461612224579,0.9472959637641907
133,32,0.4748733937740326,0.8597875833511353,0.014381141401827335,0.9692153930664062
134,0,0.5025892853736877,0.3933098614215851,-0.5185574293136597,0.9999259114265442
134,1,0.5035656690597534,0.3824220895767212,-0.47983187437057495,0.9998244643211365
134,2,0.5073990225791931,0.38246527314186096,-0.47990289330482483,0.9997779726982117
134,3,0.5107799768447876,0.38259628415107727,-0.4798954427242279,0.9997537136077881
134,4,0.4876455068588257,0.3826353847980499,-0.5131689310073853,0.9998608827590942
134,5,0.4795564115047455,0.3827820420265198,-0.513218104839325,0.9998524188995361
134,6,0.4706268012523651,0.382911741733551,-0.5132690668106079,0.9998471736907959
134,7,0.5036629438400269,0.38769519329071045,-0.2291504293680191,0.9992456436157227
134,8,0.4494151175022125,0.38741934299468994,-0.38495317101478577,0.9998509287834167
134,9,0.5087158679962158,0.4051925539970398,-0.4198053479194641,0.9998900294303894
134,10,0.4888497591018677,0.4055097699165344,-0.46451571583747864,0.9999434351921082
134,11,0.5419182181358337,0.45072054862976074,0.022817816585302353,0.9997273087501526
134,12,0.39314931631088257,0.44606584310531616,-0.34400880336761475,0.999959409236908
134,13,0.5539226531982422,0.5266621708869934,0.1580420881509781,0.6605578660964966
134,14,0.37571436166763306,0.5367410182952881,-0.3584079444408417,0.9948616623878479
134,15,0.5649498105049133,0.5918049812316895,-0.040831226855516434,0.7974988222122192
134,16,0.40830472111701965,0.6078780889511108,-0.4718984067440033,0.9813134670257568
134,17,0.5749035477638245,0.6138216257095337,-0.08838651329278946,0.7488254308700562
134,18,0.40881800651550293,0.6319842338562012,-0.5397310256958008,0.9620363712310791
134,19,0.5680471062660217,0.6136895418167114,-0.1599993109703064,0.7611678242683411
134,20,0.42423155903816223,0.6300815343856812,-0.574603796005249,0.9616603255271912
134,21,0.5612643957138062,0.6070538759231567,-0.07532098144292831,0.7464385628700256
134,22,0.4274013042449951,0.6230579614639282,-0.48534104228019714,0.9486367106437683
134,23,0.5170206427574158,0.6077250242233276,0.13286398351192474,0.998966634273529
134,24,0.43388935923576355,0.6091455221176147,-0.13297401368618011,0.9992679357528687
134,25,0.5080043077468872,0.7212750911712646,0.2052670419216156,0.8937194347381592
134,26,0.435726135969162,0.7233493328094482,-0.07297447323799133,0.9783470034599304
134,27,0.4912926256656647,0.8135616183280945,0.4697873890399933,0.9294746518135071
134,28,0.4335543215274811,0.8216252326965332,0.19844301044940948,0.9769856333732605
134,29,0.4750728905200958,0.8236888647079468,0.4843986928462982,0.9049317240715027
134,30,0.42210692167282104,0.834755539894104,0.21249553561210632,0.8259769082069397
134,31,0.5253773331642151,0.8480985760688782,0.31401947140693665,0.9476155042648315
134,32,0.47343555092811584,0.8594366908073425,-0.016461221501231194,0.9690035581588745
135,0,0.5031240582466125,0.3940959572792053,-0.52531498670578,0.9999293684959412
135,1,0.5042782425880432,0.38306373357772827,-0.4866253733634949,0.9998317360877991
135,2,0.50811767578125,0.38309788703918457,-0.4866926968097687,0.9997878670692444
135,3,0.5114380717277527,0.3832155168056488,-0.4866744875907898,0.9997643828392029
135,4,0.48833513259887695,0.38337135314941406,-0.5175601840019226,0.9998653531074524
135,5,0.4801383912563324,0.3835381865501404,-0.5176088213920593,0.999857485294342
135,6,0.47122180461883545,0.38380131125450134,-0.5176601409912109,0.9998514652252197
135,7,0.5049661993980408,0.38822847604751587,-0.23308096826076508,0.9992708563804626
135,8,0.450192928314209,0.38821089267730713,-0.3831155598163605,0.999855637550354
135,9,0.5092750787734985,0.4059785008430481,-0.4255429208278656,0.9998946189880371
135,10,0.48939305543899536,0.40630292892456055,-0.46748173236846924,0.9999451637268066
135,11,0.5453096032142639,0.4502476155757904,0.017802661284804344,0.9997481107711792
135,12,0.3940421938896179,0.44715189933776855,-0.3202861249446869,0.9999589323997498
135,13,0.5593332648277283,0.5264842510223389,0.15568988025188446,0.6852339506149292
135,14,0.3749355673789978,0.5369986295700073,-0.31381213665008545,0.995001494884491
135,15,0.5704904794692993,0.5904649496078491,-0.05945109203457832,0.815032958984375
135,16,0.4090821444988251,0.6060853004455566,-0.4572327435016632,0.9822095632553101
135,17,0.5797909498214722,0.6125931143760681,-0.11147838085889816,0.7690818905830383
135,18,0.41154763102531433,0.6300598382949829,-0.5268675684928894,0.963778555393219
135,19,0.570740818977356,0.6122187376022339,-0.18426674604415894,0.7806318402290344
135,20,0.4286460876464844,0.6274656057357788,-0.5686520338058472,0.963456392288208
135,21,0.5640186667442322,0.6055534482002258,-0.09389190375804901,0.7664006948471069
135,22,0.4308902621269226,0.6200021505355835,-0.4728601574897766,0.9508916139602661
135,23,0.5194863080978394,0.6076033711433411,0.1305762231349945,0.9989889860153198
135,24,0.43688321113586426,0.6092520952224731,-0.1306702196598053,0.999261736869812
135,25,0.5089321732521057,0.7212589979171753,0.18356668949127197,0.8948084712028503
135,26,0.43863534927368164,0.7233648896217346,-0.099791020154953,0.978279173374176
135,27,0.4917779564857483,0.8137079477310181,0.4434160888195038,0.930931806564331
135,28,0.43426454067230225,0.8216217756271362,0.14837190508842468,0.9768893718719482
135,29,0.4751998484134674,0.8237468004226685,0.4568488299846649,0.9062357544898987
135,30,0.42281419038772583,0.8346977233886719,0.15989264845848083,0.8234091997146606
135,31,0.5257112383842468,0.8483384847640991,0.28030985593795776,0.9482822418212891
135,32,0.4740612506866455,0.8600956797599792,-0.07407413423061371,0.9687045812606812
136,0,0.5040819644927979,0.3957076668739319,-0.526450514793396,0.9999321699142456
136,1,0.5053154230117798,0.38442930579185486,-0.4891168475151062,0.9998363852500916
136,2,0.5090398192405701,0.3843802213668823,-0.4891899526119232,0.9997946619987488
136,3,0.5122449994087219,0.38447219133377075,-0.4891711473464966,0.999772310256958
136,4,0.48951590061187744,0.38490161299705505,-0.519135594367981,0.9998677372932434
136,5,0.4812944531440735,0.38517525792121887,-0.5191860795021057,0.9998601078987122
136,6,0.4725736975669861,0.38559767603874207,-0.5192535519599915,0.9998530745506287
136,7,0.5060511231422424,0.3892536759376526,-0.23763923346996307,0.9992827773094177
136,8,0.4521711468696594,0.3898986577987671,-0.3824426531791687,0.9998569488525391
136,9,0.5100279450416565,0.4074845314025879,-0.42687228322029114,0.9998980760574341
136,10,0.49061504006385803,0.40798935294151306,-0.4678713083267212,0.9999464154243469
136,11,0.5489965081214905,0.448845237493515,0.007816215045750141,0.9997690320014954
136,12,0.395050972700119,0.44872158765792847,-0.30259376764297485,0.9999588131904602
136,13,0.5709737539291382,0.5232693552970886,0.1457308828830719,0.7112489342689514
136,14,0.37132012844085693,0.5367902517318726,-0.28403300046920776,0.9951483607292175
136,15,0.577215850353241,0.5870100259780884,-0.08441833406686783,0.8320091366767883
136,16,0.41082143783569336,0.6027108430862427,-0.43365949392318726,0.9830685257911682
136,17,0.5843630433082581,0.6087660193443298,-0.14213815331459045,0.7892635464668274
136,18,0.41560202836990356,0.6266869306564331,-0.5023064017295837,0.9654572606086731
136,19,0.5729231834411621,0.6075173616409302,-0.21484410762786865,0.7999398708343506
136,20,0.43353861570358276,0.6233423948287964,-0.5481544733047485,0.9651934504508972
136,21,0.5666354894638062,0.600790798664093,-0.118510402739048,0.7864206433296204
136,22,0.4346548616886139,0.6152511239051819,-0.4505407214164734,0.953065812587738
136,23,0.5251954197883606,0.6074444055557251,0.12506721913814545,0.9990000128746033
136,24,0.44149020314216614,0.6093107461929321,-0.125120148062706,0.9992528557777405
136,25,0.5103259682655334,0.7214412689208984,0.17761000990867615,0.8974159359931946
136,26,0.44413429498672485,0.7228262424468994,-0.11610718071460724,0.9784618020057678
136,27,0.4926665127277374,0.8159931302070618,0.432882696390152,0.9329299926757812
136,28,0.43763482570648193,0.8230829238891602,0.10055354237556458,0.9769704937934875
136,29,0.475370317697525,0.8260244131088257,0.44569605588912964,0.9084028601646423
136,30,0.42729005217552185,0.8356963396072388,0.1082405373454094,0.8227285742759705
136,31,0.5281380414962769,0.8494879603385925,0.2670062482357025,0.9493299126625061
136,32,0.47437554597854614,0.8613247871398926,-0.12984076142311096,0.968517005443573
137,0,0.5054567456245422,0.3977988660335541,-0.5241674780845642,0.9999357461929321
137,1,0.5062398314476013,0.38621485233306885,-0.488134503364563,0.9998428225517273
137,2,0.5097894668579102,0.38601577281951904,-0.48820996284484863,0.9998030662536621
137,3,0.5127925276756287,0.3859770596027374,-0.48820072412490845,0.9997818470001221
137,4,0.4909409284591675,0.3866574466228485,-0.5183282494544983,0.999873161315918
137,5,0.4830334186553955,0.3869560956954956,-0.5183866620063782,0.9998658895492554
137,6,0.4744536578655243,0.38737577199935913,-0.5184516310691833,0.999858558177948
137,7,0.5062885880470276,0.39014390110969543,-0.23734398186206818,0.9993026256561279
137,8,0.45409199595451355,0.3914918899536133,-0.38189417123794556,0.9998611807823181
137,9,0.5109228491783142,0.40912532806396484,-0.42592477798461914,0.9999024868011475
137,10,0.49235230684280396,0.4097369611263275,-0.46543389558792114,0.9999487996101379
137,11,0.5512551665306091,0.44727855920791626,0.001761747756972909,0.9997889995574951
137,12,0.39635902643203735,0.44931063055992126,-0.29527291655540466,0.9999598860740662
137,13,0.5859321355819702,0.5172543525695801,0.1251080483198166,0.7371684908866882
137,14,0.3611147701740265,0.5324469208717346,-0.27680620551109314,0.9953950047492981
137,15,0.5817539691925049,0.5786097645759583,-0.11803612112998962,0.8479467034339905
137,16,0.41175031661987305,0.5929340124130249,-0.4228888750076294,0.984045684337616
137,17,0.585929811000824,0.5999550223350525,-0.18193525075912476,0.80850750207901
137,18,0.42145344614982605,0.6175342798233032,-0.48850780725479126,0.967302143573761
137,19,0.5733431577682495,0.5976699590682983,-0.24737903475761414,0.8182790875434875
137,20,0.4389456510543823,0.6124218702316284,-0.5298270583152771,0.9670605063438416
137,21,0.5677018761634827,0.590897262096405,-0.14876733720302582,0.8055158257484436
137,22,0.43722039461135864,0.6032999157905579,-0.4369785189628601,0.955397367477417
137,23,0.5276918411254883,0.6040168404579163,0.12233533710241318,0.9989733099937439
137,24,0.44524526596069336,0.6058725714683533,-0.12235581129789352,0.999248743057251
137,25,0.5128507018089294,0.7161028385162354,0.1672736257314682,0.8903688192367554
137,26,0.45915523171424866,0.7141948938369751,-0.18585708737373352,0.9764350056648254
137,27,0.49266183376312256,0.8159235119819641,0.370085746049881,0.9281222820281982
137,28,0.4470513164997101,0.8227855563163757,-0.06183948367834091,0.9748703837394714
137,29,0.4752730429172516,0.8261522054672241,0.37796109914779663,0.9051675796508789
137,30,0.4339657723903656,0.8358548283576965,-0.06359187513589859,0.8191968202590942
137,31,0.5330421328544617,0.8482367396354675,0.21221651136875153,0.9450712203979492
137,32,0.4827313721179962,0.8607127070426941,-0.29841941595077515,0.9654827117919922
138,0,0.5069713592529297,0.401298850774765,-0.538751482963562,0.9999389052391052
138,1,0.5073650479316711,0.3897234797477722,-0.5018634796142578,0.999849796295166
138,2,0.5107510685920715,0.3895968794822693,-0.5019295811653137,0.9998120069503784
138,3,0.5135751962661743,0.3894840180873871,-0.5019293427467346,0.9997918009757996
138,4,0.4926474988460541,0.39018505811691284,-0.5318153500556946,0.999879002571106
138,5,0.48505082726478577,0.39037126302719116,-0.5318930745124817,0.9998719692230225
138,6,0.4766068458557129,0.3907180726528168,-0.5319350957870483,0.999864935874939
138,7,0.5067666172981262,0.3931344151496887,-0.24358005821704865,0.9993228912353516
138,8,0.4560759365558624,0.39484891295433044,-0.38484904170036316,0.9998658895492554
138,9,0.5117919445037842,0.41236796975135803,-0.43502670526504517,0.9999052882194519
138,10,0.4939732849597931,0.4133116602897644,-0.47475743293762207,0.9999507665634155
138,11,0.5534572005271912,0.4473901391029358,0.004019692074507475,0.9998072981834412
138,12,0.39780905842781067,0.45278334617614746,-0.2849031388759613,0.9999613165855408
138,13,0.5998708009719849,0.5150918364524841,0.10154561698436737,0.7606375813484192
138,14,0.345467209815979,0.5257534980773926,-0.2547820210456848,0.9954924583435059
138,15,0.5885581374168396,0.5713896155357361,-0.19613909721374512,0.8620972633361816
138,16,0.4120030403137207,0.5805947780609131,-0.4063808023929596,0.9844635128974915
138,17,0.5863643288612366,0.5911577343940735,-0.2654556632041931,0.8255481123924255
138,18,0.4263836443424225,0.6047948598861694,-0.4697631001472473,0.9680145978927612
138,19,0.5732550621032715,0.5875280499458313,-0.3252626657485962,0.8344838619232178
138,20,0.44352903962135315,0.5993283987045288,-0.5068720579147339,0.9677770137786865
138,21,0.568717360496521,0.582048773765564,-0.2252337783575058,0.8221473693847656
138,22,0.43968069553375244,0.5908916592597961,-0.41716617345809937,0.9558601379394531
138,23,0.5295082330703735,0.6012789011001587,0.12158049643039703,0.9989507794380188
138,24,0.44916942715644836,0.6016850471496582,-0.12156738340854645,0.9992743134498596
138,25,0.5153437852859497,0.7132704257965088,0.14860209822654724,0.8663908839225769
138,26,0.4691070020198822,0.7041109204292297,-0.39491716027259827,0.9726080894470215
138,27,0.49290037155151367,0.8182370066642761,0.34481894969940186,0.9122887849807739
138,28,0.45401817560195923,0.8237184286117554,-0.35039833188056946,0.972162663936615
138,29,0.4752219319343567,0.8307501077651978,0.3508435785770416,0.8910150527954102
138,30,0.4428502321243286,0.8368889093399048,-0.359990656375885,0.8163962364196777
138,31,0.5425744652748108,0.8495023846626282,0.17672251164913177,0.9320463538169861
138,32,0.49354010820388794,0.8606704473495483,-0.6208081841468811,0.9632580280303955
139,0,0.5127176642417908,0.4061536192893982,-0.4620516896247864,0.9999405741691589
139,1,0.5125484466552734,0.3951962888240814,-0.4247038960456848,0.9998530149459839
139,2,0.5155277252197266,0.39514151215553284,-0.424823135137558,0.9998169541358948
139,3,0.5179784297943115,0.395147442817688,-0.4248883128166199,0.9997990727424622
139,4,0.49810951948165894,0.39521265029907227,-0.45676764845848083,0.9998827576637268
139,5,0.49052080512046814,0.39513352513313293,-0.4568575620651245,0.9998762607574463
139,6,0.48209312558174133,0.3953777253627777,-0.45691248774528503,0.9998707175254822
139,7,0.5099791884422302,0.39802372455596924,-0.17477820813655853,0.9993297457695007
139,8,0.45999324321746826,0.399688184261322,-0.32491666078567505,0.9998707175254822
139,9,0.5159882307052612,0.4166976511478424,-0.3602810800075531,0.999905526638031
139,10,0.49853193759918213,0.41796040534973145,-0.4038986563682556,0.9999525547027588
139,11,0.5607201457023621,0.44784966111183167,0.04606331139802933,0.9998244047164917
139,12,0.3979344666004181,0.4569213390350342,-0.20802752673625946,0.9999634623527527
139,13,0.6125218272209167,0.5113898515701294,0.11025624722242355,0.782213032245636
139,14,0.3338789641857147,0.520980954170227,-0.16790428757667542,0.9955028891563416
139,15,0.592438817024231,0.5540317296981812,-0.17218713462352753,0.8742843866348267
139,16,0.4152650535106659,0.5721246004104614,-0.299301415681839,0.98358553647995
139,17,0.5882552862167358,0.5750633478164673,-0.23711486160755157,0.8396762013435364
139,18,0.4389060437679291,0.5923292636871338,-0.3542511463165283,0.966010332107544
139,19,0.5740661025047302,0.5726189613342285,-0.28295621275901794,0.847866952419281
139,20,0.45386797189712524,0.587171196937561,-0.38609927892684937,0.9657684564590454
139,21,0.5703856348991394,0.5666786432266235,-0.19497324526309967,0.8352841138839722
139,22,0.44749578833580017,0.5807862877845764,-0.3067886233329773,0.9523639678955078
139,23,0.5306059718132019,0.5963114500045776,0.10930544883012772,0.9989524483680725
139,24,0.44871753454208374,0.5959334969520569,-0.10911553353071213,0.999322235584259
139,25,0.522231936454773,0.7093811631202698,0.14463399350643158,0.8366016745567322
139,26,0.5122540593147278,0.6892094612121582,-0.6016966700553894,0.9685138463973999
139,27,0.49291643500328064,0.8139306306838989,0.3304261863231659,0.8829897046089172
139,28,0.46250712871551514,0.8153654336929321,-0.6324759721755981,0.9687131643295288
139,29,0.474994033575058,0.830140233039856,0.3357044458389282,0.8635150194168091
139,30,0.44857197999954224,0.8340481519699097,-0.6472187638282776,0.8143453598022461
139,31,0.5409674644470215,0.844485878944397,0.1553245633840561,0.9065150022506714
139,32,0.49343931674957275,0.8444563150405884,-0.9295241236686707,0.9615044593811035
140,0,0.5155709981918335,0.4138999581336975,-0.4452281594276428,0.9999418258666992
140,1,0.5157347321510315,0.40305033326148987,-0.4103923439979553,0.9998561143875122
140,2,0.5188674926757812,0.4028151035308838,-0.4105079174041748,0.9998212456703186
140,3,0.5215013027191162,0.4026738703250885,-0.41060158610343933,0.9998063445091248
140,4,0.5009141564369202,0.4027496874332428,-0.4364355206489563,0.9998869299888611
140,5,0.49347153306007385,0.4023280739784241,-0.43655478954315186,0.9998810291290283
140,6,0.4854004681110382,0.4022655487060547,-0.436601847410202,0.9998778104782104
140,7,0.5140299797058105,0.40410369634628296,-0.17222842574119568,0.9993476867675781
140,8,0.46454188227653503,0.4054996967315674,-0.29529398679733276,0.9998779296875
140,9,0.5183867812156677,0.4243229329586029,-0.3480021357536316,0.9999072551727295
140,10,0.5011765956878662,0.4250996708869934,-0.3839983642101288,0.9999549388885498
140,11,0.5639834403991699,0.45157963037490845,0.04214523732662201,0.9998401403427124
140,12,0.39895692467689514,0.4583277702331543,-0.17086151242256165,0.9999663233757019
140,13,0.6272422075271606,0.5099557638168335,0.07337844371795654,0.8021542429924011
140,14,0.3256644606590271,0.519794225692749,-0.12231054157018661,0.9955365657806396
140,15,0.5948668122291565,0.5465397834777832,-0.21185795962810516,0.8841696977615356
140,16,0.4210992157459259,0.567081093788147,-0.24300996959209442,0.9819799065589905
140,17,0.5891489386558533,0.5658681988716125,-0.2767840623855591,0.84956294298172
140,18,0.4473602771759033,0.5819705724716187,-0.2924268841743469,0.961980938911438
140,19,0.5749251246452332,0.5627452731132507,-0.30228278040885925,0.8570047616958618
140,20,0.46322038769721985,0.5760979652404785,-0.3193182945251465,0.9616101384162903
140,21,0.5719797611236572,0.5569612979888916,-0.22608497738838196,0.8428690433502197
140,22,0.456010639667511,0.5709724426269531,-0.2481745332479477,0.9463013410568237
140,23,0.5298881530761719,0.5921958684921265,0.08948048204183578,0.9989939332008362
140,24,0.44690823554992676,0.5896281003952026,-0.08914556354284286,0.9993769526481628
140,25,0.5119829773902893,0.70101398229599,0.08343088626861572,0.8091631531715393
140,26,0.5028058290481567,0.6568038463592529,-0.7161130905151367,0.9667662978172302
140,27,0.49235665798187256,0.8139359354972839,0.21841973066329956,0.8534525632858276
140,28,0.468342125415802,0.7967942953109741,-0.7689917683601379,0.965045154094696
140,29,0.4735428988933563,0.8310333490371704,0.2189275473356247,0.8321722149848938
140,30,0.45136821269989014,0.8190115690231323,-0.7825437784194946,0.8145884871482849
140,31,0.540142297744751,0.8420964479446411,0.022526375949382782,0.8810378909111023
140,32,0.49985721707344055,0.8299596905708313,-1.058990716934204,0.9604311585426331
141,0,0.5209463238716125,0.42934903502464294,-0.3376765251159668,0.9999418258666992
141,1,0.5208860039710999,0.4181899130344391,-0.3068372309207916,0.9998567700386047
141,2,0.5238569378852844,0.4179162085056305,-0.3069530725479126,0.9998217821121216
141,3,0.5266244411468506,0.41770559549331665,-0.30705225467681885,0.9998120665550232
141,4,0.5063190460205078,0.4180634915828705,-0.32660388946533203,0.9998896718025208
141,5,0.4991986155509949,0.41774576902389526,-0.3267022967338562,0.9998841285705566
141,6,0.49120113253593445,0.4175083041191101,-0.3267250657081604,0.9998842477798462
141,7,0.519846498966217,0.41705137491226196,-0.0934225395321846,0.9993617534637451
141,8,0.469944030046463,0.4174428880214691,-0.18886497616767883,0.9998835325241089
141,9,0.5232715010643005,0.4386960566043854,-0.24950820207595825,0.9999032616615295
141,10,0.5074042081832886,0.438595712184906,-0.27780917286872864,0.9999555945396423
141,11,0.5682637691497803,0.45765405893325806,0.06777147948741913,0.9998546838760376
141,12,0.39891475439071655,0.46349167823791504,-0.07045220583677292,0.9999690055847168
141,13,0.640654981136322,0.5094048380851746,0.04900670051574707,0.8198277354240417
141,14,0.3172406852245331,0.5213271975517273,-0.08349441736936569,0.9953149557113647
141,15,0.6000933051109314,0.541889488697052,-0.25483304262161255,0.893261194229126
141,16,0.43288400769233704,0.5606748461723328,-0.2701447904109955,0.9798803925514221
141,17,0.5944361686706543,0.5553652048110962,-0.3225703835487366,0.8593350648880005
141,18,0.4603938162326813,0.569063663482666,-0.3199155330657959,0.9575450420379639
141,19,0.5774356126785278,0.551529049873352,-0.3299236297607422,0.8659443259239197
141,20,0.47533002495765686,0.5623509883880615,-0.3352436423301697,0.9570434093475342
141,21,0.5746078491210938,0.547446608543396,-0.26146823167800903,0.8502139449119568
141,22,0.46903717517852783,0.5590426325798035,-0.2715420722961426,0.9397312998771667
141,23,0.5294384956359863,0.591217041015625,0.06468293070793152,0.9990327954292297
141,24,0.44426870346069336,0.5892304182052612,-0.0643695592880249,0.9994209408760071
141,25,0.5019484162330627,0.7021757364273071,-0.012510810047388077,0.7822301983833313
141,26,0.503303050994873,0.6382098197937012,-0.7070217728614807,0.9632201194763184
141,27,0.49024322628974915,0.8152880668640137,0.020081015303730965,0.8214811086654663
141,28,0.46733003854751587,0.7799443602561951,-0.8263514041900635,0.9570924639701843
141,29,0.4722723662853241,0.8336306810379028,0.011581961065530777,0.7926273941993713
141,30,0.4496592581272125,0.8003321886062622,-0.84315425157547,0.8094598650932312
141,31,0.5394261479377747,0.8424422144889832,-0.18749044835567474,0.8552626371383667
141,32,0.5002058148384094,0.8138373494148254,-1.0940356254577637,0.9569903612136841
142,0,0.5236431956291199,0.4419105648994446,-0.26148518919944763,0.999901533126831
142,1,0.524284303188324,0.43101954460144043,-0.23819786310195923,0.9997631907463074
142,2,0.5272194147109985,0.4303742051124573,-0.23831051588058472,0.999699056148529
142,3,0.5299556851387024,0.42979055643081665,-0.2384013682603836,0.999722957611084
142,4,0.510330855846405,0.4312141537666321,-0.24985508620738983,0.9998332858085632
142,5,0.5035805106163025,0.43066948652267456,-0.24991637468338013,0.9998236894607544
142,6,0.4961812198162079,0.4301733076572418,-0.24998824298381805,0.9998512864112854
142,7,0.5247673988342285,0.4290239214897156,-0.06272626668214798,0.9990599155426025
142,8,0.4764823019504547,0.4306626319885254,-0.12074315547943115,0.9998413920402527
142,9,0.5257314443588257,0.44984617829322815,-0.18777607381343842,0.9998210668563843
142,10,0.5108897089958191,0.4498596787452698,-0.204795703291893,0.9999316334724426
142,11,0.5717051029205322,0.46275854110717773,0.060872726142406464,0.9998646378517151
142,12,0.40488937497138977,0.4653533399105072,-0.03311777114868164,0.9999696016311646
142,13,0.6456051468849182,0.5094441175460815,0.012565315701067448,0.8333626985549927
142,14,0.31595873832702637,0.520809531211853,-0.08398880809545517,0.9951211214065552
142,15,0.603445291519165,0.5350359678268433,-0.2509264349937439,0.8995885252952576
142,16,0.4345320463180542,0.5506497621536255,-0.26645442843437195,0.9784183502197266
142,17,0.5946767330169678,0.5485557317733765,-0.3130020499229431,0.865643322467804
142,18,0.4615521728992462,0.5586181282997131,-0.31469422578811646,0.9540175795555115
142,19,0.5785932540893555,0.5432430505752563,-0.31773921847343445,0.8711941838264465
142,20,0.47508910298347473,0.5517465472221375,-0.3159102499485016,0.9532683491706848
142,21,0.5762204527854919,0.5394092798233032,-0.2555171549320221,0.8539049625396729
142,22,0.4696747660636902,0.5492703318595886,-0.2633844316005707,0.9355557560920715
142,23,0.5297767519950867,0.5875980257987976,0.05272291973233223,0.9989176988601685
142,24,0.44304463267326355,0.585426390171051,-0.052547890692949295,0.9993703365325928
142,25,0.4980105459690094,0.6960715651512146,-0.0736580416560173,0.7525702118873596
142,26,0.5019659399986267,0.6331945061683655,-0.5353690385818481,0.9535008072853088
142,27,0.48458969593048096,0.8134487867355347,-0.12879221141338348,0.7927225232124329
142,28,0.4769940674304962,0.7820901274681091,-0.6040096282958984,0.9436386823654175
142,29,0.46299630403518677,0.8323006629943848,-0.14271868765354156,0.7614709734916687
142,30,0.4582085907459259,0.7978455424308777,-0.6129962205886841,0.8008812665939331
142,31,0.5336577892303467,0.8406829833984375,-0.3250546455383301,0.8289533257484436
142,32,0.530899703502655,0.8197884559631348,-0.8267942667007446,0.9467599391937256
143,0,0.5270480513572693,0.4507518708705902,-0.33055001497268677,0.9998947978019714
143,1,0.5280846953392029,0.43936246633529663,-0.3010995090007782,0.9997502565383911
143,2,0.5315398573875427,0.4385223388671875,-0.30116117000579834,0.9996829628944397
143,3,0.5347933173179626,0.4377833902835846,-0.3012508153915405,0.9997130036354065
143,4,0.5126546025276184,0.4404165744781494,-0.31658023595809937,0.9998250007629395
143,5,0.505541205406189,0.4403175711631775,-0.31666868925094604,0.9998154044151306
143,6,0.49767783284187317,0.4402161240577698,-0.31669914722442627,0.9998492002487183
143,7,0.5320529341697693,0.43789926171302795,-0.10259031504392624,0.9990458488464355
143,8,0.4790373146533966,0.4415404796600342,-0.1778455674648285,0.9998399615287781
143,9,0.5314598083496094,0.4581144452095032,-0.24906529486179352,0.9997998476028442
143,10,0.5148898959159851,0.4603510797023773,-0.2712574303150177,0.9999248385429382
143,11,0.5737017393112183,0.4699493944644928,0.04626483470201492,0.9998751282691956
143,12,0.41370823979377747,0.4687039852142334,-0.07414565980434418,0.9999701380729675
143,13,0.6587897539138794,0.506792426109314,-0.020106282085180283,0.8483554124832153
143,14,0.3067705035209656,0.5213912725448608,-0.12665000557899475,0.9952474236488342
143,15,0.6109158396720886,0.5281354188919067,-0.2652367651462555,0.907680332660675
143,16,0.4321739673614502,0.5436104536056519,-0.2961850166320801,0.9787535071372986
143,17,0.5969098210334778,0.5409584641456604,-0.3225546181201935,0.8742164969444275
143,18,0.45961400866508484,0.5508906245231628,-0.34550464153289795,0.9534557461738586
143,19,0.5805043578147888,0.5358978509902954,-0.3206806480884552,0.8789288401603699
143,20,0.47197097539901733,0.5438917279243469,-0.3436289131641388,0.9525238275527954
143,21,0.5788125991821289,0.5328973531723022,-0.26680657267570496,0.8612784743309021
143,22,0.4662659168243408,0.5420979261398315,-0.2923748195171356,0.9348313808441162
143,23,0.5295925736427307,0.5870405435562134,0.05299370735883713,0.9988515973091125
143,24,0.4423813223838806,0.584004282951355,-0.052778732031583786,0.999333918094635
143,25,0.49882805347442627,0.6910730600357056,-0.118075892329216,0.7319132089614868
143,26,0.4983709156513214,0.634841799736023,-0.5559874773025513,0.9480485320091248
143,27,0.48114699125289917,0.8103882670402527,-0.17380419373512268,0.7697284817695618
143,28,0.4881713092327118,0.7746335864067078,-0.6039054989814758,0.9336369037628174
143,29,0.45660704374313354,0.8294252157211304,-0.18780507147312164,0.7386547327041626
143,30,0.4752543866634369,0.7937414050102234,-0.6100455522537231,0.7965022921562195
143,31,0.5304716229438782,0.839805006980896,-0.3770449459552765,0.80724036693573
143,32,0.5228995680809021,0.819140613079071,-0.8278937339782715,0.9372097253799438
144,0,0.530432939529419,0.4576074182987213,-0.37007108330726624,0.9999006986618042
144,1,0.5312322378158569,0.44674283266067505,-0.3384048044681549,0.9997671246528625
144,2,0.5347898006439209,0.4458036422729492,-0.338476300239563,0.9997045397758484
144,3,0.5379790663719177,0.4449394643306732,-0.3385452628135681,0.9997331500053406
144,4,0.5160419940948486,0.44842585921287537,-0.3581172823905945,0.9998365640640259
144,5,0.5088975429534912,0.44867634773254395,-0.3582058846950531,0.9998273849487305
144,6,0.5012438297271729,0.4488092064857483,-0.3582274913787842,0.9998598098754883
144,7,0.5346598029136658,0.44421178102493286,-0.12444858253002167,0.9991180300712585
144,8,0.4816322326660156,0.4485819339752197,-0.21482983231544495,0.9998526573181152
144,9,0.535740852355957,0.463996022939682,-0.282768189907074,0.9998111724853516
144,10,0.5186301469802856,0.46671539545059204,-0.309937059879303,0.9999295473098755
144,11,0.5766571760177612,0.47354984283447266,0.024763617664575577,0.999886155128479
144,12,0.41794878244400024,0.4730249345302582,-0.11134616285562515,0.9999719858169556
144,13,0.6662280559539795,0.5065751075744629,-0.09483887255191803,0.8626157641410828
144,14,0.3002170920372009,0.5236016511917114,-0.20074698328971863,0.9954243302345276
144,15,0.6180868744850159,0.5250200033187866,-0.3765869438648224,0.9157323241233826
144,16,0.43126368522644043,0.5403066873550415,-0.40150880813598633,0.9790732264518738
144,17,0.6032750606536865,0.5358244776725769,-0.4355449974536896,0.8833798170089722
144,18,0.46085870265960693,0.546911358833313,-0.4482591450214386,0.9528009295463562
144,19,0.5854437947273254,0.5309913158416748,-0.42144572734832764,0.8873968720436096
144,20,0.4723668396472931,0.5404637455940247,-0.43467622995376587,0.9517112374305725
144,21,0.5843587517738342,0.5284077525138855,-0.37365177273750305,0.8698804974555969
144,22,0.46586987376213074,0.5389853119850159,-0.3924546539783478,0.933710515499115
144,23,0.5295426249504089,0.5885221362113953,0.061108604073524475,0.9988872408866882
144,24,0.44232290983200073,0.5853099822998047,-0.060925018042325974,0.9993780255317688
144,25,0.4979794919490814,0.6949625611305237,-0.01436387188732624,0.7265394926071167
144,26,0.4987335205078125,0.6271141171455383,-0.6821737885475159,0.949532151222229
144,27,0.4735579192638397,0.8101981282234192,0.050252120941877365,0.7659648060798645
144,28,0.481575608253479,0.7672089338302612,-0.7402108311653137,0.9356265664100647
144,29,0.44735756516456604,0.8294007182121277,0.04664098471403122,0.7342923879623413
144,30,0.4678076505661011,0.7893379926681519,-0.7475884556770325,0.8053900599479675
144,31,0.5290186405181885,0.8399680852890015,-0.13450002670288086,0.8021438717842102
144,32,0.5204896926879883,0.8084970712661743,-0.9785506129264832,0.9391793012619019
145,0,0.5317162871360779,0.46018528938293457,-0.41412070393562317,0.999905526638031
145,1,0.5328699350357056,0.4496341347694397,-0.37989476323127747,0.9997830986976624
145,2,0.5364319086074829,0.4486340880393982,-0.3799583911895752,0.9997249245643616
145,3,0.5398046970367432,0.44765275716781616,-0.38009554147720337,0.9997519850730896
145,4,0.5178314447402954,0.45126980543136597,-0.39878764748573303,0.9998471736907959
145,5,0.510901153087616,0.4515148997306824,-0.3989199697971344,0.9998384714126587
145,6,0.5033395886421204,0.4516008496284485,-0.39891090989112854,0.9998694658279419
145,7,0.5360128879547119,0.44637030363082886,-0.1531536877155304,0.9991868138313293
145,8,0.48263663053512573,0.4505833089351654,-0.23578152060508728,0.9998642802238464
145,9,0.536831796169281,0.46621817350387573,-0.32106101512908936,0.9998220205307007
145,10,0.5202292799949646,0.4687517285346985,-0.3475287854671478,0.9999338388442993
145,11,0.576393187046051,0.47453370690345764,0.010862883180379868,0.9998964071273804
145,12,0.4192333221435547,0.4752025008201599,-0.13054035604000092,0.9999735951423645
145,13,0.6695829629898071,0.507408857345581,-0.10428235679864883,0.8756797909736633
145,14,0.3019649386405945,0.5258908867835999,-0.25290074944496155,0.995607852935791
145,15,0.6182119846343994,0.5257854461669922,-0.4044005870819092,0.9232615828514099
145,16,0.4329700469970703,0.5422786474227905,-0.4447954297065735,0.9796162247657776
145,17,0.6024914979934692,0.5359680652618408,-0.4666217863559723,0.8923510909080505
145,18,0.46491560339927673,0.5485572814941406,-0.49367281794548035,0.9528270959854126
145,19,0.58567214012146,0.5308507084846497,-0.4532153308391571,0.8957552313804626
145,20,0.4749738574028015,0.542962908744812,-0.48629963397979736,0.9515513181686401
145,21,0.5850687026977539,0.5285428762435913,-0.4020290672779083,0.8784314393997192
145,22,0.46764475107192993,0.5416926741600037,-0.43722695112228394,0.9331620335578918
145,23,0.5260212421417236,0.5878819227218628,0.0668058842420578,0.9989231824874878
145,24,0.43928396701812744,0.5844247341156006,-0.06662940233945847,0.9994113445281982
145,25,0.49662894010543823,0.6929527521133423,0.0016423749038949609,0.7225162982940674
145,26,0.4984849691390991,0.628187894821167,-0.6487424373626709,0.9497311115264893
145,27,0.470835417509079,0.8094552159309387,0.049414873123168945,0.7565041184425354
145,28,0.47901585698127747,0.7734929919242859,-0.7369687557220459,0.9353728294372559
145,29,0.4439321756362915,0.8289710283279419,0.04371394217014313,0.7251175045967102
145,30,0.4640744924545288,0.7943288087844849,-0.7493388056755066,0.8080568313598633
145,31,0.527425229549408,0.8390935063362122,-0.13950474560260773,0.7927711009979248
145,32,0.5202035903930664,0.8091517686843872,-0.9890188574790955,0.9390719532966614
146,0,0.5307331681251526,0.45701056718826294,-0.351617693901062,0.9999122619628906
146,1,0.5328047275543213,0.4456598162651062,-0.32012465596199036,0.9997988343238831
146,2,0.5367757678031921,0.44475001096725464,-0.32022348046302795,0.9997451901435852
146,3,0.5406162738800049,0.44381362199783325,-0.3203636109828949,0.9997703433036804
146,4,0.5172570943832397,0.44673973321914673,-0.33857443928718567,0.9998581409454346
146,5,0.5100595951080322,0.44668206572532654,-0.338674396276474,0.9998500943183899
146,6,0.5023017525672913,0.4464450776576996,-0.3386991322040558,0.9998794198036194
146,7,0.5382091999053955,0.4421456456184387,-0.09543456137180328,0.9992490410804749
146,8,0.4819122850894928,0.4457348883152008,-0.18125317990779877,0.9998754262924194
146,9,0.535761296749115,0.46333909034729004,-0.2578045725822449,0.9998335242271423
146,10,0.5186073184013367,0.4654504656791687,-0.2832579016685486,0.9999383687973022
146,11,0.5785157680511475,0.47338494658470154,0.10749714076519012,0.9999058246612549
146,12,0.42180198431015015,0.47333821654319763,-0.0770372673869133,0.9999755620956421
146,13,0.6604427695274353,0.5103420615196228,0.09472714364528656,0.8869273662567139
146,14,0.3067799508571625,0.5259085297584534,-0.10584936290979385,0.995445728302002
146,15,0.6178340315818787,0.5313804149627686,-0.16246365010738373,0.9293256998062134
146,16,0.4347299039363861,0.5486650466918945,-0.2809443771839142,0.9790229797363281
146,17,0.5933563113212585,0.542453408241272,-0.22030554711818695,0.8990780115127563
146,18,0.46404317021369934,0.5575470924377441,-0.3289870321750641,0.9513065814971924
146,19,0.579655647277832,0.5360834002494812,-0.2181566208600998,0.9020993113517761
146,20,0.47682371735572815,0.5519841313362122,-0.34548693895339966,0.9500924944877625
146,21,0.5814740657806396,0.5334152579307556,-0.16414962708950043,0.8842435479164124
146,22,0.4705537259578705,0.549652099609375,-0.28264951705932617,0.9314284920692444
146,23,0.5258179903030396,0.5882784128189087,0.07644873112440109,0.9989397525787354
146,24,0.43806007504463196,0.5850368738174438,-0.07623955607414246,0.9994499683380127
146,25,0.4957290589809418,0.6948946714401245,0.058672863990068436,0.7188528776168823
146,26,0.49683067202568054,0.6341084837913513,-0.7308588624000549,0.9512374997138977
146,27,0.4696936011314392,0.8082305192947388,0.14112065732479095,0.7512654662132263
146,28,0.4773038625717163,0.7752953171730042,-0.7966136336326599,0.9378474354743958
146,29,0.4447929263114929,0.825118899345398,0.13892586529254913,0.7241385579109192
146,30,0.4713895916938782,0.7940660119056702,-0.8059219121932983,0.8159229159355164
146,31,0.5271106958389282,0.838778018951416,-0.03173316642642021,0.7862961888313293
146,32,0.5200294852256775,0.8150413632392883,-1.046651005744934,0.9409726858139038
147,0,0.5315389037132263,0.45149436593055725,-0.47053900361061096,0.9999008774757385
147,1,0.5327457189559937,0.4401175379753113,-0.44487372040748596,0.9997644424438477
147,2,0.5364508032798767,0.4391566812992096,-0.4449359178543091,0.9997053742408752
147,3,0.5400720834732056,0.4382046163082123,-0.4450284242630005,0.9997285604476929
147,4,0.517772912979126,0.4411270022392273,-0.46603643894195557,0.9998360276222229
147,5,0.5104878544807434,0.44100481271743774,-0.4661315083503723,0.9998267889022827
147,6,0.5026292204856873,0.440788209438324,-0.4661570191383362,0.9998584985733032
147,7,0.5367709398269653,0.43704932928085327,-0.2207603007555008,0.9991151094436646
147,8,0.4818170368671417,0.440680593252182,-0.3181084096431732,0.9998615384101868
147,9,0.5363264083862305,0.4583439230918884,-0.37526756525039673,0.9998205304145813
147,10,0.5191152691841125,0.4605402946472168,-0.403364360332489,0.9999346137046814
147,11,0.5803061723709106,0.471546471118927,0.016916735097765923,0.9999128580093384
147,12,0.4225466549396515,0.4718058109283447,-0.19570285081863403,0.9999760985374451
147,13,0.6546683311462402,0.5143665075302124,0.07561308890581131,0.8967041373252869
147,14,0.32159850001335144,0.5262283086776733,-0.13393990695476532,0.9956678152084351
147,15,0.6059331297874451,0.5353407263755798,-0.17987225949764252,0.9348604083061218
147,16,0.43672508001327515,0.557770848274231,-0.2862391471862793,0.9790215492248535
147,17,0.585539698600769,0.5457294583320618,-0.24075362086296082,0.9058669805526733
147,18,0.4625011384487152,0.5730594992637634,-0.3332376480102539,0.9509742856025696
147,19,0.5755392909049988,0.5414271354675293,-0.2586573362350464,0.9086458086967468
147,20,0.47721725702285767,0.5662773847579956,-0.3548254668712616,0.9498335123062134
147,21,0.5781225562095642,0.5379573106765747,-0.19029200077056885,0.8911020159721375
147,22,0.4719732105731964,0.5621070861816406,-0.28917640447616577,0.9311662316322327
147,23,0.5263956189155579,0.5934067964553833,0.09333962202072144,0.998748779296875
147,24,0.44106292724609375,0.5900101065635681,-0.09316201508045197,0.999405562877655
147,25,0.49507102370262146,0.6957305073738098,0.1028767079114914,0.6988853812217712
147,26,0.5035965442657471,0.6752810478210449,-0.5455464124679565,0.9481820464134216
147,27,0.4683522582054138,0.8067129850387573,0.22933171689510345,0.7431159615516663
147,28,0.4765377938747406,0.7969323396682739,-0.5671586990356445,0.9361235499382019
147,29,0.44519370794296265,0.8239228129386902,0.2315211147069931,0.7220517992973328
147,30,0.45982879400253296,0.8108915090560913,-0.5770299434661865,0.8172895908355713
147,31,0.5220826268196106,0.8364219665527344,0.07884486764669418,0.7769367098808289
147,32,0.5187771916389465,0.8253538012504578,-0.799969494342804,0.9383840560913086
148,0,0.5317156314849854,0.44939178228378296,-0.5422229170799255,0.999904215335846
148,1,0.5327763557434082,0.43884024024009705,-0.5161141753196716,0.999769389629364
148,2,0.5361965298652649,0.4378322660923004,-0.5161476135253906,0.9997126460075378
148,3,0.5396524667739868,0.43701592087745667,-0.516227662563324,0.9997337460517883
148,4,0.5184014439582825,0.44075602293014526,-0.5417120456695557,0.9998401999473572
148,5,0.511256754398346,0.4398036599159241,-0.5418099164962769,0.9998314380645752
148,6,0.5033425688743591,0.43864184617996216,-0.5418618321418762,0.9998608827590942
148,7,0.5358930826187134,0.4340894818305969,-0.28048086166381836,0.9991295337677002
148,8,0.48160603642463684,0.4369537830352783,-0.3988445997238159,0.9998673796653748
148,9,0.5360022783279419,0.45699167251586914,-0.4419953525066376,0.9998294711112976
148,10,0.5194796919822693,0.4598490595817566,-0.47627750039100647,0.9999377727508545
148,11,0.5803823471069336,0.4679042398929596,-0.01979241892695427,0.999920666217804
148,12,0.4226583242416382,0.46810728311538696,-0.281252384185791,0.9999776482582092
148,13,0.6519549489021301,0.5162327289581299,0.05137414485216141,0.9056341052055359
148,14,0.33846330642700195,0.5274683237075806,-0.2455507516860962,0.9959287047386169
148,15,0.6021660566329956,0.5455487966537476,-0.26855942606925964,0.9403347373008728
148,16,0.44196802377700806,0.5748119354248047,-0.3470494747161865,0.9792845845222473
148,17,0.5858599543571472,0.5556126236915588,-0.3376578986644745,0.9128535985946655
148,18,0.46292999386787415,0.5937694311141968,-0.3958725035190582,0.9512155652046204
148,19,0.5749954581260681,0.5501694679260254,-0.3691890239715576,0.9154521226882935
148,20,0.47953537106513977,0.5886924862861633,-0.4209357500076294,0.9501069188117981
148,21,0.5765191316604614,0.5464824438095093,-0.2855120301246643,0.8983904719352722
148,22,0.4756661355495453,0.581612765789032,-0.3497733175754547,0.9311980605125427
148,23,0.5277634859085083,0.5946431159973145,0.11510378867387772,0.9986914396286011
148,24,0.4437377154827118,0.590036153793335,-0.11512647569179535,0.999391496181488
148,25,0.4959486126899719,0.6964947581291199,0.11189604550600052,0.6880558133125305
148,26,0.502121090888977,0.6920233964920044,-0.43440309166908264,0.9481467604637146
148,27,0.4687598645687103,0.8067089915275574,0.24620546400547028,0.7442477345466614
148,28,0.4565388858318329,0.8020888566970825,-0.40439969301223755,0.9377633929252625
148,29,0.44605132937431335,0.8236424326896667,0.2487429678440094,0.727544367313385
148,30,0.4379191994667053,0.820775032043457,-0.4102577567100525,0.8210875988006592
148,31,0.5213870406150818,0.8367040753364563,0.0858619213104248,0.7777705788612366
148,32,0.49771708250045776,0.8351494669914246,-0.6387373805046082,0.9389959573745728
149,0,0.5313290357589722,0.4357840418815613,-0.7086816430091858,0.9999110102653503
149,1,0.5322460532188416,0.4245097041130066,-0.6805683374404907,0.9997832179069519
149,2,0.5356400012969971,0.4237440228462219,-0.6805798411369324,0.9997299313545227
149,3,0.5390378832817078,0.42289963364601135,-0.6806443333625793,0.999748706817627
149,4,0.5180107951164246,0.42551231384277344,-0.7087626457214355,0.9998494386672974
149,5,0.5108972191810608,0.4249298572540283,-0.7089052200317383,0.9998412728309631
149,6,0.5031067728996277,0.4243238866329193,-0.7089607119560242,0.9998676776885986
149,7,0.5352976322174072,0.41981369256973267,-0.4272443950176239,0.9991709589958191
149,8,0.4810441732406616,0.4227234423160553,-0.5572333335876465,0.9998743534088135
149,9,0.535404622554779,0.4434533715248108,-0.6019312739372253,0.9998417496681213
149,10,0.5188583731651306,0.4448094367980957,-0.6395958662033081,0.9999417662620544
149,11,0.5797520875930786,0.45818090438842773,-0.13806532323360443,0.9999277591705322
149,12,0.42157286405563354,0.4645512104034424,-0.42928704619407654,0.99997878074646
149,13,0.6330422759056091,0.5163682103157043,-0.07016713172197342,0.9139849543571472
149,14,0.35537049174308777,0.5313374996185303,-0.40494078397750854,0.9961891174316406
149,15,0.6006344556808472,0.5603829622268677,-0.3813328742980957,0.9457284808158875
149,16,0.44148412346839905,0.5851532816886902,-0.5113779902458191,0.9804266095161438
149,17,0.5862124562263489,0.5725993514060974,-0.4510031044483185,0.9201590418815613
149,18,0.45808371901512146,0.6074813008308411,-0.5680127739906311,0.9536067247390747
149,19,0.575031042098999,0.5669325590133667,-0.4929662048816681,0.9225646257400513
149,20,0.47834399342536926,0.6040065288543701,-0.6002931594848633,0.9525604844093323
149,21,0.5764498710632324,0.5626481771469116,-0.4031781852245331,0.9065569639205933
149,22,0.4752339720726013,0.5969409346580505,-0.5191417336463928,0.9341682195663452
149,23,0.5290495753288269,0.5943379402160645,0.11824414879083633,0.9986926317214966
149,24,0.4466169476509094,0.5900781750679016,-0.1183604896068573,0.9993758201599121
149,25,0.5066207051277161,0.6976572871208191,0.12933634221553802,0.6910974383354187
149,26,0.4817463457584381,0.693498969078064,-0.33320993185043335,0.947970449924469
149,27,0.4690374732017517,0.8063044548034668,0.30388814210891724,0.7504335045814514
149,28,0.4380267262458801,0.8069062232971191,-0.27558162808418274,0.9389309883117676
149,29,0.44641342759132385,0.8206254839897156,0.31010788679122925,0.7336090803146362
149,30,0.42288196086883545,0.8246098756790161,-0.2817865312099457,0.8186323046684265
149,31,0.5216652154922485,0.8367593884468079,0.1425972580909729,0.7835795283317566
149,32,0.4776543974876404,0.8420634269714355,-0.5239037871360779,0.938693642616272
150,0,0.5304975509643555,0.4249155521392822,-0.7520164251327515,0.9999168515205383
150,1,0.5318405032157898,0.41280731558799744,-0.7212507724761963,0.999793529510498
150,2,0.5354481339454651,0.4122256338596344,-0.7212703227996826,0.9997432231903076
150,3,0.5388604402542114,0.411553293466568,-0.7213102579116821,0.9997593760490417
150,4,0.5178672075271606,0.41353660821914673,-0.7490332722663879,0.9998564720153809
150,5,0.5107277035713196,0.41333621740341187,-0.7491746544837952,0.9998489022254944
150,6,0.5029245018959045,0.41307711601257324,-0.7492160201072693,0.9998716115951538
150,7,0.5351073741912842,0.41021114587783813,-0.45590710639953613,0.999190628528595
150,8,0.4809347689151764,0.4124857783317566,-0.5840184092521667,0.9998767375946045
150,9,0.5345878601074219,0.43283137679100037,-0.641971230506897,0.9998488426208496
150,10,0.5184743404388428,0.43425828218460083,-0.6788359880447388,0.99994295835495
150,11,0.5791715979576111,0.4533953070640564,-0.1551862359046936,0.9999328851699829
150,12,0.42138439416885376,0.46025800704956055,-0.46692439913749695,0.9999777674674988
150,13,0.6087352633476257,0.517035722732544,-0.028190774843096733,0.9187860488891602
150,14,0.37164589762687683,0.5344197154045105,-0.44207194447517395,0.9963087439537048
150,15,0.5962069034576416,0.5730735063552856,-0.2711697220802307,0.9491982460021973
150,16,0.44078904390335083,0.5964759588241577,-0.5598924160003662,0.9807344675064087
150,17,0.5863940119743347,0.5901328325271606,-0.32934144139289856,0.9241135120391846
150,18,0.450258731842041,0.6198025345802307,-0.6248139142990112,0.9543768167495728
150,19,0.5750913619995117,0.5864365100860596,-0.432944118976593,0.9266536235809326
150,20,0.4707416892051697,0.6171818375587463,-0.6607804298400879,0.9534316062927246
150,21,0.5761821866035461,0.5811930298805237,-0.32723405957221985,0.911126434803009
150,22,0.4700410068035126,0.609883189201355,-0.571587860584259,0.9351744055747986
150,23,0.5293303728103638,0.5993813872337341,0.12027190625667572,0.998695433139801
150,24,0.44808098673820496,0.5970117449760437,-0.1203426644206047,0.9993284940719604
150,25,0.5091349482536316,0.7014340758323669,0.15388856828212738,0.6999752521514893
150,26,0.474873423576355,0.7000662088394165,-0.22160157561302185,0.9493947625160217
150,27,0.46947187185287476,0.8065290451049805,0.3434091806411743,0.7643875479698181
150,28,0.43291762471199036,0.8054764866828918,-0.08355060964822769,0.94151371717453
150,29,0.44668418169021606,0.8233455419540405,0.35022789239883423,0.7459155917167664
150,30,0.4115954637527466,0.8229749798774719,-0.08195962011814117,0.8187100291252136
150,31,0.5215184688568115,0.8371728658676147,0.17488105595111847,0.7960704565048218
150,32,0.4670437276363373,0.8422648310661316,-0.3085230588912964,0.9403077960014343
151,0,0.5300648808479309,0.4181970953941345,-0.81711745262146,0.999923825263977
151,1,0.531679093837738,0.4068141579627991,-0.7824379205703735,0.9998089671134949
151,2,0.5352172255516052,0.4061640799045563,-0.7824389934539795,0.9997621774673462
151,3,0.5384780168533325,0.40550798177719116,-0.7824576497077942,0.9997762441635132
151,4,0.517439603805542,0.4075392186641693,-0.8112895488739014,0.9998673796653748
151,5,0.510266125202179,0.40742698311805725,-0.8114511370658875,0.9998605251312256
151,6,0.5024426579475403,0.40734806656837463,-0.8114932775497437,0.9998806118965149
151,7,0.5329884886741638,0.40530258417129517,-0.5063313245773315,0.9992316365242004
151,8,0.4802052676677704,0.40763697028160095,-0.6409669518470764,0.9998845458030701
151,9,0.5331435203552246,0.42704349756240845,-0.7046672701835632,0.9998592734336853
151,10,0.5176620483398438,0.4289588928222656,-0.7434275150299072,0.9999464750289917
151,11,0.5776144862174988,0.4512273669242859,-0.19515633583068848,0.9999367594718933
151,12,0.4198164641857147,0.4590977728366852,-0.527709424495697,0.9999778866767883
151,13,0.5968455672264099,0.5190489292144775,-0.045896049588918686,0.9216207265853882
151,14,0.3867214620113373,0.5369502305984497,-0.5072163343429565,0.9964662790298462
151,15,0.5910005569458008,0.5816487073898315,-0.2623872458934784,0.951399028301239
151,16,0.43960338830947876,0.6050599813461304,-0.6216437220573425,0.9815862774848938
151,17,0.5856978297233582,0.6036263704299927,-0.3163341283798218,0.9258876442909241
151,18,0.44290775060653687,0.6305172443389893,-0.6918177604675293,0.9563973546028137
151,19,0.57517409324646,0.6012715697288513,-0.39063504338264465,0.9286816716194153
151,20,0.46420159935951233,0.6287885904312134,-0.732405424118042,0.9555813670158386
151,21,0.5754286050796509,0.5948381423950195,-0.3055688738822937,0.9135406613349915
151,22,0.46848785877227783,0.620575487613678,-0.6360411047935486,0.9379894733428955
151,23,0.5300649404525757,0.5996027588844299,0.12168745696544647,0.9987594485282898
151,24,0.44994065165519714,0.5997598767280579,-0.12181372195482254,0.9993463158607483
151,25,0.508953332901001,0.7077283263206482,0.20653873682022095,0.7167911529541016
151,26,0.4689548909664154,0.7083368301391602,-0.17076805233955383,0.9522686004638672
151,27,0.4713042676448822,0.8085291981697083,0.4411347806453705,0.7820017337799072
151,28,0.436260849237442,0.8069154620170593,-0.001469925045967102,0.9454430341720581
151,29,0.44948819279670715,0.8231662511825562,0.4523083567619324,0.7621257305145264
151,30,0.41338399052619934,0.8206341862678528,0.002613852731883526,0.8225488662719727
151,31,0.5206022262573242,0.8393247723579407,0.27083033323287964,0.8114620447158813
151,32,0.46396246552467346,0.8444859385490417,-0.23131485283374786,0.9437065720558167
152,0,0.5290185809135437,0.4143304228782654,-0.7613555788993835,0.9999296069145203
152,1,0.5305463075637817,0.4028151035308838,-0.725638747215271,0.9998201131820679
152,2,0.5342023968696594,0.40215787291526794,-0.7256527543067932,0.9997754693031311
152,3,0.5374335646629333,0.401500940322876,-0.725657045841217,0.9997870326042175
152,4,0.5168659090995789,0.4036358892917633,-0.7569081783294678,0.999875545501709
152,5,0.5093333721160889,0.4036317467689514,-0.7570626735687256,0.9998693466186523
152,6,0.501044511795044,0.4036991596221924,-0.7571090459823608,0.9998868107795715
152,7,0.530816912651062,0.4017702043056488,-0.4564052224159241,0.9992445707321167
152,8,0.4770531952381134,0.4049904942512512,-0.601385772228241,0.9998891949653625
152,9,0.5317347049713135,0.4237635135650635,-0.6520299911499023,0.999866247177124
152,10,0.5156744718551636,0.4259450435638428,-0.6936723589897156,0.9999484419822693
152,11,0.5732471346855164,0.4495755732059479,-0.15485402941703796,0.9999398589134216
152,12,0.4165915548801422,0.45761552453041077,-0.5130090117454529,0.9999777674674988
152,13,0.5891572833061218,0.5200029611587524,-0.02771369367837906,0.9232726097106934
152,14,0.39947590231895447,0.5416036248207092,-0.49721747636795044,0.9966118931770325
152,15,0.5885878205299377,0.5857700109481812,-0.21815353631973267,0.9539142847061157
152,16,0.43881750106811523,0.61375892162323,-0.6028414964675903,0.9826353192329407
152,17,0.5858150720596313,0.6075279116630554,-0.270501047372818,0.9285796880722046
152,18,0.4381599724292755,0.6378117799758911,-0.6724398136138916,0.9589037299156189
152,19,0.5751224756240845,0.605812668800354,-0.34698057174682617,0.9315617084503174
152,20,0.45898690819740295,0.6346410512924194,-0.7130971550941467,0.9582259654998779
152,21,0.574030876159668,0.5999575257301331,-0.2555772066116333,0.9169463515281677
152,22,0.46477290987968445,0.626764178276062,-0.6173489689826965,0.9416242241859436
152,23,0.5312879681587219,0.5997381806373596,0.12872624397277832,0.99879390001297
152,24,0.4533083736896515,0.6022236347198486,-0.12886551022529602,0.999347984790802
152,25,0.5095772743225098,0.709083080291748,0.21842002868652344,0.7273715734481812
152,26,0.47143617272377014,0.7089864015579224,-0.17976349592208862,0.9539503455162048
152,27,0.4713623523712158,0.807999312877655,0.4416747987270355,0.7949247360229492
152,28,0.43560928106307983,0.8055486679077148,-0.007128566037863493,0.9483287334442139
152,29,0.44961637258529663,0.8196779489517212,0.4519747495651245,0.7746568322181702
152,30,0.4122939705848694,0.8200295567512512,-0.002155959839001298,0.8248907327651978
152,31,0.5193078517913818,0.8393704295158386,0.2880735993385315,0.8233366012573242
152,32,0.4681141674518585,0.8440896272659302,-0.21851398050785065,0.9461172819137573
153,0,0.5282072424888611,0.4117696285247803,-0.7072487473487854,0.9999352097511292
153,1,0.528821587562561,0.4005475640296936,-0.6696186065673828,0.9998325109481812
153,2,0.5324951410293579,0.3998306393623352,-0.6696489453315735,0.9997907280921936
153,3,0.5356401205062866,0.39903002977371216,-0.6696513891220093,0.9998002648353577
153,4,0.5152715444564819,0.4016456604003906,-0.701441764831543,0.9998840689659119
153,5,0.5071909427642822,0.40176111459732056,-0.7015741467475891,0.9998784065246582
153,6,0.4985012412071228,0.40197768807411194,-0.7016080021858215,0.9998934268951416
153,7,0.5285528898239136,0.39997464418411255,-0.4029710590839386,0.999277651309967
153,8,0.47420772910118103,0.4040556848049164,-0.549651563167572,0.9998945593833923
153,9,0.5310851335525513,0.4211496412754059,-0.5995973348617554,0.9998743534088135
153,10,0.5145159363746643,0.4236699044704437,-0.6418429017066956,0.9999507069587708
153,11,0.5703037977218628,0.4493282735347748,-0.11667164415121078,0.9999435544013977
153,12,0.4156775176525116,0.4575172960758209,-0.4715580344200134,0.9999775886535645
153,13,0.587451159954071,0.5203548669815063,0.012236792594194412,0.9251978993415833
153,14,0.4054512083530426,0.5445674061775208,-0.4564487338066101,0.9967036247253418
153,15,0.5868805646896362,0.5865771770477295,-0.1891445368528366,0.9567998051643372
153,16,0.43818652629852295,0.6168174147605896,-0.5674360394477844,0.9835625886917114
153,17,0.5858712196350098,0.60942542552948,-0.2449018508195877,0.9322292804718018
153,18,0.4370395243167877,0.6403181552886963,-0.6371613144874573,0.9612157344818115
153,19,0.574799656867981,0.6076043844223022,-0.31485384702682495,0.9352680444717407
153,20,0.4571370482444763,0.6368902325630188,-0.6787323951721191,0.9606621265411377
153,21,0.5721676349639893,0.601828932762146,-0.22281619906425476,0.9212904572486877
153,22,0.462837815284729,0.6289730072021484,-0.5824795365333557,0.9449843764305115
153,23,0.5338718295097351,0.600829005241394,0.13475710153579712,0.9988366961479187
153,24,0.45733964443206787,0.6044919490814209,-0.13487933576107025,0.9993603825569153
153,25,0.5111833214759827,0.7102911472320557,0.23119468986988068,0.7370890378952026
153,26,0.47224393486976624,0.7090978622436523,-0.184749037027359,0.9558841586112976
153,27,0.47244927287101746,0.8079210519790649,0.4553728401660919,0.8069345355033875
153,28,0.4377084970474243,0.8052150011062622,-0.025854287669062614,0.9512282609939575
153,29,0.45024406909942627,0.8193411827087402,0.4658503532409668,0.7867496013641357
153,30,0.41551727056503296,0.8195216059684753,-0.0225718691945076,0.8281651735305786
153,31,0.5194774866104126,0.8394920229911804,0.3094784617424011,0.8344737887382507
153,32,0.47218450903892517,0.8441343307495117,-0.23638002574443817,0.9485862255096436
154,0,0.5280587077140808,0.412498414516449,-0.742502748966217,0.9999386668205261
154,1,0.5281081795692444,0.4014405608177185,-0.7094717025756836,0.9998360276222229
154,2,0.5315685272216797,0.40080198645591736,-0.7095029354095459,0.9997961521148682
154,3,0.5344396233558655,0.400046169757843,-0.7095282077789307,0.9998034834861755
154,4,0.5143136978149414,0.40245142579078674,-0.7422477602958679,0.9998858571052551
154,5,0.5061182379722595,0.402597039937973,-0.7424193620681763,0.9998812675476074
154,6,0.4971018433570862,0.40287432074546814,-0.742490291595459,0.999893069267273
154,7,0.5274430513381958,0.40100783109664917,-0.4488005042076111,0.9992724061012268
154,8,0.47280654311180115,0.40503519773483276,-0.6006322503089905,0.9998926520347595
154,9,0.5306093692779541,0.42203864455223083,-0.6351183652877808,0.9998775720596313
154,10,0.5139341354370117,0.424751341342926,-0.6787794232368469,0.9999502301216125
154,11,0.5702606439590454,0.448849618434906,-0.152073934674263,0.9999473690986633
154,12,0.4138467013835907,0.45744577050209045,-0.5032185316085815,0.9999769330024719
154,13,0.5922258496284485,0.5204507112503052,-0.018642716109752655,0.9288653135299683
154,14,0.40789785981178284,0.5453664064407349,-0.4703681170940399,0.9967989325523376
154,15,0.5874558687210083,0.5851117372512817,-0.20438997447490692,0.9596086144447327
154,16,0.43888160586357117,0.6152862310409546,-0.5753370523452759,0.9843119978904724
154,17,0.5859525203704834,0.6077112555503845,-0.25052309036254883,0.9357554912567139
154,18,0.43774133920669556,0.637717604637146,-0.6431546807289124,0.9631333351135254
154,19,0.5747304558753967,0.6054209470748901,-0.3431090712547302,0.9388124942779541
154,20,0.4571957588195801,0.6340826749801636,-0.6861039996147156,0.9627271890640259
154,21,0.5718115568161011,0.5991655588150024,-0.24745801091194153,0.9254252910614014
154,22,0.46321600675582886,0.6265884637832642,-0.5904420018196106,0.9478084444999695
154,23,0.53614741563797,0.6005176901817322,0.13172222673892975,0.9988832473754883
154,24,0.45658981800079346,0.6032568216323853,-0.13183251023292542,0.9993640184402466
154,25,0.5161013603210449,0.7099267244338989,0.1898045837879181,0.7434061169624329
154,26,0.4765477478504181,0.703169584274292,-0.24521088600158691,0.9568361043930054
154,27,0.4736596941947937,0.8078786134719849,0.39396587014198303,0.814805805683136
154,28,0.43539056181907654,0.8043437004089355,-0.07990018278360367,0.9530628323554993
154,29,0.45088696479797363,0.8195095062255859,0.4030103087425232,0.7936878204345703
154,30,0.41713032126426697,0.8191677331924438,-0.07475637644529343,0.8279274106025696
154,31,0.5192520022392273,0.8401983380317688,0.24195630848407745,0.8423075079917908
154,32,0.473253071308136,0.8431490063667297,-0.28418391942977905,0.9503476619720459
155,0,0.5279313325881958,0.4145280718803406,-0.8556402325630188,0.999941349029541
155,1,0.528064489364624,0.4035171866416931,-0.8238863348960876,0.9998376369476318
155,2,0.5313850045204163,0.4029065668582916,-0.8239077925682068,0.9998000264167786
155,3,0.5340538620948792,0.40225082635879517,-0.8239868879318237,0.9998059272766113
155,4,0.514221727848053,0.40446001291275024,-0.8568010926246643,0.9998860359191895
155,5,0.5061065554618835,0.404604971408844,-0.8570064902305603,0.9998828172683716
155,6,0.49722960591316223,0.4048902094364166,-0.8570855259895325,0.9998924732208252
155,7,0.526687502861023,0.4028807580471039,-0.5612619519233704,0.9992687106132507
155,8,0.47288644313812256,0.4068511426448822,-0.713148832321167,0.9998908638954163
155,9,0.5304845571517944,0.4240744709968567,-0.7462772727012634,0.9998819828033447
155,10,0.5138822197914124,0.4266486167907715,-0.7902701497077942,0.9999513030052185
155,11,0.5704359412193298,0.4494517743587494,-0.26866447925567627,0.9999511241912842
155,12,0.4128318428993225,0.4577700197696686,-0.5830535292625427,0.9999774694442749
155,13,0.5962847471237183,0.5212399363517761,-0.18738268315792084,0.9341486692428589
155,14,0.39938145875930786,0.5442897081375122,-0.5592208504676819,0.9969629049301147
155,15,0.5874747633934021,0.584680438041687,-0.456292986869812,0.96258544921875
155,16,0.44323089718818665,0.6092031598091125,-0.6747133731842041,0.9850051403045654
155,17,0.5856397151947021,0.6059674024581909,-0.5269850492477417,0.9397336840629578
155,18,0.4454302191734314,0.6313139200210571,-0.7450584173202515,0.9646608829498291
155,19,0.5728644728660583,0.6025558710098267,-0.58409184217453,0.9426608085632324
155,20,0.4674087166786194,0.626703679561615,-0.7861424684524536,0.9643163084983826
155,21,0.569645881652832,0.5963742136955261,-0.4854019582271576,0.929719090461731
155,22,0.4706435203552246,0.6196144223213196,-0.6883890628814697,0.9496907591819763
155,23,0.5382518172264099,0.5914453268051147,0.12764935195446014,0.9989143013954163
155,24,0.4558761715888977,0.5970971584320068,-0.12783513963222504,0.9993806481361389
155,25,0.5252782702445984,0.7013558745384216,0.13716228306293488,0.7389983534812927
155,26,0.486259788274765,0.6981465816497803,-0.32539093494415283,0.9528548121452332
155,27,0.48149189352989197,0.807339072227478,0.3480605483055115,0.8087201714515686
155,28,0.4369675815105438,0.8019909858703613,-0.21259699761867523,0.9501838684082031
155,29,0.459521621465683,0.8194510340690613,0.3570552468299866,0.7847030162811279
155,30,0.4189887046813965,0.8212966918945312,-0.21727776527404785,0.815263569355011
155,31,0.5203874111175537,0.8393327593803406,0.17255912721157074,0.8391233682632446
155,32,0.4747098684310913,0.8380100131034851,-0.47694605588912964,0.9478935599327087
156,0,0.5267708897590637,0.41906610131263733,-0.8709371089935303,0.9999432563781738
156,1,0.5274516940116882,0.4068666398525238,-0.8457741737365723,0.9998342990875244
156,2,0.5308755040168762,0.4062516689300537,-0.8458201289176941,0.9997965097427368
156,3,0.5336929559707642,0.40567517280578613,-0.8459305763244629,0.9998014569282532
156,4,0.5131734609603882,0.4077356457710266,-0.870250940322876,0.999882698059082
156,5,0.5051286220550537,0.4079117774963379,-0.8704866766929626,0.9998806118965149
156,6,0.4966598153114319,0.40796294808387756,-0.8706022500991821,0.9998894333839417
156,7,0.526659369468689,0.4047597050666809,-0.6037139892578125,0.999268651008606
156,8,0.47277915477752686,0.408469021320343,-0.7192135453224182,0.9998899102210999
156,9,0.5293244123458862,0.42816877365112305,-0.7685928344726562,0.9998883008956909
156,10,0.5125251412391663,0.4301699995994568,-0.8023262619972229,0.9999538064002991
156,11,0.5708539485931396,0.450029194355011,-0.3195677101612091,0.9999553561210632
156,12,0.4122799038887024,0.45979809761047363,-0.576457142829895,0.9999790191650391
156,13,0.5999028086662292,0.5210884809494019,-0.18852895498275757,0.9402779340744019
156,14,0.394736647605896,0.5436460971832275,-0.5479454398155212,0.9971844553947449
156,15,0.5877377986907959,0.5814494490623474,-0.38353168964385986,0.9659839272499084
156,16,0.44293755292892456,0.6085289716720581,-0.6644999384880066,0.9860523343086243
156,17,0.5856330990791321,0.6018279790878296,-0.4396214485168457,0.944878876209259
156,18,0.449781209230423,0.631050705909729,-0.7289143800735474,0.9668983221054077
156,19,0.5717705488204956,0.5986198782920837,-0.4930169880390167,0.9475129842758179
156,20,0.47129684686660767,0.6258260011672974,-0.7646089196205139,0.9665270447731018
156,21,0.5682675242424011,0.5927610397338867,-0.4071498513221741,0.9354134202003479
156,22,0.4721309244632721,0.6192479729652405,-0.67577064037323,0.952664852142334
156,23,0.5380740165710449,0.580438494682312,0.11538931727409363,0.9989795088768005
156,24,0.45470988750457764,0.5866909027099609,-0.11559894680976868,0.9994112253189087
156,25,0.5280407071113586,0.6838734149932861,0.07012980431318283,0.7151196002960205
156,26,0.4895339906215668,0.6793256998062134,-0.39506828784942627,0.9423254132270813
156,27,0.48189777135849,0.7988713979721069,0.21281152963638306,0.7779960036277771
156,28,0.4472881257534027,0.7931605577468872,-0.32497602701187134,0.9423303604125977
156,29,0.46031060814857483,0.8131613731384277,0.21580912172794342,0.7581627368927002
156,30,0.4316723346710205,0.8207079172134399,-0.32927873730659485,0.8002280592918396
156,31,0.5210633277893066,0.831457257270813,0.0464673675596714,0.8160534501075745
156,32,0.4829210937023163,0.828079104423523,-0.5775777101516724,0.941216766834259
157,0,0.526750922203064,0.42623329162597656,-0.6430875062942505,0.9999473690986633
157,1,0.5274115204811096,0.4141160547733307,-0.615763247013092,0.9998473525047302
157,2,0.5308341979980469,0.41360074281692505,-0.6157826781272888,0.9998126029968262
157,3,0.5337305068969727,0.4130423665046692,-0.6159020662307739,0.9998170137405396
157,4,0.513114869594574,0.41476622223854065,-0.6367207765579224,0.999891459941864
157,5,0.5049519538879395,0.4148455262184143,-0.6368530988693237,0.9998893737792969
157,6,0.49637576937675476,0.41490253806114197,-0.6368913650512695,0.9998975396156311
157,7,0.5270175337791443,0.4109610915184021,-0.3777395486831665,0.9993324279785156
157,8,0.4723963439464569,0.41563478112220764,-0.47605612874031067,0.9998977184295654
157,9,0.5293817520141602,0.4355805516242981,-0.5421499609947205,0.9998976588249207
157,10,0.512543261051178,0.43672308325767517,-0.5712130069732666,0.9999573826789856
157,11,0.5719715356826782,0.4503420293331146,-0.12242663651704788,0.9999595284461975
157,12,0.412278413772583,0.46183156967163086,-0.3356848657131195,0.999980628490448
157,13,0.6224655508995056,0.5194551348686218,-0.027336623519659042,0.9457840919494629
157,14,0.36554253101348877,0.5424041152000427,-0.314376562833786,0.9972511529922485
157,15,0.5879008173942566,0.5688835382461548,-0.24800525605678558,0.969045877456665
157,16,0.44332483410835266,0.5940964818000793,-0.43329060077667236,0.9861540794372559
157,17,0.5821755528450012,0.589107871055603,-0.3017392158508301,0.9493080973625183
157,18,0.45801132917404175,0.611289381980896,-0.4880550503730774,0.9665972590446472
157,19,0.5648243427276611,0.5838176012039185,-0.34059661626815796,0.9516971111297607
157,20,0.47709015011787415,0.6043073534965515,-0.5106951594352722,0.9662091732025146
157,21,0.5610155463218689,0.5777533054351807,-0.2640156149864197,0.9401981830596924
157,22,0.47449102997779846,0.5976108908653259,-0.4375995695590973,0.9520706534385681
157,23,0.5389227271080017,0.5746544599533081,0.0971226617693901,0.9990468621253967
157,24,0.45435211062431335,0.5802183747291565,-0.0969657376408577,0.999460756778717
157,25,0.549150824546814,0.6450246572494507,-0.11267336457967758,0.714505672454834
157,26,0.5116296410560608,0.6658484935760498,-0.5749461650848389,0.9418721199035645
157,27,0.4979064166545868,0.7246891260147095,0.06296607851982117,0.7356835007667542
157,28,0.465169221162796,0.7937644124031067,-0.68119877576828,0.9390645623207092
157,29,0.47900718450546265,0.7322506308555603,0.07500769197940826,0.7299759984016418
157,30,0.44703635573387146,0.8192545175552368,-0.6982781291007996,0.7993649244308472
157,31,0.521619975566864,0.761583685874939,-0.06652724742889404,0.7854264378547668
157,32,0.5087082982063293,0.8290016055107117,-0.9562036395072937,0.9379457831382751
158,0,0.5275508761405945,0.4380064010620117,-0.6020146012306213,0.9999478459358215
158,1,0.5275229811668396,0.42582517862319946,-0.5751333236694336,0.9998480081558228
158,2,0.5308285355567932,0.42463797330856323,-0.5752106308937073,0.9998137950897217
158,3,0.5337067246437073,0.423433393239975,-0.5753344893455505,0.9998202323913574
158,4,0.5133456587791443,0.42762893438339233,-0.5985338687896729,0.9998918771743774
158,5,0.5053575038909912,0.42787104845046997,-0.59868323802948,0.9998892545700073
158,6,0.49678856134414673,0.4279751181602478,-0.5987047553062439,0.9998989701271057
158,7,0.5270034074783325,0.4210672378540039,-0.33731213212013245,0.9993534684181213
158,8,0.47253164649009705,0.4289398193359375,-0.44706153869628906,0.9999004602432251
158,9,0.530643105506897,0.4454323649406433,-0.5001285672187805,0.999900221824646
158,10,0.5140129923820496,0.448126882314682,-0.5321774482727051,0.999958872795105
158,11,0.5747509002685547,0.4557255804538727,-0.09723515808582306,0.9999631643295288
158,12,0.4104540944099426,0.4688235819339752,-0.2838324308395386,0.999981701374054
158,13,0.6388617157936096,0.5183282494544983,-0.0071595655754208565,0.9507386088371277
158,14,0.3456534445285797,0.5419700145721436,-0.22720181941986084,0.9972178339958191
158,15,0.5876477360725403,0.5592169761657715,-0.23032568395137787,0.971538245677948
158,16,0.448409765958786,0.5816845893859863,-0.34220707416534424,0.9852219820022583
158,17,0.5787354111671448,0.5783679485321045,-0.2908230125904083,0.9525583982467651
158,18,0.46889618039131165,0.5956621170043945,-0.39587751030921936,0.9637184739112854
158,19,0.5607441663742065,0.5730340480804443,-0.31987327337265015,0.9547364115715027
158,20,0.4843602776527405,0.5876657366752625,-0.42342033982276917,0.9634485840797424
158,21,0.5564686059951782,0.567672610282898,-0.24302639067173004,0.9433363080024719
158,22,0.4809762239456177,0.5817269086837769,-0.3475681245326996,0.9482932686805725
158,23,0.5390307307243347,0.5783435702323914,0.0844891145825386,0.9990620613098145
158,24,0.45450860261917114,0.5828985571861267,-0.08414123207330704,0.9994958639144897
158,25,0.5426244735717773,0.6763297915458679,-0.003423381829634309,0.6998886466026306
158,26,0.5100122094154358,0.6418976187705994,-0.6992374062538147,0.9424054622650146
158,27,0.4901793301105499,0.7790383100509644,0.17727066576480865,0.7200855016708374
158,28,0.4714438021183014,0.7836021184921265,-0.7210131883621216,0.9397656321525574
158,29,0.4704841673374176,0.7904209494590759,0.18178975582122803,0.7162444591522217
158,30,0.45246919989585876,0.8072381019592285,-0.7291222214698792,0.8062927722930908
158,31,0.5230630040168762,0.8106438517570496,0.0013506076065823436,0.7719554901123047
158,32,0.5157309770584106,0.8263427019119263,-0.9838531613349915,0.9396514296531677
159,0,0.5287628769874573,0.4500327706336975,-0.6965734362602234,0.9999427199363708
159,1,0.5283727645874023,0.43858224153518677,-0.6759164333343506,0.99983149766922
159,2,0.5315791368484497,0.43746256828308105,-0.6759309768676758,0.9997949004173279
159,3,0.534489631652832,0.4362820088863373,-0.6760751008987427,0.9998042583465576
159,4,0.5144649744033813,0.4402954578399658,-0.6917970776557922,0.9998812675476074
159,5,0.5067037343978882,0.4406124949455261,-0.6919451951980591,0.9998781085014343
159,6,0.49829936027526855,0.44082969427108765,-0.6919389963150024,0.9998915195465088
159,7,0.5277807712554932,0.43387776613235474,-0.4523632526397705,0.9993087649345398
159,8,0.47342801094055176,0.44102615118026733,-0.5323074460029602,0.9998961091041565
159,9,0.5322455167770386,0.4564489722251892,-0.5993594527244568,0.999889612197876
159,10,0.5155953764915466,0.45926016569137573,-0.621711790561676,0.999956488609314
159,11,0.5756301283836365,0.46309199929237366,-0.20243030786514282,0.9999654293060303
159,12,0.41088736057281494,0.4768095016479492,-0.34644293785095215,0.9999812245368958
159,13,0.6483179926872253,0.5172607898712158,-0.021595437079668045,0.9551308751106262
159,14,0.327769011259079,0.5413263440132141,-0.2967233657836914,0.9971370697021484
159,15,0.5877662301063538,0.5536904335021973,-0.17389658093452454,0.9739022850990295
159,16,0.447681725025177,0.5693644881248474,-0.41882050037384033,0.9847226738929749
159,17,0.5760361552238464,0.5696176886558533,-0.2144535481929779,0.9558878540992737
159,18,0.4719267189502716,0.5806869864463806,-0.470522403717041,0.9619916677474976
159,19,0.5592339634895325,0.5645207166671753,-0.24607278406620026,0.957888662815094
159,20,0.4863765835762024,0.5709728002548218,-0.4932471811771393,0.9618150591850281
159,21,0.5567169785499573,0.5600035190582275,-0.18319076299667358,0.9467843770980835
159,22,0.48179107904434204,0.5671737194061279,-0.42278018593788147,0.9462276101112366
159,23,0.5389227867126465,0.5791714191436768,0.06990575045347214,0.999036967754364
159,24,0.4544036388397217,0.5830923318862915,-0.06958837807178497,0.999512791633606
159,25,0.5338760614395142,0.687726616859436,0.03581453859806061,0.7002034187316895
159,26,0.508662223815918,0.6296235918998718,-0.6709178686141968,0.9420281648635864
159,27,0.48462674021720886,0.7948691844940186,0.1917061060667038,0.723549485206604
159,28,0.4948676526546478,0.7681013941764832,-0.6859963536262512,0.9411030411720276
159,29,0.4631870985031128,0.8111013174057007,0.19367703795433044,0.7196428179740906
159,30,0.4850226044654846,0.7874442934989929,-0.6931316256523132,0.8133634328842163
159,31,0.5233185887336731,0.8266884684562683,-0.001984105445444584,0.7732276916503906
159,32,0.5226226449012756,0.8092938661575317,-0.9625521898269653,0.9412802457809448
160,0,0.5298252701759338,0.46008267998695374,-0.7572623491287231,0.9998780488967896
160,1,0.5287144184112549,0.44865909218788147,-0.7334643006324768,0.9997346997261047
160,2,0.531963050365448,0.4473651051521301,-0.7336162328720093,0.9996697902679443
160,3,0.5350093841552734,0.44597235321998596,-0.7338904738426208,0.9996971487998962
160,4,0.5146334171295166,0.45105546712875366,-0.7483634948730469,0.9998054504394531
160,5,0.5068005323410034,0.451850950717926,-0.7485164999961853,0.9997919201850891
160,6,0.4984053373336792,0.4524472653865814,-0.7484822869300842,0.9998362064361572
160,7,0.5289618968963623,0.44340866804122925,-0.49717459082603455,0.9990180730819702
160,8,0.4734390377998352,0.4531269669532776,-0.5693245530128479,0.999851405620575
160,9,0.5349376201629639,0.4672304689884186,-0.6555063128471375,0.9998059868812561
160,10,0.517954409122467,0.4705166220664978,-0.6764770746231079,0.9999353885650635
160,11,0.5762150883674622,0.46945422887802124,-0.2619139552116394,0.9999650120735168
160,12,0.41199299693107605,0.485741525888443,-0.3477996289730072,0.9999738335609436
160,13,0.6549338102340698,0.5145297646522522,-0.22890566289424896,0.9581505656242371
160,14,0.31194889545440674,0.5414026975631714,-0.3599066734313965,0.9965330362319946
160,15,0.5926833748817444,0.5459614992141724,-0.46035194396972656,0.975071370601654
160,16,0.44124922156333923,0.5608533620834351,-0.5954313278198242,0.9818477034568787
160,17,0.5780600905418396,0.5579729080200195,-0.5181427597999573,0.9569080471992493
160,18,0.46928516030311584,0.5656190514564514,-0.6535824537277222,0.9550425410270691
160,19,0.5647033452987671,0.5527657866477966,-0.5399907231330872,0.9585989117622375
160,20,0.4849412739276886,0.5579458475112915,-0.6567889451980591,0.9547572135925293
160,21,0.5651442408561707,0.5484830737113953,-0.468781054019928,0.946344256401062
160,22,0.47873225808143616,0.5564881563186646,-0.5926992297172546,0.9356423020362854
160,23,0.5354682207107544,0.5804361701011658,0.035215992480516434,0.9990488886833191
160,24,0.45360976457595825,0.5836625099182129,-0.034580256789922714,0.9995236396789551
160,25,0.5110349655151367,0.694516122341156,-0.029594535008072853,0.7101837396621704
160,26,0.5049235820770264,0.6005215644836426,-0.7817126512527466,0.9378290772438049
160,27,0.48040658235549927,0.804620623588562,0.07349202036857605,0.7321768403053284
160,28,0.49658462405204773,0.7069718241691589,-0.9114421606063843,0.9303193688392639
160,29,0.4582614004611969,0.8209308385848999,0.07000597566366196,0.7224993109703064
160,30,0.4952508807182312,0.7248477935791016,-0.9288784265518188,0.8104285001754761
160,31,0.524049699306488,0.8336707949638367,-0.15925532579421997,0.7746046185493469
160,32,0.5173095464706421,0.7262409925460815,-1.205972671508789,0.9376456141471863
161,0,0.5301840305328369,0.4707704186439514,-0.8396522402763367,0.9998528361320496
161,1,0.529041051864624,0.45894855260849,-0.814880907535553,0.9997115135192871
161,2,0.5321919918060303,0.4577602744102478,-0.8149816989898682,0.9996393322944641
161,3,0.5352228879928589,0.456333726644516,-0.8152391910552979,0.9996772408485413
161,4,0.5150572657585144,0.4607361853122711,-0.8321080803871155,0.9997853636741638
161,5,0.5072487592697144,0.46113282442092896,-0.8323158025741577,0.9997646808624268
161,6,0.49879634380340576,0.46131283044815063,-0.8322708010673523,0.9998211860656738
161,7,0.5296328663825989,0.4521518349647522,-0.564544141292572,0.998993456363678
161,8,0.47357475757598877,0.4608536660671234,-0.6462483406066895,0.9998458623886108
161,9,0.535288393497467,0.4777374267578125,-0.7323261499404907,0.9997835755348206
161,10,0.5192667841911316,0.4798945486545563,-0.756514310836792,0.9999280571937561
161,11,0.5779832601547241,0.47478994727134705,-0.31286558508872986,0.99996417760849
161,12,0.4121261239051819,0.4907650053501129,-0.3913850486278534,0.9999616146087646
161,13,0.6598787307739258,0.5131903886795044,-0.3472866415977478,0.9615955948829651
161,14,0.3054444193840027,0.543441653251648,-0.4610121548175812,0.9961711168289185
161,15,0.597867488861084,0.5433767437934875,-0.6462443470954895,0.9765211939811707
161,16,0.4367741346359253,0.5553485155105591,-0.7061176896095276,0.9798617959022522
161,17,0.5815573930740356,0.553228497505188,-0.7085139751434326,0.9582831859588623
161,18,0.467691034078598,0.556504487991333,-0.7654390931129456,0.9498395323753357
161,19,0.5721158981323242,0.5474847555160522,-0.72235107421875,0.9596554636955261
161,20,0.4804149568080902,0.5486611127853394,-0.7618725299835205,0.9492681622505188
161,21,0.5740642547607422,0.5435087084770203,-0.6527974605560303,0.9468114376068115
161,22,0.4708772897720337,0.5478348135948181,-0.701004683971405,0.9275901913642883
161,23,0.5308051109313965,0.5824649333953857,0.04352713003754616,0.9990299344062805
161,24,0.4498226046562195,0.5842434763908386,-0.04304726794362068,0.9995126128196716
161,25,0.507864773273468,0.6978057026863098,-0.03422261029481888,0.7166788578033447
161,26,0.48899921774864197,0.5992112755775452,-0.7086846828460693,0.9376733899116516
161,27,0.4761613607406616,0.8084303140640259,0.08423972874879837,0.7439345121383667
161,28,0.49322521686553955,0.7116682529449463,-0.7067795395851135,0.926608145236969
161,29,0.45371755957603455,0.8235476613044739,0.08318188786506653,0.7298955917358398
161,30,0.49909815192222595,0.7257586121559143,-0.7107229828834534,0.8140720725059509
161,31,0.5241087079048157,0.8378027081489563,-0.1419079601764679,0.7804071307182312
161,32,0.5194718837738037,0.7440000772476196,-0.9629552364349365,0.9358775615692139
162,0,0.5304788947105408,0.4773162305355072,-0.9317087531089783,0.9998074769973755
162,1,0.5294916033744812,0.4661593437194824,-0.9076525568962097,0.9996554255485535
162,2,0.5325902700424194,0.46479272842407227,-0.9077401757240295,0.9995677471160889
162,3,0.535697877407074,0.463085800409317,-0.9079959392547607,0.9996218085289001
162,4,0.5152997970581055,0.46817904710769653,-0.9252017736434937,0.9997386932373047
162,5,0.5075564384460449,0.4684407114982605,-0.9254158139228821,0.9997074007987976
162,6,0.49897968769073486,0.4685139060020447,-0.9253470301628113,0.9997856616973877
162,7,0.5303934812545776,0.4583183228969574,-0.6546498537063599,0.9988929033279419
162,8,0.47365111112594604,0.4667535722255707,-0.7368593811988831,0.9998278021812439
162,9,0.5356360673904419,0.483751118183136,-0.8231291770935059,0.9997370839118958
162,10,0.5203073024749756,0.4862697124481201,-0.847316563129425,0.9999107122421265
162,11,0.5783442258834839,0.47946470975875854,-0.38456836342811584,0.9999621510505676
162,12,0.4122716784477234,0.4942963719367981,-0.48014572262763977,0.9999409317970276
162,13,0.6613678336143494,0.51078200340271,-0.4282507300376892,0.9647791385650635
162,14,0.30590587854385376,0.5459059476852417,-0.5571810603141785,0.9957298040390015
162,15,0.6031720042228699,0.5426710247993469,-0.7326006293296814,0.9777914881706238
162,16,0.43530866503715515,0.5536974668502808,-0.7980800867080688,0.977980375289917
162,17,0.5906482934951782,0.5512501001358032,-0.794931948184967,0.9592824578285217
162,18,0.4674798250198364,0.5541611313819885,-0.8598851561546326,0.9450414180755615
162,19,0.5818648338317871,0.5456749200820923,-0.8117737770080566,0.9603780508041382
162,20,0.4797482490539551,0.5474151968955994,-0.8529168963432312,0.9441602826118469
162,21,0.582348644733429,0.5422715544700623,-0.7411197423934937,0.9470285177230835
162,22,0.46912291646003723,0.5470184683799744,-0.7918071150779724,0.9201348423957825
162,23,0.526996374130249,0.5836755037307739,0.04844994470477104,0.9990493059158325
162,24,0.44646647572517395,0.5846515893936157,-0.04802122712135315,0.9995096921920776
162,25,0.5071311593055725,0.6999279260635376,-0.044295184314250946,0.7264313101768494
162,26,0.49331486225128174,0.5910487174987793,-0.6874783039093018,0.9382563829421997
162,27,0.47466328740119934,0.8090740442276001,0.08470260351896286,0.7586243152618408
162,28,0.49582940340042114,0.7130352854728699,-0.6570187211036682,0.9254897832870483
162,29,0.45198261737823486,0.8248013257980347,0.08334529399871826,0.7398178577423096
162,30,0.5026624798774719,0.7239526510238647,-0.6591005921363831,0.8191801905632019
162,31,0.525696337223053,0.8385463953018188,-0.15142351388931274,0.789171576499939
162,32,0.5206677913665771,0.7449026107788086,-0.9141401648521423,0.9357269406318665
163,0,0.5305333137512207,0.475992351770401,-0.9075673222541809,0.999787449836731
163,1,0.5295434594154358,0.4640038013458252,-0.8826492428779602,0.999605655670166
163,2,0.5326210260391235,0.4627702832221985,-0.8826940059661865,0.9995068311691284
163,3,0.5357036590576172,0.4613316059112549,-0.8828902244567871,0.999569833278656
163,4,0.515355110168457,0.4657772481441498,-0.9006831049919128,0.9997089505195618
163,5,0.5075808167457581,0.4659656882286072,-0.9009107947349548,0.9996770024299622
163,6,0.4989723563194275,0.4659655690193176,-0.9008742570877075,0.9997665286064148
163,7,0.5304504036903381,0.45682334899902344,-0.6354690790176392,0.9987645745277405
163,8,0.4736006557941437,0.4645366668701172,-0.719919741153717,0.9998152852058411
163,9,0.5355718731880188,0.4828721582889557,-0.8018887639045715,0.9997100234031677
163,10,0.5204685926437378,0.48493891954421997,-0.8266727924346924,0.9999027848243713
163,11,0.5787026882171631,0.48017463088035583,-0.3619000315666199,0.9999628067016602
163,12,0.4120435416698456,0.49381017684936523,-0.4821110963821411,0.9999380707740784
163,13,0.6632077693939209,0.5105077028274536,-0.3369956612586975,0.9678225517272949
163,14,0.3047843277454376,0.5464198589324951,-0.5117730498313904,0.9957528114318848
163,15,0.6049440503120422,0.5440870523452759,-0.5685251355171204,0.9792055487632751
163,16,0.43331921100616455,0.5531619787216187,-0.6872807145118713,0.9780511856079102
163,17,0.5941387414932251,0.5516183376312256,-0.6205980777740479,0.960810124874115
163,18,0.4671439826488495,0.5545444488525391,-0.7434825301170349,0.9441473484039307
163,19,0.5863847136497498,0.5453799962997437,-0.641399085521698,0.9617055058479309
163,20,0.47719401121139526,0.5473393201828003,-0.7447617650032043,0.9431122541427612
163,21,0.5860427021980286,0.542312502861023,-0.5765255689620972,0.9482125043869019
163,22,0.46657896041870117,0.5466165542602539,-0.6827401518821716,0.9185523986816406
163,23,0.5256649851799011,0.5840049982070923,0.05567789077758789,0.9990618228912354
163,24,0.44494661688804626,0.5846511721611023,-0.05532023683190346,0.999527096748352
163,25,0.5063755512237549,0.6977458000183105,-0.029633043333888054,0.7352914214134216
163,26,0.5048096776008606,0.610709547996521,-0.7106634378433228,0.9417284727096558
163,27,0.47229304909706116,0.8072740435600281,0.1327066272497177,0.7723808884620667
163,28,0.5015336275100708,0.731745719909668,-0.6851414442062378,0.9303640723228455
163,29,0.4484317898750305,0.8223227262496948,0.13050077855587006,0.7465261220932007
163,30,0.49658024311065674,0.7466682195663452,-0.6872599124908447,0.8309357762336731
163,31,0.5256917476654053,0.8394214510917664,-0.09648310393095016,0.7974228858947754
163,32,0.5183849334716797,0.7631562948226929,-0.9440847635269165,0.9397897124290466
164,0,0.5305297374725342,0.4711740016937256,-0.7969139218330383,0.9997509121894836
164,1,0.5295311212539673,0.4594036936759949,-0.7669557929039001,0.9995401501655579
164,2,0.5326089859008789,0.45827990770339966,-0.7671108841896057,0.999432384967804
164,3,0.5356935858726501,0.45693522691726685,-0.767330527305603,0.9995017647743225
164,4,0.5153405666351318,0.46105390787124634,-0.7836922407150269,0.9996590614318848
164,5,0.5075640678405762,0.46133607625961304,-0.7839280962944031,0.9996301531791687
164,6,0.4989561438560486,0.4615382254123688,-0.7839670777320862,0.9997395277023315
164,7,0.5305646657943726,0.4528495669364929,-0.5164472460746765,0.9985602498054504
164,8,0.47345224022865295,0.4611390233039856,-0.594957709312439,0.9997891783714294
164,9,0.5356262922286987,0.47829848527908325,-0.6902028322219849,0.9996472001075745
164,10,0.5203414559364319,0.4803677201271057,-0.7129787802696228,0.9998828172683716
164,11,0.5788768529891968,0.4771583080291748,-0.2542365491390228,0.9999634623527527
164,12,0.4118853807449341,0.4905935227870941,-0.36298850178718567,0.9999352693557739
164,13,0.6597918272018433,0.5108285546302795,-0.18428240716457367,0.970029890537262
164,14,0.308182030916214,0.5459080934524536,-0.3516186475753784,0.9955911040306091
164,15,0.6064369678497314,0.5452313423156738,-0.3918972909450531,0.9797073602676392
164,16,0.4334072470664978,0.554158627986908,-0.5218592286109924,0.9780353307723999
164,17,0.5983359217643738,0.5532569885253906,-0.4357330799102783,0.960635781288147
164,18,0.46730223298072815,0.5577179193496704,-0.5719422698020935,0.9435115456581116
164,19,0.5889545679092407,0.5469049215316772,-0.45961177349090576,0.9613655209541321
164,20,0.47711074352264404,0.5509985089302063,-0.5745184421539307,0.9423686861991882
164,21,0.5873416066169739,0.5436259508132935,-0.40061458945274353,0.9468353390693665
164,22,0.466683030128479,0.5496091842651367,-0.517069935798645,0.9168405532836914
164,23,0.5260952711105347,0.5842641592025757,0.052696917206048965,0.999022901058197
164,24,0.4448436200618744,0.5847486853599548,-0.052322421222925186,0.9995131492614746
164,25,0.5092630386352539,0.693153977394104,-0.03867713734507561,0.7346777319908142
164,26,0.5038377642631531,0.6131969690322876,-0.6897357702255249,0.9362924098968506
164,27,0.47198182344436646,0.8044279217720032,0.06501749902963638,0.7656217217445374
164,28,0.5033894181251526,0.7329968214035034,-0.7459014058113098,0.9266639351844788
164,29,0.4469992220401764,0.8210832476615906,0.061971515417099,0.7331387400627136
164,30,0.49760735034942627,0.7514069676399231,-0.7573782801628113,0.8274632096290588
164,31,0.5229291915893555,0.8387109041213989,-0.16691693663597107,0.7883658409118652
164,32,0.5288374423980713,0.7636207342147827,-1.0440237522125244,0.9383035898208618
165,0,0.5304110050201416,0.4668533205986023,-0.6038925051689148,0.9997390508651733
165,1,0.5295136570930481,0.45507803559303284,-0.5765207409858704,0.9995182752609253
165,2,0.5325311422348022,0.453982412815094,-0.5766726136207581,0.9994063973426819
165,3,0.5354605913162231,0.4527076184749603,-0.5768895745277405,0.9994864463806152
165,4,0.5153746604919434,0.4567109942436218,-0.5965843796730042,0.9996443390846252
165,5,0.5076116323471069,0.4570063054561615,-0.5967387557029724,0.9996126890182495
165,6,0.4990987479686737,0.45720547437667847,-0.5967311263084412,0.9997279644012451
165,7,0.5299679040908813,0.44914430379867554,-0.33849844336509705,0.9985204339027405
165,8,0.473547101020813,0.45743733644485474,-0.4300576150417328,0.9997798800468445
165,9,0.535108208656311,0.4746844172477722,-0.5021527409553528,0.9996337890625
165,10,0.51931232213974,0.4768049716949463,-0.5289961695671082,0.9998782873153687
165,11,0.578791618347168,0.4755702614784241,-0.09468114376068115,0.9999653100967407
165,12,0.41134706139564514,0.4896300435066223,-0.25151607394218445,0.999937891960144
165,13,0.6570982336997986,0.510869562625885,-0.02514950931072235,0.9720494151115417
165,14,0.3128052055835724,0.5449692606925964,-0.2418658435344696,0.9954472184181213
165,15,0.6096225380897522,0.5462411642074585,-0.2697520852088928,0.9802870154380798
165,16,0.43504926562309265,0.5571990013122559,-0.42544934153556824,0.9765989780426025
165,17,0.6037161350250244,0.5557019710540771,-0.32748478651046753,0.9609975218772888
165,18,0.46762925386428833,0.5634154081344604,-0.47990861535072327,0.9402046203613281
165,19,0.592187225818634,0.5499757528305054,-0.35531967878341675,0.9616888761520386
165,20,0.4788077175617218,0.5565947890281677,-0.49704670906066895,0.9391263723373413
165,21,0.5900325775146484,0.5461634993553162,-0.28228360414505005,0.9467511773109436
165,22,0.46848976612091064,0.5544547438621521,-0.42761367559432983,0.9122782349586487
165,23,0.5263293385505676,0.5844472646713257,0.06326358765363693,0.9989926815032959
165,24,0.4449481666088104,0.5849233865737915,-0.06274645775556564,0.9995084404945374
165,25,0.5098424553871155,0.6962713003158569,-0.015103801153600216,0.7185171246528625
165,26,0.5032145380973816,0.6176890134811401,-0.6819669604301453,0.9320793747901917
165,27,0.4700639545917511,0.8052239418029785,0.10284421592950821,0.7496892213821411
165,28,0.49925369024276733,0.7450825572013855,-0.7651358842849731,0.9222609996795654
165,29,0.44453808665275574,0.8203744888305664,0.10091039538383484,0.7231660485267639
165,30,0.49093806743621826,0.7637879252433777,-0.7780077457427979,0.8276281952857971
165,31,0.5226762294769287,0.8377946615219116,-0.10660557448863983,0.7739972472190857
165,32,0.5255826115608215,0.7804451584815979,-1.037388801574707,0.9363399744033813
166,0,0.5302741527557373,0.45660462975502014,-0.49309593439102173,0.999762237071991
166,1,0.529263973236084,0.44519495964050293,-0.46151813864707947,0.9995618462562561
166,2,0.5321020483970642,0.4441894590854645,-0.46161532402038574,0.9994596242904663
166,3,0.5347343683242798,0.4430505633354187,-0.4617537260055542,0.9995336532592773
166,4,0.5153207778930664,0.4459713399410248,-0.4800826609134674,0.9996760487556458
166,5,0.5075936317443848,0.4458045959472656,-0.48019298911094666,0.9996466636657715
166,6,0.49903908371925354,0.4457346796989441,-0.4802139699459076,0.9997520446777344
166,7,0.528680145740509,0.4400857388973236,-0.2222312092781067,0.9986568093299866
166,8,0.4734131395816803,0.44569119811058044,-0.3096357583999634,0.9997978210449219
166,9,0.5343772768974304,0.46421733498573303,-0.3931279182434082,0.9996656775474548
166,10,0.5186067223548889,0.46641024947166443,-0.41863641142845154,0.9998875856399536
166,11,0.577877938747406,0.47144705057144165,0.0018878589617088437,0.9999682903289795
166,12,0.4108435809612274,0.4797874391078949,-0.13977403938770294,0.9999415278434753
166,13,0.65645432472229,0.5110793709754944,0.08520738035440445,0.9740369319915771
166,14,0.3164896070957184,0.542672336101532,-0.1064402163028717,0.9955475926399231
166,15,0.6127811670303345,0.5470766425132751,-0.19270426034927368,0.9811866283416748
166,16,0.43834102153778076,0.5582414865493774,-0.27185317873954773,0.9766602516174316
166,17,0.6114878058433533,0.5559177398681641,-0.259107381105423,0.9621109962463379
166,18,0.468078076839447,0.5683680772781372,-0.3243779242038727,0.9398517608642578
166,19,0.5950483679771423,0.5530253648757935,-0.2972685694694519,0.9628784656524658
166,20,0.4807451069355011,0.5597559809684753,-0.34547024965286255,0.9387481212615967
166,21,0.591448187828064,0.5484685897827148,-0.2110782414674759,0.9480200409889221
166,22,0.47100359201431274,0.5560848712921143,-0.27499791979789734,0.9112908840179443
166,23,0.526530385017395,0.5836633443832397,0.05589098855853081,0.9990140199661255
166,24,0.4451349377632141,0.5854596495628357,-0.05548740550875664,0.9993946552276611
166,25,0.5102283358573914,0.675308108329773,-0.41680580377578735,0.6963821649551392
166,26,0.5028247237205505,0.6378515958786011,-0.4760299623012543,0.8998850584030151
166,27,0.46910858154296875,0.8016952276229858,-0.5994266271591187,0.7112102508544922
166,28,0.49766096472740173,0.7862750887870789,-0.5821483731269836,0.8636239171028137
166,29,0.4457271695137024,0.8198215365409851,-0.6258707642555237,0.70327228307724
166,30,0.4885764718055725,0.8076845407485962,-0.6010724306106567,0.7857588529586792
166,31,0.5157597064971924,0.8278643488883972,-0.8731650710105896,0.752197265625
166,32,0.5236508250236511,0.8197166323661804,-0.8568437099456787,0.8849518299102783
167,0,0.5269017815589905,0.44549745321273804,-0.579630970954895,0.9997754096984863
167,1,0.5258769989013672,0.43425431847572327,-0.5531147718429565,0.9995798468589783
167,2,0.5288675427436829,0.4333975315093994,-0.5532224774360657,0.999480128288269
167,3,0.531668484210968,0.4324195981025696,-0.5533757209777832,0.9995524883270264
167,4,0.5121195912361145,0.43443480134010315,-0.5738704800605774,0.9996898770332336
167,5,0.5042662024497986,0.43385234475135803,-0.574019730091095,0.9996625781059265
167,6,0.49566659331321716,0.43322625756263733,-0.574059247970581,0.9997630715370178
167,7,0.5261815786361694,0.4285410940647125,-0.3142101764678955,0.9987053871154785
167,8,0.47207990288734436,0.43247437477111816,-0.4095265567302704,0.9998047947883606
167,9,0.5303853154182434,0.45285335183143616,-0.47722241282463074,0.9996838569641113
167,10,0.5147333145141602,0.4537944197654724,-0.505196213722229,0.9998927116394043
167,11,0.5747808814048767,0.4630250930786133,-0.04839669167995453,0.9999706149101257
167,12,0.410839706659317,0.47040921449661255,-0.2525039315223694,0.9999464750289917
167,13,0.6431169509887695,0.5107641220092773,0.10071592032909393,0.9753655791282654
167,14,0.328392893075943,0.5373783707618713,-0.19711796939373016,0.9956540465354919
167,15,0.6135111451148987,0.5491989850997925,-0.10479249060153961,0.9813094735145569
167,16,0.441730797290802,0.5634847283363342,-0.3267366886138916,0.9766794443130493
167,17,0.615987241268158,0.5651520490646362,-0.15814454853534698,0.9618297815322876
167,18,0.46781229972839355,0.5799037218093872,-0.381313294172287,0.9398356676101685
167,19,0.5982786417007446,0.5636679530143738,-0.20372597873210907,0.962719738483429
167,20,0.4817267954349518,0.5736573338508606,-0.4132552146911621,0.9388786554336548
167,21,0.5929025411605835,0.5574734210968018,-0.12513455748558044,0.9473944306373596
167,22,0.47420358657836914,0.5679245591163635,-0.33415019512176514,0.9114274978637695
167,23,0.5265212059020996,0.5840699076652527,0.07683971524238586,0.9990443587303162
167,24,0.4452965557575226,0.5855543613433838,-0.07653073966503143,0.9994227886199951
167,25,0.5057889819145203,0.677613377571106,-0.20850227773189545,0.6696913838386536
167,26,0.5024374127388,0.6591063141822815,-0.5087130665779114,0.8984511494636536
167,27,0.4694208800792694,0.8052771687507629,-0.3973246216773987,0.6888019442558289
167,28,0.47826412320137024,0.8008221387863159,-0.6853767037391663,0.8665376305580139
167,29,0.446111798286438,0.8220343589782715,-0.3537430763244629,0.6822033524513245
167,30,0.46336352825164795,0.8210960626602173,-0.7051398158073425,0.7859748601913452
167,31,0.5209400057792664,0.8292354345321655,-0.6519684791564941,0.7387844920158386
167,32,0.5158923864364624,0.8299681544303894,-0.9820343255996704,0.888821542263031
168,0,0.5232188105583191,0.4309110641479492,-0.5466130971908569,0.9997854232788086
168,1,0.5224294662475586,0.4198717474937439,-0.5183612108230591,0.9995821118354797
168,2,0.5256975889205933,0.419234037399292,-0.518451988697052,0.999487042427063
168,3,0.5289009809494019,0.41850823163986206,-0.518574595451355,0.9995551109313965
168,4,0.5096753239631653,0.42033714056015015,-0.5456838607788086,0.9996926784515381
168,5,0.50218266248703,0.4201911389827728,-0.5458241105079651,0.9996692538261414
168,6,0.493990421295166,0.42001914978027344,-0.5458837747573853,0.9997631907463074
168,7,0.5234807133674622,0.4158717691898346,-0.2808338701725006,0.9986904859542847
168,8,0.47101905941963196,0.41989263892173767,-0.4049900472164154,0.9998030066490173
168,9,0.5274697542190552,0.4388155937194824,-0.44511717557907104,0.9996925592422485
168,10,0.5117007493972778,0.43981942534446716,-0.4812866151332855,0.999893844127655
168,11,0.5727452635765076,0.45455360412597656,-0.008820504881441593,0.9999723434448242
168,12,0.41089770197868347,0.46359962224960327,-0.28431183099746704,0.9999505877494812
168,13,0.6264297962188721,0.5107992887496948,0.15053948760032654,0.9761179685592651
168,14,0.33805450797080994,0.5344714522361755,-0.24304479360580444,0.9958721399307251
168,15,0.615398645401001,0.5564519166946411,-0.046526435762643814,0.9818575978279114
168,16,0.4420231282711029,0.5704683065414429,-0.36137980222702026,0.977543294429779
168,17,0.6197274923324585,0.5767062902450562,-0.09605193883180618,0.9627113342285156
168,18,0.4654652178287506,0.5885579586029053,-0.4155031740665436,0.9418755769729614
168,19,0.6020385026931763,0.5750519037246704,-0.14412930607795715,0.9637007713317871
168,20,0.48073217272758484,0.5822635293006897,-0.44321200251579285,0.9409524202346802
168,21,0.5953038930892944,0.5676680207252502,-0.06874300539493561,0.9486283659934998
168,22,0.47398826479911804,0.5755559206008911,-0.3670690357685089,0.9143279194831848
168,23,0.5266434550285339,0.5850845575332642,0.10305317491292953,0.9990047812461853
168,24,0.4469219744205475,0.5861163139343262,-0.1028783991932869,0.9994218349456787
168,25,0.5061720013618469,0.6788894534111023,0.009746701456606388,0.6355427503585815
168,26,0.5031851530075073,0.6845475435256958,-0.5506373047828674,0.8933773040771484
168,27,0.46910327672958374,0.8063830137252808,0.10144604742527008,0.664745569229126
168,28,0.46739962697029114,0.8086271286010742,-0.6322259902954102,0.86834317445755
168,29,0.4474426209926605,0.8226664662361145,0.1043769121170044,0.65777987241745
168,30,0.4507543444633484,0.8289123773574829,-0.6514143347740173,0.783416211605072
168,31,0.523009181022644,0.8306046724319458,-0.07619550824165344,0.7226784229278564
168,32,0.5053464770317078,0.8344433903694153,-0.9165319800376892,0.8910837173461914
169,0,0.5199635624885559,0.4203576445579529,-0.7455973029136658,0.9998041987419128
169,1,0.5197538733482361,0.4088568687438965,-0.7113953232765198,0.9996147751808167
169,2,0.5228186845779419,0.4082728326320648,-0.7114256024360657,0.9995267391204834
169,3,0.5259477496147156,0.4076521396636963,-0.711493194103241,0.9995879530906677
169,4,0.5080308318138123,0.4093566834926605,-0.744132399559021,0.9997168183326721
169,5,0.5008386969566345,0.40925130248069763,-0.7442984580993652,0.9996951818466187
169,6,0.49300405383110046,0.4091581404209137,-0.7443807125091553,0.999779999256134
169,7,0.5201383233070374,0.4069727957248688,-0.4388813376426697,0.9987807869911194
169,8,0.4699055850505829,0.409404993057251,-0.5900279879570007,0.9998155832290649
169,9,0.5236895680427551,0.4287230968475342,-0.6325685977935791,0.9997180104255676
169,10,0.5087389945983887,0.4306362271308899,-0.6760839223861694,0.9999019503593445
169,11,0.5698068141937256,0.45068174600601196,-0.11301667988300323,0.9999740123748779
169,12,0.4085484743118286,0.4589497148990631,-0.4658542573451996,0.9999542832374573
169,13,0.6102126836776733,0.5110692977905273,0.032569412142038345,0.977330207824707
169,14,0.34942713379859924,0.5310271382331848,-0.4430408179759979,0.9961526393890381
169,15,0.6150338649749756,0.5666316747665405,-0.14233481884002686,0.9831711649894714
169,16,0.4408690631389618,0.5770224332809448,-0.5579433441162109,0.9791205525398254
169,17,0.6212511658668518,0.5869198441505432,-0.22549645602703094,0.9652451872825623
169,18,0.4567447304725647,0.5990665555000305,-0.6218991875648499,0.9456824064254761
169,19,0.6061948537826538,0.5861557722091675,-0.35282012820243835,0.9662197232246399
169,20,0.4732006788253784,0.5955787897109985,-0.6565039753913879,0.9447950720787048
169,21,0.5985787510871887,0.579707682132721,-0.23494839668273926,0.9521722793579102
169,22,0.4693702757358551,0.5879537463188171,-0.5678149461746216,0.9196746349334717
169,23,0.5271170139312744,0.585319995880127,0.10962812602519989,0.9989782571792603
169,24,0.4474029541015625,0.5866991281509399,-0.10958649218082428,0.9994083046913147
169,25,0.5097188353538513,0.6817635297775269,0.055209092795848846,0.6288757920265198
169,26,0.48506683111190796,0.687762439250946,-0.42497697472572327,0.8914211392402649
169,27,0.4692783057689667,0.8056372404098511,0.20815247297286987,0.6566091179847717
169,28,0.45972132682800293,0.8132608532905579,-0.41259321570396423,0.8714547753334045
169,29,0.4485526978969574,0.8224889636039734,0.21201828122138977,0.6491179466247559
169,30,0.4455976188182831,0.8370136022567749,-0.4241703748703003,0.7781082391738892
169,31,0.5229905247688293,0.8311899304389954,0.030227065086364746,0.7209421396255493
169,32,0.4976792633533478,0.8394980430603027,-0.6958829164505005,0.892734706401825
170,0,0.5182307958602905,0.410167396068573,-0.741390585899353,0.9998225569725037
170,1,0.5177533626556396,0.39975446462631226,-0.7053598165512085,0.9996491074562073
170,2,0.5205492377281189,0.3992335796356201,-0.7053818702697754,0.9995691180229187
170,3,0.5234952569007874,0.39872053265571594,-0.705432653427124,0.999623715877533
170,4,0.5065910220146179,0.4003634452819824,-0.7403727173805237,0.9997419118881226
170,5,0.4996032416820526,0.4002559781074524,-0.7405076622962952,0.9997222423553467
170,6,0.4916858673095703,0.40027737617492676,-0.7405674457550049,0.999798059463501
170,7,0.5158124566078186,0.39960870146751404,-0.43483975529670715,0.9988781809806824
170,8,0.46773096919059753,0.4021037518978119,-0.5959120988845825,0.9998299479484558
170,9,0.5214799046516418,0.41934338212013245,-0.6305139064788818,0.9997432231903076
170,10,0.5066970586776733,0.42152562737464905,-0.6770726442337036,0.999910295009613
170,11,0.5632435083389282,0.4473363757133484,-0.11492256820201874,0.9999746680259705
170,12,0.4046430289745331,0.4540756642818451,-0.4912049472332001,0.9999567866325378
170,13,0.5964363217353821,0.5128334760665894,-0.04968097433447838,0.9768834114074707
170,14,0.35811617970466614,0.5280264616012573,-0.48574817180633545,0.9963898062705994
170,15,0.613319456577301,0.5745264291763306,-0.38031530380249023,0.9838940501213074
170,16,0.43772092461586,0.5825067758560181,-0.5985432267189026,0.9805072546005249
170,17,0.6193241477012634,0.5962468385696411,-0.4590405821800232,0.9667593836784363
170,18,0.4471672475337982,0.6086926460266113,-0.6668261885643005,0.949312150478363
170,19,0.6043061017990112,0.5959967374801636,-0.530149519443512,0.9678353667259216
170,20,0.46696212887763977,0.606963038444519,-0.7067182064056396,0.9484906196594238
170,21,0.5968769192695618,0.5908492803573608,-0.42194831371307373,0.954577624797821
170,22,0.4656796455383301,0.5981174111366272,-0.6111593246459961,0.924784779548645
170,23,0.527475893497467,0.5886634588241577,0.1254909634590149,0.998974084854126
170,24,0.4477584958076477,0.5911573171615601,-0.125565767288208,0.9994065761566162
170,25,0.5098810791969299,0.6951697468757629,0.17315687239170074,0.644729733467102
170,26,0.4720316231250763,0.698879599571228,-0.27480548620224,0.8985161781311035
170,27,0.4694107174873352,0.8053454160690308,0.3970170319080353,0.6779577136039734
170,28,0.44873589277267456,0.8135818243026733,-0.18406866490840912,0.8812998533248901
170,29,0.44830048084259033,0.8211439251899719,0.4063211679458618,0.6663023829460144
170,30,0.4319477081298828,0.8325068354606628,-0.19022078812122345,0.7832435369491577
170,31,0.523073136806488,0.8352295160293579,0.23196643590927124,0.7393931150436401
170,32,0.49063101410865784,0.8505806922912598,-0.44606518745422363,0.8997573256492615
171,0,0.5176358222961426,0.4048464894294739,-0.6486255526542664,0.9998391270637512
171,1,0.5168638229370117,0.3942939043045044,-0.6077007055282593,0.9996808171272278
171,2,0.5196278691291809,0.3938456177711487,-0.6077365279197693,0.999608039855957
171,3,0.5223860144615173,0.3932958245277405,-0.6077237725257874,0.999656617641449
171,4,0.5053163170814514,0.39485347270965576,-0.6445314288139343,0.9997650384902954
171,5,0.49844029545783997,0.39471107721328735,-0.644614040851593,0.9997471570968628
171,6,0.49031901359558105,0.3948524296283722,-0.6446758508682251,0.9998149275779724
171,7,0.5128644108772278,0.39526811242103577,-0.3349097669124603,0.9989690184593201
171,8,0.4648292660713196,0.3976796567440033,-0.5056872367858887,0.9998434782028198
171,9,0.5205369591712952,0.414473295211792,-0.539723813533783,0.9997657537460327
171,10,0.5055067539215088,0.4165151119232178,-0.5891919732093811,0.99991774559021
171,11,0.5593828558921814,0.4468746781349182,-0.039198823273181915,0.9999741911888123
171,12,0.40070340037345886,0.45326393842697144,-0.43044739961624146,0.9999591112136841
171,13,0.5863802433013916,0.515574038028717,0.0812482163310051,0.971167802810669
171,14,0.3702864646911621,0.529305100440979,-0.4260615110397339,0.996492862701416
171,15,0.6072520613670349,0.5818713903427124,-0.18008553981781006,0.9827669858932495
171,16,0.43146172165870667,0.5855973362922668,-0.5549507141113281,0.9814594984054565
171,17,0.6191902160644531,0.604121744632721,-0.24225786328315735,0.9651447534561157
171,18,0.4387807250022888,0.6103585958480835,-0.6233485341072083,0.952117383480072
171,19,0.6028448343276978,0.6046053767204285,-0.31867390871047974,0.9666098356246948
171,20,0.4583565294742584,0.6090359091758728,-0.6619499921798706,0.9513769745826721
171,21,0.5964260101318359,0.599608302116394,-0.21871648728847504,0.9536317586898804
171,22,0.4581293761730194,0.6006848812103271,-0.5670328736305237,0.9288146495819092
171,23,0.527170717716217,0.5975669026374817,0.14093565940856934,0.9989978671073914
171,24,0.4476834237575531,0.6003825664520264,-0.14100567996501923,0.9994237422943115
171,25,0.509952187538147,0.7038675546646118,0.26753896474838257,0.666239321231842
171,26,0.4636865258216858,0.7075556516647339,-0.19698834419250488,0.9072533845901489
171,27,0.47020280361175537,0.8054462671279907,0.5333467721939087,0.7039881348609924
171,28,0.44782811403274536,0.8156933784484863,-0.06860284507274628,0.8918166160583496
171,29,0.44843703508377075,0.8202043771743774,0.5467981100082397,0.6914610266685486
171,30,0.4310120940208435,0.8319533467292786,-0.07023186981678009,0.7946203947067261
171,31,0.5230677723884583,0.8385351300239563,0.37545377016067505,0.760762631893158
171,32,0.4894964098930359,0.855532169342041,-0.3171018958091736,0.9078661799430847
172,0,0.5156462788581848,0.40141934156417847,-0.6784172654151917,0.9998543858528137
172,1,0.5148885846138,0.39009130001068115,-0.6272683143615723,0.9997103214263916
172,2,0.5178093314170837,0.38968998193740845,-0.6272264122962952,0.9996443390846252
172,3,0.5205298662185669,0.38928669691085815,-0.6270452737808228,0.9996877312660217
172,4,0.5028870105743408,0.39038386940956116,-0.6728035807609558,0.9997866153717041
172,5,0.49583563208580017,0.39037269353866577,-0.6729016304016113,0.99977046251297
172,6,0.4872729480266571,0.3904449939727783,-0.6729866862297058,0.9998311400413513
172,7,0.5106074810028076,0.39212578535079956,-0.361907422542572,0.9990581274032593
172,8,0.46125364303588867,0.3945460319519043,-0.5349702835083008,0.9998565912246704
172,9,0.5188100337982178,0.4117220342159271,-0.5673571228981018,0.9997870326042175
172,10,0.5032637715339661,0.41292110085487366,-0.6219512224197388,0.9999248385429382
172,11,0.5551488995552063,0.4472849369049072,-0.07801228761672974,0.9999728202819824
172,12,0.39642223715782166,0.4527822434902191,-0.47210007905960083,0.9999606609344482
172,13,0.5746917128562927,0.5200600624084473,0.047129396349191666,0.9668838977813721
172,14,0.37821441888809204,0.5298638343811035,-0.4670267701148987,0.9966200590133667
172,15,0.5950328707695007,0.5875102281570435,-0.182368665933609,0.981916069984436
172,16,0.43030476570129395,0.5957444310188293,-0.5906851887702942,0.9824840426445007
172,17,0.6056647896766663,0.609880268573761,-0.2400348037481308,0.9636875987052917
172,18,0.43717795610427856,0.6235775947570801,-0.6649723649024963,0.9549726843833923
172,19,0.5931704044342041,0.6103290915489197,-0.3147444725036621,0.9654790759086609
172,20,0.4568116068840027,0.6232692003250122,-0.7060694098472595,0.954314649105072
172,21,0.5864753127098083,0.6049899458885193,-0.2190241664648056,0.9527795314788818
172,22,0.4576077461242676,0.6136086583137512,-0.6057707667350769,0.933025062084198
172,23,0.52558833360672,0.6001662015914917,0.13822431862354279,0.9990079998970032
172,24,0.4445749819278717,0.6033933162689209,-0.13828440010547638,0.9994279146194458
172,25,0.5080657005310059,0.7100600600242615,0.25823161005973816,0.6892251372337341
172,26,0.4553115963935852,0.7135509252548218,-0.14850233495235443,0.9150164723396301
172,27,0.47076743841171265,0.8061703443527222,0.5241655707359314,0.7276488542556763
172,28,0.44521281123161316,0.8185559511184692,0.017690353095531464,0.9010991454124451
172,29,0.4487723410129547,0.8199361562728882,0.5377112030982971,0.7136132717132568
172,30,0.43005403876304626,0.8355177044868469,0.019655123353004456,0.8026232719421387
172,31,0.5217915177345276,0.8405179977416992,0.35973551869392395,0.7800429463386536
172,32,0.48841363191604614,0.8585208058357239,-0.23056425154209137,0.9148403406143188
173,0,0.5132149457931519,0.3986618220806122,-0.6261318922042847,0.9998679757118225
173,1,0.5131832361221313,0.3872620165348053,-0.5823615193367004,0.9997366666793823
173,2,0.516396701335907,0.38716214895248413,-0.5823590755462646,0.9996766448020935
173,3,0.5192010998725891,0.3870166838169098,-0.582305371761322,0.9997151494026184
173,4,0.5000191926956177,0.38719603419303894,-0.6159385442733765,0.9998059272766113
173,5,0.4924509823322296,0.3870032727718353,-0.616023063659668,0.9997913837432861
173,6,0.48346030712127686,0.38700243830680847,-0.6160507202148438,0.9998457431793213
173,7,0.5101599097251892,0.3907623291015625,-0.3202020525932312,0.9991378784179688
173,8,0.45835596323013306,0.3915635943412781,-0.47260618209838867,0.9998685717582703
173,9,0.5167627334594727,0.4097408354282379,-0.5233233571052551,0.9998058676719666
173,10,0.5001454949378967,0.4102335572242737,-0.567988932132721,0.9999309778213501
173,11,0.5494035482406616,0.4489677846431732,-0.0469258688390255,0.9999678134918213
173,12,0.39678817987442017,0.45182570815086365,-0.43690329790115356,0.999961793422699
173,13,0.5672640204429626,0.524914026260376,0.08271466195583344,0.9559311866760254
173,14,0.3807220160961151,0.5314706563949585,-0.4377482533454895,0.996609091758728
173,15,0.5825545191764832,0.5926231145858765,-0.10386757552623749,0.9783385396003723
173,16,0.42673826217651367,0.6020780801773071,-0.5609270930290222,0.9829367399215698
173,17,0.590358555316925,0.6143255829811096,-0.14891159534454346,0.9581193923950195
173,18,0.4312848448753357,0.6275203227996826,-0.629344642162323,0.9566584825515747
173,19,0.5804541110992432,0.6147108674049377,-0.21731281280517578,0.9604087471961975
173,20,0.44876161217689514,0.626585841178894,-0.6627455353736877,0.9560742974281311
173,21,0.5736754536628723,0.6086362600326538,-0.13638997077941895,0.9474031329154968
173,22,0.4508098065853119,0.6180099248886108,-0.5721814632415771,0.9357208609580994
173,23,0.5211582779884338,0.6054209470748901,0.1400556117296219,0.9990300536155701
173,24,0.44235479831695557,0.6065699458122253,-0.14020588994026184,0.9994418621063232
173,25,0.5056300759315491,0.7142260074615479,0.2825698256492615,0.7079919576644897
173,26,0.4478223919868469,0.7167620062828064,-0.10862912982702255,0.9221416115760803
173,27,0.47151654958724976,0.8069307208061218,0.5454041957855225,0.7493564486503601
173,28,0.4414905607700348,0.8213828802108765,0.07396568357944489,0.9096057415008545
173,29,0.4494355618953705,0.8196616172790527,0.559563934803009,0.734674870967865
173,30,0.42846059799194336,0.8367476463317871,0.0793377235531807,0.8103638887405396
173,31,0.5218072533607483,0.8415566682815552,0.3986010253429413,0.7977914214134216
173,32,0.48586225509643555,0.8592358827590942,-0.14962300658226013,0.921251654624939
174,0,0.5115893483161926,0.3974805474281311,-0.569320797920227,0.9998800158500671
174,1,0.5117129683494568,0.38628485798835754,-0.5298401713371277,0.9997598528862
174,2,0.5150312781333923,0.38635945320129395,-0.5298460721969604,0.9997049570083618
174,3,0.5178208351135254,0.3863256573677063,-0.529815137386322,0.9997389316558838
174,4,0.4975316822528839,0.38580521941185,-0.5600705146789551,0.9998229146003723
174,5,0.4895779490470886,0.3855322003364563,-0.5601446628570557,0.9998098611831665
174,6,0.4801193177700043,0.3854452669620514,-0.5601512789726257,0.9998584389686584
174,7,0.5089701414108276,0.3897932469844818,-0.2840881049633026,0.9992079734802246
174,8,0.455788254737854,0.3901689052581787,-0.4252510964870453,0.9998788833618164
174,9,0.5152132511138916,0.4087497293949127,-0.4734998047351837,0.9998224973678589
174,10,0.49746787548065186,0.40899816155433655,-0.5139755606651306,0.9999361634254456
174,11,0.5439565181732178,0.4497345983982086,-0.02334907278418541,0.9999603629112244
174,12,0.396514892578125,0.45014041662216187,-0.4212018847465515,0.999962568283081
174,13,0.5611690282821655,0.5260876417160034,0.10037017613649368,0.9425457119941711
174,14,0.3952792286872864,0.5335839986801147,-0.4208979606628418,0.9964882135391235
174,15,0.5727941393852234,0.5946391820907593,-0.06191966310143471,0.9738302826881409
174,16,0.42632243037223816,0.6072536110877991,-0.5417172908782959,0.9833298921585083
174,17,0.5782342553138733,0.6158941984176636,-0.09982894361019135,0.9512692093849182
174,18,0.4299531579017639,0.6319693326950073,-0.6128849983215332,0.9583708643913269
174,19,0.5702662467956543,0.6164034008979797,-0.16475453972816467,0.954002857208252
174,20,0.44541671872138977,0.6312905550003052,-0.6496874690055847,0.9578694701194763
174,21,0.564028263092041,0.6107596158981323,-0.09248407930135727,0.9407724738121033
174,22,0.4478520154953003,0.6228755116462708,-0.5582266449928284,0.9385882616043091
174,23,0.5183271765708923,0.604212760925293,0.13634875416755676,0.9990349411964417
174,24,0.44066059589385986,0.6050333380699158,-0.13649962842464447,0.9994428753852844
174,25,0.5023979544639587,0.7152656316757202,0.23943018913269043,0.722116231918335
174,26,0.44629648327827454,0.7187021374702454,-0.11461547017097473,0.9278897047042847
174,27,0.46985766291618347,0.8088333010673523,0.4550708830356598,0.766363263130188
174,28,0.44280651211738586,0.8223960995674133,0.041427258402109146,0.9165802597999573
174,29,0.44841787219047546,0.8199707269668579,0.4649144113063812,0.7510677576065063
174,30,0.42963460087776184,0.8374103307723999,0.044854793697595596,0.8136528730392456
174,31,0.5211682319641113,0.8418558239936829,0.3108954131603241,0.8116911053657532
174,32,0.48761147260665894,0.857952892780304,-0.17166362702846527,0.9260385036468506
175,0,0.510977566242218,0.39553070068359375,-0.5475615859031677,0.9998887777328491
175,1,0.5113682150840759,0.38475844264030457,-0.5084735751152039,0.999775767326355
175,2,0.5146022439002991,0.3848392069339752,-0.5084719061851501,0.9997237920761108
175,3,0.5173009037971497,0.38480573892593384,-0.508430540561676,0.9997528791427612
175,4,0.4968399405479431,0.38418740034103394,-0.541721761226654,0.999835193157196
175,5,0.489014208316803,0.3839343190193176,-0.5418113470077515,0.9998236894607544
175,6,0.4796910881996155,0.3838038146495819,-0.5418579578399658,0.9998672604560852
175,7,0.5084684491157532,0.38824623823165894,-0.2707800567150116,0.9992454051971436
175,8,0.4548998177051544,0.38851407170295715,-0.42485174536705017,0.999885618686676
175,9,0.5148243308067322,0.40659409761428833,-0.4552459418773651,0.9998332262039185
175,10,0.4967813789844513,0.40647467970848083,-0.49954020977020264,0.9999390840530396
175,11,0.5398551821708679,0.45009511709213257,-0.01846599392592907,0.999930739402771
175,12,0.3962897062301636,0.44833651185035706,-0.42084500193595886,0.9999629259109497
175,13,0.5543673634529114,0.5278815031051636,0.09920265525579453,0.9118059873580933
175,14,0.39345553517341614,0.5355716943740845,-0.4440227150917053,0.9963751435279846
175,15,0.5635569095611572,0.5983762145042419,-0.046741094440221786,0.9576433897018433
175,16,0.42302846908569336,0.6091433763504028,-0.5425737500190735,0.9834659695625305
175,17,0.5689643621444702,0.6189326643943787,-0.07908713817596436,0.930256187915802
175,18,0.4245516359806061,0.6345675587654114,-0.610884428024292,0.9594238996505737
175,19,0.5632163286209106,0.6195688247680664,-0.14122343063354492,0.933850109577179
175,20,0.44145703315734863,0.6341457962989807,-0.6418756246566772,0.9589396715164185
175,21,0.5570642948150635,0.6137502789497375,-0.07637474685907364,0.9200091361999512
175,22,0.44450125098228455,0.6252809762954712,-0.555080771446228,0.9403949975967407
175,23,0.5143179297447205,0.6055578589439392,0.1416347771883011,0.9990122318267822
175,24,0.4394833445549011,0.6068543195724487,-0.14183343946933746,0.9994359016418457
175,25,0.5019822716712952,0.715854823589325,0.261526882648468,0.7314044833183289
175,26,0.4429689645767212,0.7198227643966675,-0.08357761800289154,0.9330275058746338
175,27,0.46881723403930664,0.8095801472663879,0.4885670244693756,0.7800142168998718
175,28,0.44104793667793274,0.8235602378845215,0.1063535138964653,0.9227635264396667
175,29,0.447504460811615,0.8202860951423645,0.49995189905166626,0.7642187476158142
175,30,0.4281061291694641,0.8389934301376343,0.11332035064697266,0.8164759278297424
175,31,0.52032870054245,0.8417069315910339,0.3522527515888214,0.823752224445343
175,32,0.487615704536438,0.85832279920578,-0.09702754765748978,0.930435299873352
176,0,0.5103043913841248,0.39264780282974243,-0.5774165391921997,0.9998929500579834
176,1,0.5108237862586975,0.3824387192726135,-0.5365846753120422,0.9997828006744385
176,2,0.5139495730400085,0.3826804459095001,-0.536596953868866,0.9997317790985107
176,3,0.5166258215904236,0.38292422890663147,-0.5365867018699646,0.999754786491394
176,4,0.4963330924510956,0.3815438151359558,-0.5688403844833374,0.9998408555984497
176,5,0.4886154234409332,0.3812819719314575,-0.5689318180084229,0.9998307228088379
176,6,0.47937339544296265,0.38103991746902466,-0.568999171257019,0.999869704246521
176,7,0.5075759291648865,0.38701170682907104,-0.28980591893196106,0.9992455244064331
176,8,0.4542078971862793,0.3859364986419678,-0.43985244631767273,0.9998871088027954
176,9,0.5139923691749573,0.40392813086509705,-0.4818432331085205,0.9998345971107483
176,10,0.4958019554615021,0.4036063551902771,-0.5247880220413208,0.9999377727508545
176,11,0.5369203090667725,0.4504070281982422,-0.03448939695954323,0.9998525381088257
176,12,0.395804226398468,0.4467313885688782,-0.423858642578125,0.9999601244926453
176,13,0.5428611040115356,0.5288121104240417,0.08659981936216354,0.8644553422927856
176,14,0.38867098093032837,0.5342990159988403,-0.44228583574295044,0.9959752559661865
176,15,0.5532574653625488,0.6017550230026245,-0.05662127211689949,0.9169175624847412
176,16,0.4176631569862366,0.6074126958847046,-0.5357930660247803,0.9811748266220093
176,17,0.5600660443305969,0.6208583116531372,-0.0880410373210907,0.8848583102226257
176,18,0.41461601853370667,0.6318978071212769,-0.6009300351142883,0.9556995034217834
176,19,0.5547484755516052,0.6219822764396667,-0.15116818249225616,0.889624297618866
176,20,0.43122562766075134,0.6316918134689331,-0.6288773417472839,0.9551118612289429
176,21,0.5489188432693481,0.6159387230873108,-0.08723311126232147,0.8764253854751587
176,22,0.43457671999931335,0.6231846213340759,-0.5485205054283142,0.9362562894821167
176,23,0.5093296766281128,0.6062365174293518,0.13943219184875488,0.9989635348320007
176,24,0.4343438744544983,0.6060348749160767,-0.1396019458770752,0.9994164109230042
176,25,0.5014225244522095,0.7154189348220825,0.25092098116874695,0.7417756915092468
176,26,0.4381376802921295,0.7196489572525024,-0.07358261942863464,0.9376769661903381
176,27,0.46897128224372864,0.8114463090896606,0.4921974539756775,0.7943074107170105
176,28,0.4387270212173462,0.8261221051216125,0.1463192105293274,0.9285261034965515
176,29,0.44830450415611267,0.8224235773086548,0.5037038922309875,0.7769376635551453
176,30,0.42778417468070984,0.8423095941543579,0.15481415390968323,0.818630039691925
176,31,0.5207030773162842,0.8425079584121704,0.3361644446849823,0.8356371521949768
176,32,0.4850001931190491,0.859759509563446,-0.07539321482181549,0.9346207976341248
177,0,0.5103189945220947,0.3897857964038849,-0.5935012102127075,0.9998971819877625
177,1,0.5107532739639282,0.38013288378715515,-0.5571562051773071,0.9997893571853638
177,2,0.5138583183288574,0.38035258650779724,-0.5571905374526978,0.9997401833534241
177,3,0.516555905342102,0.38064220547676086,-0.5572215914726257,0.9997583031654358
177,4,0.4963389039039612,0.37936967611312866,-0.588331937789917,0.9998455047607422
177,5,0.48855674266815186,0.3791683316230774,-0.5884290933609009,0.9998367428779602
177,6,0.47944018244743347,0.3789166808128357,-0.5884453654289246,0.9998717904090881
177,7,0.5069888830184937,0.3853527903556824,-0.3025469183921814,0.9992526173591614
177,8,0.4542921781539917,0.3838095963001251,-0.44604364037513733,0.9998881816864014
177,9,0.5141237378120422,0.40151405334472656,-0.4845690131187439,0.9998392462730408
177,10,0.4961405098438263,0.4011668562889099,-0.525688886642456,0.9999383091926575
177,11,0.5382998585700989,0.4502623677253723,-0.06353514641523361,0.9998079538345337
177,12,0.39396655559539795,0.4455175995826721,-0.4261802136898041,0.9999576210975647
177,13,0.5431776642799377,0.5287442207336426,0.08119478076696396,0.8433766961097717
177,14,0.3866368532180786,0.5327739715576172,-0.4332984387874603,0.9959130883216858
177,15,0.5508352518081665,0.6022248268127441,-0.10364378988742828,0.8977513909339905
177,16,0.41056501865386963,0.6046507358551025,-0.5349612832069397,0.9806992411613464
177,17,0.5576885342597961,0.6207086443901062,-0.14347094297409058,0.8593629598617554
177,18,0.4068836569786072,0.6290151476860046,-0.5994734168052673,0.9549416899681091
177,19,0.5526328682899475,0.6214725971221924,-0.20636436343193054,0.8653506636619568
177,20,0.423300564289093,0.6281634569168091,-0.6281147599220276,0.9543134570121765
177,21,0.5468603372573853,0.6159955263137817,-0.13397185504436493,0.8522921800613403
177,22,0.4267790913581848,0.6199554800987244,-0.5472092032432556,0.9358130097389221
177,23,0.5066416263580322,0.6050775647163391,0.13742280006408691,0.9989238977432251
177,24,0.4271067678928375,0.6052560806274414,-0.13748419284820557,0.9993856549263
177,25,0.5006608963012695,0.7149329781532288,0.233567476272583,0.7541906833648682
177,26,0.43524622917175293,0.7197505235671997,-0.08228738605976105,0.9417015910148621
177,27,0.470413476228714,0.8119013905525208,0.4364739656448364,0.8079178929328918
177,28,0.436172217130661,0.825119137763977,0.15937262773513794,0.9334781765937805
177,29,0.4498469829559326,0.8226835131645203,0.4464946389198303,0.7877967357635498
177,30,0.4260053038597107,0.840133011341095,0.16877473890781403,0.8178797960281372
177,31,0.5208218097686768,0.8446946144104004,0.268149197101593,0.8463517427444458
177,32,0.47955384850502014,0.8605219125747681,-0.07844124734401703,0.9379512071609497
178,0,0.5099714994430542,0.3881056010723114,-0.5168583989143372,0.9998922944068909
178,1,0.5103133320808411,0.3788679242134094,-0.47568103671073914,0.9997805953025818
178,2,0.5134658813476562,0.37909865379333496,-0.4757387042045593,0.9997289776802063
178,3,0.5161607265472412,0.3793812692165375,-0.47573181986808777,0.9997376799583435
178,4,0.4959903359413147,0.37814298272132874,-0.5091134905815125,0.999840259552002
178,5,0.48806431889533997,0.37799593806266785,-0.5092016458511353,0.9998330473899841
178,6,0.4790661334991455,0.377794474363327,-0.5093136429786682,0.9998655915260315
178,7,0.5061253309249878,0.3843092918395996,-0.22667120397090912,0.9991834759712219
178,8,0.4539089500904083,0.3827839493751526,-0.3806018531322479,0.9998854994773865
178,9,0.5139007568359375,0.40034356713294983,-0.4198264181613922,0.9998277425765991
178,10,0.49595141410827637,0.40011101961135864,-0.46393275260925293,0.9999332427978516
178,11,0.5370587110519409,0.4495355188846588,0.02171594463288784,0.9997025728225708
178,12,0.39399659633636475,0.4449142813682556,-0.35943877696990967,0.9999558925628662
178,13,0.5328474044799805,0.5279497504234314,0.14034824073314667,0.7839807271957397
178,14,0.38425910472869873,0.5316508412361145,-0.35050657391548157,0.9955076575279236
178,15,0.537811815738678,0.5977045297622681,-0.04368419200181961,0.8369810581207275
178,16,0.40617042779922485,0.6029006838798523,-0.41459745168685913,0.9773108959197998
178,17,0.542464017868042,0.616458535194397,-0.08134713023900986,0.8000500202178955
178,18,0.40262696146965027,0.6276150941848755,-0.4708208441734314,0.9489754438400269
178,19,0.5400704145431519,0.6167454123497009,-0.14368224143981934,0.8066369891166687
178,20,0.4201962649822235,0.6267175674438477,-0.49846866726875305,0.948157012462616
178,21,0.5351423621177673,0.6112960577011108,-0.0757560059428215,0.7947160005569458
178,22,0.42378124594688416,0.6187575459480286,-0.42419594526290894,0.929175853729248
178,23,0.5043003559112549,0.6052491664886475,0.1363530308008194,0.9988270998001099
178,24,0.42563048005104065,0.6047603487968445,-0.1364191621541977,0.999355673789978
178,25,0.49654218554496765,0.7142430543899536,0.21355950832366943,0.7663507461547852
178,26,0.43367135524749756,0.7198917865753174,-0.10238230973482132,0.9454436898231506
178,27,0.47079941630363464,0.813136100769043,0.44689038395881653,0.8213521838188171
178,28,0.43539008498191833,0.8264032602310181,0.11836151778697968,0.9380729794502258
178,29,0.4504603445529938,0.823847770690918,0.4573870003223419,0.7979258894920349
178,30,0.42373374104499817,0.842239499092102,0.1255631446838379,0.8179395198822021
178,31,0.520829439163208,0.8463989496231079,0.27067679166793823,0.8568351864814758
178,32,0.4808230400085449,0.8641422390937805,-0.12344014644622803,0.941309928894043
179,0,0.5094023942947388,0.3878961205482483,-0.5154825448989868,0.9998931288719177
179,1,0.5096272230148315,0.3786024749279022,-0.4728434979915619,0.9997817277908325
179,2,0.5126594305038452,0.3788226246833801,-0.4729026257991791,0.99973064661026
179,3,0.515218198299408,0.3790660500526428,-0.4728969633579254,0.9997345805168152
179,4,0.4955023527145386,0.3778640925884247,-0.5059170722961426,0.9998415112495422
179,5,0.487469345331192,0.37767741084098816,-0.505990743637085,0.9998350143432617
179,6,0.4784456491470337,0.377399742603302,-0.5060878992080688,0.9998642206192017
179,7,0.5048360824584961,0.38373658061027527,-0.22338663041591644,0.999169647693634
179,8,0.45289039611816406,0.382224977016449,-0.3763100802898407,0.9998851418495178
179,9,0.5130358934402466,0.4000789523124695,-0.41961148381233215,0.9998294115066528
179,10,0.4952453076839447,0.3999427556991577,-0.4634857177734375,0.9999330043792725
179,11,0.537659764289856,0.4488866925239563,0.022343160584568977,0.9996789693832397
179,12,0.3925231099128723,0.44392165541648865,-0.35692456364631653,0.9999555349349976
179,13,0.5392898321151733,0.5274494886398315,0.13584667444229126,0.7600499987602234
179,14,0.37388870120048523,0.529272735118866,-0.37043750286102295,0.9955634474754333
179,15,0.5429182052612305,0.5962001085281372,-0.05346137657761574,0.8230575919151306
179,16,0.3988279700279236,0.6018142104148865,-0.4434739053249359,0.977721631526947
179,17,0.548104465007782,0.6154537796974182,-0.09543446451425552,0.7825554013252258
179,18,0.3964941203594208,0.6258481740951538,-0.4800327718257904,0.9499236941337585
179,19,0.5441969037055969,0.6160141229629517,-0.1609191596508026,0.7899734377861023
179,20,0.4151218831539154,0.6246479749679565,-0.52253258228302,0.9490413069725037
179,21,0.5386630296707153,0.6100744009017944,-0.08601922541856766,0.7769595384597778
179,22,0.4186442196369171,0.6168276071548462,-0.4540957510471344,0.9303459525108337
179,23,0.5021705031394958,0.6065034866333008,0.1387193351984024,0.998821496963501
179,24,0.4215523898601532,0.6060261726379395,-0.13880760967731476,0.999355673789978
179,25,0.4949779510498047,0.7164111733436584,0.23803505301475525,0.7787381410598755
179,26,0.43412479758262634,0.7230216860771179,-0.08059199899435043,0.9494996070861816
179,27,0.47287026047706604,0.8132883906364441,0.4976220726966858,0.833986759185791
179,28,0.4347020089626312,0.8257753252983093,0.16370387375354767,0.9427507519721985
179,29,0.45323947072029114,0.8238155245780945,0.5105116367340088,0.8093256950378418
179,30,0.42281782627105713,0.8409908413887024,0.1742401421070099,0.8216545581817627
179,31,0.5214869976043701,0.8469074964523315,0.33108240365982056,0.8668514490127563
179,32,0.4812750816345215,0.8649961352348328,-0.06485170871019363,0.9449720978736877
180,0,0.5079042911529541,0.3880022168159485,-0.5506923794746399,0.9998966455459595
180,1,0.5085046291351318,0.37861013412475586,-0.510246217250824,0.9997876286506653
180,2,0.5115661025047302,0.3788680136203766,-0.5102885365486145,0.9997376799583435
180,3,0.5141037702560425,0.3791089951992035,-0.5102918148040771,0.9997380375862122
180,4,0.4943592846393585,0.3778276741504669,-0.5422106385231018,0.9998471140861511
180,5,0.4861636757850647,0.3775842785835266,-0.5423033833503723,0.9998414516448975
180,6,0.4770250916481018,0.37729617953300476,-0.5423804521560669,0.9998677968978882
180,7,0.5036695003509521,0.38365060091018677,-0.2594805955886841,0.9991682171821594
180,8,0.4511945843696594,0.3818305432796478,-0.40027400851249695,0.9998883605003357
180,9,0.5112497210502625,0.4001294672489166,-0.4530707597732544,0.999833345413208
180,10,0.49328404664993286,0.4000718593597412,-0.4944305121898651,0.9999344944953918
180,11,0.5364498496055603,0.44872546195983887,-0.005688829347491264,0.9996602535247803
180,12,0.3898048400878906,0.44382429122924805,-0.37561678886413574,0.9999557137489319
180,13,0.541776716709137,0.5271338224411011,0.11796361953020096,0.7456672191619873
180,14,0.3615749776363373,0.5284489989280701,-0.3988322913646698,0.9957388639450073
180,15,0.5460742115974426,0.5948952436447144,-0.06760112941265106,0.8170415759086609
180,16,0.39460745453834534,0.6015813946723938,-0.4982314109802246,0.9787105917930603
180,17,0.5517353415489197,0.6145392656326294,-0.10889949649572372,0.7726877927780151
180,18,0.3922729790210724,0.6255655884742737,-0.560769259929657,0.9519907236099243
180,19,0.5477392673492432,0.6148013472557068,-0.17685264348983765,0.7810012698173523
180,20,0.4118388295173645,0.6242985129356384,-0.5878444314002991,0.951090395450592
180,21,0.5421093702316284,0.6087249517440796,-0.10070998966693878,0.767109215259552
180,22,0.41610032320022583,0.6167274713516235,-0.5068748593330383,0.9329648017883301
180,23,0.5029351711273193,0.6060887575149536,0.13926328718662262,0.9988239407539368
180,24,0.42113983631134033,0.6057915091514587,-0.1393786072731018,0.9993593096733093
180,25,0.4941134452819824,0.7176696062088013,0.23796769976615906,0.7905842661857605
180,26,0.43410253524780273,0.723712146282196,-0.07357609272003174,0.9532609581947327
180,27,0.4734981060028076,0.8138647079467773,0.49328339099884033,0.8459455370903015
180,28,0.43243712186813354,0.8260576128959656,0.1829158365726471,0.9472824335098267
180,29,0.45460760593414307,0.8242233991622925,0.5055612921714783,0.8207604289054871
180,30,0.4212900400161743,0.8407076001167297,0.1942371428012848,0.826948344707489
180,31,0.5215061902999878,0.8473490476608276,0.32443171739578247,0.8764765858650208
180,32,0.4799042046070099,0.8656374216079712,-0.0472295805811882,0.9486587643623352
181,0,0.5065939426422119,0.38762596249580383,-0.5589657425880432,0.9999023675918579
181,1,0.5071682333946228,0.37827396392822266,-0.5171547532081604,0.9997981190681458
181,2,0.5101766586303711,0.3785562217235565,-0.5171880125999451,0.9997507333755493
181,3,0.5126510858535767,0.37878549098968506,-0.5171833634376526,0.9997490048408508
181,4,0.4931098520755768,0.37748321890830994,-0.5510597825050354,0.9998548626899719
181,5,0.4848727881908417,0.37720680236816406,-0.5511534810066223,0.9998499155044556
181,6,0.47566694021224976,0.37687188386917114,-0.5512314438819885,0.9998732805252075
181,7,0.5023676753044128,0.38338038325309753,-0.262987345457077,0.9991941452026367
181,8,0.4499463737010956,0.3811860978603363,-0.4168171286582947,0.9998928308486938
181,9,0.5096653699874878,0.3997381031513214,-0.4606439471244812,0.9998410940170288
181,10,0.4919322431087494,0.39972853660583496,-0.5052100419998169,0.9999371767044067
181,11,0.5350697040557861,0.4482662081718445,-0.006674026604741812,0.9996656775474548
181,12,0.3887697458267212,0.4434971809387207,-0.37742042541503906,0.9999560713768005
181,13,0.543519139289856,0.5269739031791687,0.12100451439619064,0.7425695061683655
181,14,0.35487714409828186,0.5280683636665344,-0.40903881192207336,0.9959456324577332
181,15,0.5484304428100586,0.5941588282585144,-0.06573859602212906,0.8220275640487671
181,16,0.3916299045085907,0.6008851528167725,-0.5218546390533447,0.9798893928527832
181,17,0.5544057488441467,0.6147489547729492,-0.1086132600903511,0.7756715416908264
181,18,0.3909126818180084,0.6247467994689941,-0.59147047996521,0.9545058608055115
181,19,0.5498917698860168,0.6150797009468079,-0.17815086245536804,0.7843469381332397
181,20,0.4104688763618469,0.6234804391860962,-0.6174311637878418,0.9536242485046387
181,21,0.544133722782135,0.6090174913406372,-0.09938491880893707,0.7697126865386963
181,22,0.4141460061073303,0.6157856583595276,-0.5310301184654236,0.9362605810165405
181,23,0.5031790137290955,0.6057693362236023,0.14014481008052826,0.9988411664962769
181,24,0.42095237970352173,0.6055120229721069,-0.1402612328529358,0.9993688464164734
181,25,0.49328088760375977,0.7175713181495667,0.23783057928085327,0.8013588786125183
181,26,0.4333919584751129,0.7230142951011658,-0.09639155119657516,0.9566119313240051
181,27,0.4735516309738159,0.8144041299819946,0.4880305826663971,0.8563812375068665
181,28,0.43149587512016296,0.8263123631477356,0.12770307064056396,0.9512310028076172
181,29,0.4547325670719147,0.8245538473129272,0.4999542534351349,0.8304843902587891
181,30,0.4201333820819855,0.840295672416687,0.13600698113441467,0.8303194642066956
181,31,0.5210626721382141,0.8483920097351074,0.3224905729293823,0.8847728967666626
181,32,0.47981294989585876,0.867353081703186,-0.10469707101583481,0.9517537951469421
182,0,0.505341112613678,0.3867163062095642,-0.5031960606575012,0.9999083876609802
182,1,0.5058729648590088,0.37753021717071533,-0.4596833884716034,0.9998098015785217
182,2,0.5088894367218018,0.3778550326824188,-0.4597265124320984,0.9997650980949402
182,3,0.5113291144371033,0.37810268998146057,-0.45970773696899414,0.9997618794441223
182,4,0.4918792247772217,0.37682676315307617,-0.49520018696784973,0.9998635053634644
182,5,0.4836800992488861,0.376618355512619,-0.49525895714759827,0.9998591542243958
182,6,0.4745822846889496,0.37636327743530273,-0.49530842900276184,0.9998798966407776
182,7,0.501167893409729,0.3829647898674011,-0.21188189089298248,0.999230146408081
182,8,0.4489154517650604,0.38073018193244934,-0.3765801787376404,0.9998984932899475
182,9,0.5084031224250793,0.39908072352409363,-0.40840959548950195,0.9998501539230347
182,10,0.4906521141529083,0.39912769198417664,-0.45568567514419556,0.9999405741691589
182,11,0.5336748957633972,0.4477207064628601,0.02848711796104908,0.9996762275695801
182,12,0.3876485526561737,0.443690687417984,-0.357395201921463,0.9999568462371826
182,13,0.5438880920410156,0.5266703367233276,0.14859597384929657,0.7421629428863525
182,14,0.3479166030883789,0.5281223058700562,-0.39365094900131226,0.9961745738983154
182,15,0.5494658350944519,0.5928119421005249,-0.04345789551734924,0.82988440990448
182,16,0.38705071806907654,0.6005352735519409,-0.5144203305244446,0.9811834692955017
182,17,0.5560917258262634,0.6140332221984863,-0.08837541937828064,0.7829270362854004
182,18,0.38531753420829773,0.6244704127311707,-0.5868154168128967,0.9572614431381226
182,19,0.551073431968689,0.614194929599762,-0.15493643283843994,0.791652262210846
182,20,0.4061983823776245,0.6232494711875916,-0.6096652746200562,0.956398606300354
182,21,0.5450290441513062,0.6081113815307617,-0.07625212520360947,0.7764033079147339
182,22,0.4106678068637848,0.6156235337257385,-0.5229629874229431,0.9399392604827881
182,23,0.50152587890625,0.6055815815925598,0.1409427374601364,0.9988659620285034
182,24,0.4201333820819855,0.60526442527771,-0.14107941091060638,0.9993794560432434
182,25,0.493328720331192,0.7173060178756714,0.2342161238193512,0.8089388608932495
182,26,0.4321959912776947,0.7222309112548828,-0.09673136472702026,0.9591506123542786
182,27,0.4735451936721802,0.8145707845687866,0.47430670261383057,0.864408016204834
182,28,0.4313613772392273,0.8267899751663208,0.11699600517749786,0.9543300271034241
182,29,0.4547111988067627,0.8246110081672668,0.48567166924476624,0.8378363251686096
182,30,0.41999173164367676,0.8406715393066406,0.12472067773342133,0.8318367004394531
182,31,0.5202739238739014,0.8481318354606628,0.31511741876602173,0.8913143873214722
182,32,0.4796854257583618,0.8677604794502258,-0.10866404324769974,0.9539650678634644
183,0,0.5051596164703369,0.3860314190387726,-0.4812086820602417,0.9999135136604309
183,1,0.5055820941925049,0.37699323892593384,-0.4377070665359497,0.9998196959495544
183,2,0.508603036403656,0.37730079889297485,-0.4377557039260864,0.9997768998146057
183,3,0.511035144329071,0.3775405287742615,-0.437738835811615,0.9997726082801819
183,4,0.49172452092170715,0.37627190351486206,-0.4744857847690582,0.999871015548706
183,5,0.483541876077652,0.3761170208454132,-0.47452735900878906,0.9998670220375061
183,6,0.4745207130908966,0.37585973739624023,-0.4745742082595825,0.9998855590820312
183,7,0.5006883144378662,0.3825618624687195,-0.19267122447490692,0.9992590546607971
183,8,0.4484935700893402,0.3802991509437561,-0.3637511730194092,0.99990314245224
183,9,0.5083256959915161,0.39839476346969604,-0.38740959763526917,0.9998581409454346
183,10,0.490691602230072,0.39844340085983276,-0.43650323152542114,0.9999436140060425
183,11,0.5328260064125061,0.4476950168609619,0.04384928196668625,0.9996874928474426
183,12,0.3865673542022705,0.44326090812683105,-0.35384368896484375,0.9999581575393677
183,13,0.5455941557884216,0.5265394449234009,0.15776143968105316,0.740400493144989
183,14,0.34408777952194214,0.5274291634559631,-0.3944290280342102,0.9963436126708984
183,15,0.5502209663391113,0.5926503539085388,-0.04044065251946449,0.8368925452232361
183,16,0.3849055767059326,0.6001805067062378,-0.520167350769043,0.9822558760643005
183,17,0.558275580406189,0.6135441660881042,-0.08592395484447479,0.7895697355270386
183,18,0.3835427463054657,0.6239050030708313,-0.5940900444984436,0.9596102237701416
183,19,0.5522826910018921,0.6137316823005676,-0.1532103717327118,0.7983320355415344
183,20,0.40308651328086853,0.6225833892822266,-0.6165730953216553,0.9587573409080505
183,21,0.5455394387245178,0.6076403260231018,-0.07377675920724869,0.7825488448143005
183,22,0.4076771140098572,0.6149364709854126,-0.5287126898765564,0.943015456199646
183,23,0.500960648059845,0.605343222618103,0.14349065721035004,0.998898983001709
183,24,0.41956961154937744,0.6052836179733276,-0.14363999664783478,0.9993984699249268
183,25,0.49345067143440247,0.7169563174247742,0.2615147531032562,0.8154491186141968
183,26,0.4329095184803009,0.7216899394989014,-0.08757366240024567,0.9616141319274902
183,27,0.4734349250793457,0.8144024014472961,0.5181818008422852,0.8712370991706848
183,28,0.43205541372299194,0.8270629644393921,0.1279946267604828,0.9572306275367737
183,29,0.45462340116500854,0.8244598507881165,0.5321170091629028,0.8445718288421631
183,30,0.4201209247112274,0.8412987589836121,0.13633818924427032,0.8349316120147705
183,31,0.5200854539871216,0.8478587865829468,0.3708708584308624,0.8970735669136047
183,32,0.47996482253074646,0.8687636256217957,-0.09233579784631729,0.9561101198196411
184,0,0.504618227481842,0.3851132094860077,-0.512629508972168,0.9999182820320129
184,1,0.5050346255302429,0.37618288397789,-0.47021400928497314,0.9998290538787842
184,2,0.5080769062042236,0.37652522325515747,-0.47025206685066223,0.9997879266738892
184,3,0.5105329155921936,0.37681421637535095,-0.4702420234680176,0.9997829794883728
184,4,0.4911128282546997,0.3754167854785919,-0.5061302781105042,0.9998783469200134
184,5,0.48293256759643555,0.3752368986606598,-0.5061976909637451,0.9998746514320374
184,6,0.4739377796649933,0.3750247359275818,-0.5062567591667175,0.9998912811279297
184,7,0.4999476671218872,0.38210219144821167,-0.22286590933799744,0.9992886781692505
184,8,0.44750893115997314,0.3798355162143707,-0.38077643513679504,0.999907910823822
184,9,0.5077455639839172,0.3972910940647125,-0.41726154088974,0.9998659491539001
184,10,0.4902442395687103,0.39733532071113586,-0.46469879150390625,0.999946653842926
184,11,0.5321197509765625,0.44753557443618774,0.021732758730649948,0.9996935725212097
184,12,0.38534143567085266,0.44294866919517517,-0.3712403178215027,0.9999591708183289
184,13,0.5463646650314331,0.5264414548873901,0.14066854119300842,0.7395368814468384
184,14,0.3433021605014801,0.52763831615448,-0.41673630475997925,0.9964788556098938
184,15,0.555327296257019,0.592410683631897,-0.050206512212753296,0.8416181206703186
184,16,0.3830417990684509,0.6001459360122681,-0.5370084047317505,0.9830993413925171
184,17,0.5648864507675171,0.6133425235748291,-0.093899205327034,0.7930508255958557
184,18,0.3818734884262085,0.6236609220504761,-0.6096400618553162,0.9614302515983582
184,19,0.5579735636711121,0.6135379076004028,-0.16249586641788483,0.8020965456962585
184,20,0.4004797339439392,0.6220731735229492,-0.6345957517623901,0.9605876207351685
184,21,0.5514246225357056,0.607660710811615,-0.08390610665082932,0.7859777212142944
184,22,0.40495654940605164,0.6145597100257874,-0.5465656518936157,0.9454132318496704
184,23,0.501492977142334,0.6052246689796448,0.14300473034381866,0.9989060759544373
184,24,0.41960835456848145,0.6051651239395142,-0.14314980804920197,0.9994034171104431
184,25,0.4935976564884186,0.7168406844139099,0.2544812858104706,0.8218756318092346
184,26,0.43314090371131897,0.7220933437347412,-0.0808480978012085,0.9637038111686707
184,27,0.47347068786621094,0.8142732381820679,0.5136885046958923,0.8771204948425293
184,28,0.43258345127105713,0.827264666557312,0.14866280555725098,0.9597594738006592
184,29,0.45460039377212524,0.8243738412857056,0.5274829864501953,0.8500263690948486
184,30,0.42063474655151367,0.8414913415908813,0.15801747143268585,0.8369876742362976
184,31,0.5197339653968811,0.8476459383964539,0.35978806018829346,0.9019809365272522
184,32,0.4802256226539612,0.8689740896224976,-0.07568203657865524,0.9578850269317627
185,0,0.502583384513855,0.38470786809921265,-0.5235772132873535,0.9999217987060547
185,1,0.5035565495491028,0.375741183757782,-0.4804365932941437,0.999835729598999
185,2,0.5067293047904968,0.37608522176742554,-0.4804757535457611,0.9997958540916443
185,3,0.5093041062355042,0.3763752579689026,-0.48046743869781494,0.9997900128364563
185,4,0.48943859338760376,0.3749396800994873,-0.5169476270675659,0.9998836517333984
185,5,0.48115119338035583,0.3747093975543976,-0.5170224905014038,0.9998801946640015
185,6,0.47226032614707947,0.3744751513004303,-0.517090916633606,0.9998950362205505
185,7,0.49893051385879517,0.38175255060195923,-0.228687584400177,0.9993064403533936
185,8,0.44620129466056824,0.3793313503265381,-0.39206957817077637,0.9999107718467712
185,9,0.5057476758956909,0.39685744047164917,-0.4270715117454529,0.9998717308044434
185,10,0.48807403445243835,0.3968220353126526,-0.4751472473144531,0.9999487996101379
185,11,0.5315293073654175,0.4476134181022644,0.016507910564541817,0.9996947050094604
185,12,0.3833030164241791,0.4424682557582855,-0.3721146881580353,0.9999591112136841
185,13,0.5470049977302551,0.5264314413070679,0.1422978788614273,0.7387679219245911
185,14,0.3430763781070709,0.5277843475341797,-0.4144812822341919,0.996577799320221
185,15,0.557368278503418,0.5923336148262024,-0.05100865289568901,0.8449912667274475
185,16,0.38184815645217896,0.6000791788101196,-0.5343261957168579,0.9837799072265625
185,17,0.5667842626571655,0.6136584281921387,-0.09583772718906403,0.7949323058128357
185,18,0.37944599986076355,0.6234339475631714,-0.6071311235427856,0.9629046320915222
185,19,0.560679018497467,0.6138899922370911,-0.1667979657649994,0.8043800592422485
185,20,0.3981861174106598,0.6217353940010071,-0.6345958113670349,0.9620741009712219
185,21,0.5549192428588867,0.6080136299133301,-0.08606040477752686,0.787930965423584
185,22,0.40305179357528687,0.6143022179603577,-0.5447403192520142,0.947337806224823
185,23,0.5017603635787964,0.605074405670166,0.1426154375076294,0.9989186525344849
185,24,0.41917407512664795,0.6050690412521362,-0.1427398920059204,0.9994102716445923
185,25,0.4942179322242737,0.7169779539108276,0.24819721281528473,0.8310452699661255
185,26,0.43239736557006836,0.7220868468284607,-0.08303604274988174,0.966009795665741
185,27,0.47358566522598267,0.8141862750053406,0.5154629349708557,0.8840919137001038
185,28,0.43294093012809753,0.8274051547050476,0.17060481011867523,0.9626353979110718
185,29,0.4546205699443817,0.8243416547775269,0.5306230187416077,0.8570361137390137
185,30,0.42100441455841064,0.8414103388786316,0.1812395453453064,0.8418904542922974
185,31,0.518729031085968,0.8476241827011108,0.35337817668914795,0.9076200127601624
185,32,0.4798797070980072,0.8690181970596313,-0.064155213534832,0.9603338241577148
186,0,0.5010657906532288,0.3840276896953583,-0.49935072660446167,0.9999232292175293
186,1,0.5020741820335388,0.37504762411117554,-0.45545879006385803,0.9998379349708557
186,2,0.5053408145904541,0.37541472911834717,-0.45550376176834106,0.9997983574867249
186,3,0.5080360770225525,0.3757489323616028,-0.4554952085018158,0.9997915029525757
186,4,0.4878368675708771,0.374288409948349,-0.4926304221153259,0.9998853802680969
186,5,0.4795369803905487,0.37408918142318726,-0.4927000403404236,0.999882161617279
186,6,0.47074198722839355,0.3739148676395416,-0.4927893280982971,0.9998953938484192
186,7,0.49792322516441345,0.3814891576766968,-0.20682883262634277,0.9993067979812622
186,8,0.4452286660671234,0.3791245222091675,-0.3785240948200226,0.9999104738235474
186,9,0.5045574903488159,0.39626526832580566,-0.4043702781200409,0.999875009059906
186,10,0.48694029450416565,0.39625027775764465,-0.4539640545845032,0.99994957447052
186,11,0.5309596657752991,0.44769182801246643,0.028504453599452972,0.9996932148933411
186,12,0.382470965385437,0.44224977493286133,-0.35942065715789795,0.9999580979347229
186,13,0.5476346015930176,0.5264589190483093,0.1541205197572708,0.7353404760360718
186,14,0.344266802072525,0.5278557538986206,-0.39340463280677795,0.9966030716896057
186,15,0.558637261390686,0.5919759273529053,-0.03616068512201309,0.8467958569526672
186,16,0.38196372985839844,0.6000185012817383,-0.515534520149231,0.9842035174369812
186,17,0.5686417818069458,0.6134704947471619,-0.08067062497138977,0.7953854203224182
186,18,0.3790885806083679,0.6232737898826599,-0.5889061689376831,0.9638707637786865
186,19,0.5628893971443176,0.6136978268623352,-0.15242694318294525,0.8052787780761719
186,20,0.39784640073776245,0.621542751789093,-0.6182878017425537,0.9630348682403564
186,21,0.5571828484535217,0.6079363226890564,-0.07146810740232468,0.7883949875831604
186,22,0.40245649218559265,0.6141526699066162,-0.5273998975753784,0.9485902190208435
186,23,0.5019404888153076,0.6049475073814392,0.14235836267471313,0.9989210963249207
186,24,0.4190550446510315,0.6050338745117188,-0.1424645036458969,0.9994024634361267
186,25,0.49452537298202515,0.7171477675437927,0.21338216960430145,0.8392306566238403
186,26,0.4319891929626465,0.7216886281967163,-0.08382773399353027,0.9677489995956421
186,27,0.4736914336681366,0.8140948414802551,0.5014419555664062,0.8899028897285461
186,28,0.4329824149608612,0.8273771405220032,0.1878253072500229,0.9649091362953186
186,29,0.454833984375,0.8242713212966919,0.5146316885948181,0.8621664047241211
186,30,0.4212666451931,0.8411723375320435,0.20054569840431213,0.8434758186340332
186,31,0.5167191624641418,0.8479207754135132,0.3405630886554718,0.9123216867446899
186,32,0.47752413153648376,0.868649959564209,-0.043981652706861496,0.9621613025665283
187,0,0.5008238554000854,0.38406306505203247,-0.4616447389125824,0.9999212622642517
187,1,0.5015526413917542,0.37506353855133057,-0.4191714823246002,0.9998321533203125
187,2,0.5047667622566223,0.37541013956069946,-0.41922497749328613,0.9997900128364563
187,3,0.5074494481086731,0.3757292926311493,-0.41921868920326233,0.9997828602790833
187,4,0.4874252676963806,0.3743589222431183,-0.4604771137237549,0.999882698059082
187,5,0.4790884256362915,0.3741864562034607,-0.46053919196128845,0.9998795390129089
187,6,0.4702921211719513,0.374006450176239,-0.46064043045043945,0.9998916387557983
187,7,0.49697306752204895,0.38153547048568726,-0.17906410992145538,0.9992688298225403
187,8,0.44444695115089417,0.3791894316673279,-0.3688717186450958,0.9999064803123474
187,9,0.5042559504508972,0.39637088775634766,-0.36915430426597595,0.9998729228973389
187,10,0.48678651452064514,0.39644360542297363,-0.42406460642814636,0.9999480843544006
187,11,0.5287776589393616,0.44774752855300903,0.05542021989822388,0.9996819496154785
187,12,0.3824048638343811,0.4420887529850006,-0.36367276310920715,0.9999578595161438
187,13,0.5472636818885803,0.5264207720756531,0.1752656251192093,0.7240142822265625
187,14,0.3476986885070801,0.5279232859611511,-0.4055463969707489,0.9966234564781189
187,15,0.5587159395217896,0.5918927788734436,-0.0073299529030919075,0.8444311618804932
187,16,0.3833772540092468,0.6011040210723877,-0.5185329914093018,0.9846758842468262
187,17,0.568820059299469,0.6133663654327393,-0.048083167523145676,0.7913824915885925
187,18,0.38046595454216003,0.6248298287391663,-0.592456579208374,0.9649975895881653
187,19,0.5636084079742432,0.6136317253112793,-0.11877873539924622,0.8018444776535034
187,20,0.3985259234905243,0.6235486268997192,-0.6204493045806885,0.9641464352607727
187,21,0.557857871055603,0.6078105568885803,-0.04248473420739174,0.7845182418823242
187,22,0.4029107689857483,0.6160160303115845,-0.529974102973938,0.9499433636665344
187,23,0.5022055506706238,0.6050859093666077,0.1453588604927063,0.9989048838615417
187,24,0.4192906618118286,0.6054214239120483,-0.14544638991355896,0.9993873834609985
187,25,0.495194673538208,0.7171181440353394,0.22884389758110046,0.8445428609848022
187,26,0.4318801760673523,0.7217075228691101,-0.07375773042440414,0.9692121744155884
187,27,0.47364065051078796,0.8140177726745605,0.5109062790870667,0.893631637096405
187,28,0.4330773949623108,0.8276621103286743,0.19378454983234406,0.9667549133300781
187,29,0.45419472455978394,0.8242161870002747,0.5258944034576416,0.8660414814949036
187,30,0.4211393892765045,0.8414038419723511,0.20659174025058746,0.8450016379356384
187,31,0.5158665180206299,0.847842812538147,0.35683953762054443,0.9159326553344727
187,32,0.47753196954727173,0.868242621421814,-0.027133021503686905,0.963629424571991
188,0,0.5000172257423401,0.38409122824668884,-0.4193631112575531,0.9999192357063293
188,1,0.5008215308189392,0.37517696619033813,-0.3782927691936493,0.9998254179954529
188,2,0.5040477514266968,0.3755112588405609,-0.3783496916294098,0.9997810125350952
188,3,0.5067466497421265,0.3758213222026825,-0.3783336281776428,0.9997734427452087
188,4,0.4867299795150757,0.37445196509361267,-0.4191156029701233,0.9998785257339478
188,5,0.4783508777618408,0.3742668032646179,-0.41916292905807495,0.999875545501709
188,6,0.46955162286758423,0.37404948472976685,-0.4192486107349396,0.9998863935470581
188,7,0.49617406725883484,0.3816147446632385,-0.14650100469589233,0.99923175573349
188,8,0.4436907470226288,0.3791322112083435,-0.3351955711841583,0.9998999834060669
188,9,0.5034434199333191,0.39629995822906494,-0.3299693763256073,0.9998701810836792
188,10,0.4860433042049408,0.39637380838394165,-0.3842175304889679,0.999945878982544
188,11,0.527076244354248,0.44779086112976074,0.07601182162761688,0.9996718764305115
188,12,0.38229069113731384,0.4414183497428894,-0.3492366373538971,0.999957263469696
188,13,0.5446226596832275,0.5263933539390564,0.1862112432718277,0.7111653685569763
188,14,0.35263586044311523,0.5280028581619263,-0.39796918630599976,0.9965826869010925
188,15,0.5573821663856506,0.5918299555778503,0.009367194026708603,0.8410204648971558
188,16,0.384142130613327,0.6011589169502258,-0.5031305551528931,0.9849308133125305
188,17,0.5677306056022644,0.6133079528808594,-0.030647963285446167,0.7864968180656433
188,18,0.38196873664855957,0.6251946687698364,-0.5741090774536133,0.9657433032989502
188,19,0.5626190900802612,0.6136156320571899,-0.09774988144636154,0.7974862456321716
188,20,0.40014007687568665,0.6240479946136475,-0.6006607413291931,0.9648716449737549
188,21,0.556666374206543,0.6077452898025513,-0.024299858137965202,0.7796702980995178
188,22,0.4043462574481964,0.6165469884872437,-0.5138019323348999,0.9508321285247803
188,23,0.5022901296615601,0.6052783727645874,0.1452866494655609,0.9988910555839539
188,24,0.41948074102401733,0.6055022478103638,-0.145371675491333,0.9993699789047241
188,25,0.49590519070625305,0.7162920236587524,0.22832393646240234,0.8462094664573669
188,26,0.4317665994167328,0.7216130495071411,-0.0737023800611496,0.9697891473770142
188,27,0.4728432893753052,0.8139885067939758,0.5022698640823364,0.8948336243629456
188,28,0.4331032335758209,0.8278616070747375,0.1792406141757965,0.9677861332893372
188,29,0.4519778788089752,0.8242179751396179,0.5182149410247803,0.8673038482666016
188,30,0.42069435119628906,0.8416136503219604,0.1908620148897171,0.843802273273468
188,31,0.5153989791870117,0.8477786779403687,0.3457791209220886,0.9179593324661255
188,32,0.47757452726364136,0.8678984642028809,-0.03597329556941986,0.9642817378044128
189,0,0.49842309951782227,0.38372504711151123,-0.43634578585624695,0.9999157190322876
189,1,0.49930763244628906,0.3750317096710205,-0.3940529227256775,0.9998157620429993
189,2,0.502727746963501,0.3753910958766937,-0.39410892128944397,0.9997676610946655
189,3,0.5055643916130066,0.37571829557418823,-0.39408382773399353,0.9997568726539612
189,4,0.4848928153514862,0.3742755651473999,-0.4325537383556366,0.9998735785484314
189,5,0.4763563275337219,0.37408486008644104,-0.43261659145355225,0.9998716115951538
189,6,0.46759456396102905,0.3738945722579956,-0.43271464109420776,0.9998818039894104
189,7,0.4950413107872009,0.3815898299217224,-0.15947039425373077,0.9991735816001892
189,8,0.4423176348209381,0.3791469931602478,-0.3372947573661804,0.9998953342437744
189,9,0.5022593140602112,0.39597445726394653,-0.3464679419994354,0.9998646378517151
189,10,0.4843809902667999,0.3960133194923401,-0.3975379467010498,0.9999435544013977
189,11,0.5248110890388489,0.44802603125572205,0.06818591803312302,0.9996203780174255
189,12,0.3816372752189636,0.4415508806705475,-0.3532310426235199,0.9999567270278931
189,13,0.5393109917640686,0.5268433094024658,0.17609085142612457,0.6813539862632751
189,14,0.35676783323287964,0.5290001630783081,-0.39869850873947144,0.9965097308158875
189,15,0.5516430735588074,0.5938652753829956,0.0032271232921630144,0.8163903951644897
189,16,0.3873613476753235,0.6037802696228027,-0.5045303702354431,0.9847003221511841
189,17,0.5600632429122925,0.6153604388237,-0.034163858741521835,0.760650098323822
189,18,0.38579127192497253,0.6291296482086182,-0.5749582648277283,0.9654053449630737
189,19,0.5555848479270935,0.6154872179031372,-0.09768982231616974,0.7723253965377808
189,20,0.40547099709510803,0.6278774738311768,-0.5984745621681213,0.9644677042961121
189,21,0.5498433709144592,0.609553337097168,-0.029116852208971977,0.7545727491378784
189,22,0.4093341827392578,0.6200875639915466,-0.5141328573226929,0.9502806067466736
189,23,0.5015281438827515,0.606361985206604,0.14552386105060577,0.9988551735877991
189,24,0.41899359226226807,0.6064649820327759,-0.14561621844768524,0.9993480443954468
189,25,0.49593693017959595,0.715908408164978,0.22551226615905762,0.8448997735977173
189,26,0.43167367577552795,0.721416711807251,-0.07591716200113297,0.9701489210128784
189,27,0.4724237620830536,0.8137823343276978,0.497771292924881,0.8946282267570496
189,28,0.4328407347202301,0.8277279734611511,0.1795494109392166,0.9684696793556213
189,29,0.4511069059371948,0.8239831924438477,0.5124842524528503,0.8664959669113159
189,30,0.4202471971511841,0.8412996530532837,0.19168470799922943,0.8414120078086853
189,31,0.5154027342796326,0.8475481867790222,0.34295570850372314,0.9189326167106628
189,32,0.47770339250564575,0.8678549528121948,-0.034267812967300415,0.9646402597427368
190,0,0.4974408745765686,0.38387927412986755,-0.4410436451435089,0.9999101758003235
190,1,0.4982776939868927,0.37514230608940125,-0.39816612005233765,0.9998005032539368
190,2,0.5017423033714294,0.37548762559890747,-0.3982221484184265,0.9997461438179016
190,3,0.5046399235725403,0.3758012056350708,-0.3981914520263672,0.9997309446334839
190,4,0.48369455337524414,0.37441617250442505,-0.43545010685920715,0.999866247177124
190,5,0.47502052783966064,0.3742526173591614,-0.4355117678642273,0.9998654723167419
190,6,0.4661718010902405,0.3740876317024231,-0.4356163442134857,0.9998757839202881
190,7,0.4942851662635803,0.3816341757774353,-0.16102685034275055,0.9990638494491577
190,8,0.4409444034099579,0.37933284044265747,-0.33260491490364075,0.9998893141746521
190,9,0.5013647675514221,0.39619380235671997,-0.3503356873989105,0.9998520016670227
190,10,0.48318079113960266,0.3962770998477936,-0.39963775873184204,0.9999389052391052
190,11,0.5229666233062744,0.448047012090683,0.07257141917943954,0.9995397925376892
190,12,0.38122475147247314,0.441622257232666,-0.3514101207256317,0.9999563097953796
190,13,0.5345627069473267,0.5267935395240784,0.18290218710899353,0.643280565738678
190,14,0.3599150478839874,0.5308278799057007,-0.39755991101264954,0.9963895082473755
190,15,0.5467202663421631,0.59405916929245,0.017909547314047813,0.7813267111778259
190,16,0.3951311707496643,0.6057027578353882,-0.5000501275062561,0.9842664003372192
190,17,0.5548131465911865,0.615463376045227,-0.0159390177577734,0.7265132665634155
190,18,0.3947906494140625,0.6308295726776123,-0.5693861246109009,0.9647051692008972
190,19,0.5509414672851562,0.6155055165290833,-0.07755435258150101,0.7386751770973206
190,20,0.41402241587638855,0.6301057934761047,-0.5898715257644653,0.9636966586112976
190,21,0.5450525879859924,0.6095558404922485,-0.0134934913367033,0.721444308757782
190,22,0.41682976484298706,0.6223026514053345,-0.5081678628921509,0.9492560029029846
190,23,0.5009674429893494,0.6070154309272766,0.14637386798858643,0.9988131523132324
190,24,0.41896140575408936,0.6075221300125122,-0.14648938179016113,0.9993295669555664
190,25,0.49594420194625854,0.7159086465835571,0.23442982137203217,0.8437924385070801
190,26,0.431782990694046,0.7219371795654297,-0.07136698067188263,0.9707947373390198
190,27,0.47160208225250244,0.8138839602470398,0.49611151218414307,0.8963614106178284
190,28,0.43248921632766724,0.8276830911636353,0.18103700876235962,0.9694039821624756
190,29,0.44981804490089417,0.8240157961845398,0.5103288292884827,0.867751955986023
190,30,0.4194915294647217,0.8412114381790161,0.19308297336101532,0.8402578234672546
190,31,0.5158852338790894,0.8475049734115601,0.34497594833374023,0.921198844909668
190,32,0.4777706265449524,0.8678339719772339,-0.029981456696987152,0.9653973579406738
191,0,0.4965120851993561,0.3840262293815613,-0.45129895210266113,0.9999103546142578
191,1,0.497234970331192,0.3752341866493225,-0.4088323712348938,0.9997982978820801
191,2,0.5007290840148926,0.37556707859039307,-0.4088960289955139,0.9997427463531494
191,3,0.5037139058113098,0.37587204575538635,-0.4088976979255676,0.999725878238678
191,4,0.48248112201690674,0.3745206892490387,-0.44691604375839233,0.9998661279678345
191,5,0.47377192974090576,0.37436017394065857,-0.4469693899154663,0.9998660683631897
191,6,0.4648531675338745,0.3742032051086426,-0.4470575451850891,0.9998759031295776
191,7,0.4934430718421936,0.38162973523139954,-0.16688592731952667,0.9990360140800476
191,8,0.4392738342285156,0.379448264837265,-0.34261325001716614,0.9998883605003357
191,9,0.5005559325218201,0.39633914828300476,-0.3576880097389221,0.999850869178772
191,10,0.4822183847427368,0.39645132422447205,-0.40838339924812317,0.9999382495880127
191,11,0.5221507549285889,0.4480562210083008,0.07213728874921799,0.9995114207267761
191,12,0.3799958825111389,0.4419225752353668,-0.35243523120880127,0.9999557137489319
191,13,0.5353215932846069,0.5267034769058228,0.176287442445755,0.6266319155693054
191,14,0.3602619171142578,0.5324313640594482,-0.3977304995059967,0.9963347315788269
191,15,0.5466197729110718,0.592771053314209,0.0015970990061759949,0.7663747668266296
191,16,0.40275344252586365,0.6055322885513306,-0.501354455947876,0.9840915203094482
191,17,0.5545588731765747,0.6147944927215576,-0.03571585193276405,0.7095938324928284
191,18,0.4052567481994629,0.6305125951766968,-0.5706780552864075,0.9645246267318726
191,19,0.5506130456924438,0.6146475076675415,-0.09965203702449799,0.7224617004394531
191,20,0.42344605922698975,0.6297388076782227,-0.5927731990814209,0.9635145664215088
191,21,0.5443837642669678,0.608307957649231,-0.03058486245572567,0.7051887512207031
191,22,0.42572730779647827,0.6220921874046326,-0.5099397301673889,0.9490100741386414
191,23,0.5010665655136108,0.6066479682922363,0.14550325274467468,0.9987709522247314
191,24,0.4190465211868286,0.6074345111846924,-0.1456369161605835,0.9993025064468384
191,25,0.49582934379577637,0.7155824899673462,0.22517570853233337,0.846153974533081
191,26,0.4313327670097351,0.7217980623245239,-0.07574247568845749,0.9715571403503418
191,27,0.47197845578193665,0.8138611912727356,0.48239246010780334,0.8991259932518005
191,28,0.43253687024116516,0.8276039361953735,0.17286941409111023,0.9704058170318604
191,29,0.45073267817497253,0.8239394426345825,0.49599915742874146,0.8699260354042053
191,30,0.4196993410587311,0.8407536745071411,0.18436385691165924,0.8393080234527588
191,31,0.5163334608078003,0.8475035429000854,0.3248080611228943,0.9236805438995361
191,32,0.47748222947120667,0.8677075505256653,-0.04464009776711464,0.9660904407501221
192,0,0.4940204620361328,0.3841260075569153,-0.5114327669143677,0.9999122023582458
192,1,0.49495840072631836,0.37533387541770935,-0.4694649279117584,0.9998006224632263
192,2,0.49843254685401917,0.3756607174873352,-0.469490647315979,0.9997459053993225
192,3,0.5014865398406982,0.3759569227695465,-0.46946606040000916,0.9997280836105347
192,4,0.47997593879699707,0.37461620569229126,-0.5059524774551392,0.999867856502533
192,5,0.47138041257858276,0.3744463324546814,-0.5060497522354126,0.9998684525489807
192,6,0.4626430571079254,0.3742881417274475,-0.5061474442481995,0.9998775720596313
192,7,0.49169111251831055,0.38164040446281433,-0.2208959311246872,0.9990397095680237
192,8,0.4371911287307739,0.3794881999492645,-0.3902031481266022,0.9998893737792969
192,9,0.4977884888648987,0.3963356912136078,-0.4154008626937866,0.9998540282249451
192,10,0.4797676205635071,0.39649373292922974,-0.46404996514320374,0.9999390244483948
192,11,0.5214153528213501,0.44802576303482056,0.02889767289161682,0.9995061755180359
192,12,0.37792468070983887,0.44196420907974243,-0.37364277243614197,0.9999555945396423
192,13,0.53448486328125,0.5261474847793579,0.15394994616508484,0.6204038262367249
192,14,0.36174947023391724,0.532698929309845,-0.3981534242630005,0.996350109577179
192,15,0.5454365611076355,0.5914868116378784,-0.030289292335510254,0.7586960196495056
192,16,0.4083191752433777,0.6052296161651611,-0.5022895932197571,0.984186053276062
192,17,0.554000973701477,0.6145368218421936,-0.07111354917287827,0.6994680166244507
192,18,0.4115437865257263,0.6300395727157593,-0.5715751051902771,0.9648122191429138
192,19,0.5497618317604065,0.6140817403793335,-0.13897579908370972,0.713033139705658
192,20,0.4281776547431946,0.6291307210922241,-0.592964231967926,0.9638316035270691
192,21,0.5430282950401306,0.6075443029403687,-0.0640287697315216,0.6957666873931885
192,22,0.43053698539733887,0.6215342283248901,-0.5108451843261719,0.949433445930481
192,23,0.5011349320411682,0.6051464676856995,0.1431429088115692,0.9987389445304871
192,24,0.4190787374973297,0.6061218976974487,-0.14327535033226013,0.9992843866348267
192,25,0.49498867988586426,0.715473473072052,0.2058706134557724,0.8510021567344666
192,26,0.4299428164958954,0.7217351198196411,-0.08852339535951614,0.9725816249847412
192,27,0.4727560579776764,0.8138436079025269,0.47676903009414673,0.9029029607772827
192,28,0.4321348965167999,0.8276923298835754,0.17130157351493835,0.9716081619262695
192,29,0.45243868231773376,0.8237837553024292,0.4909587800502777,0.8726369738578796
192,30,0.4197596609592438,0.8407079577445984,0.18190720677375793,0.8391959071159363
192,31,0.5165887475013733,0.8482233285903931,0.30882158875465393,0.9265034794807434
192,32,0.47688132524490356,0.868176281452179,-0.063065305352211,0.9670076966285706
193,0,0.4923851490020752,0.38422855734825134,-0.5114431977272034,0.9999150037765503
193,1,0.4931888282299042,0.37541747093200684,-0.46849000453948975,0.9998054504394531
193,2,0.4966398775577545,0.3757418096065521,-0.46851807832717896,0.9997522234916687
193,3,0.4996851086616516,0.37603312730789185,-0.468484103679657,0.9997336864471436
193,4,0.47810280323028564,0.37470412254333496,-0.5046048760414124,0.9998705983161926
193,5,0.46950504183769226,0.3745308518409729,-0.5046913623809814,0.9998717308044434
193,6,0.4608519971370697,0.37436002492904663,-0.5047801733016968,0.9998800158500671
193,7,0.4898476004600525,0.3816272020339966,-0.2192278951406479,0.9990566968917847
193,8,0.43590301275253296,0.3793926537036896,-0.38781023025512695,0.9998910427093506
193,9,0.49622642993927,0.39642488956451416,-0.4154878854751587,0.9998587965965271
193,10,0.47776442766189575,0.3965783715248108,-0.4636516571044922,0.9999405741691589
193,11,0.5200144648551941,0.4480317533016205,0.02583753876388073,0.999512791633606
193,12,0.3756319582462311,0.44199544191360474,-0.3732863962650299,0.9999554753303528
193,13,0.5326281785964966,0.5261334180831909,0.1497012823820114,0.6201581358909607
193,14,0.3622968792915344,0.5328617691993713,-0.3932187259197235,0.9963828325271606
193,15,0.5442449450492859,0.5911712050437927,-0.03867834061384201,0.7576743960380554
193,16,0.41102540493011475,0.6042959094047546,-0.5001843571662903,0.9843850135803223
193,17,0.5529392957687378,0.6144756078720093,-0.08201133459806442,0.6962139010429382
193,18,0.41505905985832214,0.6297789812088013,-0.5701262950897217,0.9652401804924011
193,19,0.5482434034347534,0.6137404441833496,-0.14823594689369202,0.7102270126342773
193,20,0.4314110279083252,0.6289560794830322,-0.5937843322753906,0.9642834067344666
193,21,0.5413337349891663,0.6071711778640747,-0.07183114439249039,0.6925322413444519
193,22,0.4337681531906128,0.6214067935943604,-0.5094030499458313,0.9500351548194885
193,23,0.5009481906890869,0.6039812564849854,0.14074958860874176,0.9987362027168274
193,24,0.41890764236450195,0.6048504710197449,-0.14088714122772217,0.9992711544036865
193,25,0.49503594636917114,0.7146556377410889,0.18905383348464966,0.8538272380828857
193,26,0.42983710765838623,0.7209668755531311,-0.09116031974554062,0.97286057472229
193,27,0.4735700786113739,0.8137782216072083,0.46649789810180664,0.905169665813446
193,28,0.43198853731155396,0.827436089515686,0.1721200793981552,0.9721339344978333
193,29,0.45332589745521545,0.8236395120620728,0.48136237263679504,0.8738592863082886
193,30,0.41977760195732117,0.8400125503540039,0.1840602308511734,0.8365558981895447
193,31,0.5176780819892883,0.8482000231742859,0.29722511768341064,0.9283790588378906
193,32,0.47588276863098145,0.8674658536911011,-0.06044480949640274,0.9672816395759583
194,0,0.49104321002960205,0.38424891233444214,-0.5293775200843811,0.9999179244041443
194,1,0.49140408635139465,0.3754349946975708,-0.4872480034828186,0.9998102784156799
194,2,0.49463745951652527,0.3757695257663727,-0.4872629940509796,0.999758243560791
194,3,0.4975236654281616,0.37606874108314514,-0.48722437024116516,0.9997392892837524
194,4,0.47673171758651733,0.37473490834236145,-0.524789571762085,0.9998738169670105
194,5,0.4682939350605011,0.3745843768119812,-0.5248883366584778,0.9998754858970642
194,6,0.4598623812198639,0.3744021952152252,-0.5249816179275513,0.9998829364776611
194,7,0.4870551526546478,0.3816513419151306,-0.24086734652519226,0.9990696310997009
194,8,0.4350144565105438,0.379423052072525,-0.41539958119392395,0.99989253282547
194,9,0.49442535638809204,0.3964480459690094,-0.4342997670173645,0.9998622536659241
194,10,0.4765734076499939,0.39661458134651184,-0.48441192507743835,0.9999417066574097
194,11,0.5187816023826599,0.4481582045555115,0.006031038239598274,0.9995144605636597
194,12,0.3739939033985138,0.4425089359283447,-0.40401649475097656,0.9999553561210632
194,13,0.531992495059967,0.5263692140579224,0.13230806589126587,0.6205542087554932
194,14,0.36214062571525574,0.5337031483650208,-0.42559128999710083,0.9964596033096313
194,15,0.5444533228874207,0.5912795066833496,-0.04333852604031563,0.7591431140899658
194,16,0.41190648078918457,0.6042541265487671,-0.5223146080970764,0.9849212169647217
194,17,0.5532256364822388,0.6144063472747803,-0.0843140110373497,0.6955440640449524
194,18,0.41655853390693665,0.6297922730445862,-0.5917696356773376,0.9663716554641724
194,19,0.5486933588981628,0.6137049198150635,-0.15039564669132233,0.7099847197532654
194,20,0.4330456256866455,0.6285964846611023,-0.6167678236961365,0.9654465317726135
194,21,0.5418660640716553,0.6071649193763733,-0.07614199072122574,0.6920408606529236
194,22,0.4360893964767456,0.6211217641830444,-0.5312703251838684,0.9514977931976318
194,23,0.5008959174156189,0.6039832830429077,0.1405303180217743,0.9987356066703796
194,24,0.4186308681964874,0.6048615574836731,-0.14067064225673676,0.9992603659629822
194,25,0.4950936734676361,0.7152896523475647,0.18800970911979675,0.8555371761322021
194,26,0.42989882826805115,0.7209214568138123,-0.09448940306901932,0.9732524156570435
194,27,0.4737113416194916,0.8142075538635254,0.4584743082523346,0.906954824924469
194,28,0.4319477081298828,0.8274056315422058,0.16898880898952484,0.9728610515594482
194,29,0.4532923698425293,0.8241013288497925,0.47289741039276123,0.8754494786262512
194,30,0.4197953939437866,0.8401045799255371,0.18078060448169708,0.8357558846473694
194,31,0.5180932879447937,0.8483376502990723,0.2949523329734802,0.9301576018333435
194,32,0.47567737102508545,0.8673475980758667,-0.060372140258550644,0.9678725600242615
195,0,0.4891544282436371,0.38429930806159973,-0.5211768746376038,0.9999178647994995
195,1,0.48981907963752747,0.37542200088500977,-0.4802531898021698,0.9998095035552979
195,2,0.49325117468833923,0.3757403492927551,-0.4802759885787964,0.9997570514678955
195,3,0.4963178336620331,0.3760276734828949,-0.4802418649196625,0.9997374415397644
195,4,0.4745493233203888,0.3747197389602661,-0.5167528986930847,0.9998726844787598
195,5,0.4659099280834198,0.37455737590789795,-0.5168531537055969,0.9998745322227478
195,6,0.45741331577301025,0.3743740916252136,-0.5169440507888794,0.999881386756897
195,7,0.48583298921585083,0.38164106011390686,-0.23444339632987976,0.9990673065185547
195,8,0.43283894658088684,0.3794114291667938,-0.411335825920105,0.9998906850814819
195,9,0.49296867847442627,0.39651045203208923,-0.4279453754425049,0.9998626112937927
195,10,0.47437238693237305,0.39667975902557373,-0.4767805337905884,0.9999412894248962
195,11,0.5168994069099426,0.4491701126098633,0.015858668833971024,0.9995113611221313
195,12,0.3718719780445099,0.4427489638328552,-0.3956708610057831,0.9999547004699707
195,13,0.5305734276771545,0.527524471282959,0.14330558478832245,0.6134421229362488
195,14,0.3619556128978729,0.5337985754013062,-0.4202543795108795,0.9963425993919373
195,15,0.5448400974273682,0.5929669141769409,-0.03556934744119644,0.7508164644241333
195,16,0.41314128041267395,0.6040552258491516,-0.5205586552619934,0.9844291806221008
195,17,0.5535802841186523,0.6154293417930603,-0.07728608697652817,0.685699999332428
195,18,0.4197821021080017,0.629590630531311,-0.5900757312774658,0.9654107093811035
195,19,0.5490306615829468,0.6145648956298828,-0.14368563890457153,0.7006197571754456
195,20,0.4369160234928131,0.6285140514373779,-0.6151378154754639,0.9644368886947632
195,21,0.5422516465187073,0.60832279920578,-0.06890834867954254,0.6823879480361938
195,22,0.43913978338241577,0.6209566593170166,-0.5296308398246765,0.9499627947807312
195,23,0.5003964900970459,0.6057595014572144,0.14065109193325043,0.9987270832061768
195,24,0.4172747731208801,0.6063253283500671,-0.14078688621520996,0.9992464780807495
195,25,0.4951322674751282,0.7171992063522339,0.19376814365386963,0.8572505712509155
195,26,0.4299231171607971,0.7224512100219727,-0.09015537053346634,0.9733069539070129
195,27,0.47374284267425537,0.8145661354064941,0.503724992275238,0.9076341390609741
195,28,0.4319057762622833,0.828405499458313,0.20997731387615204,0.9730770587921143
195,29,0.4532892107963562,0.8244868516921997,0.5225766897201538,0.8750372529029846
195,30,0.42001670598983765,0.8417288661003113,0.22583094239234924,0.8331764340400696
195,31,0.5184455513954163,0.8486942052841187,0.33989793062210083,0.9310200810432434
195,32,0.47419798374176025,0.8679406046867371,-0.016959039494395256,0.9679705500602722
196,0,0.48863139748573303,0.3843541443347931,-0.519875168800354,0.9999144077301025
196,1,0.4889049530029297,0.37545210123062134,-0.47737160325050354,0.9997990131378174
196,2,0.4922447204589844,0.3757581114768982,-0.4774024486541748,0.9997441172599792
196,3,0.49525120854377747,0.37603896856307983,-0.47737082839012146,0.999723494052887
196,4,0.4738844037055969,0.37475815415382385,-0.514641523361206,0.9998646974563599
196,5,0.4653837978839874,0.37459760904312134,-0.5147427320480347,0.9998672604560852
196,6,0.45686209201812744,0.3744125962257385,-0.5148059725761414,0.9998738169670105
196,7,0.4843228757381439,0.3816460371017456,-0.22911693155765533,0.999030351638794
196,8,0.43219226598739624,0.37942129373550415,-0.4039846956729889,0.999882161617279
196,9,0.4925835430622101,0.3965577483177185,-0.4253958761692047,0.9998595714569092
196,10,0.47395768761634827,0.3967304825782776,-0.4740080237388611,0.9999390244483948
196,11,0.5154078602790833,0.4497930407524109,0.017344031482934952,0.9995119571685791
196,12,0.3695763051509857,0.4434245228767395,-0.3943672478199005,0.9999532103538513
196,13,0.5303577780723572,0.5285736918449402,0.14384780824184418,0.6152278780937195
196,14,0.3617294430732727,0.5338674187660217,-0.4238656759262085,0.9963337779045105
196,15,0.5450716018676758,0.5935451984405518,-0.03618770092725754,0.7491243481636047
196,16,0.4148053824901581,0.6037253141403198,-0.5240176320075989,0.9845178723335266
196,17,0.5538284182548523,0.61595618724823,-0.0795154795050621,0.6820477247238159
196,18,0.42449140548706055,0.6295125484466553,-0.5957595109939575,0.9655645489692688
196,19,0.549147367477417,0.615260660648346,-0.14523711800575256,0.6974732279777527
196,20,0.44140416383743286,0.627367377281189,-0.6221235394477844,0.9645835161209106
196,21,0.5423770546913147,0.6090563535690308,-0.06948316842317581,0.6789617538452148
196,22,0.4429517388343811,0.620313823223114,-0.5336652398109436,0.9499163627624512
196,23,0.5002076029777527,0.6076821088790894,0.13825418055057526,0.9987093210220337
196,24,0.4158004820346832,0.6083486676216125,-0.13834573328495026,0.9992185831069946
196,25,0.495635449886322,0.7180728912353516,0.1859103888273239,0.8588393926620483
196,26,0.42945101857185364,0.7239678502082825,-0.0865912064909935,0.972403347492218
196,27,0.4737797975540161,0.8154382705688477,0.5060644149780273,0.9070008993148804
196,28,0.43181952834129333,0.8297856450080872,0.22860892117023468,0.9722850918769836
196,29,0.45348218083381653,0.8257831335067749,0.5255863070487976,0.8724803328514099
196,30,0.42110776901245117,0.8433829545974731,0.24559955298900604,0.8273034691810608
196,31,0.5183999538421631,0.8495194315910339,0.33968281745910645,0.9308459162712097
196,32,0.4676224887371063,0.8683358430862427,1.0705137356126215e-05,0.9671162366867065
197,0,0.48845916986465454,0.3847159743309021,-0.5158191919326782,0.9999075531959534
197,1,0.4884912669658661,0.37566643953323364,-0.473087340593338,0.9997795224189758
197,2,0.49163445830345154,0.3759167194366455,-0.47311919927597046,0.999721109867096
197,3,0.49447542428970337,0.37617969512939453,-0.47309044003486633,0.9997000694274902
197,4,0.4738512635231018,0.37509316205978394,-0.5119251012802124,0.999850332736969
197,5,0.4656308889389038,0.37504950165748596,-0.5120137333869934,0.999853253364563
197,6,0.457046777009964,0.3748871088027954,-0.5121031999588013,0.9998592734336853
197,7,0.4828270375728607,0.3817795217037201,-0.23185333609580994,0.9989726543426514
197,8,0.431862473487854,0.37966188788414,-0.4214472770690918,0.9998658895492554
197,9,0.4923693835735321,0.39690402150154114,-0.4211520254611969,0.9998520612716675
197,10,0.4739381670951843,0.3970918655395508,-0.4724001884460449,0.9999342560768127
197,11,0.5147356986999512,0.45011085271835327,0.00018523892504163086,0.9995134472846985
197,12,0.3665589690208435,0.44482240080833435,-0.41505762934684753,0.9999508857727051
197,13,0.5303943753242493,0.5301923751831055,0.12829966843128204,0.6212688088417053
197,14,0.36174431443214417,0.5338367223739624,-0.44102901220321655,0.9962500333786011
197,15,0.545151948928833,0.5944576859474182,-0.045754607766866684,0.7494282126426697
197,16,0.4170638918876648,0.6023774743080139,-0.5288782119750977,0.984205961227417
197,17,0.5540890693664551,0.6171160936355591,-0.08921197056770325,0.6801110506057739
197,18,0.42909952998161316,0.6285614967346191,-0.5986493825912476,0.9650138020515442
197,19,0.5495137572288513,0.6167535185813904,-0.15341337025165558,0.6960783004760742
197,20,0.44633814692497253,0.6251888871192932,-0.6262639164924622,0.9640069603919983
197,21,0.542711615562439,0.6103628873825073,-0.07821258157491684,0.6774624586105347
197,22,0.4476304352283478,0.6187400221824646,-0.5387663245201111,0.9488271474838257
197,23,0.5001643300056458,0.6084405183792114,0.13501150906085968,0.998670220375061
197,24,0.41458624601364136,0.6094077825546265,-0.13509146869182587,0.9991715550422668
197,25,0.4959019422531128,0.7189059853553772,0.18922685086727142,0.8595908880233765
197,26,0.42887067794799805,0.7240265011787415,-0.07576879858970642,0.9714565277099609
197,27,0.473785936832428,0.8154754638671875,0.5104512572288513,0.9058793187141418
197,28,0.43180328607559204,0.8297313451766968,0.24331067502498627,0.9713565111160278
197,29,0.4535354971885681,0.8259549140930176,0.5300984978675842,0.8701068758964539
197,30,0.42208272218704224,0.8434721827507019,0.26084646582603455,0.8220272064208984
197,31,0.5187361240386963,0.8495604395866394,0.34585022926330566,0.9304529428482056
197,32,0.46531885862350464,0.8682929873466492,0.02033112943172455,0.9660616517066956
198,0,0.48755544424057007,0.38595762848854065,-0.5603258609771729,0.9999056458473206
198,1,0.48783522844314575,0.376752108335495,-0.5202558040618896,0.9997715950012207
198,2,0.4909450113773346,0.3769102692604065,-0.5202758312225342,0.9997132420539856
198,3,0.49378857016563416,0.3771645724773407,-0.5202541947364807,0.99969083070755
198,4,0.4732551574707031,0.3763226270675659,-0.5586255192756653,0.9998429417610168
198,5,0.46529531478881836,0.37635451555252075,-0.5587326288223267,0.9998469352722168
198,6,0.4566192328929901,0.37615758180618286,-0.5588392615318298,0.9998520016670227
198,7,0.4819725453853607,0.3824790120124817,-0.2790888249874115,0.9989527463912964
198,8,0.43113625049591064,0.38031187653541565,-0.457755446434021,0.9998552799224854
198,9,0.4912409484386444,0.3979898989200592,-0.4662277102470398,0.9998494386672974
198,10,0.47278472781181335,0.3980606198310852,-0.5173287391662598,0.9999315738677979
198,11,0.5150731205940247,0.45067867636680603,-0.047272566705942154,0.9995175004005432
198,12,0.3647468686103821,0.44582805037498474,-0.434529185295105,0.999947190284729
198,13,0.5304781794548035,0.5315322279930115,0.07396005839109421,0.6321965456008911
198,14,0.3617020547389984,0.5341843366622925,-0.4533984363079071,0.9962338805198669
198,15,0.5453541278839111,0.5949212908744812,-0.10969029366970062,0.7550774216651917
198,16,0.41832593083381653,0.6011735796928406,-0.5490623712539673,0.9841831922531128
198,17,0.5541284680366516,0.617448091506958,-0.15633338689804077,0.683934211730957
198,18,0.4315880537033081,0.6268413066864014,-0.6201359629631042,0.9649887681007385
198,19,0.5495570302009583,0.6171727180480957,-0.22078010439872742,0.7001829147338867
198,20,0.4498969316482544,0.6226670742034912,-0.6478011012077332,0.9639984369277954
198,21,0.5429502129554749,0.6108187437057495,-0.14205868542194366,0.6813339591026306
198,22,0.45060867071151733,0.6164562106132507,-0.5592831373214722,0.9486997723579407
198,23,0.49964913725852966,0.6083242893218994,0.125717431306839,0.9986414313316345
198,24,0.4118252098560333,0.6092670559883118,-0.12577585875988007,0.9991310834884644
198,25,0.4965512156486511,0.7175651788711548,0.1783735454082489,0.8618951439857483
198,26,0.4274141192436218,0.7237462401390076,-0.07045788317918777,0.9710609316825867
198,27,0.4737873077392578,0.8144696950912476,0.5067324638366699,0.9059075117111206
198,28,0.4316292107105255,0.8283413052558899,0.24276739358901978,0.971067488193512
198,29,0.4535485506057739,0.8250500559806824,0.5239627957344055,0.868039608001709
198,30,0.4220910370349884,0.8416208028793335,0.2595180571079254,0.8184349536895752
198,31,0.5188627243041992,0.8490805625915527,0.3433498740196228,0.9305918216705322
198,32,0.4650479257106781,0.8674610257148743,0.01653355173766613,0.9655807614326477
199,0,0.48700395226478577,0.38668662309646606,-0.558667778968811,0.999901533126831
199,1,0.4871363639831543,0.3774997889995575,-0.5187972187995911,0.9997566342353821
199,2,0.4901338219642639,0.3775936961174011,-0.5188193917274475,0.9996965527534485
199,3,0.49289649724960327,0.3778093755245209,-0.5187987685203552,0.9996735453605652
199,4,0.4727801978588104,0.3772156834602356,-0.5591224431991577,0.999830424785614
199,5,0.4650699496269226,0.37731069326400757,-0.5592254400253296,0.9998353123664856
199,6,0.4564119577407837,0.37715592980384827,-0.559345006942749,0.9998396635055542
199,7,0.48083627223968506,0.38285455107688904,-0.2772805094718933,0.9988974332809448
199,8,0.4307161867618561,0.38084298372268677,-0.4637143015861511,0.9998376965522766
199,9,0.49044084548950195,0.39841991662979126,-0.46427294611930847,0.9998425841331482
199,10,0.472225159406662,0.39859193563461304,-0.5179320573806763,0.9999269843101501
199,11,0.5151684284210205,0.4508410096168518,-0.04037897661328316,0.9995207190513611
199,12,0.36443808674812317,0.445920467376709,-0.4421076476573944,0.9999432563781738
199,13,0.5306374430656433,0.5317147970199585,0.08351904898881912,0.643992006778717
199,14,0.3609578013420105,0.5345033407211304,-0.462747186422348,0.9962677955627441
199,15,0.5480771064758301,0.5952742099761963,-0.10267665982246399,0.7637683749198914
199,16,0.4208908975124359,0.6007081270217896,-0.5575767755508423,0.9845852851867676
199,17,0.5609434247016907,0.6175228357315063,-0.1482081115245819,0.6918107867240906
199,18,0.43541857600212097,0.6249059438705444,-0.628182053565979,0.9658359289169312
199,19,0.5562573671340942,0.6174473166465759,-0.21454168856143951,0.7082827687263489
199,20,0.45438265800476074,0.6202236413955688,-0.6568753123283386,0.9648919105529785
199,21,0.5487483739852905,0.6116085648536682,-0.1360703855752945,0.6894603371620178
199,22,0.4542841613292694,0.6142496466636658,-0.5678353905677795,0.9497337341308594
199,23,0.4992274343967438,0.6082083582878113,0.1254969835281372,0.9985968470573425
199,24,0.40993592143058777,0.6092196106910706,-0.1255635768175125,0.9990721344947815
199,25,0.4988780915737152,0.7166518568992615,0.17103570699691772,0.8637630939483643
199,26,0.42652609944343567,0.7234808206558228,-0.07165280729532242,0.9705133438110352
199,27,0.47382351756095886,0.8131963014602661,0.5033649802207947,0.9054376482963562
199,28,0.43092092871665955,0.8275750875473022,0.23421508073806763,0.9707008004188538
199,29,0.4535690248012543,0.8234089016914368,0.5206531882286072,0.8656674027442932
199,30,0.42192161083221436,0.8401929140090942,0.2509373426437378,0.8150229454040527
199,31,0.5188626646995544,0.8483246564865112,0.3404528498649597,0.9304803013801575
199,32,0.4635765850543976,0.8664938807487488,0.00747651606798172,0.9651370048522949
200,0,0.4869043231010437,0.3874206244945526,-0.5466166734695435,0.9998973608016968
200,1,0.48669275641441345,0.37815001606941223,-0.5049456357955933,0.9997413754463196
200,2,0.4895944893360138,0.3781992793083191,-0.5049726963043213,0.9996801614761353
200,3,0.4922710061073303,0.3783778250217438,-0.5049503445625305,0.9996587038040161
200,4,0.47253820300102234,0.3779747486114502,-0.5449295043945312,0.999815821647644
200,5,0.4648991823196411,0.3781141936779022,-0.5450218915939331,0.9998206496238708
200,6,0.4561680257320404,0.37801995873451233,-0.5451350808143616,0.9998233318328857
200,7,0.47956836223602295,0.38330990076065063,-0.2649748921394348,0.998845636844635
200,8,0.4300551116466522,0.38151460886001587,-0.4605577290058136,0.9998129606246948
200,9,0.4900738298892975,0.3990199863910675,-0.45160073041915894,0.9998369812965393
200,10,0.47198328375816345,0.39927685260772705,-0.5045389533042908,0.9999218583106995
200,11,0.5144665241241455,0.4515848159790039,-0.028607768937945366,0.9995381236076355
200,12,0.36410966515541077,0.44591182470321655,-0.4460819363594055,0.9999400973320007
200,13,0.531298041343689,0.5326504111289978,0.09749201685190201,0.658868134021759
200,14,0.3608107566833496,0.5344812273979187,-0.4662126898765564,0.9962771534919739
200,15,0.5586733222007751,0.5964715480804443,-0.08613359928131104,0.7768924236297607
200,16,0.4238082766532898,0.6003497838973999,-0.5542921423912048,0.9850732088088989
200,17,0.571655809879303,0.6183149218559265,-0.1303819715976715,0.7056532502174377
200,18,0.4410003125667572,0.6235059499740601,-0.624295711517334,0.9669315814971924
200,19,0.5678374171257019,0.6185355186462402,-0.19604076445102692,0.7221075296401978
200,20,0.4615235924720764,0.6184388399124146,-0.6531503200531006,0.9660366773605347
200,21,0.5604288578033447,0.6130716800689697,-0.11912965029478073,0.7035678029060364
200,22,0.4611160159111023,0.612774133682251,-0.5644682049751282,0.951071560382843
200,23,0.4987994432449341,0.6081503033638,0.126258984208107,0.9985912442207336
200,24,0.4086104929447174,0.6091510057449341,-0.1263352781534195,0.999025285243988
200,25,0.500845193862915,0.7161992788314819,0.1764601767063141,0.8634750247001648
200,26,0.42402857542037964,0.7222415208816528,-0.06985516101121902,0.9693597555160522
200,27,0.47384947538375854,0.8115951418876648,0.5199876427650452,0.903102457523346
200,28,0.4295399487018585,0.8259571194648743,0.25816312432289124,0.969746470451355
200,29,0.45355522632598877,0.8213719129562378,0.5415652990341187,0.8616673946380615
200,30,0.42120975255966187,0.8373569250106812,0.2775399386882782,0.8107045888900757
200,31,0.5183178782463074,0.8471275568008423,0.3610570728778839,0.929551899433136
200,32,0.46344423294067383,0.8642204403877258,0.03872672840952873,0.9643831253051758
201,0,0.4870205223560333,0.3878380358219147,-0.5739292502403259,0.9998906254768372
201,1,0.4868393838405609,0.3786395490169525,-0.5344438552856445,0.9997194409370422
201,2,0.4897810220718384,0.37868016958236694,-0.5344567894935608,0.9996534585952759
201,3,0.49248000979423523,0.378853440284729,-0.5344464778900146,0.9996286630630493
201,4,0.4726106822490692,0.3785713315010071,-0.5749998688697815,0.9997978806495667
201,5,0.4649462401866913,0.37873154878616333,-0.5750990509986877,0.9998038411140442
201,6,0.4560656249523163,0.3787011504173279,-0.5752317905426025,0.9998067021369934
201,7,0.4799083173274994,0.3838207721710205,-0.2895970940589905,0.9987743496894836
201,8,0.42975062131881714,0.38214096426963806,-0.47819656133651733,0.9997918009757996
201,9,0.4902417063713074,0.39951711893081665,-0.477216899394989,0.9998281598091125
201,10,0.47210413217544556,0.3998074233531952,-0.5312395095825195,0.9999172687530518
201,11,0.5140978693962097,0.4523909091949463,-0.04223763570189476,0.9995424151420593
201,12,0.3637898862361908,0.4459546208381653,-0.45752856135368347,0.9999368786811829
201,13,0.531367838382721,0.5330846309661865,0.09196291118860245,0.6658307909965515
201,14,0.3587219715118408,0.5344457030296326,-0.4798882305622101,0.9963176250457764
201,15,0.5615460872650146,0.5963960886001587,-0.09330959618091583,0.7820751070976257
201,16,0.4286404848098755,0.5990903377532959,-0.5730180740356445,0.9854021668434143
201,17,0.5773556232452393,0.6182137131690979,-0.13774967193603516,0.710091769695282
201,18,0.4475790560245514,0.620517373085022,-0.644618034362793,0.9675984382629395
201,19,0.5731456875801086,0.6184998750686646,-0.20544971525669098,0.7267412543296814
201,20,0.4684099555015564,0.61521315574646,-0.6719420552253723,0.9667189717292786
201,21,0.5645623803138733,0.6128792762756348,-0.12744848430156708,0.7083956003189087
201,22,0.46775907278060913,0.6098323464393616,-0.582530677318573,0.9517884850502014
201,23,0.49560683965682983,0.6081153154373169,0.12438485026359558,0.9986003041267395
201,24,0.40354233980178833,0.6093100309371948,-0.1244528591632843,0.9990037679672241
201,25,0.5036941766738892,0.7157899141311646,0.1449650079011917,0.868724524974823
201,26,0.41821908950805664,0.7224188446998596,-0.07069184631109238,0.9696842432022095
201,27,0.47447705268859863,0.8089006543159485,0.5445907115936279,0.9034398794174194
201,28,0.42740166187286377,0.8259716033935547,0.2883252799510956,0.9702405333518982
201,29,0.4537883400917053,0.8189309239387512,0.5735270380973816,0.8595898747444153
201,30,0.4205178916454315,0.8374843597412109,0.31186339259147644,0.8109267354011536
201,31,0.5178002119064331,0.8466534614562988,0.3896375894546509,0.929915726184845
201,32,0.4632572531700134,0.8640427589416504,0.06375814229249954,0.9650171399116516
202,0,0.48718583583831787,0.3888882100582123,-0.5585185289382935,0.9998884797096252
202,1,0.48701339960098267,0.3794926404953003,-0.5184424519538879,0.9997113347053528
202,2,0.4899260103702545,0.37953177094459534,-0.5184628367424011,0.999640166759491
202,3,0.4925473630428314,0.379692941904068,-0.5184484124183655,0.9996137619018555
202,4,0.47277989983558655,0.3794359564781189,-0.5590543746948242,0.9997914433479309
202,5,0.4651646614074707,0.3795458972454071,-0.5591352581977844,0.9997955560684204
202,6,0.4561508297920227,0.3795587122440338,-0.5592533349990845,0.9997987151145935
202,7,0.4801493287086487,0.38455015420913696,-0.2762209475040436,0.9987611770629883
202,8,0.4298478960990906,0.3829057812690735,-0.4632571041584015,0.9997830986976624
202,9,0.4902713894844055,0.40050023794174194,-0.46325525641441345,0.9998258948326111
202,10,0.47217991948127747,0.40063977241516113,-0.516737163066864,0.9999166131019592
202,11,0.5130883455276489,0.45238035917282104,-0.038589444011449814,0.9995543360710144
202,12,0.36325451731681824,0.44703441858291626,-0.4442523121833801,0.9999343156814575
202,13,0.5314435958862305,0.5318666100502014,0.1369418203830719,0.6674197316169739
202,14,0.35296687483787537,0.5343925356864929,-0.4677661955356598,0.9961130619049072
202,15,0.5678501725196838,0.5919764637947083,-0.048459190875291824,0.7860660552978516
202,16,0.42780613899230957,0.5920026302337646,-0.5665273666381836,0.9850612282752991
202,17,0.5870639681816101,0.6118007898330688,-0.09082939475774765,0.7147729396820068
202,18,0.4505455791950226,0.6132060289382935,-0.638964056968689,0.9671576619148254
202,19,0.5822600722312927,0.6122276782989502,-0.16364365816116333,0.7313280701637268
202,20,0.46939414739608765,0.6070131063461304,-0.6655060052871704,0.9662083387374878
202,21,0.5721056461334229,0.6070223450660706,-0.08500389009714127,0.7131749987602234
202,22,0.4676424562931061,0.6012946963310242,-0.575973391532898,0.9506813883781433
202,23,0.4928000569343567,0.6112622022628784,0.12260712683200836,0.9986363649368286
202,24,0.40197816491127014,0.6137152314186096,-0.12265059351921082,0.999009370803833
202,25,0.5077972412109375,0.7161235809326172,0.1472977101802826,0.8765878081321716
202,26,0.41421547532081604,0.7282615900039673,-0.06561540812253952,0.9705671668052673
202,27,0.47699877619743347,0.8078893423080444,0.6029609441757202,0.9056992530822754
202,28,0.42748409509658813,0.8272247314453125,0.3426131010055542,0.9712936878204346
202,29,0.45628949999809265,0.8171091079711914,0.6380837559700012,0.8618384599685669
202,30,0.4224226176738739,0.8377156257629395,0.3710200786590576,0.8154911994934082
202,31,0.517871081829071,0.8466541171073914,0.4609384834766388,0.9313077926635742
202,32,0.46185731887817383,0.8652290105819702,0.12620282173156738,0.966106653213501
203,0,0.48788151144981384,0.3908129036426544,-0.49754923582077026,0.9998916983604431
203,1,0.48843085765838623,0.3816154897212982,-0.4577070474624634,0.9997197985649109
203,2,0.4914718270301819,0.3817651867866516,-0.45772454142570496,0.9996477365493774
203,3,0.4941791892051697,0.38206079602241516,-0.4577426016330719,0.9996206164360046
203,4,0.4739187955856323,0.38105741143226624,-0.4971023201942444,0.999796986579895
203,5,0.4663766622543335,0.3810838460922241,-0.49709352850914,0.9997987747192383
203,6,0.457389235496521,0.3810694217681885,-0.49715563654899597,0.9998016953468323
203,7,0.4818454384803772,0.38690775632858276,-0.21206021308898926,0.9988201856613159
203,8,0.43143245577812195,0.384561151266098,-0.39531198143959045,0.9997877478599548
203,9,0.4906138479709625,0.4022621512413025,-0.4007124602794647,0.9998286962509155
203,10,0.47224143147468567,0.4021129012107849,-0.45346522331237793,0.9999188184738159
203,11,0.5116495490074158,0.45272040367126465,0.03589222580194473,0.9995670318603516
203,12,0.3648127317428589,0.4469989240169525,-0.38505494594573975,0.9999337196350098
203,13,0.532163679599762,0.5298339128494263,0.21740613877773285,0.6606879234313965
203,14,0.34487491846084595,0.5332298278808594,-0.442288875579834,0.9958494901657104
203,15,0.5772818326950073,0.5839570164680481,0.06579221785068512,0.792448878288269
203,16,0.4303571879863739,0.5843798518180847,-0.5612685084342957,0.9848005175590515
203,17,0.5963703989982605,0.6019083261489868,0.03410056233406067,0.7245047092437744
203,18,0.45793914794921875,0.6041420698165894,-0.6376721858978271,0.9670037627220154
203,19,0.591579258441925,0.6024848818778992,-0.03534400090575218,0.7403460144996643
203,20,0.4754435122013092,0.5979630351066589,-0.651847779750824,0.9659401178359985
203,21,0.5814710855484009,0.5968599319458008,0.03225131705403328,0.7223009467124939
203,22,0.47298291325569153,0.5919446349143982,-0.5735607743263245,0.9500025510787964
203,23,0.489747017621994,0.6157499551773071,0.12274327874183655,0.9986962676048279
203,24,0.40022605657577515,0.6201913356781006,-0.12275708466768265,0.9990394711494446
203,25,0.5202413201332092,0.7156232595443726,0.10584326088428497,0.8831403255462646
203,26,0.40863144397735596,0.733549952507019,-0.07454689592123032,0.971360981464386
203,27,0.4780324399471283,0.8055176734924316,0.5675243139266968,0.9063915610313416
203,28,0.42821764945983887,0.8292456865310669,0.30281832814216614,0.9722150564193726
203,29,0.4567115306854248,0.8136539459228516,0.5912047624588013,0.8650739192962646
203,30,0.4271581470966339,0.8395143747329712,0.3287331461906433,0.8211050033569336
203,31,0.5198298692703247,0.8442767858505249,0.4287896752357483,0.9317891597747803
203,32,0.46194490790367126,0.8661816716194153,0.10062842816114426,0.9668697714805603
204,0,0.4905376136302948,0.39406198263168335,-0.4423416554927826,0.999891459941864
204,1,0.4922243654727936,0.3849942088127136,-0.3973727226257324,0.9997208714485168
204,2,0.4956190288066864,0.3853798508644104,-0.3974132239818573,0.9996469020843506
204,3,0.4982928931713104,0.385786235332489,-0.3974514305591583,0.9996199011802673
204,4,0.4781029224395752,0.38402825593948364,-0.43794140219688416,0.9997955560684204
204,5,0.4699646532535553,0.3838264048099518,-0.4379243552684784,0.999794065952301
204,6,0.46190163493156433,0.38365375995635986,-0.4380045533180237,0.9997960329055786
204,7,0.4852033257484436,0.390430212020874,-0.14238281548023224,0.9988749623298645
204,8,0.43679577112197876,0.38703542947769165,-0.32931894063949585,0.9997807741165161
204,9,0.4923688769340515,0.4055343270301819,-0.3427504897117615,0.9998244047164917
204,10,0.4739585518836975,0.40477681159973145,-0.39675965905189514,0.999917209148407
204,11,0.5106475353240967,0.4548099637031555,0.09622900933027267,0.9995825886726379
204,12,0.3662519156932831,0.44711679220199585,-0.3305758535861969,0.9999279379844666
204,13,0.5323919057846069,0.5284052491188049,0.25348058342933655,0.6596580743789673
204,14,0.3432847261428833,0.5328322649002075,-0.44225770235061646,0.9957928657531738
204,15,0.5815738439559937,0.5720345973968506,0.08476761728525162,0.8037829399108887
204,16,0.43496692180633545,0.5773059129714966,-0.6076225638389587,0.9853116273880005
204,17,0.5996634364128113,0.5897913575172424,0.05179858207702637,0.7400566935539246
204,18,0.4657459259033203,0.5967309474945068,-0.6765214204788208,0.9682072401046753
204,19,0.5960333347320557,0.5889422297477722,-0.013900356367230415,0.7550683617591858
204,20,0.4811673164367676,0.5904548764228821,-0.6845571994781494,0.9671247601509094
204,21,0.5866475105285645,0.5829347372055054,0.052872635424137115,0.7368050217628479
204,22,0.4777427315711975,0.5850309729576111,-0.610736608505249,0.9512171149253845
204,23,0.4888373017311096,0.6166220903396606,0.12344677001237869,0.9987661838531494
204,24,0.39744123816490173,0.6236661672592163,-0.1234777420759201,0.9990559816360474
204,25,0.5297327041625977,0.7058480978012085,-0.14287391304969788,0.8907881379127502
204,26,0.40804749727249146,0.7356001734733582,-0.13791368901729584,0.9699801206588745
204,27,0.4778759777545929,0.7977805733680725,0.2484750598669052,0.9046361446380615
204,28,0.42885249853134155,0.8301806449890137,0.22170443832874298,0.9711725115776062
204,29,0.4535955786705017,0.805141270160675,0.27873605489730835,0.865622878074646
204,30,0.4269424378871918,0.8413399457931519,0.24512019753456116,0.8193240165710449
204,31,0.5188673734664917,0.8394581079483032,0.1154344454407692,0.9305496215820312
204,32,0.46207159757614136,0.8666428327560425,0.015191507525742054,0.9653115272521973
205,0,0.4969834089279175,0.4013718068599701,-0.36857733130455017,0.999882161617279
205,1,0.49918997287750244,0.39143499732017517,-0.3265687823295593,0.999691367149353
205,2,0.5018295049667358,0.39181193709373474,-0.3265889585018158,0.9996095895767212
205,3,0.5041278600692749,0.3922068774700165,-0.326611191034317,0.9995846748352051
205,4,0.4857102334499359,0.3899913430213928,-0.3638770282268524,0.9997680187225342
205,5,0.4787607491016388,0.38950294256210327,-0.36381667852401733,0.9997541904449463
205,6,0.4707778990268707,0.38908129930496216,-0.3638651967048645,0.9997534155845642
205,7,0.48982617259025574,0.3961373567581177,-0.0928855910897255,0.998882532119751
205,8,0.4472070038318634,0.3918169438838959,-0.26388978958129883,0.999707043170929
205,9,0.4962558448314667,0.4124618470668793,-0.2771188020706177,0.9998000860214233
205,10,0.47931480407714844,0.4112377166748047,-0.32649317383766174,0.999903678894043
205,11,0.5108106136322021,0.45790615677833557,0.10103832185268402,0.9995949864387512
205,12,0.3682936728000641,0.4474487900733948,-0.2568265199661255,0.9999067783355713
205,13,0.5401141047477722,0.5258177518844604,0.24002134799957275,0.6657217144966125
205,14,0.33821672201156616,0.5296220779418945,-0.3611084520816803,0.9955652952194214
205,15,0.5865392088890076,0.5611974000930786,0.09073496609926224,0.8140801191329956
205,16,0.44318005442619324,0.5678504109382629,-0.48411238193511963,0.9851365089416504
205,17,0.6031724810600281,0.5795765519142151,0.05863364040851593,0.7539940476417542
205,18,0.47097235918045044,0.581264078617096,-0.5313635468482971,0.968097448348999
205,19,0.597009003162384,0.5792088508605957,0.00445081340149045,0.7680935263633728
205,20,0.4833104908466339,0.5765274167060852,-0.5353894829750061,0.9669432640075684
205,21,0.587752640247345,0.5737118124961853,0.06486089527606964,0.7497326731681824
205,22,0.4807436168193817,0.5716949105262756,-0.4824427366256714,0.9504506587982178
205,23,0.48830029368400574,0.6158246994018555,0.10850588232278824,0.9988158345222473
205,24,0.39449337124824524,0.6244335174560547,-0.10832568258047104,0.9990275502204895
205,25,0.5418323278427124,0.6805123090744019,-0.34224262833595276,0.8998488187789917
205,26,0.4094429910182953,0.7348752617835999,-0.15068009495735168,0.9694182276725769
205,27,0.4818418323993683,0.7794104814529419,-0.0375777892768383,0.9082362055778503
205,28,0.4287647306919098,0.8263766169548035,0.15165847539901733,0.9707191586494446
205,29,0.45632117986679077,0.7875319123268127,-0.01370514091104269,0.8698238134384155
205,30,0.42445293068885803,0.8381055593490601,0.16895228624343872,0.8173637986183167
205,31,0.5254752039909363,0.8241095542907715,-0.17228980362415314,0.9331036806106567
205,32,0.46227625012397766,0.8644517064094543,-0.041463837027549744,0.9642521142959595
206,0,0.5040339827537537,0.40994009375572205,-0.36542341113090515,0.9998719692230225
206,1,0.5069714784622192,0.3999883234500885,-0.3206135332584381,0.9996625781059265
206,2,0.5097190141677856,0.400290310382843,-0.3206382691860199,0.9995719790458679
206,3,0.5120903253555298,0.4005339741706848,-0.32066091895103455,0.9995503425598145
206,4,0.4930306673049927,0.3980633318424225,-0.36280298233032227,0.999746561050415
206,5,0.4864358603954315,0.3970373570919037,-0.36276915669441223,0.999719500541687
206,6,0.4792000651359558,0.3961457312107086,-0.36284154653549194,0.999718189239502
206,7,0.4972214102745056,0.4031711518764496,-0.07688649743795395,0.9988840222358704
206,8,0.45685142278671265,0.39954572916030884,-0.2695562243461609,0.9996424317359924
206,9,0.5013324022293091,0.4209330677986145,-0.2706877291202545,0.9997623562812805
206,10,0.4851800799369812,0.41907626390457153,-0.3263833224773407,0.9998840093612671
206,11,0.5107876062393188,0.46061426401138306,0.11616432666778564,0.9995808601379395
206,12,0.3720058500766754,0.4482842981815338,-0.26322951912879944,0.9998841285705566
206,13,0.5443909764289856,0.5202334523200989,0.219086691737175,0.6672123074531555
206,14,0.3343772292137146,0.526573657989502,-0.38924941420555115,0.9955686926841736
206,15,0.5876290798187256,0.5498025417327881,0.03446897864341736,0.819359302520752
206,16,0.45204654335975647,0.5581954717636108,-0.534010112285614,0.9853547811508179
206,17,0.6024643182754517,0.5658662915229797,-0.015451045706868172,0.7609419226646423
206,18,0.47309166193008423,0.5713382959365845,-0.5710192322731018,0.9684187769889832
206,19,0.5974165201187134,0.5656653046607971,-0.04445396363735199,0.7748567461967468
206,20,0.4852082431316376,0.5669469833374023,-0.5530204176902771,0.9672001004219055
206,21,0.5890084505081177,0.5601189136505127,0.013801447115838528,0.756216287612915
206,22,0.4836638867855072,0.5621067881584167,-0.5275675654411316,0.9502862095832825
206,23,0.48418980836868286,0.6128596067428589,0.10756150633096695,0.9988716840744019
206,24,0.38910314440727234,0.6228636503219604,-0.10730788111686707,0.9990212321281433
206,25,0.5504536032676697,0.6614447236061096,-0.3701811134815216,0.9082862734794617
206,26,0.4098574221134186,0.7266159653663635,-0.13772445917129517,0.96956467628479
206,27,0.4846474528312683,0.7700802087783813,-0.12032449245452881,0.9124382138252258
206,28,0.42864999175071716,0.8240184783935547,0.1400301605463028,0.970805287361145
206,29,0.45644962787628174,0.7803679704666138,-0.10282508283853531,0.8760338425636292
206,30,0.42263108491897583,0.8355182409286499,0.15300077199935913,0.8195933699607849
206,31,0.5286532044410706,0.813102126121521,-0.2890194356441498,0.9364022016525269
206,32,0.459788978099823,0.8608525991439819,-0.08001966774463654,0.9639770984649658
207,0,0.5189303755760193,0.4261355400085449,-0.30446943640708923,0.9998427629470825
207,1,0.521742582321167,0.41563934087753296,-0.2655549645423889,0.9996035695075989
207,2,0.5233725309371948,0.4157821238040924,-0.2655799090862274,0.9995046257972717
207,3,0.5246438384056091,0.4159320890903473,-0.2656174898147583,0.9994949698448181
207,4,0.5105836391448975,0.41418367624282837,-0.30660921335220337,0.9996935725212097
207,5,0.5038586854934692,0.41316112875938416,-0.30659687519073486,0.9996389150619507
207,6,0.4956425130367279,0.4119144082069397,-0.3066611588001251,0.9996418952941895
207,7,0.5078377723693848,0.4168565273284912,-0.05434325709939003,0.9988633990287781
207,8,0.4694764018058777,0.41159725189208984,-0.2427196055650711,0.9994968771934509
207,9,0.5123132467269897,0.4371376633644104,-0.22246617078781128,0.9997335076332092
207,10,0.499032586812973,0.434989869594574,-0.27707767486572266,0.9998651146888733
207,11,0.5172158479690552,0.4703865647315979,0.08776665478944778,0.9995810985565186
207,12,0.37826547026634216,0.45143651962280273,-0.23111669719219208,0.9998723268508911
207,13,0.5596526861190796,0.5211237668991089,0.07293584197759628,0.6833873987197876
207,14,0.3256857395172119,0.5258814096450806,-0.39045193791389465,0.9956591129302979
207,15,0.5929076671600342,0.5543578863143921,-0.2399202138185501,0.8263347148895264
207,16,0.45304301381111145,0.5543320178985596,-0.5357235670089722,0.985759437084198
207,17,0.6020543575286865,0.5660330057144165,-0.306559681892395,0.7696169018745422
207,18,0.4752623736858368,0.5647152662277222,-0.5810240507125854,0.9691746830940247
207,19,0.5956175923347473,0.5632123351097107,-0.34460803866386414,0.7830482125282288
207,20,0.4867437481880188,0.558521568775177,-0.5866082906723022,0.967943549156189
207,21,0.5885708332061768,0.559529185295105,-0.2645745277404785,0.7646031975746155
207,22,0.4834083914756775,0.5550612211227417,-0.5335943698883057,0.9509103298187256
207,23,0.4827170968055725,0.6103852987289429,0.0928974449634552,0.9988970756530762
207,24,0.386929988861084,0.6223112344741821,-0.09253233671188354,0.9989770650863647
207,25,0.5522255301475525,0.6435686945915222,-0.422934889793396,0.9155465364456177
207,26,0.40901046991348267,0.7229518294334412,-0.13392218947410583,0.969760000705719
207,27,0.4871560037136078,0.7586179971694946,-0.19464607536792755,0.9154250025749207
207,28,0.4291042387485504,0.8237325549125671,0.10379722714424133,0.9706160426139832
207,29,0.45900535583496094,0.767526388168335,-0.17722299695014954,0.8811445832252502
207,30,0.42277127504348755,0.8354781866073608,0.11421048641204834,0.8221306204795837
207,31,0.531067430973053,0.7958704829216003,-0.3512495160102844,0.9390432238578796
207,32,0.45952895283699036,0.8600570559501648,-0.11015527695417404,0.9624096751213074
208,0,0.5280383825302124,0.43827804923057556,-0.3258344829082489,0.9998358488082886
208,1,0.5316324234008789,0.428567111492157,-0.2848353385925293,0.9995914697647095
208,2,0.5333078503608704,0.4289616644382477,-0.28482019901275635,0.9994872808456421
208,3,0.53447425365448,0.42942214012145996,-0.28487443923950195,0.9994803071022034
208,4,0.5205822587013245,0.42695870995521545,-0.32345446944236755,0.9996864795684814
208,5,0.5139713883399963,0.42591023445129395,-0.3234444856643677,0.9996242523193359
208,6,0.5059194564819336,0.4246840476989746,-0.3234850764274597,0.9996342062950134
208,7,0.5182120203971863,0.431427538394928,-0.06252351403236389,0.9988884925842285
208,8,0.4787609875202179,0.42352980375289917,-0.24125461280345917,0.999474287033081
208,9,0.5217535495758057,0.4492139220237732,-0.23992633819580078,0.9997246861457825
208,10,0.5084298849105835,0.44697779417037964,-0.2917608916759491,0.9998616576194763
208,11,0.5261023640632629,0.47988590598106384,0.07785240560770035,0.9995770454406738
208,12,0.3803410828113556,0.4601663053035736,-0.20200151205062866,0.9998725056648254
208,13,0.5787140727043152,0.5241817235946655,0.07033322751522064,0.7015199065208435
208,14,0.3164661228656769,0.5258711576461792,-0.31719034910202026,0.9957804679870605
208,15,0.5999399423599243,0.5513467788696289,-0.24407070875167847,0.8322385549545288
208,16,0.4540974497795105,0.5512043833732605,-0.4360969066619873,0.9861451983451843
208,17,0.6021535396575928,0.5587283372879028,-0.3112233579158783,0.7759421467781067
208,18,0.48050063848495483,0.5592787861824036,-0.4834265112876892,0.9694833159446716
208,19,0.5940853953361511,0.552521824836731,-0.3428553342819214,0.7889766097068787
208,20,0.4910404682159424,0.5517901182174683,-0.4816451668739319,0.9682709574699402
208,21,0.5882288813591003,0.5500723123550415,-0.2654804587364197,0.7705895304679871
208,22,0.4855571687221527,0.5491458177566528,-0.43092700839042664,0.9510769844055176
208,23,0.4832480847835541,0.6074216961860657,0.08181019872426987,0.998831033706665
208,24,0.3859136402606964,0.6206187009811401,-0.08142778277397156,0.9988691210746765
208,25,0.5485387444496155,0.6324869394302368,-0.4435690939426422,0.9197123646736145
208,26,0.417974054813385,0.7223728895187378,-0.16848531365394592,0.967035710811615
208,27,0.48945966362953186,0.742662787437439,-0.23683592677116394,0.9082129001617432
208,28,0.43248429894447327,0.8240348696708679,0.022800007835030556,0.9659505486488342
208,29,0.4658204913139343,0.7517905831336975,-0.22042857110500336,0.8778643608093262
208,30,0.4235944449901581,0.8356504440307617,0.03131091594696045,0.8153870105743408
208,31,0.538800835609436,0.7774707078933716,-0.38880249857902527,0.9344391822814941
208,32,0.46167123317718506,0.8588916063308716,-0.19440189003944397,0.9530680775642395
209,0,0.532829761505127,0.4510551989078522,-0.5887798070907593,0.9998326301574707
209,1,0.5367733836174011,0.4407535493373871,-0.5487998723983765,0.9995850324630737
209,2,0.5389613509178162,0.4410068988800049,-0.5487576127052307,0.9994832277297974
209,3,0.5405731797218323,0.44127124547958374,-0.5488776564598083,0.9994664788246155
209,4,0.524283766746521,0.43933406472206116,-0.5827932357788086,0.9996822476387024
209,5,0.5171028971672058,0.4382780194282532,-0.5828274488449097,0.9996200203895569
209,6,0.5088252425193787,0.4371209144592285,-0.5828597545623779,0.9996305108070374
209,7,0.528162956237793,0.4422975182533264,-0.2893504500389099,0.9989212155342102
209,8,0.4842667877674103,0.4363771080970764,-0.4465561807155609,0.9994735717773438
209,9,0.5300015211105347,0.46104463934898376,-0.4857218861579895,0.9997076988220215
209,10,0.5143729448318481,0.4586336016654968,-0.5315384268760681,0.9998562932014465
209,11,0.5435605645179749,0.48357176780700684,-0.08525996655225754,0.9995687007904053
209,12,0.38731247186660767,0.4666518270969391,-0.32700058817863464,0.9998679757118225
209,13,0.5855039358139038,0.5243078470230103,-0.08615601062774658,0.721048891544342
209,14,0.30729803442955017,0.527153491973877,-0.4648616909980774,0.9959944486618042
209,15,0.5988010168075562,0.5444130897521973,-0.43185362219810486,0.8381533026695251
209,16,0.45216289162635803,0.5444051027297974,-0.646320641040802,0.9865418672561646
209,17,0.6010028123855591,0.5512679219245911,-0.5054105520248413,0.7812595367431641
209,18,0.4789462089538574,0.5491442680358887,-0.7026587724685669,0.9695712327957153
209,19,0.5938969850540161,0.5465000867843628,-0.5388948917388916,0.7939566373825073
209,20,0.4885270297527313,0.5410428047180176,-0.7008442282676697,0.9684026837348938
209,21,0.587198793888092,0.5440584421157837,-0.45448312163352966,0.7756255269050598
209,22,0.48364150524139404,0.5393222570419312,-0.6421831846237183,0.9507820010185242
209,23,0.4836251139640808,0.6015927791595459,0.07707378268241882,0.9988159537315369
209,24,0.3865774869918823,0.6146979331970215,-0.07673997431993484,0.9988147020339966
209,25,0.5477139949798584,0.6193828582763672,-0.4732862710952759,0.92587810754776
209,26,0.42544588446617126,0.717557430267334,-0.18890173733234406,0.9673535227775574
209,27,0.4981582760810852,0.7358261346817017,-0.3228406310081482,0.9117956757545471
209,28,0.43292465806007385,0.824133574962616,-0.06338021159172058,0.9651297330856323
209,29,0.4748649597167969,0.7471297383308411,-0.31409305334091187,0.8831793069839478
209,30,0.4235798716545105,0.8357877731323242,-0.06243926286697388,0.8157392740249634
209,31,0.5511568188667297,0.7702465653419495,-0.5152050852775574,0.9364818334579468
209,32,0.46396034955978394,0.8576254844665527,-0.3145374655723572,0.9489953517913818
210,0,0.5330742001533508,0.46042490005493164,-0.666073739528656,0.9998372793197632
210,1,0.537950336933136,0.4513336718082428,-0.6245627999305725,0.9995985627174377
210,2,0.5404012203216553,0.45146289467811584,-0.6245118975639343,0.9994995594024658
210,3,0.5426278710365295,0.4516228139400482,-0.6246309280395508,0.999474048614502
210,4,0.5258803367614746,0.44921737909317017,-0.6596612334251404,0.9996959567070007
210,5,0.519467830657959,0.4476155638694763,-0.6596888899803162,0.9996375441551208
210,6,0.5117093324661255,0.44584307074546814,-0.6597142815589905,0.9996485710144043
210,7,0.5314173102378845,0.4514238238334656,-0.35683393478393555,0.9989703893661499
210,8,0.4892981946468353,0.4435535967350006,-0.5187984108924866,0.999505341053009
210,9,0.5293435454368591,0.4701560139656067,-0.5597390532493591,0.9996960163116455
210,10,0.5143799781799316,0.46724265813827515,-0.6070466637611389,0.9998584389686584
210,11,0.5428003668785095,0.4862578511238098,-0.12153070420026779,0.9995319247245789
210,12,0.3905431628227234,0.47171396017074585,-0.4018729627132416,0.999873161315918
210,13,0.5825604796409607,0.5234276056289673,-0.09515233337879181,0.7349749803543091
210,14,0.3073923885822296,0.5310932397842407,-0.5100372433662415,0.9962016940116882
210,15,0.5968218445777893,0.534289538860321,-0.40367385745048523,0.8404715061187744
210,16,0.4510899484157562,0.5433374047279358,-0.6555770635604858,0.9871488213539124
210,17,0.6003850102424622,0.5426335334777832,-0.4693848192691803,0.7818547487258911
210,18,0.47739338874816895,0.5489259958267212,-0.7070237398147583,0.9703584909439087
210,19,0.5921995043754578,0.5389177799224854,-0.49649983644485474,0.7939351797103882
210,20,0.48697391152381897,0.5406944751739502,-0.7101601958274841,0.9692278504371643
210,21,0.5854965448379517,0.5357152223587036,-0.42364388704299927,0.776033878326416
210,22,0.48243966698646545,0.5386778712272644,-0.652185320854187,0.9516535997390747
210,23,0.4834733307361603,0.598537027835846,0.08458277583122253,0.9987856149673462
210,24,0.3862933814525604,0.6110368371009827,-0.0843232125043869,0.9988126158714294
210,25,0.5462385416030884,0.6137502193450928,-0.3599279224872589,0.9302681684494019
210,26,0.4295967221260071,0.7089475393295288,-0.25420019030570984,0.9678710699081421
210,27,0.5021048784255981,0.7337691783905029,-0.23642614483833313,0.9134668111801147
210,28,0.43289875984191895,0.8242474794387817,-0.22194090485572815,0.964439332485199
210,29,0.47907230257987976,0.7462459802627563,-0.23079049587249756,0.8878390789031982
210,30,0.4219701588153839,0.8363617062568665,-0.22938121855258942,0.8204307556152344
210,31,0.561302661895752,0.765220582485199,-0.41451025009155273,0.9373801350593567
210,32,0.4711094796657562,0.8542419672012329,-0.4827679395675659,0.9462915062904358
211,0,0.5319325923919678,0.4623390734195709,-0.5877840518951416,0.9998330473899841
211,1,0.5380070805549622,0.453041136264801,-0.5460801720619202,0.999591588973999
211,2,0.5406160354614258,0.453134149312973,-0.5460842847824097,0.9994947910308838
211,3,0.5431703925132751,0.4532206058502197,-0.5461890697479248,0.9994621872901917
211,4,0.5254114866256714,0.4507001042366028,-0.5784342288970947,0.9996853470802307
211,5,0.5182799696922302,0.44893351197242737,-0.5784369111061096,0.9996235966682434
211,6,0.5108609795570374,0.44717350602149963,-0.5784485340118408,0.9996321797370911
211,7,0.5339986085891724,0.45292457938194275,-0.28662386536598206,0.9989863634109497
211,8,0.48912277817726135,0.44522571563720703,-0.43891608715057373,0.9994977712631226
211,9,0.5273659825325012,0.47244930267333984,-0.48531192541122437,0.9996911883354187
211,10,0.5116711854934692,0.46998557448387146,-0.5286427736282349,0.9998591542243958
211,11,0.5420633554458618,0.4870821535587311,-0.08507814258337021,0.9995372891426086
211,12,0.3927168846130371,0.47276273369789124,-0.3764292299747467,0.9998713135719299
211,13,0.5864158868789673,0.5238781571388245,-0.14842192828655243,0.7533116936683655
211,14,0.31104275584220886,0.5342535376548767,-0.47724926471710205,0.9964109063148499
211,15,0.5963840484619141,0.5401517152786255,-0.5389142036437988,0.8477035164833069
211,16,0.4590221047401428,0.5491245985031128,-0.6220284104347229,0.9874818921089172
211,17,0.6001207828521729,0.5480104684829712,-0.6227904558181763,0.7895188927650452
211,18,0.48785531520843506,0.5572137236595154,-0.6768248081207275,0.970475435256958
211,19,0.5913620591163635,0.5435642004013062,-0.6438391804695129,0.8007535338401794
211,20,0.49718284606933594,0.5483755469322205,-0.6771147847175598,0.9693195819854736
211,21,0.5845047235488892,0.5407987236976624,-0.5583086013793945,0.7830901145935059
211,22,0.4902787208557129,0.5458322763442993,-0.618016242980957,0.9514667391777039
211,23,0.4801783263683319,0.5998848676681519,0.08789338916540146,0.9987574219703674
211,24,0.38384386897087097,0.6116185784339905,-0.0876445397734642,0.9987245202064514
211,25,0.546100378036499,0.6186874508857727,-0.3902759253978729,0.9345686435699463
211,26,0.42970946431159973,0.7108095288276672,-0.23304331302642822,0.9688825011253357
211,27,0.5004651546478271,0.7375521659851074,-0.23137912154197693,0.9162346124649048
211,28,0.4328702390193939,0.8242417573928833,-0.11769455671310425,0.9647635817527771
211,29,0.4771239459514618,0.7497559785842896,-0.22181659936904907,0.8928887248039246
211,30,0.42121776938438416,0.8362177014350891,-0.11752840876579285,0.8246527314186096
211,31,0.5564526319503784,0.7737669944763184,-0.40114784240722656,0.9388724565505981
211,32,0.47192975878715515,0.8549216985702515,-0.36378923058509827,0.9451591968536377
212,0,0.5318891406059265,0.45940566062927246,-0.5445658564567566,0.9997928142547607
212,1,0.5377495884895325,0.44919443130493164,-0.501931369304657,0.9995183944702148
212,2,0.5401656627655029,0.4492899775505066,-0.5019297003746033,0.9994210600852966
212,3,0.5423941612243652,0.4494102895259857,-0.5020023584365845,0.9993835091590881
212,4,0.5254127383232117,0.44747835397720337,-0.5379623770713806,0.9996150732040405
212,5,0.5185942053794861,0.44611477851867676,-0.5379717350006104,0.9995323419570923
212,6,0.5114449262619019,0.44463199377059937,-0.5380100011825562,0.9995434880256653
212,7,0.5316513776779175,0.4494946002960205,-0.2529652416706085,0.9989244341850281
212,8,0.48908886313438416,0.44256821274757385,-0.41658610105514526,0.9993958473205566
212,9,0.5268490314483643,0.4690008759498596,-0.444900244474411,0.9996625781059265
212,10,0.5121996402740479,0.4669896066188812,-0.4941672384738922,0.999846875667572
212,11,0.5419014692306519,0.4887862801551819,-0.06265906244516373,0.9995177388191223
212,12,0.39503708481788635,0.4713676869869232,-0.3417102098464966,0.9998642802238464
212,13,0.5875898003578186,0.5319438576698303,-0.1450010985136032,0.7662464380264282
212,14,0.31281399726867676,0.535266637802124,-0.4625566303730011,0.9964604377746582
212,15,0.5952402949333191,0.5447399020195007,-0.5579978227615356,0.845170795917511
212,16,0.45646998286247253,0.5521137118339539,-0.6322310566902161,0.987162709236145
212,17,0.5977778434753418,0.5531617999076843,-0.6470672488212585,0.7858788371086121
212,18,0.4844938814640045,0.5617921948432922,-0.6922746896743774,0.9697839617729187
212,19,0.5881907343864441,0.5480223894119263,-0.669237494468689,0.7966711521148682
212,20,0.4946467876434326,0.5538253784179688,-0.6924893856048584,0.9685615301132202
212,21,0.5824411511421204,0.5453500151634216,-0.578567385673523,0.7783332467079163
212,22,0.4884379506111145,0.550801157951355,-0.6294296383857727,0.949667751789093
212,23,0.478116899728775,0.6000643372535706,0.08992031216621399,0.9987078905105591
212,24,0.3818073570728302,0.6125549674034119,-0.0896696224808693,0.9986015558242798
212,25,0.5477393865585327,0.6231293678283691,-0.43747249245643616,0.9380438923835754
212,26,0.4298819303512573,0.712074875831604,-0.20558755099773407,0.9690746068954468
212,27,0.500174343585968,0.7429604530334473,-0.3078495264053345,0.9178599119186401
212,28,0.43298712372779846,0.8242685198783875,-0.06451208144426346,0.9640527367591858
212,29,0.4756120443344116,0.7544702291488647,-0.3011196255683899,0.8979912400245667
212,30,0.42508649826049805,0.838640034198761,-0.06356347352266312,0.8274510502815247
212,31,0.5541675090789795,0.7783628702163696,-0.4914054572582245,0.9399077892303467
212,32,0.46951672434806824,0.8538972735404968,-0.31162214279174805,0.9418110251426697
213,0,0.5317742228507996,0.45212048292160034,-0.41293713450431824,0.9997640252113342
213,1,0.5367744565010071,0.442068487405777,-0.3760410249233246,0.9994484782218933
213,2,0.5388554334640503,0.44223102927207947,-0.3761216402053833,0.9993458986282349
213,3,0.5408284068107605,0.4423765242099762,-0.3762229382991791,0.9993165731430054
213,4,0.5250378251075745,0.4403223991394043,-0.41181281208992004,0.9995501637458801
213,5,0.5187296271324158,0.4390583038330078,-0.41179656982421875,0.9994449019432068
213,6,0.5113465785980225,0.4375927448272705,-0.4118633568286896,0.9994545578956604
213,7,0.5284202098846436,0.44258299469947815,-0.1543864607810974,0.9988522529602051
213,8,0.4873100817203522,0.4357236921787262,-0.3158366084098816,0.9992539286613464
213,9,0.5259723663330078,0.4622136652469635,-0.32488468289375305,0.9996457099914551
213,10,0.5123973488807678,0.4601370692253113,-0.3719754219055176,0.9998334050178528
213,11,0.5408225655555725,0.4870750904083252,0.013273641467094421,0.9995285868644714
213,12,0.3943421244621277,0.46923455595970154,-0.2628815472126007,0.9998480081558228
213,13,0.5851535201072693,0.5329391956329346,0.0005340214702300727,0.7768818140029907
213,14,0.33014070987701416,0.5352464318275452,-0.33238136768341064,0.9961397051811218
213,15,0.594115138053894,0.5548023581504822,-0.4102436900138855,0.8468921184539795
213,16,0.4616127014160156,0.5621541738510132,-0.4549615681171417,0.9858525395393372
213,17,0.5933091640472412,0.5600563287734985,-0.5550771355628967,0.7884763479232788
213,18,0.4861176013946533,0.5699527263641357,-0.5077252984046936,0.9677988290786743
213,19,0.5830857753753662,0.5529751777648926,-0.5478820204734802,0.7991762757301331
213,20,0.4960595965385437,0.5622122287750244,-0.5205555558204651,0.9664740562438965
213,21,0.578020453453064,0.5508086681365967,-0.42399269342422485,0.7800555229187012
213,22,0.48967793583869934,0.5585416555404663,-0.45637479424476624,0.9462001919746399
213,23,0.47792091965675354,0.6006520986557007,0.09005461633205414,0.998645007610321
213,24,0.3819526135921478,0.6127175092697144,-0.08991243690252304,0.9984142780303955
213,25,0.5486182570457458,0.6295053362846375,-0.38357415795326233,0.9408023953437805
213,26,0.42953068017959595,0.7130830883979797,-0.19372791051864624,0.9687859416007996
213,27,0.4924524426460266,0.7472058534622192,-0.2178567498922348,0.9183120727539062
213,28,0.43314242362976074,0.8243941068649292,-0.035213831812143326,0.9636745452880859
213,29,0.47241610288619995,0.7582463026046753,-0.20810866355895996,0.8996657133102417
213,30,0.42500776052474976,0.8400592803955078,-0.028472723439335823,0.8292903900146484
213,31,0.5340787768363953,0.784324586391449,-0.3881851136684418,0.9396485686302185
213,32,0.4660983085632324,0.8543409109115601,-0.2870340645313263,0.9399383068084717
214,0,0.5305742621421814,0.44868430495262146,-0.4470619559288025,0.9997744560241699
214,1,0.5362056493759155,0.43879976868629456,-0.40717408061027527,0.9994679689407349
214,2,0.5383612513542175,0.43890199065208435,-0.40716615319252014,0.9993714690208435
214,3,0.5401895642280579,0.4388580322265625,-0.40724977850914,0.9993430376052856
214,4,0.5235585570335388,0.43537941575050354,-0.44442299008369446,0.9995607137680054
214,5,0.5168151259422302,0.43320268392562866,-0.4444204866886139,0.9994587302207947
214,6,0.509394645690918,0.4311947226524353,-0.44447988271713257,0.9994629621505737
214,7,0.525764524936676,0.43698129057884216,-0.17270812392234802,0.9988957643508911
214,8,0.4862540662288666,0.4294276237487793,-0.3317170739173889,0.9992640018463135
214,9,0.5233234167098999,0.4568611979484558,-0.3498779833316803,0.9996646046638489
214,10,0.509968101978302,0.4545654356479645,-0.4008486866950989,0.9998413324356079
214,11,0.5324652194976807,0.4789833128452301,-0.017759205773472786,0.9995665550231934
214,12,0.39355817437171936,0.4662993848323822,-0.29136452078819275,0.9998481869697571
214,13,0.5837284922599792,0.532859206199646,-0.016643540933728218,0.7940841913223267
214,14,0.337352454662323,0.538371741771698,-0.3705400824546814,0.9961862564086914
214,15,0.5929027795791626,0.5641772150993347,-0.35406622290611267,0.8594608902931213
214,16,0.45995861291885376,0.5705233812332153,-0.4609207212924957,0.9861379861831665
214,17,0.5915948152542114,0.57691890001297,-0.4397468566894531,0.8049453496932983
214,18,0.4844866394996643,0.582419216632843,-0.5153990983963013,0.9686703681945801
214,19,0.5804985165596008,0.5724908113479614,-0.4700782299041748,0.8147948384284973
214,20,0.4958997070789337,0.5760597586631775,-0.5340795516967773,0.9673862457275391
214,21,0.5748342871665955,0.5679736137390137,-0.37593793869018555,0.796618640422821
214,22,0.4904179573059082,0.5707563161849976,-0.4639533460140228,0.9475036859512329
214,23,0.47636908292770386,0.6012278199195862,0.09138983488082886,0.9986904859542847
214,24,0.3820083737373352,0.6119676828384399,-0.091269850730896,0.998426079750061
214,25,0.5479176640510559,0.6507654786109924,-0.29743483662605286,0.9429281949996948
214,26,0.4293827414512634,0.713596761226654,-0.2007860243320465,0.969181478023529
214,27,0.48721110820770264,0.7556524276733398,-0.12595772743225098,0.9190254211425781
214,28,0.4336431324481964,0.8241276741027832,-0.06786547601222992,0.9643166661262512
214,29,0.4659886360168457,0.7695704698562622,-0.11634508520364761,0.9009127616882324
214,30,0.4251912832260132,0.8400166630744934,-0.0677475705742836,0.8314977288246155
214,31,0.5290480256080627,0.7985333204269409,-0.26681026816368103,0.9399449825286865
214,32,0.46357205510139465,0.8536379933357239,-0.30051663517951965,0.9404781460762024
215,0,0.5263044834136963,0.43623286485671997,-0.4547121822834015,0.999778151512146
215,1,0.5309551954269409,0.4265693724155426,-0.4294322431087494,0.9994606375694275
215,2,0.5323731899261475,0.4264410436153412,-0.4294915497303009,0.9993641376495361
215,3,0.5334807634353638,0.4261891841888428,-0.42955318093299866,0.9993404150009155
215,4,0.5196868181228638,0.4237862527370453,-0.4716128408908844,0.9995518326759338
215,5,0.5138013362884521,0.42165717482566833,-0.47163745760917664,0.9994503855705261
215,6,0.5061697959899902,0.4194033145904541,-0.47172126173973083,0.999447762966156
215,7,0.515190839767456,0.42398422956466675,-0.23117858171463013,0.9988705515861511
215,8,0.4782622456550598,0.4171415865421295,-0.41188108921051025,0.9992361068725586
215,9,0.5182338953018188,0.44451195001602173,-0.3781835734844208,0.9996758699417114
215,10,0.5065494179725647,0.4427255094051361,-0.4340864419937134,0.9998455047607422
215,11,0.5201953649520874,0.4706123471260071,-0.05762491747736931,0.9996031522750854
215,12,0.3854796886444092,0.46131807565689087,-0.395477294921875,0.9998536109924316
215,13,0.563819169998169,0.5322718620300293,-0.018200945109128952,0.8088660836219788
215,14,0.3451281189918518,0.5424744486808777,-0.4408979117870331,0.9961369633674622
215,15,0.586061954498291,0.5728650093078613,-0.2786765396595001,0.8710002303123474
215,16,0.4633733630180359,0.5869843363761902,-0.4991550147533417,0.9862120747566223
215,17,0.5886345505714417,0.589602530002594,-0.34450072050094604,0.8199822902679443
215,18,0.48414146900177,0.6044648885726929,-0.5549358129501343,0.9692177176475525
215,19,0.579478919506073,0.5864779949188232,-0.3886185586452484,0.8290976285934448
215,20,0.4985933005809784,0.5943435430526733,-0.5709450244903564,0.9679583311080933
215,21,0.5731889605522156,0.5812665820121765,-0.30349618196487427,0.8118953108787537
215,22,0.4948650300502777,0.5886753797531128,-0.5018832683563232,0.9484119415283203
215,23,0.47610169649124146,0.6024467349052429,0.09741980582475662,0.9987097382545471
215,24,0.3822631537914276,0.6127503514289856,-0.09733215719461441,0.9984438419342041
215,25,0.5413632988929749,0.6693934202194214,-0.15032242238521576,0.9432807564735413
215,26,0.42296653985977173,0.7169291377067566,-0.18683293461799622,0.9688255190849304
215,27,0.48214858770370483,0.7697247266769409,0.09445680677890778,0.9159057140350342
215,28,0.4331987500190735,0.8241618275642395,-0.03912933170795441,0.9640946388244629
215,29,0.4580170512199402,0.7834538221359253,0.11245317757129669,0.8980357646942139
215,30,0.4232448637485504,0.840232253074646,-0.03712960705161095,0.8314045071601868
215,31,0.5256295800209045,0.8108993768692017,-0.028678515926003456,0.9379326701164246
215,32,0.46199095249176025,0.8545743823051453,-0.22489532828330994,0.9405725002288818
216,0,0.5154438018798828,0.42374029755592346,-0.48886942863464355,0.9997888803482056
216,1,0.5194097757339478,0.413393497467041,-0.4651537537574768,0.9994697570800781
216,2,0.5209411978721619,0.41340190172195435,-0.46518146991729736,0.9993748068809509
216,3,0.5221688747406006,0.4133027195930481,-0.4652053713798523,0.999355137348175
216,4,0.5078708529472351,0.41137203574180603,-0.5083885788917542,0.999562680721283
216,5,0.5015687346458435,0.40995606780052185,-0.5084262490272522,0.9994676113128662
216,6,0.49401551485061646,0.4083375334739685,-0.5085085034370422,0.9994602203369141
216,7,0.5053659081459045,0.41293081641197205,-0.26956725120544434,0.9988845586776733
216,8,0.4636135995388031,0.40753173828125,-0.46235597133636475,0.9992532730102539
216,9,0.5100845694541931,0.4329911172389984,-0.4112606942653656,0.9996938705444336
216,10,0.4968021810054779,0.43087631464004517,-0.46894150972366333,0.9998533725738525
216,11,0.5086854696273804,0.46104711294174194,-0.07119812816381454,0.9996378421783447
216,12,0.37528160214424133,0.4581295847892761,-0.4508707821369171,0.9998638033866882
216,13,0.5432509183883667,0.5322171449661255,0.04008081182837486,0.8227871656417847
216,14,0.35624372959136963,0.5427340269088745,-0.4963703155517578,0.9961527585983276
216,15,0.5772079229354858,0.5799566507339478,-0.11132404208183289,0.8819288611412048
216,16,0.4620639681816101,0.5952879190444946,-0.5387611389160156,0.9865679144859314
216,17,0.5861613154411316,0.5989664793014526,-0.15581481158733368,0.8340862989425659
216,18,0.48329123854637146,0.614694356918335,-0.6007482409477234,0.9702121615409851
216,19,0.5779277086257935,0.598425030708313,-0.2111629694700241,0.842534065246582
216,20,0.4979511797428131,0.6070312261581421,-0.6239281892776489,0.9689711332321167
216,21,0.5698428153991699,0.5927695035934448,-0.13841532170772552,0.8263616561889648
216,22,0.49357524514198303,0.6001145839691162,-0.5457661747932434,0.9499847888946533
216,23,0.47630468010902405,0.6048908829689026,0.1028161570429802,0.9987045526504517
216,24,0.3876942992210388,0.6150739192962646,-0.10272029042243958,0.9984923005104065
216,25,0.5350223183631897,0.6850115060806274,0.00651787593960762,0.942108154296875
216,26,0.4142512083053589,0.7206488847732544,-0.1790163815021515,0.9687211513519287
216,27,0.4782540202140808,0.7823840379714966,0.3254815638065338,0.9093953371047974
216,28,0.4323551654815674,0.823858916759491,0.011655399575829506,0.9641535878181458
216,29,0.4530644714832306,0.7934703230857849,0.34995776414871216,0.8931649327278137
216,30,0.420834481716156,0.8401986956596375,0.018490271642804146,0.8326863646507263
216,31,0.526570200920105,0.8208085298538208,0.21382558345794678,0.9340571761131287
216,32,0.4620761573314667,0.8572114706039429,-0.19085024297237396,0.9415820837020874
217,0,0.5040443539619446,0.41483980417251587,-0.535514235496521,0.9997866749763489
217,1,0.5089337825775146,0.404518187046051,-0.5026813745498657,0.9994391798973083
217,2,0.5114992260932922,0.40476757287979126,-0.5027434825897217,0.9993294477462769
217,3,0.5137290954589844,0.40499648451805115,-0.5027852654457092,0.9993126392364502
217,4,0.49545058608055115,0.40239739418029785,-0.547156035900116,0.9995450377464294
217,5,0.487705260515213,0.4010224938392639,-0.5472130179405212,0.9994534254074097
217,6,0.4792787432670593,0.3996637463569641,-0.5473315715789795,0.9994415640830994
217,7,0.5003892779350281,0.4065493643283844,-0.27943217754364014,0.9987509846687317
217,8,0.45019468665122986,0.3997270166873932,-0.47989150881767273,0.9992280602455139
217,9,0.5011121034622192,0.4253014028072357,-0.445147842168808,0.9996916651725769
217,10,0.484536737203598,0.4229826033115387,-0.5040289163589478,0.9998500347137451
217,11,0.5052298903465271,0.4578615725040436,-0.05723235383629799,0.9996577501296997
217,12,0.3688182830810547,0.4575868248939514,-0.46540915966033936,0.9998640418052673
217,13,0.5301005244255066,0.5319498181343079,0.08132573962211609,0.8217087388038635
217,14,0.36975908279418945,0.5444912910461426,-0.5054633021354675,0.9958127737045288
217,15,0.5637772083282471,0.5853054523468018,-0.09482309222221375,0.8858643770217896
217,16,0.45753681659698486,0.6049101948738098,-0.5900453925132751,0.9858455657958984
217,17,0.5783512592315674,0.6054693460464478,-0.14316429197788239,0.8382852673530579
217,18,0.473356157541275,0.6257578730583191,-0.6631524562835693,0.969404935836792
217,19,0.5726516842842102,0.6050268411636353,-0.20330829918384552,0.8468049168586731
217,20,0.48780936002731323,0.6196646690368652,-0.6924170851707458,0.9681928753852844
217,21,0.562505841255188,0.597839891910553,-0.12592805922031403,0.8307134509086609
217,22,0.4859032928943634,0.6118132472038269,-0.6011476516723633,0.9490443468093872
217,23,0.4803543984889984,0.6100449562072754,0.11151178181171417,0.998708188533783
217,24,0.39198073744773865,0.618756890296936,-0.11140455305576324,0.9984839558601379
217,25,0.5234143733978271,0.7049167156219482,0.05075906217098236,0.9390640258789062
217,26,0.4142008423805237,0.7269659638404846,-0.0611911304295063,0.9668367505073547
217,27,0.46960166096687317,0.7931627035140991,0.4238937497138977,0.9014562964439392
217,28,0.43190082907676697,0.8235355615615845,0.27861765027046204,0.9631190299987793
217,29,0.444516122341156,0.8020859956741333,0.4526008069515228,0.8880124092102051
217,30,0.419525682926178,0.8397423028945923,0.3004377484321594,0.8330201506614685
217,31,0.5130460858345032,0.8288336992263794,0.2957655191421509,0.9303461909294128
217,32,0.4624923765659332,0.8582414388656616,0.08264604955911636,0.9420029520988464
218,0,0.5010488629341125,0.4112807810306549,-0.5256887078285217,0.9997744560241699
218,1,0.5050121545791626,0.400925874710083,-0.49159303307533264,0.999380886554718
218,2,0.5077306032180786,0.40114229917526245,-0.4916079640388489,0.9992428421974182
218,3,0.5101851224899292,0.40135735273361206,-0.49170175194740295,0.9992282390594482
218,4,0.4908234179019928,0.39901092648506165,-0.5296247005462646,0.9995083212852478
218,5,0.48312535881996155,0.3979291021823883,-0.5296596884727478,0.9994164705276489
218,6,0.4740585386753082,0.3966946601867676,-0.5297399163246155,0.999399721622467
218,7,0.4949999451637268,0.40334516763687134,-0.26811483502388,0.9984694123268127
218,8,0.4458658993244171,0.39685681462287903,-0.45266419649124146,0.9991794228553772
218,9,0.49808475375175476,0.4218820035457611,-0.43606117367744446,0.9996758103370667
218,10,0.4812905490398407,0.4200737476348877,-0.48677727580070496,0.999839723110199
218,11,0.5031119585037231,0.4584554135799408,-0.023853685706853867,0.9996706247329712
218,12,0.3676200807094574,0.45606622099876404,-0.43778151273727417,0.9998621940612793
218,13,0.5238875150680542,0.5319877862930298,0.12544266879558563,0.8176403045654297
218,14,0.36993858218193054,0.5448512434959412,-0.48134300112724304,0.9950482845306396
218,15,0.5572868585586548,0.5888938307762146,-0.04123462736606598,0.8888798952102661
218,16,0.4433356523513794,0.6058076620101929,-0.5780782699584961,0.9840847253799438
218,17,0.5730327367782593,0.6091440320014954,-0.08553768694400787,0.8414962887763977
218,18,0.45890679955482483,0.6275964379310608,-0.6476560235023499,0.967043399810791
218,19,0.5677263140678406,0.6086069941520691,-0.14653851091861725,0.85019850730896
218,20,0.4749257266521454,0.6234085559844971,-0.6747574210166931,0.9658488631248474
218,21,0.5570357441902161,0.6014406085014343,-0.07228469848632812,0.8342232704162598
218,22,0.47469812631607056,0.6154671311378479,-0.5861510038375854,0.9461655616760254
218,23,0.483119934797287,0.6140046715736389,0.12038694322109222,0.9987144470214844
218,24,0.39665108919143677,0.6213899850845337,-0.12034369260072708,0.998505175113678
218,25,0.5110352635383606,0.7161487340927124,0.21014949679374695,0.9323586225509644
218,26,0.4129917025566101,0.7279115915298462,-0.005460026673972607,0.9654790163040161
218,27,0.4646172821521759,0.7960596680641174,0.6149370670318604,0.8933214545249939
218,28,0.4314117431640625,0.821654200553894,0.36392831802368164,0.9632005095481873
218,29,0.439433217048645,0.8047361373901367,0.6466140747070312,0.8830063939094543
218,30,0.41890034079551697,0.8360177278518677,0.38936465978622437,0.8377885222434998
218,31,0.5054391026496887,0.8294056057929993,0.4997574985027313,0.9261980056762695
218,32,0.46252381801605225,0.8579047918319702,0.17887155711650848,0.9436509013175964
219,0,0.49903690814971924,0.4103628993034363,-0.5654555559158325,0.9997709393501282
219,1,0.502581775188446,0.39971858263015747,-0.5297300219535828,0.9993492364883423
219,2,0.5052386522293091,0.39983606338500977,-0.5297729969024658,0.9991974830627441
219,3,0.5074658393859863,0.39995336532592773,-0.5298078060150146,0.9991793632507324
219,4,0.4885842502117157,0.398179829120636,-0.5705517530441284,0.9994853734970093
219,5,0.48090502619743347,0.3972129225730896,-0.5705975890159607,0.999398410320282
219,6,0.47181713581085205,0.39610356092453003,-0.57069331407547,0.9993777275085449
219,7,0.4911149740219116,0.40175795555114746,-0.2943940758705139,0.9983246326446533
219,8,0.4444970488548279,0.3958323895931244,-0.48345836997032166,0.9991334676742554
219,9,0.49565041065216064,0.42139238119125366,-0.47064557671546936,0.9996622800827026
219,10,0.47955554723739624,0.41989487409591675,-0.5249691605567932,0.9998273253440857
219,11,0.5036569833755493,0.4570281505584717,-0.05887506157159805,0.9996810555458069
219,12,0.3649970591068268,0.4562671184539795,-0.4497207999229431,0.9998481273651123
219,13,0.5237041711807251,0.5317124128341675,0.08982975035905838,0.8138715624809265
219,14,0.3746384382247925,0.5464665293693542,-0.4779553711414337,0.9940246939659119
219,15,0.5538532733917236,0.5880275964736938,-0.0682988241314888,0.8906875252723694
219,16,0.4380854666233063,0.6059865355491638,-0.5783302187919617,0.9805395603179932
219,17,0.567444384098053,0.6075190901756287,-0.1107475683093071,0.842802107334137
219,18,0.4519694745540619,0.6275016069412231,-0.650215208530426,0.961834192276001
219,19,0.5630329251289368,0.6073414087295532,-0.17072084546089172,0.8517425060272217
219,20,0.46802231669425964,0.6242874264717102,-0.6797534823417664,0.9607285261154175
219,21,0.5536096096038818,0.6006985306739807,-0.09805061668157578,0.8356388211250305
219,22,0.46716099977493286,0.6158536672592163,-0.5894445776939392,0.9398869276046753
219,23,0.48700642585754395,0.6141250133514404,0.11536924540996552,0.9987091422080994
219,24,0.3982696235179901,0.6222456693649292,-0.11540794372558594,0.998499870300293
219,25,0.5078426003456116,0.7049075365066528,0.16488879919052124,0.9305823445320129
219,26,0.41110122203826904,0.7270323038101196,0.016767218708992004,0.9645960927009583
219,27,0.4646438658237457,0.7913707494735718,0.5799331068992615,0.8905130624771118
219,28,0.43136659264564514,0.8191794157028198,0.3882850706577301,0.9632607698440552
219,29,0.4420505464076996,0.7997049689292908,0.6132102608680725,0.8789481520652771
219,30,0.41898754239082336,0.8319624066352844,0.41419076919555664,0.839990496635437
219,31,0.500619649887085,0.8246051073074341,0.45738574862480164,0.9250641465187073
219,32,0.462571918964386,0.8585125207901001,0.19994451105594635,0.9448666572570801
220,0,0.5004092454910278,0.41003304719924927,-0.5539635419845581,0.9997817277908325
220,1,0.5036289691925049,0.39992278814315796,-0.5220597982406616,0.9993737936019897
220,2,0.5059971809387207,0.40015825629234314,-0.5221213698387146,0.9992299675941467
220,3,0.5080922245979309,0.400393009185791,-0.52228844165802,0.9992132186889648
220,4,0.4902476370334625,0.3983672857284546,-0.5603189468383789,0.9995017051696777
220,5,0.48284098505973816,0.3975025415420532,-0.5604248046875,0.9994179010391235
220,6,0.47407469153404236,0.3965604603290558,-0.5605177283287048,0.9993904232978821
220,7,0.4919459819793701,0.4021638333797455,-0.27794310450553894,0.9984181523323059
220,8,0.44730156660079956,0.39611130952835083,-0.46245071291923523,0.9991371035575867
220,9,0.49682146310806274,0.42087268829345703,-0.45503494143486023,0.9996810555458069
220,10,0.4808744192123413,0.41943734884262085,-0.5080664753913879,0.9998336434364319
220,11,0.5046550035476685,0.4570010304450989,-0.05939188972115517,0.9997009634971619
220,12,0.36399930715560913,0.45567625761032104,-0.4294179379940033,0.9998388886451721
220,13,0.5274598598480225,0.5315276980400085,0.08136284351348877,0.8240891695022583
220,14,0.37492066621780396,0.5481046438217163,-0.47235357761383057,0.9939547181129456
220,15,0.5567178130149841,0.5865182876586914,-0.11536981910467148,0.8984217643737793
220,16,0.4428665041923523,0.6051890254020691,-0.552411675453186,0.9807279109954834
220,17,0.5693075656890869,0.6052902936935425,-0.1627543717622757,0.8528738617897034
220,18,0.4530705213546753,0.6263425946235657,-0.6139578223228455,0.9623451232910156
220,19,0.5639252662658691,0.6048649549484253,-0.21774989366531372,0.8612842559814453
220,20,0.4690849184989929,0.6216001510620117,-0.6410115957260132,0.9612637758255005
220,21,0.5546455979347229,0.5985613465309143,-0.14310896396636963,0.8458134531974792
220,22,0.46751466393470764,0.6132620573043823,-0.5615525841712952,0.9406881332397461
220,23,0.4872359335422516,0.613949716091156,0.10523723065853119,0.9987320303916931
220,24,0.39796075224876404,0.6218101382255554,-0.1050756573677063,0.9984689354896545
220,25,0.5158328413963318,0.6988765001296997,-0.1776280254125595,0.9347284436225891
220,26,0.4111749827861786,0.7276362180709839,-0.042939577251672745,0.9637803435325623
220,27,0.46330490708351135,0.781471848487854,0.17634576559066772,0.8903191089630127
220,28,0.4314126670360565,0.8194983601570129,0.24209213256835938,0.9623345136642456
220,29,0.43810755014419556,0.7905570268630981,0.20637206733226776,0.8798582553863525
220,30,0.41900762915611267,0.8323215246200562,0.25887206196784973,0.8369340896606445
220,31,0.49807509779930115,0.8194720149040222,0.06186690181493759,0.9254242181777954
220,32,0.46261999011039734,0.858512282371521,0.04106273874640465,0.9435858726501465
221,0,0.5006968379020691,0.41239744424819946,-0.4502761960029602,0.9997912049293518
221,1,0.5042288303375244,0.40229734778404236,-0.4175136685371399,0.9993965029716492
221,2,0.5065761804580688,0.4025649130344391,-0.41755425930023193,0.9992547035217285
221,3,0.5086888074874878,0.4027866721153259,-0.4176037609577179,0.999241054058075
221,4,0.490493506193161,0.40062642097473145,-0.4577374756336212,0.9995186924934387
221,5,0.4830752909183502,0.3996499180793762,-0.4577533006668091,0.9994344115257263
221,6,0.47507721185684204,0.39857107400894165,-0.4578345715999603,0.9994067549705505
221,7,0.4922613501548767,0.4042171835899353,-0.20973533391952515,0.9984907507896423
221,8,0.45033755898475647,0.3977501690387726,-0.39544999599456787,0.9991517663002014
221,9,0.49720099568367004,0.4230778217315674,-0.3654896318912506,0.9996970891952515
221,10,0.48099517822265625,0.42103639245033264,-0.4190453886985779,0.999840497970581
221,11,0.5043325424194336,0.4564579129219055,-0.027934884652495384,0.9997212290763855
221,12,0.3649921119213104,0.4524725079536438,-0.38303807377815247,0.9998414516448975
221,13,0.5307909846305847,0.529270350933075,0.08525300025939941,0.8323266506195068
221,14,0.3715095520019531,0.5471811890602112,-0.42501071095466614,0.994158923625946
221,15,0.5575808882713318,0.5844382643699646,-0.09051275998353958,0.9058269262313843
221,16,0.44684261083602905,0.6025682091712952,-0.4811260998249054,0.981820821762085
221,17,0.5696418285369873,0.6020060777664185,-0.1359647810459137,0.8627808094024658
221,18,0.4568120241165161,0.622879147529602,-0.5349421501159668,0.9643620252609253
221,19,0.5642067790031433,0.6011406779289246,-0.18839626014232635,0.8706150054931641
221,20,0.4720262885093689,0.6165186762809753,-0.5527697205543518,0.9633321762084961
221,21,0.555131196975708,0.5952452421188354,-0.11665840446949005,0.8558660745620728
221,22,0.4697832763195038,0.6090694069862366,-0.48501595854759216,0.9438086152076721
221,23,0.4876059591770172,0.6138092279434204,0.09756442904472351,0.9987941980361938
221,24,0.3977324068546295,0.6217266917228699,-0.09733252972364426,0.9985107779502869
221,25,0.5276632308959961,0.6809172034263611,-0.26210060715675354,0.938630998134613
221,26,0.4112272560596466,0.727249801158905,-0.0656382367014885,0.9615526795387268
221,27,0.45860350131988525,0.7697064280509949,0.01974830962717533,0.8899986743927002
221,28,0.43227726221084595,0.8196837306022644,0.20764043927192688,0.9607987999916077
221,29,0.4296279549598694,0.7793537974357605,0.04323501139879227,0.8807675242424011
221,30,0.4302416145801544,0.832283616065979,0.22295375168323517,0.8331297039985657
221,31,0.4889738857746124,0.8177053332328796,-0.0980328768491745,0.9254081845283508
221,32,0.46057990193367004,0.8584922552108765,0.01324619073420763,0.941868245601654
222,0,0.5061286687850952,0.4125065803527832,-0.3645239472389221,0.9997724294662476
222,1,0.5094307661056519,0.40252894163131714,-0.3287087082862854,0.9993373155593872
222,2,0.5112881064414978,0.4027610719203949,-0.3287789821624756,0.9991860389709473
222,3,0.5130544900894165,0.40300482511520386,-0.328811377286911,0.999177873134613
222,4,0.49748504161834717,0.40079647302627563,-0.3710821270942688,0.9994657039642334
222,5,0.49052339792251587,0.39978140592575073,-0.3710682690143585,0.9993625283241272
222,6,0.482629656791687,0.39890244603157043,-0.3712019622325897,0.9993289113044739
222,7,0.49799644947052,0.40441593527793884,-0.12168923765420914,0.9984191060066223
222,8,0.4599970579147339,0.3991052508354187,-0.3139740228652954,0.9990355372428894
222,9,0.501031756401062,0.4237622618675232,-0.2810434401035309,0.9996840357780457
222,10,0.4861307740211487,0.4216662347316742,-0.3366911709308624,0.9998310804367065
222,11,0.5051655769348145,0.4571271538734436,0.037812307476997375,0.999731719493866
222,12,0.36681586503982544,0.4515531659126282,-0.32167503237724304,0.9998449087142944
222,13,0.5352875590324402,0.5284406542778015,0.07549743354320526,0.836371898651123
222,14,0.369091659784317,0.5427864789962769,-0.39391136169433594,0.9943251609802246
222,15,0.559438943862915,0.5812680721282959,-0.19048812985420227,0.9106867909431458
222,16,0.4640066921710968,0.6008952856063843,-0.447809100151062,0.9827044010162354
222,17,0.569755494594574,0.5983524918556213,-0.25251305103302,0.869856059551239
222,18,0.47921425104141235,0.6197968125343323,-0.5026089549064636,0.9660065770149231
222,19,0.5656657218933105,0.5962936878204346,-0.2978422939777374,0.8771912455558777
222,20,0.49575287103652954,0.6130248308181763,-0.5177086591720581,0.9649822115898132
222,21,0.5570811629295349,0.5924440026283264,-0.21650996804237366,0.8627501130104065
222,22,0.49225252866744995,0.6071723699569702,-0.4494911730289459,0.9460708498954773
222,23,0.4877831041812897,0.6129754185676575,0.09805240482091904,0.9988422393798828
222,24,0.39766180515289307,0.6210593581199646,-0.09783279895782471,0.9985615611076355
222,25,0.5413380265235901,0.6609741449356079,-0.2791232168674469,0.9427086114883423
222,26,0.41180047392845154,0.7278145551681519,-0.07136890292167664,0.9619645476341248
222,27,0.46040284633636475,0.7556977272033691,0.004423586651682854,0.8919548392295837
222,28,0.4337609112262726,0.8244376182556152,0.19702568650245667,0.9615729451179504
222,29,0.4328565001487732,0.7629231810569763,0.028176195919513702,0.8839672803878784
222,30,0.43089166283607483,0.8388551473617554,0.2098129540681839,0.835951566696167
222,31,0.4940260946750641,0.7986254096031189,-0.11511313915252686,0.9270843267440796
222,32,0.4598521888256073,0.8588391542434692,0.01074729859828949,0.9426158666610718
223,0,0.5188494920730591,0.42027902603149414,-0.2757827341556549,0.99977707862854
223,1,0.5217058658599854,0.41109710931777954,-0.23889632523059845,0.9993597865104675
223,2,0.5233321785926819,0.4112927317619324,-0.23897235095500946,0.99921715259552
223,3,0.5244811177253723,0.4114502966403961,-0.23900775611400604,0.999211311340332
223,4,0.5094556212425232,0.4088732600212097,-0.2776920199394226,0.999478816986084
223,5,0.5020542740821838,0.40721917152404785,-0.27765974402427673,0.9993762969970703
223,6,0.49436527490615845,0.40553292632102966,-0.27774563431739807,0.9993438720703125
223,7,0.509093701839447,0.4119506776332855,-0.03630907088518143,0.998511552810669
223,8,0.4709695279598236,0.4061385989189148,-0.2120053768157959,0.9990509748458862
223,9,0.512858510017395,0.43101802468299866,-0.19578702747821808,0.9996958374977112
223,10,0.4989127218723297,0.4281902313232422,-0.24673189222812653,0.9998363852500916
223,11,0.5130628943443298,0.46120327711105347,0.10476955026388168,0.9997438788414001
223,12,0.3800438344478607,0.4517434537410736,-0.22648906707763672,0.9998525977134705
223,13,0.552564263343811,0.5278360843658447,0.09869091212749481,0.8410016298294067
223,14,0.36764636635780334,0.5363695621490479,-0.32061463594436646,0.9944727420806885
223,15,0.5748502016067505,0.5691573023796082,-0.19282075762748718,0.915190577507019
223,16,0.46911340951919556,0.5812333226203918,-0.4051021933555603,0.9835949540138245
223,17,0.5820801854133606,0.5820109248161316,-0.25675109028816223,0.8765987157821655
223,18,0.4870051145553589,0.6002210378646851,-0.45609134435653687,0.9677069783210754
223,19,0.5746988654136658,0.5795177221298218,-0.29672864079475403,0.8834512233734131
223,20,0.5057001709938049,0.5927993059158325,-0.4702388048171997,0.9667068719863892
223,21,0.5674995183944702,0.5757290124893188,-0.21690821647644043,0.8690396547317505
223,22,0.5012603998184204,0.5871723890304565,-0.4063446521759033,0.948414146900177
223,23,0.4892819821834564,0.6084786653518677,0.09891665726900101,0.9988914728164673
223,24,0.3981077969074249,0.6173912882804871,-0.09866049885749817,0.9986159801483154
223,25,0.559385359287262,0.6324917078018188,-0.33790430426597595,0.9462906718254089
223,26,0.4192690849304199,0.7241153717041016,-0.13006417453289032,0.9630471467971802
223,27,0.47109726071357727,0.7275754809379578,-0.1141216903924942,0.8933685421943665
223,28,0.4341065585613251,0.8279085159301758,0.05434149131178856,0.9625364542007446
223,29,0.4442356526851654,0.7362539172172546,-0.0955393984913826,0.8871437907218933
223,30,0.4275037944316864,0.8428081274032593,0.06102316081523895,0.8393653631210327
223,31,0.5097322463989258,0.7666734457015991,-0.22308078408241272,0.9285099506378174
223,32,0.4588146209716797,0.8588876724243164,-0.14419524371623993,0.9434118270874023
224,0,0.5292865037918091,0.4335629940032959,-0.3070259690284729,0.9997159838676453
224,1,0.5332165360450745,0.4237724244594574,-0.2910364866256714,0.9992706775665283
224,2,0.5349751114845276,0.4239213466644287,-0.29074302315711975,0.9991362690925598
224,3,0.536522626876831,0.4240625500679016,-0.2901318669319153,0.9991257190704346
224,4,0.5219639539718628,0.42174944281578064,-0.345300555229187,0.9993719458580017
224,5,0.5146656632423401,0.42018890380859375,-0.3455125391483307,0.9992249608039856
224,6,0.5062803626060486,0.41812777519226074,-0.34559157490730286,0.9991905689239502
224,7,0.5228312015533447,0.4240085184574127,-0.11089372634887695,0.9984661936759949
224,8,0.4805848300457001,0.417351633310318,-0.30262869596481323,0.9987919330596924
224,9,0.5238782167434692,0.44413208961486816,-0.2346978485584259,0.9996656179428101
224,10,0.5105889439582825,0.4417840540409088,-0.3089551329612732,0.9998160600662231
224,11,0.527779757976532,0.4742746353149414,0.009904269129037857,0.9997224807739258
224,12,0.38538843393325806,0.45565667748451233,-0.26918646693229675,0.999837338924408
224,13,0.5683012008666992,0.5369680523872375,-0.12678571045398712,0.8450009822845459
224,14,0.36364859342575073,0.5346372127532959,-0.3687848448753357,0.9941835999488831
224,15,0.5777060389518738,0.5544743537902832,-0.5832114219665527,0.91382896900177
224,16,0.47396567463874817,0.5684429407119751,-0.5175884962081909,0.9824538826942444
224,17,0.5821954607963562,0.5614606142044067,-0.6804196238517761,0.87583988904953
224,18,0.4977409243583679,0.5797290802001953,-0.5778293013572693,0.9657887816429138
224,19,0.5746893882751465,0.5534502267837524,-0.7022629380226135,0.8823997378349304
224,20,0.5131367444992065,0.5715082287788391,-0.5832712054252625,0.9647181034088135
224,21,0.567816436290741,0.5509727001190186,-0.6033311486244202,0.8662109971046448
224,22,0.50547194480896,0.5670687556266785,-0.5161513686180115,0.9443380236625671
224,23,0.48936623334884644,0.6058913469314575,0.08579935133457184,0.9988524317741394
224,24,0.39791738986968994,0.6158944368362427,-0.0853448435664177,0.9985654354095459
224,25,0.5628895163536072,0.6141710877418518,-0.4498210549354553,0.9499726891517639
224,26,0.42551741003990173,0.7211266756057739,-0.15442822873592377,0.9641258120536804
224,27,0.47756585478782654,0.7136746644973755,-0.24089963734149933,0.8973273038864136
224,28,0.4355548918247223,0.8277162313461304,0.023866748437285423,0.9632068276405334
224,29,0.45121505856513977,0.7222191691398621,-0.22484026849269867,0.8916627168655396
224,30,0.42985010147094727,0.8423547744750977,0.028497571125626564,0.8425412178039551
224,31,0.5184279680252075,0.7519277930259705,-0.3947421610355377,0.9302237629890442
224,32,0.4532299339771271,0.8554953336715698,-0.20797859132289886,0.9418043494224548
225,0,0.5394632816314697,0.446949303150177,-0.39221054315567017,0.999650239944458
225,1,0.5433819890022278,0.43645548820495605,-0.3509923815727234,0.9992120265960693
225,2,0.5448985695838928,0.43655604124069214,-0.3509424030780792,0.9990950226783752
225,3,0.5462728142738342,0.43668851256370544,-0.35094645619392395,0.999079704284668
225,4,0.5345247387886047,0.43484726548194885,-0.3920845091342926,0.9992649555206299
225,5,0.5284342765808105,0.4335843622684479,-0.39216142892837524,0.9990857243537903
225,6,0.5209319591522217,0.43198269605636597,-0.3922417461872101,0.9990447759628296
225,7,0.5321707725524902,0.43595609068870544,-0.12695881724357605,0.9984627962112427
225,8,0.4926953911781311,0.42914319038391113,-0.3263188600540161,0.9986051321029663
225,9,0.5342621207237244,0.45660120248794556,-0.30341094732284546,0.9996427893638611
225,10,0.522072434425354,0.454507976770401,-0.36047372221946716,0.9997994303703308
225,11,0.5386161804199219,0.4890269339084625,-0.029601704329252243,0.9997113347053528
225,12,0.3962933421134949,0.46156781911849976,-0.27872925996780396,0.9998273849487305
225,13,0.5735353827476501,0.550233006477356,-0.18002581596374512,0.8501342535018921
225,14,0.36241433024406433,0.5347368121147156,-0.3787914216518402,0.9936597347259521
225,15,0.578152060508728,0.5461755990982056,-0.6242692470550537,0.9145233035087585
225,16,0.4869809150695801,0.5613736510276794,-0.5459429621696472,0.9797782301902771
225,17,0.5822048783302307,0.5473321676254272,-0.7199963331222534,0.8767963647842407
225,18,0.5210022926330566,0.565697193145752,-0.6021420955657959,0.9605368971824646
225,19,0.5747724175453186,0.5372437834739685,-0.7280749678611755,0.8827796578407288
225,20,0.532360315322876,0.5560707449913025,-0.6031364798545837,0.9592869281768799
225,21,0.5682933330535889,0.5369275808334351,-0.6387876868247986,0.8656231760978699
225,22,0.5206519365310669,0.5536648631095886,-0.5428586602210999,0.9357866048812866
225,23,0.4913797676563263,0.6052999496459961,0.08262563496828079,0.9987476468086243
225,24,0.397966593503952,0.6160069108009338,-0.08215002715587616,0.9984779953956604
225,25,0.5627575516700745,0.5944794416427612,-0.3903846740722656,0.9512289762496948
225,26,0.4289674162864685,0.7150346040725708,-0.185080423951149,0.9640232920646667
225,27,0.4799480438232422,0.6965823173522949,-0.19242684543132782,0.89512699842453
225,28,0.4370552897453308,0.826727569103241,-0.06265862286090851,0.9612207412719727
225,29,0.4547187089920044,0.7060657143592834,-0.17657314240932465,0.889762282371521
225,30,0.4314831495285034,0.8386133313179016,-0.062093399465084076,0.8406504988670349
225,31,0.5184005498886108,0.7375228404998779,-0.33533215522766113,0.9277908802032471
225,32,0.4534262716770172,0.8545419573783875,-0.2957706153392792,0.9365284442901611
226,0,0.5475859045982361,0.4620986580848694,-0.4028891324996948,0.9996117353439331
226,1,0.5536356568336487,0.45160555839538574,-0.36602509021759033,0.9991847276687622
226,2,0.555678129196167,0.4516147971153259,-0.3660286068916321,0.9990784525871277
226,3,0.5572740435600281,0.45162519812583923,-0.36611083149909973,0.9990502595901489
226,4,0.5435044765472412,0.44931739568710327,-0.40390869975090027,0.9992168545722961
226,5,0.5372225642204285,0.44745978713035583,-0.40393540263175964,0.9990302920341492
226,6,0.5296849608421326,0.4453592896461487,-0.4040178060531616,0.9990030527114868
226,7,0.5429539680480957,0.44906288385391235,-0.14528968930244446,0.9984853267669678
226,8,0.5027911067008972,0.441840797662735,-0.32097363471984863,0.9985696077346802
226,9,0.5429836511611938,0.47122722864151,-0.3157549500465393,0.999628484249115
226,10,0.5290388464927673,0.46824178099632263,-0.36679407954216003,0.9997902512550354
226,11,0.5507988333702087,0.495717853307724,-0.024311542510986328,0.9996890425682068
226,12,0.40794873237609863,0.4657079577445984,-0.25134509801864624,0.9998310208320618
226,13,0.584226667881012,0.5498014092445374,-0.15690836310386658,0.8514814972877502
226,14,0.3541868329048157,0.5349323153495789,-0.3814629316329956,0.9936278462409973
226,15,0.578407347202301,0.5419389009475708,-0.5546286702156067,0.9080101251602173
226,16,0.48631125688552856,0.5461854338645935,-0.5542088150978088,0.9790153503417969
226,17,0.5819883346557617,0.5399017333984375,-0.6321403384208679,0.866597056388855
226,18,0.5211136937141418,0.5458913445472717,-0.6028592586517334,0.9576025605201721
226,19,0.5747659206390381,0.532701313495636,-0.6278639435768127,0.8713563680648804
226,20,0.5303755402565002,0.5380014181137085,-0.6016299724578857,0.9560895562171936
226,21,0.5683133602142334,0.5328447222709656,-0.5622437000274658,0.8526495695114136
226,22,0.5182574987411499,0.5370399355888367,-0.5463940501213074,0.9308656454086304
226,23,0.4926491975784302,0.6027915477752686,0.07869383692741394,0.9986161589622498
226,24,0.39801329374313354,0.6155320405960083,-0.07825526595115662,0.9983985424041748
226,25,0.5622758269309998,0.5791553258895874,-0.405009925365448,0.9529234766960144
226,26,0.43158239126205444,0.7125285863876343,-0.17681081593036652,0.9643713235855103
226,27,0.49133309721946716,0.6886757016181946,-0.2645129859447479,0.8957535624504089
226,28,0.43698152899742126,0.8258744478225708,-0.08323949575424194,0.9602974653244019
226,29,0.4692084491252899,0.6995006799697876,-0.25423797965049744,0.8906638026237488
226,30,0.43147748708724976,0.8360896110534668,-0.08348878473043442,0.843527615070343
226,31,0.5368062853813171,0.7275465130805969,-0.40497419238090515,0.9276543855667114
226,32,0.45364540815353394,0.8547453880310059,-0.2989824414253235,0.9339122176170349
227,0,0.5506818890571594,0.4738268256187439,-0.41602015495300293,0.999453067779541
227,1,0.557964563369751,0.4634893834590912,-0.390033096075058,0.9989458918571472
227,2,0.5600144267082214,0.4633745551109314,-0.3899717628955841,0.9988399744033813
227,3,0.561913251876831,0.4632419943809509,-0.3901236355304718,0.9987642168998718
227,4,0.5473963618278503,0.4615040421485901,-0.42413559556007385,0.9989840388298035
227,5,0.5410438776016235,0.45992594957351685,-0.4241960644721985,0.9987720847129822
227,6,0.5336902737617493,0.45791226625442505,-0.42427337169647217,0.9987834692001343
227,7,0.5477075576782227,0.45968127250671387,-0.189729705452919,0.9982330203056335
227,8,0.5078043341636658,0.4522082209587097,-0.34841832518577576,0.9983597993850708
227,9,0.5441188812255859,0.48348408937454224,-0.33637163043022156,0.9994896054267883
227,10,0.5299792885780334,0.48025283217430115,-0.3812773525714874,0.9997180700302124
227,11,0.5485929846763611,0.4953601360321045,-0.05618574842810631,0.9995331764221191
227,12,0.4084881544113159,0.47200503945350647,-0.277715265750885,0.9998190999031067
227,13,0.5860313177108765,0.5394972562789917,-0.19450236856937408,0.8404298424720764
227,14,0.3420746922492981,0.5362507104873657,-0.42736512422561646,0.9936426281929016
227,15,0.5779101252555847,0.5343852639198303,-0.5527850985527039,0.8784900903701782
227,16,0.48907390236854553,0.5412554740905762,-0.5489165782928467,0.9776092171669006
227,17,0.5813332200050354,0.5349488854408264,-0.6231663823127747,0.8311160206794739
227,18,0.51966392993927,0.5409144759178162,-0.5796849131584167,0.9528298377990723
227,19,0.5706424117088318,0.5316551923751831,-0.6186233758926392,0.8346250653266907
227,20,0.5303086042404175,0.5344402194023132,-0.5588427186012268,0.9509982466697693
227,21,0.563768744468689,0.5314089059829712,-0.5605390667915344,0.8174311518669128
227,22,0.5174819231033325,0.5340284109115601,-0.5313181281089783,0.9239171147346497
227,23,0.4927963614463806,0.6003957986831665,0.07416163384914398,0.9982988834381104
227,24,0.3980216979980469,0.6154945492744446,-0.07373140752315521,0.9981970191001892
227,25,0.5600851774215698,0.5767205953598022,-0.40275290608406067,0.9528343677520752
227,26,0.4338134229183197,0.711806058883667,-0.17171072959899902,0.9633377194404602
227,27,0.49303126335144043,0.6887575387954712,-0.2929072678089142,0.8910771608352661
227,28,0.43692445755004883,0.8245427012443542,-0.11244213581085205,0.9572721719741821
227,29,0.47254177927970886,0.6999065279960632,-0.285881370306015,0.8891422152519226
227,30,0.4313594400882721,0.8367587924003601,-0.11513116955757141,0.8441351056098938
227,31,0.5382401347160339,0.7206063866615295,-0.4281255006790161,0.9235673546791077
227,32,0.4541299045085907,0.8546785116195679,-0.3214553892612457,0.9280402660369873
228,0,0.5533463954925537,0.47704094648361206,-0.44226986169815063,0.999281644821167
228,1,0.5607873797416687,0.4667856693267822,-0.41493475437164307,0.9987257122993469
228,2,0.5631151795387268,0.46673861145973206,-0.41492435336112976,0.9986157417297363
228,3,0.5653839111328125,0.46667489409446716,-0.41509872674942017,0.9984872937202454
228,4,0.549142599105835,0.4646817147731781,-0.4452962577342987,0.9987484216690063
228,5,0.542149543762207,0.46306195855140686,-0.445326566696167,0.9985201954841614
228,6,0.5344075560569763,0.46101832389831543,-0.44542524218559265,0.9985861778259277
228,7,0.552854597568512,0.46394866704940796,-0.20861366391181946,0.9979758858680725
228,8,0.5093704462051392,0.4557567238807678,-0.35092833638191223,0.9982064962387085
228,9,0.5474948883056641,0.48680299520492554,-0.3598315417766571,0.9993658065795898
228,10,0.5325444340705872,0.4837716519832611,-0.39934682846069336,0.9996697902679443
228,11,0.557700514793396,0.499621719121933,-0.06482843309640884,0.9993888139724731
228,12,0.4105823040008545,0.47381988167762756,-0.2838164269924164,0.999822199344635
228,13,0.5914806723594666,0.5406012535095215,-0.2136792540550232,0.8273338079452515
228,14,0.34067127108573914,0.536289393901825,-0.42890357971191406,0.9937041401863098
228,15,0.5742010474205017,0.5360077619552612,-0.5767991542816162,0.8491063117980957
228,16,0.4889197051525116,0.5398135185241699,-0.545688807964325,0.9768259525299072
228,17,0.576813280582428,0.5386965870857239,-0.650801956653595,0.797763466835022
228,18,0.5210031270980835,0.5404399633407593,-0.5721466541290283,0.9495684504508972
228,19,0.5636557340621948,0.5333564877510071,-0.6395264863967896,0.7996330857276917
228,20,0.5328490138053894,0.5341814756393433,-0.555063784122467,0.9475314021110535
228,21,0.5558732151985168,0.5327026844024658,-0.5819075107574463,0.7830996513366699
228,22,0.5189715623855591,0.5334078073501587,-0.5256868600845337,0.9193723201751709
228,23,0.4927676022052765,0.6007471680641174,0.07657459378242493,0.9976410865783691
228,24,0.3970523774623871,0.6154536604881287,-0.07617384195327759,0.997958242893219
228,25,0.5586081147193909,0.5777096152305603,-0.38218405842781067,0.9492584466934204
228,26,0.4372479319572449,0.7104892134666443,-0.2196149379014969,0.9621415734291077
228,27,0.4991064667701721,0.6891511082649231,-0.18421417474746704,0.8795839548110962
228,28,0.43672066926956177,0.8245648145675659,-0.19679370522499084,0.9534523487091064
228,29,0.4776340126991272,0.7004707455635071,-0.17335034906864166,0.8821806907653809
228,30,0.42989209294319153,0.836834728717804,-0.20196065306663513,0.8437392115592957
228,31,0.5547958612442017,0.7209721803665161,-0.3056586682796478,0.9118334650993347
228,32,0.4556221067905426,0.8547893762588501,-0.4106558561325073,0.9195364117622375
229,0,0.5524313449859619,0.473593533039093,-0.3518470823764801,0.9991618990898132
229,1,0.5611244440078735,0.46413058042526245,-0.3183048665523529,0.9985381364822388
229,2,0.563690721988678,0.46413207054138184,-0.3183419406414032,0.9984042644500732
229,3,0.5659024715423584,0.46404528617858887,-0.318482369184494,0.9982298612594604
229,4,0.548627495765686,0.4616055488586426,-0.34730231761932373,0.9985858201980591
229,5,0.5419993996620178,0.4596537947654724,-0.347275048494339,0.998357355594635
229,6,0.5348182916641235,0.45734065771102905,-0.3473922610282898,0.998462975025177
229,7,0.5541976690292358,0.4617335796356201,-0.1123981773853302,0.9976956248283386
229,8,0.5118234753608704,0.4522012770175934,-0.2449372559785843,0.998151421546936
229,9,0.5465850830078125,0.48300299048423767,-0.2711169421672821,0.9992428421974182
229,10,0.5317742824554443,0.4796108305454254,-0.3098154664039612,0.9996405243873596
229,11,0.5521352887153625,0.49637699127197266,0.014182818122208118,0.9991360306739807
229,12,0.4128827452659607,0.47230619192123413,-0.21569150686264038,0.9998269081115723
229,13,0.5875563025474548,0.5377392172813416,-0.1515769362449646,0.8142943382263184
229,14,0.34247496724128723,0.535750687122345,-0.3710334300994873,0.9936121106147766
229,15,0.5737859606742859,0.5296950340270996,-0.49953189492225647,0.821648120880127
229,16,0.49016740918159485,0.5402591824531555,-0.45562684535980225,0.9760286211967468
229,17,0.5765971541404724,0.5300935506820679,-0.5719324946403503,0.7673659324645996
229,18,0.5200478434562683,0.5415715575218201,-0.49350476264953613,0.9470553398132324
229,19,0.5596014857292175,0.527264416217804,-0.5695112347602844,0.7671242356300354
229,20,0.5301451683044434,0.5361868143081665,-0.4819891154766083,0.9447550773620605
229,21,0.5518302321434021,0.5265439748764038,-0.5065402984619141,0.7523193359375
229,22,0.5174672603607178,0.5352548360824585,-0.4457133710384369,0.9160726070404053
229,23,0.4819968044757843,0.6001611351966858,0.08540157973766327,0.99712735414505
229,24,0.3896157443523407,0.6135360598564148,-0.0850074291229248,0.9977789521217346
229,25,0.5596820116043091,0.5897046327590942,-0.27007055282592773,0.9462409615516663
229,26,0.4386635720729828,0.7096063494682312,-0.21247321367263794,0.9633394479751587
229,27,0.5050641894340515,0.6988863945007324,-0.1407938450574875,0.8714802265167236
229,28,0.43654128909111023,0.8228141665458679,-0.16989922523498535,0.9542277455329895
229,29,0.48508304357528687,0.7084516882896423,-0.13873086869716644,0.8786913752555847
229,30,0.42724278569221497,0.8351122140884399,-0.1734813004732132,0.8487792015075684
229,31,0.5738175511360168,0.7299662828445435,-0.21337208151817322,0.9044321179389954
229,32,0.4622951149940491,0.854716956615448,-0.376202255487442,0.9183954000473022
230,0,0.556620180606842,0.466388463973999,-0.2970391511917114,0.9990604519844055
230,1,0.563417911529541,0.4564328193664551,-0.26075679063796997,0.9983827471733093
230,2,0.5651307702064514,0.45648854970932007,-0.2607898414134979,0.9982235431671143
230,3,0.5665033459663391,0.45648032426834106,-0.2608832120895386,0.9980354905128479
230,4,0.5533865094184875,0.45416808128356934,-0.2991049289703369,0.9984895586967468
230,5,0.5475834608078003,0.45249390602111816,-0.299089252948761,0.9982577562332153
230,6,0.540614128112793,0.4505215585231781,-0.2992438077926636,0.9984082579612732
230,7,0.5515934228897095,0.45464515686035156,-0.05292344465851784,0.9974339604377747
230,8,0.5149005651473999,0.446327269077301,-0.22551098465919495,0.9981098771095276
230,9,0.5496224164962769,0.4757760465145111,-0.21578572690486908,0.9991508722305298
230,10,0.5374308824539185,0.472865492105484,-0.26641976833343506,0.999622642993927
230,11,0.5500578284263611,0.4950130581855774,0.08625218272209167,0.9987987279891968
230,12,0.41409704089164734,0.4717702865600586,-0.21497756242752075,0.9998339414596558
230,13,0.585761547088623,0.5425184965133667,-0.053685642778873444,0.7909322381019592
230,14,0.3448152244091034,0.5288028120994568,-0.3486980199813843,0.9937050938606262
230,15,0.5713410973548889,0.5363904237747192,-0.4267110526561737,0.7848679423332214
230,16,0.4907849133014679,0.5425781011581421,-0.4398707151412964,0.9763479232788086
230,17,0.5725192427635193,0.53852778673172,-0.4992513060569763,0.7316034436225891
230,18,0.5187342166900635,0.5466986894607544,-0.4840170443058014,0.9477928280830383
230,19,0.5490750074386597,0.5238505601882935,-0.4843432903289795,0.7300968170166016
230,20,0.5281211733818054,0.541903555393219,-0.4826259911060333,0.9453787803649902
230,21,0.5446382164955139,0.5245007872581482,-0.4316813051700592,0.7155569791793823
230,22,0.5165140628814697,0.5404648184776306,-0.43460726737976074,0.9163918495178223
230,23,0.47921743988990784,0.6013196706771851,0.1050981804728508,0.9969053864479065
230,24,0.386579304933548,0.6136733293533325,-0.10477281361818314,0.9977238178253174
230,25,0.5606849789619446,0.5899533033370972,-0.2784724235534668,0.9475391507148743
230,26,0.43915247917175293,0.7103338241577148,-0.242942675948143,0.9656191468238831
230,27,0.5013355016708374,0.7168260812759399,-0.1320575624704361,0.8745837807655334
230,28,0.4352053701877594,0.8240982890129089,-0.17055292427539825,0.9569764137268066
230,29,0.4800965487957001,0.7239254713058472,-0.12292468547821045,0.8823515176773071
230,30,0.4248744547367096,0.8376763463020325,-0.173551544547081,0.8581239581108093
230,31,0.5668591260910034,0.7425392270088196,-0.24355827271938324,0.907274603843689
230,32,0.46706944704055786,0.8563843965530396,-0.39775508642196655,0.9226846098899841
231,0,0.5550293922424316,0.46378612518310547,-0.3253338634967804,0.9991135597229004
231,1,0.5613694190979004,0.4546552300453186,-0.2883756756782532,0.998478353023529
231,2,0.563069224357605,0.454838365316391,-0.28846096992492676,0.9983378052711487
231,3,0.5645170211791992,0.4548293948173523,-0.2885619103908539,0.9981606602668762
231,4,0.5512247085571289,0.45164889097213745,-0.32678255438804626,0.9985601305961609
231,5,0.5448751449584961,0.4495108127593994,-0.3267713189125061,0.9983334541320801
231,6,0.5377475023269653,0.44718003273010254,-0.32688695192337036,0.9984593987464905
231,7,0.5496574640274048,0.4502677321434021,-0.07108891010284424,0.99759840965271
231,8,0.5127289891242981,0.4412404000759125,-0.24735982716083527,0.9981830716133118
231,9,0.5472615361213684,0.4719395637512207,-0.24023333191871643,0.9992101788520813
231,10,0.5353102684020996,0.4680542051792145,-0.29170817136764526,0.9996469616889954
231,11,0.5483709573745728,0.4947136342525482,0.06425077468156815,0.9989011287689209
231,12,0.4185881018638611,0.4609054923057556,-0.220528244972229,0.9998435974121094
231,13,0.5821599960327148,0.54501873254776,-0.05768538638949394,0.7969449758529663
231,14,0.34699246287345886,0.518370509147644,-0.36867931485176086,0.9937645792961121
231,15,0.5811876654624939,0.5410122275352478,-0.5421935319900513,0.8006947636604309
231,16,0.4847815930843353,0.5464615821838379,-0.5414818525314331,0.9772119522094727
231,17,0.5843548774719238,0.5418051481246948,-0.6376708149909973,0.7515387535095215
231,18,0.5095723271369934,0.5504322052001953,-0.6036962866783142,0.9502145051956177
231,19,0.5721394419670105,0.5256200432777405,-0.652683436870575,0.7503639459609985
231,20,0.5213772058486938,0.544940710067749,-0.6061551570892334,0.9479036927223206
231,21,0.5672430396080017,0.5275052785873413,-0.5602162480354309,0.7354327440261841
231,22,0.5132348537445068,0.5438245534896851,-0.5398774743080139,0.9195073843002319
231,23,0.48020675778388977,0.602861762046814,0.10575839132070541,0.9970658421516418
231,24,0.387254536151886,0.6137593388557434,-0.10541479289531708,0.9978060722351074
231,25,0.5615056157112122,0.6171455383300781,-0.3063892722129822,0.9502299427986145
231,26,0.4405100643634796,0.7110355496406555,-0.24617385864257812,0.967359721660614
231,27,0.5035020112991333,0.7358025312423706,-0.13358040153980255,0.8804671168327332
231,28,0.4341719448566437,0.825450599193573,-0.1235186755657196,0.958751380443573
231,29,0.4819439649581909,0.7445142865180969,-0.12129482626914978,0.887564480304718
231,30,0.42200130224227905,0.8400861620903015,-0.12281417846679688,0.8622622489929199
231,31,0.569736659526825,0.7609548568725586,-0.2682950496673584,0.9116359949111938
231,32,0.4695861339569092,0.856377899646759,-0.3562512695789337,0.9248595833778381
232,0,0.5528776049613953,0.44538813829421997,-0.2718837857246399,0.9991881847381592
232,1,0.5590537190437317,0.4362419545650482,-0.2347298115491867,0.998605489730835
232,2,0.5608389377593994,0.43647369742393494,-0.2348516285419464,0.9984769225120544
232,3,0.5623723268508911,0.43664073944091797,-0.23491527140140533,0.9983155131340027
232,4,0.5487080216407776,0.43336859345436096,-0.2693704664707184,0.9986759424209595
232,5,0.542177140712738,0.4316113591194153,-0.2693500816822052,0.9984657168388367
232,6,0.5349161624908447,0.4295598566532135,-0.2694152593612671,0.9985769987106323
232,7,0.5482763648033142,0.4345966875553131,-0.02733187936246395,0.9977989792823792
232,8,0.510095477104187,0.427603542804718,-0.1855221688747406,0.9983243346214294
232,9,0.5455818176269531,0.45474082231521606,-0.19179761409759521,0.9992790222167969
232,10,0.5331702828407288,0.4508519172668457,-0.23787008225917816,0.9996773600578308
232,11,0.5435284972190857,0.48373275995254517,0.1045326516032219,0.9989981651306152
232,12,0.4203623831272125,0.45489245653152466,-0.2035347819328308,0.9998538494110107
232,13,0.581459105014801,0.5332425832748413,-0.013182144612073898,0.8003843426704407
232,14,0.3476887047290802,0.5192373394966125,-0.3710041046142578,0.9941312074661255
232,15,0.5893176198005676,0.5447270274162292,-0.45537275075912476,0.8155497312545776
232,16,0.48233041167259216,0.5472227334976196,-0.5402281284332275,0.9787172079086304
232,17,0.5941977500915527,0.557449221611023,-0.5557288527488708,0.7704723477363586
232,18,0.5014172196388245,0.5625391602516174,-0.6037889719009399,0.9536952376365662
232,19,0.5827447772026062,0.5505205392837524,-0.6381102800369263,0.7696517109870911
232,20,0.5165500044822693,0.5581150054931641,-0.6037285923957825,0.9514951109886169
232,21,0.5766989588737488,0.546167254447937,-0.48655372858047485,0.7549148201942444
232,22,0.5121909976005554,0.5536009073257446,-0.537712037563324,0.9247294068336487
232,23,0.47872012853622437,0.6040073037147522,0.11400260776281357,0.9972529411315918
232,24,0.38767707347869873,0.6145237684249878,-0.1136956512928009,0.9979252219200134
232,25,0.5612447261810303,0.6405960917472839,-0.22654373943805695,0.9493221044540405
232,26,0.4395866096019745,0.7141062021255493,-0.2225276082754135,0.9694067239761353
232,27,0.5078571438789368,0.7483949065208435,0.005833808798342943,0.8806520104408264
232,28,0.4331226050853729,0.8265703320503235,-0.11364079266786575,0.9612222909927368
232,29,0.48786434531211853,0.7573546171188354,0.023421600461006165,0.8882051706314087
232,30,0.41912421584129333,0.8421198725700378,-0.1128113865852356,0.8680688738822937
232,31,0.5735412240028381,0.7745305299758911,-0.10250572860240936,0.9126657247543335
232,32,0.46989578008651733,0.8577101826667786,-0.3414427936077118,0.9286203384399414
233,0,0.5516201257705688,0.4322156012058258,-0.2627846598625183,0.9992619752883911
233,1,0.557796835899353,0.4224044680595398,-0.2301996499300003,0.998725950717926
233,2,0.5598453283309937,0.42264610528945923,-0.23029109835624695,0.9986076951026917
233,3,0.5617976188659668,0.4228419363498688,-0.23034894466400146,0.9984633326530457
233,4,0.547085165977478,0.4199744164943695,-0.2678767740726471,0.9987892508506775
233,5,0.5405946373939514,0.418527752161026,-0.26784804463386536,0.998595118522644
233,6,0.5332657098770142,0.41665220260620117,-0.26790329813957214,0.9986926913261414
233,7,0.5439709424972534,0.4213930070400238,-0.04157815873622894,0.9979842305183411
233,8,0.5092951655387878,0.4138332009315491,-0.21307317912578583,0.9984605312347412
233,9,0.5450940728187561,0.4411441385746002,-0.18794284760951996,0.9993438720703125
233,10,0.5319704413414001,0.4387618601322174,-0.23802396655082703,0.9997055530548096
233,11,0.5333519577980042,0.4695430397987366,0.09900324791669846,0.9990938901901245
233,12,0.41760969161987305,0.44619983434677124,-0.22676929831504822,0.9998640418052673
233,13,0.5717173218727112,0.5265892744064331,0.09575927257537842,0.8106915950775146
233,14,0.35156112909317017,0.5182546377182007,-0.32898032665252686,0.9943946599960327
233,15,0.5897106528282166,0.555190920829773,-0.18561050295829773,0.8318320512771606
233,16,0.47398778796195984,0.555890679359436,-0.39484724402427673,0.9798281192779541
233,17,0.594963014125824,0.5720499753952026,-0.2500871419906616,0.7902020215988159
233,18,0.4887091815471649,0.5760339498519897,-0.4462931454181671,0.9562985897064209
233,19,0.5848602056503296,0.5674459934234619,-0.29442882537841797,0.7896637320518494
233,20,0.5056398510932922,0.5737869143486023,-0.4582195580005646,0.9541869759559631
233,21,0.5787169337272644,0.5621273517608643,-0.21080495417118073,0.7755669951438904
233,22,0.504472017288208,0.567566454410553,-0.3957587778568268,0.9288402795791626
233,23,0.4793817400932312,0.6031672358512878,0.11390043795108795,0.9974385499954224
233,24,0.3908676505088806,0.6110104918479919,-0.11362838000059128,0.9979996681213379
233,25,0.5596000552177429,0.6591612100601196,-0.20871314406394958,0.949152946472168
233,26,0.4328009784221649,0.7139228582382202,-0.18420255184173584,0.9699506163597107
233,27,0.5054954290390015,0.7677809000015259,-0.038970574736595154,0.8807260394096375
233,28,0.4326225817203522,0.8233769536018372,-0.0705552026629448,0.9619605541229248
233,29,0.4846529960632324,0.7802692651748657,-0.02626287378370762,0.8873730301856995
233,30,0.4179849922657013,0.8398353457450867,-0.07046513259410858,0.8683632016181946
233,31,0.5675490498542786,0.8040233850479126,-0.1576520949602127,0.9135342836380005
233,32,0.46967649459838867,0.8578516840934753,-0.26217949390411377,0.9304314255714417
234,0,0.5480648279190063,0.41833606362342834,-0.30351993441581726,0.9993258714675903
234,1,0.5535978078842163,0.40882712602615356,-0.2753722667694092,0.9988186359405518
234,2,0.5557700395584106,0.40919390320777893,-0.2754233479499817,0.9987046718597412
234,3,0.5576785802841187,0.4095519185066223,-0.2751898169517517,0.9985728859901428
234,4,0.5416162014007568,0.4064089357852936,-0.3241882920265198,0.9988873600959778
234,5,0.5346083641052246,0.4050866961479187,-0.32420459389686584,0.9987103343009949
234,6,0.5262311100959778,0.4034864902496338,-0.3241753578186035,0.9987958669662476
234,7,0.5390276312828064,0.4100494384765625,-0.09468524903059006,0.9980773329734802
234,8,0.500605583190918,0.40140795707702637,-0.29493969678878784,0.9985852837562561
234,9,0.5421162843704224,0.4282270073890686,-0.23350313305854797,0.9993941187858582
234,10,0.5280933380126953,0.4255695343017578,-0.297435462474823,0.9997293949127197
234,11,0.5230451822280884,0.4605868458747864,0.07553261518478394,0.9991781711578369
234,12,0.41602012515068054,0.44389161467552185,-0.31917473673820496,0.9998756051063538
234,13,0.5572084784507751,0.5221936106681824,0.16972529888153076,0.8194745182991028
234,14,0.3590860068798065,0.5186585783958435,-0.3641335368156433,0.9946979880332947
234,15,0.5882366895675659,0.5651286244392395,-0.01907719112932682,0.8459678292274475
234,16,0.4664737284183502,0.5670452117919922,-0.44588881731033325,0.9811604619026184
234,17,0.5942092537879944,0.5843296051025391,-0.06418097019195557,0.8065741658210754
234,18,0.4802424907684326,0.5881229639053345,-0.49799618124961853,0.9592341780662537
234,19,0.5828511714935303,0.5818663835525513,-0.11898356676101685,0.8062731027603149
234,20,0.49665892124176025,0.5847424268722534,-0.49631884694099426,0.9572315812110901
234,21,0.5767451524734497,0.575996458530426,-0.04639017954468727,0.7926725745201111
234,22,0.4951072335243225,0.5768893957138062,-0.4449687600135803,0.933518648147583
234,23,0.48313072323799133,0.6031767129898071,0.1312786340713501,0.9975128173828125
234,24,0.39904195070266724,0.6105080842971802,-0.1310984492301941,0.9981375336647034
234,25,0.547914445400238,0.6840444207191467,0.228575199842453,0.9451682567596436
234,26,0.43205854296684265,0.7140024304389954,-0.1888725459575653,0.9719632863998413
234,27,0.5044426918029785,0.7890114784240723,0.49864113330841064,0.8803747892379761
234,28,0.4324927031993866,0.8232179880142212,-0.08344132453203201,0.9644973278045654
234,29,0.48518815636634827,0.8006391525268555,0.5161684155464172,0.8831561803817749
234,30,0.4172895550727844,0.8397901654243469,-0.08536054193973541,0.8730061650276184
234,31,0.5681616067886353,0.8197802305221558,0.4008144736289978,0.9126543998718262
234,32,0.4692038297653198,0.8592103123664856,-0.29448071122169495,0.9353254437446594
235,0,0.5425660610198975,0.40964818000793457,-0.3200977146625519,0.9993841052055359
235,1,0.5464690923690796,0.4001743793487549,-0.30086931586265564,0.9989057183265686
235,2,0.548495352268219,0.40050840377807617,-0.3008459806442261,0.9987934231758118
235,3,0.5503288507461548,0.40084314346313477,-0.30057376623153687,0.9986744523048401
235,4,0.5334998965263367,0.39815643429756165,-0.3493501842021942,0.9989798069000244
235,5,0.5265372395515442,0.3969270586967468,-0.3493824899196625,0.9988188743591309
235,6,0.5177844762802124,0.3953391909599304,-0.34936872124671936,0.9988958835601807
235,7,0.5318061113357544,0.4019133150577545,-0.12469341605901718,0.9981572031974792
235,8,0.4927093982696533,0.3939782977104187,-0.3205168545246124,0.9987070560455322
235,9,0.5373233556747437,0.42051759362220764,-0.2553323209285736,0.9994404911994934
235,10,0.5229377746582031,0.4184623658657074,-0.3192335367202759,0.9997511506080627
235,11,0.5227411985397339,0.4592152535915375,0.0639476478099823,0.999247670173645
235,12,0.41484367847442627,0.44193869829177856,-0.3273731768131256,0.9998850226402283
235,13,0.5424801111221313,0.5236067771911621,0.18537084758281708,0.8139368295669556
235,14,0.3595583736896515,0.5195181369781494,-0.3685092628002167,0.994894802570343
235,15,0.5778868794441223,0.5756019353866577,0.04086274653673172,0.8532399535179138
235,16,0.45014020800590515,0.5802568793296814,-0.43837839365005493,0.9818210005760193
235,17,0.5832592844963074,0.5954412221908569,0.007779219187796116,0.8138387799263
235,18,0.46270161867141724,0.604856550693512,-0.49444207549095154,0.9607462286949158
235,19,0.5808193683624268,0.5938438773155212,-0.05104047432541847,0.8142452836036682
235,20,0.4786186218261719,0.6012914776802063,-0.5019360780715942,0.9587664604187012
235,21,0.5747973918914795,0.5877867937088013,0.01291314885020256,0.8005656599998474
235,22,0.4787249267101288,0.5929750204086304,-0.4391885995864868,0.9361332058906555
235,23,0.4948543906211853,0.6034979820251465,0.12490852922201157,0.9975581169128418
235,24,0.4099530577659607,0.6087563037872314,-0.12475517392158508,0.9982070922851562
235,25,0.532263994216919,0.7018319368362427,0.16692304611206055,0.9406935572624207
235,26,0.4307101368904114,0.7140568494796753,-0.10929561406373978,0.9725896716117859
235,27,0.5041683316230774,0.8020056486129761,0.3986673951148987,0.8801721334457397
235,28,0.432500958442688,0.8242999315261841,0.07355338335037231,0.9657705426216125
235,29,0.4850054979324341,0.8138288259506226,0.4121393859386444,0.877405047416687
235,30,0.4175727367401123,0.8403424024581909,0.08028671145439148,0.8721886277198792
235,31,0.5630174279212952,0.8344956636428833,0.27510377764701843,0.912265956401825
235,32,0.46764716506004333,0.8633554577827454,-0.12230293452739716,0.9385300874710083
236,0,0.5354591608047485,0.3992770314216614,-0.3777249753475189,0.9994415044784546
236,1,0.5378813743591309,0.3889048099517822,-0.3444073498249054,0.9990029335021973
236,2,0.5406967401504517,0.3891727030277252,-0.34443143010139465,0.9988973140716553
236,3,0.5433207750320435,0.3894873261451721,-0.344318687915802,0.9987895488739014
236,4,0.5230370163917542,0.3875204622745514,-0.38808631896972656,0.9990741610527039
236,5,0.5150508880615234,0.3867896497249603,-0.3881208598613739,0.9989284873008728
236,6,0.5059508681297302,0.38590532541275024,-0.38815510272979736,0.9989978075027466
236,7,0.526935338973999,0.39281153678894043,-0.13654519617557526,0.9982807636260986
236,8,0.4816015362739563,0.38706159591674805,-0.33010441064834595,0.9988285899162292
236,9,0.5330056548118591,0.4108099341392517,-0.2966897487640381,0.9994894862174988
236,10,0.5170157551765442,0.4094960689544678,-0.35471582412719727,0.9997732639312744
236,11,0.5241798162460327,0.4581194818019867,0.0715794563293457,0.9993050694465637
236,12,0.4086785614490509,0.4425448775291443,-0.34428250789642334,0.9998941421508789
236,13,0.533632218837738,0.5241693258285522,0.20998342335224152,0.8013838529586792
236,14,0.36163952946662903,0.5272709727287292,-0.37658101320266724,0.9950882196426392
236,15,0.5704846382141113,0.5880872011184692,0.056524161249399185,0.857410192489624
236,16,0.43900591135025024,0.595428466796875,-0.4540446102619171,0.9826633930206299
236,17,0.5778196454048157,0.6084494590759277,0.020808089524507523,0.817113995552063
236,18,0.44861721992492676,0.619193971157074,-0.5036756992340088,0.9625738859176636
236,19,0.578815221786499,0.6069388389587402,-0.04258091375231743,0.8186342120170593
236,20,0.46791326999664307,0.617133617401123,-0.5276606678962708,0.9606943130493164
236,21,0.5723877549171448,0.6000573635101318,0.0249131228774786,0.8047673106193542
236,22,0.4691137671470642,0.6098898649215698,-0.4508330821990967,0.9393054246902466
236,23,0.4993215799331665,0.607451856136322,0.132475346326828,0.9977027177810669
236,24,0.4171954393386841,0.608816385269165,-0.13248133659362793,0.9983237385749817
236,25,0.5208219885826111,0.7157047390937805,0.23532690107822418,0.935313880443573
236,26,0.42843300104141235,0.7205871939659119,-0.04905318096280098,0.9733424782752991
236,27,0.4985141456127167,0.8148607015609741,0.48712751269340515,0.882663369178772
236,28,0.4336819648742676,0.8268306851387024,0.20148026943206787,0.9671148061752319
236,29,0.4785026013851166,0.8256627321243286,0.5015252232551575,0.8787091374397278
236,30,0.419351190328598,0.8406720161437988,0.21451905369758606,0.8725646138191223
236,31,0.5512756109237671,0.8448740243911743,0.3476227819919586,0.9147025942802429
236,32,0.4675547778606415,0.8651224374771118,0.0028265928849577904,0.9420236349105835
237,0,0.5289735794067383,0.393634170293808,-0.39033228158950806,0.9994927048683167
237,1,0.5303359627723694,0.3840174078941345,-0.3520810604095459,0.9990907311439514
237,2,0.5335014462471008,0.3842034935951233,-0.3521389663219452,0.9989911317825317
237,3,0.5363993048667908,0.38444656133651733,-0.3521016836166382,0.9988938570022583
237,4,0.5150201320648193,0.3829444944858551,-0.3929140865802765,0.9991580843925476
237,5,0.5067588686943054,0.38254350423812866,-0.3929392993450165,0.9990260601043701
237,6,0.4974914491176605,0.38196682929992676,-0.39299455285072327,0.9990882873535156
237,7,0.5218685865402222,0.388346791267395,-0.13434423506259918,0.9983983635902405
237,8,0.4722345173358917,0.3842059373855591,-0.3206104040145874,0.998936116695404
237,9,0.5284666419029236,0.40594691038131714,-0.3050536811351776,0.999534010887146
237,10,0.5111273527145386,0.40548306703567505,-0.35917937755584717,0.999792754650116
237,11,0.5249621272087097,0.456595242023468,0.07648099958896637,0.9993613958358765
237,12,0.4048245847225189,0.44245028495788574,-0.3402639627456665,0.9999015927314758
237,13,0.5299143195152283,0.5254863500595093,0.20554965734481812,0.7830477356910706
237,14,0.36739468574523926,0.530637800693512,-0.3828606903553009,0.9949073791503906
237,15,0.561219334602356,0.5949602723121643,0.05753161013126373,0.8561705350875854
237,16,0.42310312390327454,0.6055235862731934,-0.46308234333992004,0.9821256399154663
237,17,0.5685850977897644,0.6160064935684204,0.021951891481876373,0.8139156103134155
237,18,0.4267745614051819,0.6282806992530823,-0.5318135619163513,0.9618821740150452
237,19,0.5695351362228394,0.6154001951217651,-0.0387614369392395,0.8167334198951721
237,20,0.4480622112751007,0.6272281408309937,-0.5637902021408081,0.9600369930267334
237,21,0.5627870559692383,0.608963668346405,0.02698875591158867,0.8022888898849487
237,22,0.44964998960494995,0.620720386505127,-0.4749329388141632,0.9390988945960999
237,23,0.5008255243301392,0.6107803583145142,0.13441626727581024,0.9978905320167542
237,24,0.41851794719696045,0.6094022989273071,-0.1344766616821289,0.998453676700592
237,25,0.5176354050636292,0.7202576994895935,0.24585071206092834,0.9271117448806763
237,26,0.42814475297927856,0.7222307920455933,-0.008530315943062305,0.9727234840393066
237,27,0.49503615498542786,0.8167657852172852,0.5547729730606079,0.8817503452301025
237,28,0.433941513299942,0.826463520526886,0.30656519532203674,0.9671976566314697
237,29,0.4725259244441986,0.8279168009757996,0.5757235884666443,0.876250147819519
237,30,0.4196717441082001,0.8388341069221497,0.32702434062957764,0.8698420524597168
237,31,0.544007420539856,0.8450030088424683,0.420473575592041,0.9152750968933105
237,32,0.47001519799232483,0.8639405965805054,0.1224028617143631,0.9445182681083679
238,0,0.5256116986274719,0.3902865946292877,-0.4584176242351532,0.9995376467704773
238,1,0.524996817111969,0.3805548846721649,-0.4201684296131134,0.9991652965545654
238,2,0.5277671217918396,0.3805910646915436,-0.4202091097831726,0.9990703463554382
238,3,0.5302813053131104,0.38064226508140564,-0.4201849699020386,0.9989814162254333
238,4,0.5108625888824463,0.38021552562713623,-0.46138373017311096,0.9992323517799377
238,5,0.5028490424156189,0.38026779890060425,-0.4614613950252533,0.9991132020950317
238,6,0.49381595849990845,0.3801491856575012,-0.46152523159980774,0.9991689324378967
238,7,0.5157907605171204,0.38490334153175354,-0.19608533382415771,0.9984778761863708
238,8,0.46756792068481445,0.38336777687072754,-0.38537970185279846,0.9990319609642029
238,9,0.5259198546409607,0.40206655859947205,-0.3711049258708954,0.9995698928833008
238,10,0.5091280937194824,0.402754008769989,-0.4256453514099121,0.9998083710670471
238,11,0.5255559086799622,0.4541076719760895,0.04020971804857254,0.9993896484375
238,12,0.3999975919723511,0.4439113140106201,-0.40478357672691345,0.9999074935913086
238,13,0.5272562503814697,0.5258361101150513,0.16180774569511414,0.7649518251419067
238,14,0.3751220405101776,0.5337731838226318,-0.43569624423980713,0.9949652552604675
238,15,0.5527509450912476,0.5994483232498169,0.02931610494852066,0.8477505445480347
238,16,0.41471654176712036,0.6128146648406982,-0.49644461274147034,0.9822041392326355
238,17,0.5589288473129272,0.6210323572158813,0.001199092948809266,0.8011975288391113
238,18,0.4169793128967285,0.6357546448707581,-0.5625292062759399,0.9622073769569397
238,19,0.5578991174697876,0.6213840246200562,-0.059707991778850555,0.8055925369262695
238,20,0.4367657005786896,0.636438250541687,-0.5921683311462402,0.9604752659797668
238,21,0.5516970753669739,0.6152136921882629,-0.0007325572078116238,0.7915713787078857
238,22,0.44067633152008057,0.6298155188560486,-0.5085577964782715,0.9403290152549744
238,23,0.49988633394241333,0.6103817224502563,0.13899625837802887,0.9979819655418396
238,24,0.4196580648422241,0.608924150466919,-0.13910740613937378,0.998531699180603
238,25,0.5075358748435974,0.7176297903060913,0.2342730164527893,0.9144763946533203
238,26,0.42777901887893677,0.7222040295600891,-0.05281131714582443,0.9721682071685791
238,27,0.49328604340553284,0.8175959587097168,0.46785715222358704,0.8797770738601685
238,28,0.43485090136528015,0.8263901472091675,0.18883016705513,0.967433512210846
238,29,0.47193264961242676,0.8289244771003723,0.4801715910434723,0.8737797737121582
238,30,0.4210765063762665,0.8388368487358093,0.2003019154071808,0.866072416305542
238,31,0.5394080281257629,0.8461685180664062,0.3254172205924988,0.9148280024528503
238,32,0.47430768609046936,0.8635208010673523,-0.012493396177887917,0.9463992714881897
239,0,0.5223559737205505,0.3873980641365051,-0.43095049262046814,0.9995768666267395
239,1,0.5201865434646606,0.37706393003463745,-0.3919336497783661,0.9992329478263855
239,2,0.5227604508399963,0.37712350487709045,-0.3919902443885803,0.9991416335105896
239,3,0.5249876379966736,0.37718623876571655,-0.39198213815689087,0.9990609288215637
239,4,0.5067431926727295,0.3769814968109131,-0.43379780650138855,0.9992988705635071
239,5,0.498881995677948,0.37714681029319763,-0.43385887145996094,0.9991910457611084
239,6,0.4900056719779968,0.377419650554657,-0.43393397331237793,0.9992411732673645
239,7,0.5098993182182312,0.38190725445747375,-0.1705530434846878,0.9985541701316833
239,8,0.46407467126846313,0.381946861743927,-0.3609715700149536,0.9991193413734436
239,9,0.5235157608985901,0.39907416701316833,-0.3442656993865967,0.9996026754379272
239,10,0.5071067214012146,0.399871826171875,-0.39974725246429443,0.9998222589492798
239,11,0.5259664058685303,0.45420050621032715,0.06082313507795334,0.9994115233421326
239,12,0.39748090505599976,0.4447866976261139,-0.39650362730026245,0.9999129772186279
239,13,0.5233675837516785,0.5274705290794373,0.1859157830476761,0.7282772660255432
239,14,0.382795125246048,0.5359688401222229,-0.4291536211967468,0.9943898916244507
239,15,0.540143609046936,0.602867841720581,0.05697285756468773,0.8192681670188904
239,16,0.4071703255176544,0.6138795018196106,-0.4720601737499237,0.9794171452522278
239,17,0.5469343066215515,0.6242141127586365,0.030637115240097046,0.7701946496963501
239,18,0.4074639678001404,0.6369715332984924,-0.5359493494033813,0.9580585956573486
239,19,0.5449250340461731,0.6245135068893433,-0.02795320935547352,0.7760478854179382
239,20,0.4237127900123596,0.6374198198318481,-0.5714111924171448,0.956328272819519
239,21,0.5390856266021729,0.6183532476425171,0.02735564112663269,0.7628673315048218
239,22,0.42730605602264404,0.6302735209465027,-0.4849265515804291,0.935841977596283
239,23,0.4992404878139496,0.6114107966423035,0.15109053254127502,0.9981114268302917
239,24,0.41923433542251587,0.6090737581253052,-0.151249960064888,0.9986279606819153
239,25,0.5031211972236633,0.7207282781600952,0.28489717841148376,0.905566394329071
239,26,0.4270969331264496,0.7239173054695129,-0.03294942528009415,0.9726267457008362
239,27,0.4886307716369629,0.8195081949234009,0.557170033454895,0.8812272548675537
239,28,0.43439823389053345,0.8263746500015259,0.2500692903995514,0.9683088064193726
239,29,0.4680059552192688,0.8308510780334473,0.5737860202789307,0.8742443919181824
239,30,0.42090746760368347,0.8386608958244324,0.2666073143482208,0.8639726042747498
239,31,0.5379059314727783,0.8480580449104309,0.42065808176994324,0.9169941544532776
239,32,0.47373703122138977,0.8632323145866394,0.05849408730864525,0.9490712881088257
240,0,0.5204586982727051,0.3841311037540436,-0.4529913067817688,0.9996156692504883
240,1,0.5170454382896423,0.37382736802101135,-0.41267257928848267,0.9993018507957458
240,2,0.5192683935165405,0.37390175461769104,-0.4127125144004822,0.9992169141769409
240,3,0.5212110877037048,0.37404850125312805,-0.4126951992511749,0.9991441369056702
240,4,0.5047020316123962,0.37376317381858826,-0.45622414350509644,0.9993639588356018
240,5,0.4973665475845337,0.37382423877716064,-0.4563039541244507,0.9992666244506836
240,6,0.4889805316925049,0.3742935061454773,-0.4563560485839844,0.9993117451667786
240,7,0.5060809850692749,0.379398912191391,-0.18531878292560577,0.9986613392829895
240,8,0.46224868297576904,0.3806566298007965,-0.38393935561180115,0.9992024302482605
240,9,0.5216535925865173,0.39607158303260803,-0.3645549416542053,0.9996368288993835
240,10,0.506024956703186,0.3969869315624237,-0.4219227731227875,0.9998368620872498
240,11,0.5262464880943298,0.4528355002403259,0.05975925549864769,0.9994450807571411
240,12,0.3977412283420563,0.44521021842956543,-0.42402851581573486,0.999919056892395
240,13,0.5238914489746094,0.5279925465583801,0.17845022678375244,0.7092721462249756
240,14,0.38457608222961426,0.5375333428382874,-0.45721107721328735,0.9944090843200684
240,15,0.5382659435272217,0.6028431057929993,0.05706115812063217,0.8128131031990051
240,16,0.3994511365890503,0.6123631000518799,-0.4964599311351776,0.9796453714370728
240,17,0.5451791882514954,0.6242235898971558,0.03278113529086113,0.7602475881576538
240,18,0.394610732793808,0.6352775692939758,-0.561959981918335,0.958648681640625
240,19,0.5429264903068542,0.6247691512107849,-0.027111632749438286,0.7672635316848755
240,20,0.41025298833847046,0.6358152627944946,-0.5904728174209595,0.9570028781890869
240,21,0.5375394821166992,0.6187332272529602,0.027295231819152832,0.7541497945785522
240,22,0.4161897301673889,0.6285759210586548,-0.5078601241111755,0.9371370673179626
240,23,0.4987170696258545,0.6113730669021606,0.15653686225414276,0.9982401728630066
240,24,0.42228418588638306,0.6089586615562439,-0.15676558017730713,0.9987225532531738
240,25,0.49785706400871277,0.720069169998169,0.3014172315597534,0.8937258720397949
240,26,0.427085280418396,0.7243396043777466,-0.023264102637767792,0.972757875919342
240,27,0.48536819219589233,0.8167807459831238,0.5617755055427551,0.8802799582481384
240,28,0.4342704713344574,0.8258312940597534,0.248566135764122,0.9687862992286682
240,29,0.4663926362991333,0.8286267518997192,0.577713668346405,0.8727503418922424
240,30,0.4201851189136505,0.838553249835968,0.26417112350463867,0.8618391156196594
240,31,0.5354679822921753,0.8454269170761108,0.4300166368484497,0.9179686307907104
240,32,0.4753611385822296,0.8617475628852844,0.06008978560566902,0.9512426257133484
241,0,0.516878068447113,0.3826209008693695,-0.4555604159832001,0.9996525645256042
241,1,0.513816773891449,0.3723912835121155,-0.4124099016189575,0.9993682503700256
241,2,0.5164517164230347,0.3724948465824127,-0.41244715452194214,0.9992905855178833
241,3,0.5188127160072327,0.37266597151756287,-0.4124082326889038,0.9992247223854065
241,4,0.5006862878799438,0.37227433919906616,-0.45084381103515625,0.9994252324104309
241,5,0.4931131899356842,0.37237417697906494,-0.45091870427131653,0.9993375539779663
241,6,0.4844314455986023,0.37299036979675293,-0.45095595717430115,0.9993782043457031
241,7,0.5055766701698303,0.3782039284706116,-0.17676764726638794,0.9987772107124329
241,8,0.4590398073196411,0.3800550699234009,-0.3649836778640747,0.9992801547050476
241,9,0.5195310711860657,0.39478325843811035,-0.3648754954338074,0.9996706247329712
241,10,0.5033619999885559,0.3956150412559509,-0.4154861569404602,0.9998518228530884
241,11,0.5281569361686707,0.45120540261268616,0.06698968261480331,0.9994810223579407
241,12,0.3982558250427246,0.4453713893890381,-0.388062447309494,0.9999255537986755
241,13,0.5268427133560181,0.5282860994338989,0.1824251413345337,0.695624589920044
241,14,0.3835211992263794,0.5369079113006592,-0.4173136055469513,0.9946039319038391
241,15,0.541682779788971,0.6026475429534912,0.02639816328883171,0.8099943399429321
241,16,0.395943284034729,0.6110889911651611,-0.46978047490119934,0.9804333448410034
241,17,0.5483575463294983,0.6236320734024048,-0.004980755504220724,0.7552694082260132
241,18,0.3895394504070282,0.6343536376953125,-0.535601019859314,0.960137665271759
241,19,0.5458396673202515,0.6241059303283691,-0.06595520675182343,0.763112485408783
241,20,0.4052051603794098,0.6350138783454895,-0.5690276622772217,0.9586113691329956
241,21,0.5401096940040588,0.6179986000061035,-0.00455883564427495,0.750035285949707
241,22,0.4105845093727112,0.6279242038726807,-0.48230603337287903,0.9398280382156372
241,23,0.4994165599346161,0.6111714839935303,0.15679655969142914,0.9983631372451782
241,24,0.4261789619922638,0.6089813709259033,-0.15703557431697845,0.9988188147544861
241,25,0.49777930974960327,0.7205409407615662,0.28379371762275696,0.8831628561019897
241,26,0.42732277512550354,0.7250164747238159,-0.0391339547932148,0.9733136892318726
241,27,0.48237308859825134,0.8149600028991699,0.5270775556564331,0.8808875679969788
241,28,0.43428122997283936,0.8254325985908508,0.2117769718170166,0.9695678949356079
241,29,0.4637429118156433,0.826404869556427,0.5404361486434937,0.8726968169212341
241,30,0.42009544372558594,0.8385431170463562,0.22488749027252197,0.8606820702552795
241,31,0.5338179469108582,0.8444593548774719,0.38859525322914124,0.9194048643112183
241,32,0.47724413871765137,0.8607630729675293,0.01594630815088749,0.9534752368927002
242,0,0.5151181817054749,0.38007694482803345,-0.4414516091346741,0.9996834993362427
242,1,0.5121610164642334,0.3706008791923523,-0.3992113471031189,0.9994233846664429
242,2,0.5148388147354126,0.3706302046775818,-0.3992653787136078,0.9993510842323303
242,3,0.5171942114830017,0.3707239329814911,-0.39924702048301697,0.999291181564331
242,4,0.49880141019821167,0.370746374130249,-0.4377979338169098,0.9994770288467407
242,5,0.490983247756958,0.3709685504436493,-0.43786007165908813,0.9993979930877686
242,6,0.4820373058319092,0.37160518765449524,-0.43791237473487854,0.9994345307350159
242,7,0.5042195916175842,0.37608176469802856,-0.17417600750923157,0.998862624168396
242,8,0.4566454291343689,0.3789371848106384,-0.3453015685081482,0.999347448348999
242,9,0.5180716514587402,0.39221620559692383,-0.35180750489234924,0.9996983408927917
242,10,0.5017362236976624,0.3935387134552002,-0.40263569355010986,0.9998637437820435
242,11,0.5310540795326233,0.44921261072158813,0.08208776265382767,0.999508261680603
242,12,0.39843130111694336,0.44526976346969604,-0.38376525044441223,0.9999303221702576
242,13,0.5290956497192383,0.5288053750991821,0.2000138759613037,0.6840546727180481
242,14,0.3819432258605957,0.5364415049552917,-0.3828528821468353,0.9946728348731995
242,15,0.5428328514099121,0.6007410287857056,0.036732759326696396,0.8067416548728943
242,16,0.39405351877212524,0.608711302280426,-0.4547767639160156,0.9807741641998291
242,17,0.5498945116996765,0.6211467981338501,0.0027264209929853678,0.7503607273101807
242,18,0.3878381848335266,0.6323671340942383,-0.5217212438583374,0.9608479142189026
242,19,0.5475155711174011,0.6217879056930542,-0.06057816743850708,0.7589840888977051
242,20,0.40192320942878723,0.6327967643737793,-0.5561898350715637,0.959405779838562
242,21,0.5413347482681274,0.6157690286636353,0.004683712497353554,0.7459788918495178
242,22,0.40693333745002747,0.6258909702301025,-0.4678557515144348,0.9413689374923706
242,23,0.5013296604156494,0.6108787655830383,0.15634922683238983,0.998448371887207
242,24,0.4262276887893677,0.6090049743652344,-0.1565353125333786,0.9988856911659241
242,25,0.49883171916007996,0.7218011617660522,0.2718064486980438,0.8753197193145752
242,26,0.4282247722148895,0.7256604433059692,-0.05052153766155243,0.9739376902580261
242,27,0.48145225644111633,0.8162357211112976,0.5146244764328003,0.8815150856971741
242,28,0.43415629863739014,0.8263535499572754,0.19461050629615784,0.9699986577033997
242,29,0.4629298448562622,0.8270675539970398,0.5273029804229736,0.8717041015625
242,30,0.4198589026927948,0.8409355282783508,0.20698773860931396,0.8568735122680664
242,31,0.5318863987922668,0.8450316190719604,0.36946165561676025,0.9203312993049622
242,32,0.47820281982421875,0.8620481491088867,-0.007302841171622276,0.955003559589386
243,0,0.5134958028793335,0.37912482023239136,-0.46561524271965027,0.9997125864028931
243,1,0.5108224153518677,0.36969664692878723,-0.4216146767139435,0.999475359916687
243,2,0.5135354995727539,0.36973142623901367,-0.4216732084751129,0.9994083642959595
243,3,0.5158896446228027,0.3698328137397766,-0.421658456325531,0.9993541240692139
243,4,0.4971853494644165,0.36979028582572937,-0.4589904248714447,0.9995254278182983
243,5,0.48916342854499817,0.370048463344574,-0.4590582847595215,0.999454140663147
243,6,0.48021239042282104,0.37062695622444153,-0.4591117799282074,0.999487042427063
243,7,0.5030238032341003,0.3750142455101013,-0.17855896055698395,0.9989493489265442
243,8,0.45537275075912476,0.37773948907852173,-0.3492371141910553,0.9994093179702759
243,9,0.5161513686180115,0.39104679226875305,-0.37174689769744873,0.9997250437736511
243,10,0.49973294138908386,0.3923015892505646,-0.42100685834884644,0.9998754858970642
243,11,0.53290194272995,0.44785013794898987,0.07686900347471237,0.9995397329330444
243,12,0.39862826466560364,0.44415512681007385,-0.37388381361961365,0.9999351501464844
243,13,0.5403077602386475,0.5280645489692688,0.19871370494365692,0.6821489930152893
243,14,0.3802404999732971,0.5350783467292786,-0.3872869610786438,0.994886040687561
243,15,0.549406111240387,0.5976983308792114,0.027744028717279434,0.8108478784561157
243,16,0.3933711647987366,0.606660783290863,-0.48383018374443054,0.9815940856933594
243,17,0.5577065944671631,0.6178380846977234,-0.008258749730885029,0.7537835240364075
243,18,0.3870181739330292,0.6315895318984985,-0.5581849217414856,0.962349534034729
243,19,0.5548102855682373,0.6180094480514526,-0.07566870748996735,0.7629265189170837
243,20,0.40196868777275085,0.6318157911300659,-0.5895807147026062,0.9609883427619934
243,21,0.5481289625167847,0.6118435859680176,-0.00594423059374094,0.7500216960906982
243,22,0.407522588968277,0.6247398257255554,-0.4977191090583801,0.943789005279541
243,23,0.5039588212966919,0.6106547713279724,0.15570777654647827,0.998531699180603
243,24,0.42779871821403503,0.6090083718299866,-0.15587040781974792,0.9989498257637024
243,25,0.49996474385261536,0.7228295803070068,0.25800755620002747,0.8709321022033691
243,26,0.4286562204360962,0.7267392873764038,-0.05751585587859154,0.9747788906097412
243,27,0.4815112352371216,0.8183655738830566,0.5365000367164612,0.8829498887062073
243,28,0.43447643518447876,0.8303302526473999,0.1987912952899933,0.970885157585144
243,29,0.4628688097000122,0.8284400105476379,0.5527989864349365,0.8722599744796753
243,30,0.4201928377151489,0.8451825380325317,0.21287962794303894,0.8551307916641235
243,31,0.5304608345031738,0.8465710878372192,0.3904493451118469,0.9216030836105347
243,32,0.47784924507141113,0.8662625551223755,-0.01002207025885582,0.9567897915840149
244,0,0.511093258857727,0.37548309564590454,-0.4758518636226654,0.999739408493042
244,1,0.508208692073822,0.36654597520828247,-0.4304765462875366,0.9995235800743103
244,2,0.510901689529419,0.3665664792060852,-0.43053925037384033,0.9994619488716125
244,3,0.5132548213005066,0.36658936738967896,-0.4305281341075897,0.9994128346443176
244,4,0.49437662959098816,0.3671690821647644,-0.4649064242839813,0.9995697736740112
244,5,0.48663192987442017,0.3676982820034027,-0.46496719121932983,0.9995055198669434
244,6,0.4776301085948944,0.3684372305870056,-0.46500831842422485,0.9995351433753967
244,7,0.5016842484474182,0.37264901399612427,-0.18193477392196655,0.9990346431732178
244,8,0.45315060019493103,0.3763347268104553,-0.3472704589366913,0.9994654655456543
244,9,0.5148220658302307,0.38760313391685486,-0.3816998302936554,0.9997498989105225
244,10,0.4981576204299927,0.3891572952270508,-0.42709052562713623,0.9998864531517029
244,11,0.5351341962814331,0.4477911591529846,0.07220800220966339,0.9995688199996948
244,12,0.39878472685813904,0.444068968296051,-0.3675648272037506,0.9999389052391052
244,13,0.5509687066078186,0.5281751155853271,0.18704500794410706,0.6828936338424683
244,14,0.37729039788246155,0.5350376963615417,-0.3829074800014496,0.9949679374694824
244,15,0.5599775314331055,0.5961997509002686,0.01097854133695364,0.8141213655471802
244,16,0.39268603920936584,0.6061491370201111,-0.4902428984642029,0.9818455576896667
244,17,0.5675638914108276,0.6163454055786133,-0.02678157575428486,0.7563055157661438
244,18,0.38673633337020874,0.6320670247077942,-0.5651877522468567,0.9627957344055176
244,19,0.5648050904273987,0.6163325905799866,-0.09296312183141708,0.7659927010536194
244,20,0.40181952714920044,0.6325602531433105,-0.5957143306732178,0.9615141153335571
244,21,0.5579850077629089,0.6099977493286133,-0.022380176931619644,0.7531091570854187
244,22,0.40744179487228394,0.625437319278717,-0.5042868852615356,0.9448255896568298
244,23,0.5079775452613831,0.6104229688644409,0.15324294567108154,0.998621940612793
244,24,0.4283488690853119,0.6091115474700928,-0.15336421132087708,0.9990127682685852
244,25,0.5001389384269714,0.7240873575210571,0.23826384544372559,0.8713720440864563
244,26,0.42874035239219666,0.7275160551071167,-0.059695132076740265,0.9759283661842346
244,27,0.4801786243915558,0.8191435933113098,0.5492918491363525,0.8872056007385254
244,28,0.4347544312477112,0.8312590718269348,0.22813847661018372,0.9721234440803528
244,29,0.461833119392395,0.8290544748306274,0.5689944624900818,0.8751531839370728
244,30,0.42076292634010315,0.8449643850326538,0.2453380972146988,0.8544767498970032
244,31,0.5256003141403198,0.8475996851921082,0.40136316418647766,0.9243108034133911
244,32,0.4757898151874542,0.8677500486373901,0.017766477540135384,0.9588595628738403
