frame,landmark_id,x,y,z,visibility
2,0,0.5139527320861816,0.34982118010520935,-0.4328986406326294,0.9999135732650757
2,1,0.5307323932647705,0.3390299081802368,-0.45556944608688354,0.9997926950454712
2,2,0.5379766821861267,0.33864825963974,-0.45569556951522827,0.9998170137405396
2,3,0.5460533499717712,0.33835557103157043,-0.45578548312187195,0.9998270273208618
2,4,0.51841801404953,0.3396025002002716,-0.4040088951587677,0.9997188448905945
2,5,0.515994131565094,0.339498907327652,-0.40395766496658325,0.9996804594993591
2,6,0.5134168863296509,0.33927372097969055,-0.40404990315437317,0.9996383190155029
2,7,0.5795841217041016,0.3456699550151825,-0.45795440673828125,0.9998024106025696
2,8,0.5323986411094666,0.3447267413139343,-0.21954607963562012,0.9993264079093933
2,9,0.5277898907661438,0.36248087882995605,-0.4256693422794342,0.9999135732650757
2,10,0.5142128467559814,0.3615851402282715,-0.3572022318840027,0.9998418688774109
2,11,0.6618345379829407,0.42081278562545776,-0.493700236082077,0.9999422430992126
2,12,0.48862236738204956,0.41924962401390076,-0.009582635015249252,0.9997683167457581
2,13,0.6820012331008911,0.5120006203651428,-0.5402215719223022,0.9607762694358826
2,14,0.45466750860214233,0.49592727422714233,0.15951207280158997,0.7668476700782776
2,15,0.6210541725158691,0.5994486212730408,-0.6139380931854248,0.939141571521759
2,16,0.42220306396484375,0.5602918267250061,0.012926008552312851,0.8609651327133179
2,17,0.6182185411453247,0.6244754195213318,-0.6822783946990967,0.9233880043029785
2,18,0.41803833842277527,0.5828320384025574,-0.02327229455113411,0.8140866160392761
2,19,0.5975266695022583,0.6194484233856201,-0.7178286910057068,0.9242643713951111
2,20,0.4252047538757324,0.5809211730957031,-0.09269753843545914,0.8197705149650574
2,21,0.5933562517166138,0.6122589111328125,-0.6238420009613037,0.914000928401947
2,22,0.4292415678501129,0.5732434391975403,-0.022730223834514618,0.804841160774231
2,23,0.5956165790557861,0.5934551358222961,-0.1344902664422989,0.9997898936271667
2,24,0.49261316657066345,0.5854461193084717,0.13448943197727203,0.9995916485786438
2,25,0.6082847714424133,0.700299859046936,0.05858630686998367,0.9821872115135193
2,26,0.4916141629219055,0.6885338425636292,0.4595712125301361,0.924088180065155
2,27,0.6329106688499451,0.7947435975074768,0.3701475262641907,0.9821646809577942
2,28,0.4940667748451233,0.7714687585830688,0.9020578265190125,0.9359328150749207
2,29,0.6442205309867859,0.8102701306343079,0.38622012734413147,0.8579530119895935
2,30,0.5043140053749084,0.7888088226318359,0.9374182224273682,0.840444803237915
2,31,0.5776084661483765,0.828088641166687,0.1618286371231079,0.9734545350074768
2,32,0.40807271003723145,0.7956660389900208,0.8211421370506287,0.9447603225708008
3,0,0.5128674507141113,0.3517833352088928,-0.4332208037376404,0.9998942613601685
3,1,0.5293188691139221,0.3408083915710449,-0.4549119770526886,0.9997341632843018
3,2,0.5362145900726318,0.34052741527557373,-0.45502564311027527,0.9997742176055908
3,3,0.5438632965087891,0.3402389883995056,-0.4551164507865906,0.9997891783714294
3,4,0.5169452428817749,0.3410605788230896,-0.4041309058666229,0.9996204972267151
3,5,0.5144343972206116,0.34096938371658325,-0.4040786623954773,0.9995663166046143
3,6,0.5120024085044861,0.3407278060913086,-0.4041652977466583,0.9994924664497375
3,7,0.5783093571662903,0.34640562534332275,-0.4361826479434967,0.9997786283493042
3,8,0.531096875667572,0.3454357385635376,-0.2124609351158142,0.9990649223327637
3,9,0.5274146795272827,0.36536574363708496,-0.4214806854724884,0.9999070167541504
3,10,0.513261079788208,0.3646645247936249,-0.3560660183429718,0.99981290102005
3,11,0.6613123416900635,0.4203852713108063,-0.4530189633369446,0.9999471306800842
3,12,0.4872971475124359,0.4191131591796875,-0.0005400943919084966,0.9997679591178894
3,13,0.6800832748413086,0.5117772817611694,-0.47503724694252014,0.964442253112793
3,14,0.4535152316093445,0.49737802147865295,0.16309896111488342,0.7416332364082336
3,15,0.6174799799919128,0.5993847846984863,-0.5427919030189514,0.9446479082107544
3,16,0.4219217896461487,0.5609370470046997,0.018751244992017746,0.8545479774475098
3,17,0.6146040558815002,0.6244767904281616,-0.6068575382232666,0.9298145174980164
3,18,0.4174957275390625,0.5838218927383423,-0.015268796123564243,0.8075510263442993
3,19,0.5933274030685425,0.6194478273391724,-0.6416645646095276,0.9305785894393921
3,20,0.4244479835033417,0.5822011232376099,-0.08548159152269363,0.8137436509132385
3,21,0.5889341235160828,0.6121649146080017,-0.5521970391273499,0.9206849336624146
3,22,0.4287681579589844,0.5747413039207458,-0.016419528052210808,0.7988601922988892
3,23,0.5956335663795471,0.5939339399337769,-0.13036885857582092,0.9997907876968384
3,24,0.49265480041503906,0.5860090851783752,0.130335733294487,0.9995946288108826
3,25,0.6074100136756897,0.7012451887130737,0.014011272229254246,0.9836176037788391
3,26,0.4911382496356964,0.6889637112617493,0.37191513180732727,0.9305716156959534
3,27,0.6329101920127869,0.7944706678390503,0.3642693758010864,0.9833797216415405
3,28,0.49407950043678284,0.7703459858894348,0.794634997844696,0.9412218332290649
3,29,0.6451190114021301,0.8086640238761902,0.3832606375217438,0.8615572452545166
3,30,0.5092496275901794,0.7870410084724426,0.827532947063446,0.8520609736442566
3,31,0.5779655575752258,0.828337550163269,0.15745273232460022,0.9750571846961975
3,32,0.4099186360836029,0.7953498363494873,0.6994165778160095,0.9492303729057312
4,0,0.5105658769607544,0.35289064049720764,-0.43614357709884644,0.9998866319656372
4,1,0.5267400741577148,0.34166237711906433,-0.4553581178188324,0.9997112154960632
4,2,0.5336320400238037,0.34143340587615967,-0.45546582341194153,0.9997587203979492
4,3,0.5411409735679626,0.3411599099636078,-0.45555686950683594,0.9997759461402893
4,4,0.5139414668083191,0.34185370802879333,-0.40622347593307495,0.9995778203010559
4,5,0.5113377571105957,0.34182852506637573,-0.40616679191589355,0.9995138049125671
4,6,0.5089989900588989,0.3416531980037689,-0.40623125433921814,0.9994217753410339
4,7,0.5758823752403259,0.34685444831848145,-0.4310196042060852,0.9997739195823669
4,8,0.5281755924224854,0.3459499776363373,-0.210175022482872,0.998936653137207
4,9,0.5265904068946838,0.36684149503707886,-0.4212416708469391,0.9999064207077026
4,10,0.5114416480064392,0.36619845032691956,-0.3561546802520752,0.9998015761375427
4,11,0.659930408000946,0.419837087392807,-0.44731059670448303,0.9999517798423767
4,12,0.4852414131164551,0.419046014547348,0.006154560949653387,0.9997703433036804
4,13,0.6766425371170044,0.5115248560905457,-0.4725220501422882,0.9677976965904236
4,14,0.4530502259731293,0.4984169006347656,0.16847212612628937,0.7183775305747986
4,15,0.6115902662277222,0.5993571281433105,-0.5472812652587891,0.9497363567352295
4,16,0.421517014503479,0.5619497299194336,0.02235102653503418,0.8492420315742493
4,17,0.6104336380958557,0.6244757771492004,-0.6128206253051758,0.9358470439910889
4,18,0.4157889485359192,0.5850217342376709,-0.011461678892374039,0.8022481799125671
4,19,0.5873326659202576,0.6193746328353882,-0.6473601460456848,0.9365121126174927
4,20,0.422638863325119,0.5835376381874084,-0.08239950239658356,0.8088642954826355
4,21,0.5822505354881287,0.6118620038032532,-0.5566183924674988,0.9270461201667786
4,22,0.42771416902542114,0.5761592388153076,-0.012943075969815254,0.7939371466636658
4,23,0.5951725244522095,0.59461909532547,-0.12916509807109833,0.9997958540916443
4,24,0.491994172334671,0.5866154432296753,0.12912490963935852,0.9996013045310974
4,25,0.6066945195198059,0.7018265128135681,-0.002653838600963354,0.984927237033844
4,26,0.4901232123374939,0.6890716552734375,0.369955837726593,0.9364111423492432
4,27,0.6329102516174316,0.7941272854804993,0.34067776799201965,0.9845297932624817
4,28,0.4940938353538513,0.7698625326156616,0.7918948531150818,0.9460105299949646
4,29,0.6454364657402039,0.8077126741409302,0.3598668873310089,0.8663130402565002
4,30,0.5122187733650208,0.7862499356269836,0.8245471715927124,0.8628024458885193
4,31,0.5783865451812744,0.8285802006721497,0.13057737052440643,0.976624608039856
4,32,0.410098135471344,0.7953388690948486,0.6966399550437927,0.9532926082611084
5,0,0.5080241560935974,0.3532204329967499,-0.42616745829582214,0.9998824000358582
5,1,0.5240442752838135,0.3419532775878906,-0.44231659173965454,0.9996955394744873
5,2,0.5309861302375793,0.34174782037734985,-0.44241249561309814,0.999747633934021
5,3,0.5384119153022766,0.34150803089141846,-0.44248804450035095,0.9997658729553223
5,4,0.510884165763855,0.3421213626861572,-0.3954058885574341,0.9995489120483398
5,5,0.5081873536109924,0.3421162962913513,-0.39534610509872437,0.9994789361953735
5,6,0.505700409412384,0.34196385741233826,-0.39539635181427,0.999376118183136
5,7,0.5724761486053467,0.3470543324947357,-0.411143958568573,0.9997699856758118
5,8,0.5246612429618835,0.34610170125961304,-0.1926766335964203,0.9988433718681335
5,9,0.524786651134491,0.36710265278816223,-0.40591830015182495,0.9999067783355713
5,10,0.5086150765419006,0.36646831035614014,-0.3431352972984314,0.9997947216033936
5,11,0.6585015654563904,0.4195370078086853,-0.4254816770553589,0.999955952167511
5,12,0.48233625292778015,0.41900378465652466,0.018425969406962395,0.999775230884552
5,13,0.6751615405082703,0.5107299089431763,-0.44807636737823486,0.9707872271537781
5,14,0.4503985643386841,0.49887245893478394,0.1770995706319809,0.7028789520263672
5,15,0.6102609038352966,0.5990294814109802,-0.5279555916786194,0.9542751908302307
5,16,0.41968247294425964,0.5620531439781189,0.026325376704335213,0.849461555480957
5,17,0.6093899607658386,0.6243569850921631,-0.5922220945358276,0.941216230392456
5,18,0.4121679663658142,0.5855194330215454,-0.008767743594944477,0.8031297326087952
5,19,0.585871160030365,0.6192067265510559,-0.6282723546028137,0.9417886734008789
5,20,0.41957584023475647,0.5838570594787598,-0.07953845709562302,0.809948205947876
5,21,0.5805638432502747,0.6115279197692871,-0.537992537021637,0.9327173233032227
5,22,0.4252183139324188,0.5763903260231018,-0.008906860835850239,0.7950170636177063
5,23,0.5943663120269775,0.5952156186103821,-0.12808802723884583,0.9997997879981995
5,24,0.49096497893333435,0.5871685147285461,0.1280304491519928,0.99960857629776
5,25,0.605847179889679,0.7018918395042419,-0.013003813102841377,0.9861040115356445
5,26,0.48887887597084045,0.6891839504241943,0.35800424218177795,0.941720187664032
5,27,0.6328906416893005,0.7935792207717896,0.3340606689453125,0.9855461716651917
5,28,0.49406325817108154,0.7695178389549255,0.7767753601074219,0.9504045844078064
5,29,0.6454342603683472,0.8068897128105164,0.3537536859512329,0.8701581358909607
5,30,0.5129586458206177,0.7857931852340698,0.8090874552726746,0.8727061748504639
5,31,0.5790700912475586,0.8287933468818665,0.1259179711341858,0.9780285954475403
5,32,0.4108893573284149,0.7953388690948486,0.6808502078056335,0.9570244550704956
6,0,0.5046370029449463,0.3536379039287567,-0.4255366325378418,0.9998780488967896
6,1,0.5203238129615784,0.34242305159568787,-0.4414300322532654,0.9996787309646606
6,2,0.5270582437515259,0.3422510027885437,-0.4415312111377716,0.9997353553771973
6,3,0.5344306230545044,0.34198182821273804,-0.4416070580482483,0.9997544288635254
6,4,0.5068486332893372,0.3425791561603546,-0.39466604590415955,0.999519944190979
6,5,0.5041298866271973,0.34255683422088623,-0.39460742473602295,0.9994428753852844
6,6,0.5014022588729858,0.3423921465873718,-0.3946593105792999,0.999329149723053
6,7,0.5678969621658325,0.3471273183822632,-0.408730685710907,0.9997639656066895
6,8,0.5212409496307373,0.3462599515914917,-0.18911150097846985,0.998748779296875
6,9,0.5218437314033508,0.3674032390117645,-0.40413719415664673,0.9999066591262817
6,10,0.5050881505012512,0.36685943603515625,-0.34136703610420227,0.9997872710227966
6,11,0.6574054956436157,0.4192872643470764,-0.41941019892692566,0.9999597072601318
6,12,0.47936663031578064,0.4187365174293518,0.02107992395758629,0.9997808337211609
6,13,0.6748737096786499,0.5096389651298523,-0.4435897469520569,0.9734684824943542
6,14,0.4472474753856659,0.4989592134952545,0.1793234944343567,0.6906485557556152
6,15,0.6105104088783264,0.5966858863830566,-0.5339596271514893,0.9583115577697754
6,16,0.41694724559783936,0.5620412826538086,0.025972848758101463,0.8505014777183533
6,17,0.6098037958145142,0.6229873895645142,-0.5995376706123352,0.9459525942802429
6,18,0.40838199853897095,0.5855215191841125,-0.009703705087304115,0.8047991991043091
6,19,0.5863150954246521,0.6180287599563599,-0.6374052166938782,0.9464473128318787
6,20,0.4160172641277313,0.5838046669960022,-0.08023171126842499,0.8118164539337158
6,21,0.5809069275856018,0.6103610992431641,-0.5452077388763428,0.9376986622810364
6,22,0.4218980669975281,0.5763305425643921,-0.009530410170555115,0.796956479549408
6,23,0.5930584669113159,0.5953017473220825,-0.12788961827754974,0.9998034238815308
6,24,0.4899422228336334,0.5872824192047119,0.12782898545265198,0.9996151924133301
6,25,0.605525553226471,0.7018819451332092,-0.014052343554794788,0.9871467351913452
6,26,0.488465279340744,0.6892136931419373,0.364086776971817,0.9464368224143982
6,27,0.6328916549682617,0.7932577729225159,0.32498326897621155,0.9864632487297058
6,28,0.49406373500823975,0.7692199945449829,0.7861834764480591,0.9543107151985168
6,29,0.6454293727874756,0.8066469430923462,0.3439902067184448,0.874161958694458
6,30,0.5138764977455139,0.7855375409126282,0.8187882304191589,0.881594717502594
6,31,0.5810791254043579,0.828811526298523,0.11361496895551682,0.9793199896812439
6,32,0.4114563465118408,0.7951456904411316,0.6886516809463501,0.9603593945503235
7,0,0.5017237067222595,0.3539304733276367,-0.42785143852233887,0.9998705387115479
7,1,0.5172061324119568,0.34275680780410767,-0.4417768120765686,0.9996508955955505
7,2,0.5237289071083069,0.3425937592983246,-0.4418816864490509,0.9997140765190125
7,3,0.5311842560768127,0.3422972857952118,-0.4419621229171753,0.9997342228889465
7,4,0.5033247470855713,0.34291908144950867,-0.3966678977012634,0.9994759559631348
7,5,0.5005425810813904,0.3428841531276703,-0.39661529660224915,0.9993905425071716
7,6,0.4975931942462921,0.3427155911922455,-0.39666759967803955,0.9992634654045105
7,7,0.5644670128822327,0.34713783860206604,-0.41128599643707275,0.9997481107711792
7,8,0.5175326466560364,0.346377968788147,-0.1927148848772049,0.9986151456832886
7,9,0.5190670490264893,0.3675742745399475,-0.4062517285346985,0.9999038577079773
7,10,0.5019509196281433,0.36711087822914124,-0.34190985560417175,0.9997738599777222
7,11,0.6563798189163208,0.4190711975097656,-0.4149320423603058,0.9999628663063049
7,12,0.47491833567619324,0.41852083802223206,0.01959928870201111,0.9997851252555847
7,13,0.674896240234375,0.5088675618171692,-0.4369514584541321,0.9758384227752686
7,14,0.4404368996620178,0.49922075867652893,0.17211344838142395,0.6832760572433472
7,15,0.6149131059646606,0.5956860184669495,-0.534320592880249,0.9617960453033447
7,16,0.4140009582042694,0.5620139837265015,0.013432865962386131,0.852272629737854
7,17,0.6144329905509949,0.6224620938301086,-0.5999758243560791,0.9499388933181763
7,18,0.40513256192207336,0.5854931473731995,-0.025881687179207802,0.8071572184562683
7,19,0.5914140343666077,0.6178045272827148,-0.6399431228637695,0.9503676891326904
7,20,0.41339120268821716,0.5837832689285278,-0.0977688580751419,0.8143011331558228
7,21,0.5852457284927368,0.6100274324417114,-0.5468047857284546,0.9418324828147888
7,22,0.41932517290115356,0.5762982368469238,-0.022460784763097763,0.799497127532959
7,23,0.5913609862327576,0.5952762365341187,-0.12661677598953247,0.9998042583465576
7,24,0.48842278122901917,0.587300181388855,0.12655392289161682,0.9996181130409241
7,25,0.6052279472351074,0.701660692691803,-0.013871751725673676,0.9880610108375549
7,26,0.4882327616214752,0.6892122030258179,0.36275508999824524,0.9506767392158508
7,27,0.6328788995742798,0.7928661108016968,0.3179311454296112,0.9872661232948303
7,28,0.49407529830932617,0.7688239812850952,0.7870953679084778,0.9578148722648621
7,29,0.6453449130058289,0.8063267469406128,0.3359176814556122,0.8770579099655151
7,30,0.5145347118377686,0.7852766513824463,0.8197704553604126,0.8894296288490295
7,31,0.5830883383750916,0.8287421464920044,0.10177070647478104,0.9804288744926453
7,32,0.4129045605659485,0.7947179675102234,0.6860415935516357,0.9633347392082214
8,0,0.49919241666793823,0.35398799180984497,-0.43095338344573975,0.9998652935028076
8,1,0.5146679878234863,0.3428233861923218,-0.44216760993003845,0.9996296763420105
8,2,0.5211985111236572,0.3426455855369568,-0.4422733187675476,0.9996980428695679
8,3,0.528695821762085,0.3423318862915039,-0.44235607981681824,0.9997191429138184
8,4,0.500493049621582,0.3430250585079193,-0.3991491496562958,0.9994436502456665
8,5,0.4975486397743225,0.3430021405220032,-0.39910054206848145,0.9993523955345154
8,6,0.4943595826625824,0.342844694852829,-0.39915385842323303,0.9992144703865051
8,7,0.5615916848182678,0.34713563323020935,-0.40610024333000183,0.9997352361679077
8,8,0.5139560103416443,0.34641844034194946,-0.19460390508174896,0.9985101222991943
8,9,0.5162327289581299,0.36753547191619873,-0.40755531191825867,0.9999021887779236
8,10,0.4989287555217743,0.36709505319595337,-0.34340086579322815,0.9997641444206238
8,11,0.6546475291252136,0.41895994544029236,-0.4037894308567047,0.9999656677246094
8,12,0.4712856709957123,0.418405681848526,0.018484534695744514,0.999788761138916
8,13,0.6748171448707581,0.5086545348167419,-0.42242589592933655,0.9779567718505859
8,14,0.4356091022491455,0.4995869994163513,0.16577604413032532,0.676314115524292
8,15,0.6175634860992432,0.5952591300010681,-0.5256490707397461,0.9648808836936951
8,16,0.4117797911167145,0.5630501508712769,0.0046126823872327805,0.8533360362052917
8,17,0.6172110438346863,0.6222013831138611,-0.5910011529922485,0.9534361958503723
8,18,0.40303921699523926,0.5862745046615601,-0.03608201444149017,0.8087865710258484
8,19,0.5948557257652283,0.6177199482917786,-0.6325891017913818,0.9538113474845886
8,20,0.4115966260433197,0.5843216776847839,-0.10835374891757965,0.8160185217857361
8,21,0.588463306427002,0.6099332571029663,-0.5390393733978271,0.9454467296600342
8,22,0.417466938495636,0.5768044590950012,-0.0313800610601902,0.8011744618415833
8,23,0.5906468033790588,0.5952728986740112,-0.1242813840508461,0.9998052716255188
8,24,0.48729532957077026,0.5874257683753967,0.12422488629817963,0.999620258808136
8,25,0.6051892042160034,0.7016510963439941,-0.018702298402786255,0.9888978600502014
8,26,0.48804718255996704,0.6892746686935425,0.3584147095680237,0.9545041918754578
8,27,0.6328045129776001,0.7928047776222229,0.30477696657180786,0.9879987239837646
8,28,0.49406495690345764,0.7687400579452515,0.7845767736434937,0.9609704613685608
8,29,0.6450875401496887,0.80634605884552,0.32151493430137634,0.8795884847640991
8,30,0.5148011445999146,0.7851859331130981,0.8171208500862122,0.8963937163352966
8,31,0.5839912295341492,0.8286786079406738,0.08364839851856232,0.981419563293457
8,32,0.4140949547290802,0.7943007946014404,0.6805206537246704,0.965995192527771
9,0,0.49764060974121094,0.3541405200958252,-0.431061714887619,0.9998608231544495
9,1,0.5130271315574646,0.34292179346084595,-0.44304192066192627,0.9996123909950256
9,2,0.5196333527565002,0.34271836280822754,-0.4431495666503906,0.9996850490570068
9,3,0.5272013545036316,0.34237414598464966,-0.4432324171066284,0.999707043170929
9,4,0.4987035095691681,0.34320124983787537,-0.3993397057056427,0.9994152784347534
9,5,0.49569353461265564,0.3431956171989441,-0.3992930054664612,0.9993196725845337
9,6,0.4924541115760803,0.3430609703063965,-0.39934611320495605,0.9991734623908997
9,7,0.5601460933685303,0.34713295102119446,-0.4086025357246399,0.9997263550758362
9,8,0.5115641951560974,0.34650465846061707,-0.19583718478679657,0.9984222054481506
9,9,0.5144008994102478,0.36756283044815063,-0.4081884026527405,0.999901294708252
9,10,0.4972047209739685,0.3671673834323883,-0.3441180884838104,0.9997567534446716
9,11,0.6538664102554321,0.41898077726364136,-0.4091240465641022,0.9999682307243347
9,12,0.4694322943687439,0.4182995855808258,0.013160749338567257,0.9997917413711548
9,13,0.6734282374382019,0.5086682438850403,-0.4262789487838745,0.979850172996521
9,14,0.4329551160335541,0.4998874068260193,0.1552535742521286,0.6709262728691101
9,15,0.6175811886787415,0.5953227281570435,-0.5194884538650513,0.9676320552825928
9,16,0.4104190468788147,0.5633028745651245,-0.0063286456279456615,0.8544647693634033
9,17,0.6171923875808716,0.6221374273300171,-0.5832971930503845,0.956554114818573
9,18,0.40182894468307495,0.5867372155189514,-0.04744208604097366,0.8103893399238586
9,19,0.5949268341064453,0.617712676525116,-0.6245223879814148,0.9568742513656616
9,20,0.4104996621608734,0.5846788883209229,-0.11752287298440933,0.8177224397659302
9,21,0.5885640978813171,0.6099408268928528,-0.5323857665061951,0.9486687183380127
9,22,0.41636860370635986,0.5770856738090515,-0.04160432144999504,0.8029770851135254
9,23,0.5896619558334351,0.5954214334487915,-0.12319496273994446,0.9998066425323486
9,24,0.48629438877105713,0.587741494178772,0.12312766909599304,0.9996236562728882
9,25,0.604979395866394,0.7016454935073853,-0.0173473060131073,0.9896664023399353
9,26,0.48756638169288635,0.6892943382263184,0.3572777509689331,0.957987904548645
9,27,0.6325609087944031,0.792692244052887,0.3148084580898285,0.9886482954025269
9,28,0.4940871298313141,0.7684992551803589,0.786590039730072,0.9638288021087646
9,29,0.6447144150733948,0.8062402606010437,0.3313356935977936,0.8810222744941711
9,30,0.5151335597038269,0.7849184274673462,0.8198882937431335,0.9025871157646179
9,31,0.5840948820114136,0.8286916017532349,0.09762340039014816,0.9822739362716675
9,32,0.41457265615463257,0.794193685054779,0.6868274807929993,0.9684011936187744
10,0,0.49643945693969727,0.3546079695224762,-0.4287395477294922,0.9998548030853271
10,1,0.5120210647583008,0.34337204694747925,-0.44143146276474,0.999591052532196
10,2,0.5185876488685608,0.3431897759437561,-0.44153547286987305,0.9996686577796936
10,3,0.5261217355728149,0.34282243251800537,-0.44161733984947205,0.9996916651725769
10,4,0.4977080821990967,0.34370943903923035,-0.3977375030517578,0.9993821978569031
10,5,0.4947304129600525,0.3436889052391052,-0.3976925015449524,0.9992823600769043
10,6,0.49155378341674805,0.3435659408569336,-0.3977513611316681,0.9991275072097778
10,7,0.5589039921760559,0.34720394015312195,-0.40516290068626404,0.9997143149375916
10,8,0.5106032490730286,0.3467985987663269,-0.19474118947982788,0.9983236789703369
10,9,0.5130417943000793,0.3678639531135559,-0.4051191508769989,0.9998990893363953
10,10,0.49590614438056946,0.3674758970737457,-0.3432825803756714,0.9997464418411255
10,11,0.6528757810592651,0.4190772473812103,-0.4058336615562439,0.9999704360961914
10,12,0.46848705410957336,0.4182838797569275,0.01215665228664875,0.9997935891151428
10,13,0.6721883416175842,0.5086795091629028,-0.4181036949157715,0.9815492033958435
10,14,0.43119266629219055,0.5003005266189575,0.15550310909748077,0.6661517024040222
10,15,0.6157809495925903,0.5953124761581421,-0.5037387013435364,0.9701055884361267
10,16,0.4096768796443939,0.5636703968048096,-0.004010510165244341,0.8558102250099182
10,17,0.6145251393318176,0.6220220327377319,-0.5657749176025391,0.9593570232391357
10,18,0.4013611674308777,0.5873056650161743,-0.044225387275218964,0.8122934699058533
10,19,0.5927157402038574,0.6174677610397339,-0.6060469746589661,0.9596221446990967
10,20,0.41008898615837097,0.5851196646690369,-0.11374875903129578,0.819672703742981
10,21,0.5868235230445862,0.6097596287727356,-0.5157998204231262,0.9515596032142639
10,22,0.4158949851989746,0.5774747133255005,-0.03900054842233658,0.804938018321991
10,23,0.5890538096427917,0.5959253311157227,-0.12221411615610123,0.9998056888580322
10,24,0.4854997396469116,0.5882813930511475,0.1221383810043335,0.9996236562728882
10,25,0.6047341227531433,0.701675295829773,-0.02186412550508976,0.9903139472007751
10,26,0.48710793256759644,0.6893664598464966,0.3476702868938446,0.9609771370887756
10,27,0.6322594881057739,0.7925671935081482,0.313603937625885,0.9891492128372192
10,28,0.49413177371025085,0.7683078646659851,0.7667132616043091,0.9662542939186096
10,29,0.6444262266159058,0.8061884641647339,0.3314637839794159,0.8813673853874207
10,30,0.5153968930244446,0.7847505211830139,0.7990347146987915,0.9078014492988586
10,31,0.5841176509857178,0.8287336230278015,0.10047972202301025,0.9828898310661316
10,32,0.4149872362613678,0.7939743399620056,0.6673794984817505,0.9704241752624512
11,0,0.4957002103328705,0.3548261523246765,-0.41996878385543823,0.9998472332954407
11,1,0.5113263726234436,0.3435322046279907,-0.43426695466041565,0.999565064907074
11,2,0.5179083347320557,0.3433542847633362,-0.43436911702156067,0.9996482729911804
11,3,0.5254110097885132,0.3429686725139618,-0.4344501793384552,0.9996722340583801
11,4,0.4971071779727936,0.3439125418663025,-0.38961151242256165,0.9993398189544678
11,5,0.49413353204727173,0.3438887596130371,-0.38956859707832336,0.9992355704307556
11,6,0.4909782111644745,0.34376928210258484,-0.38963761925697327,0.9990714192390442
11,7,0.5584052801132202,0.3472372889518738,-0.40081724524497986,0.99969881772995
11,8,0.5100874900817871,0.346962034702301,-0.1878056824207306,0.9982123374938965
11,9,0.5122156143188477,0.3680165410041809,-0.39760881662368774,0.9998959898948669
11,10,0.49505093693733215,0.3676353096961975,-0.3361758589744568,0.9997341632843018
11,11,0.6524207592010498,0.41926145553588867,-0.40196526050567627,0.9999722242355347
11,12,0.4679774045944214,0.41826921701431274,0.011623658239841461,0.9997949004173279
11,13,0.670352578163147,0.5086967945098877,-0.41311371326446533,0.9830259084701538
11,14,0.42974090576171875,0.5003148317337036,0.15563835203647614,0.6627504825592041
11,15,0.6134008765220642,0.5952579379081726,-0.49493610858917236,0.9722529649734497
11,16,0.4090099632740021,0.5637668371200562,-0.006598376668989658,0.8576684594154358
11,17,0.6121110916137695,0.6219790577888489,-0.5567920804023743,0.961768388748169
11,18,0.40091946721076965,0.5876312255859375,-0.0479186587035656,0.8147411942481995
11,19,0.5899468064308167,0.6172463297843933,-0.5970118045806885,0.9619810581207275
11,20,0.40991082787513733,0.5853772163391113,-0.11563434451818466,0.8221469521522522
11,21,0.5845590233802795,0.6095353364944458,-0.5068353414535522,0.9540066123008728
11,22,0.4156965911388397,0.5776612758636475,-0.04102076590061188,0.8075270056724548
11,23,0.5882835984230042,0.5965251326560974,-0.12142514437437057,0.9998053908348083
11,24,0.484523743391037,0.5888892412185669,0.1213405504822731,0.9996269345283508
11,25,0.6030012369155884,0.7018526792526245,-0.016649313271045685,0.9908689856529236
11,26,0.48597031831741333,0.6893393397331238,0.351576566696167,0.963631808757782
11,27,0.6313631534576416,0.792503833770752,0.3378518521785736,0.9895272254943848
11,28,0.49422356486320496,0.7673004865646362,0.7782788872718811,0.9683769345283508
11,29,0.6437680721282959,0.8060904741287231,0.3589710295200348,0.8803449273109436
11,30,0.5160496830940247,0.7838670015335083,0.8116306066513062,0.9123846888542175
11,31,0.5841805934906006,0.8287340402603149,0.13160362839698792,0.9833109974861145
11,32,0.4164491295814514,0.7935264110565186,0.6814435720443726,0.9721895456314087
12,0,0.49440082907676697,0.3548072576522827,-0.4337587058544159,0.9998396635055542
12,1,0.510541558265686,0.34352347254753113,-0.45494499802589417,0.9995532035827637
12,2,0.5169420838356018,0.3433593809604645,-0.4550226032733917,0.9996373057365417
12,3,0.5242988467216492,0.3430008292198181,-0.455107718706131,0.999664306640625
12,4,0.4966755211353302,0.34389710426330566,-0.4048808217048645,0.9993271231651306
12,5,0.49394935369491577,0.34387293457984924,-0.4048573076725006,0.9992194771766663
12,6,0.49110403656959534,0.3437535762786865,-0.40489980578422546,0.999055027961731
12,7,0.5575321912765503,0.34738582372665405,-0.4456021189689636,0.999696671962738
12,8,0.5107429027557373,0.34697264432907104,-0.2087688446044922,0.9981887936592102
12,9,0.5107112526893616,0.3679924011230469,-0.41970592737197876,0.9998947978019714
12,10,0.4940427541732788,0.36760109663009644,-0.3519922196865082,0.9997234344482422
12,11,0.6487684845924377,0.4182690978050232,-0.4689069390296936,0.9999741315841675
12,12,0.46836820244789124,0.41834312677383423,0.0007622790872119367,0.9997955560684204
12,13,0.6700478196144104,0.5065102577209473,-0.5133762359619141,0.9845336079597473
12,14,0.4322930574417114,0.5000163316726685,0.14453740417957306,0.6532481908798218
12,15,0.5718219876289368,0.5794073939323425,-0.5900589227676392,0.9744148850440979
12,16,0.40921273827552795,0.5611594915390015,-0.013972780667245388,0.8503869771957397
12,17,0.5503518581390381,0.6003944277763367,-0.6595625281333923,0.9641409516334534
12,18,0.4003313183784485,0.5850487351417542,-0.052255477756261826,0.805152177810669
12,19,0.5308204889297485,0.5917330980300903,-0.6789906024932861,0.9642688035964966
12,20,0.4084390103816986,0.5828141570091248,-0.11956752836704254,0.8127551078796387
12,21,0.5340834856033325,0.5848090052604675,-0.5929272770881653,0.9561606049537659
12,22,0.41500476002693176,0.5751228332519531,-0.04853552579879761,0.7980928421020508
12,23,0.5882435441017151,0.5947753190994263,-0.13032840192317963,0.9997999668121338
12,24,0.4848611056804657,0.5872845649719238,0.13025854527950287,0.9996232986450195
12,25,0.6000345945358276,0.7015140652656555,-0.00626663351431489,0.9914012551307678
12,26,0.48488667607307434,0.6870440244674683,0.3757166564464569,0.9654908776283264
12,27,0.6308565735816956,0.7929784059524536,0.3318597078323364,0.9900025725364685
12,28,0.4939415454864502,0.7670975923538208,0.7824372053146362,0.9701197743415833
12,29,0.6439113616943359,0.8063098788261414,0.35060372948646545,0.8835181593894958
12,30,0.515725314617157,0.783673882484436,0.8134608864784241,0.9165146946907043
12,31,0.5836011171340942,0.8290544748306274,0.12173856794834137,0.9839675426483154
12,32,0.41640645265579224,0.7935214042663574,0.6837741136550903,0.9736369848251343
13,0,0.49481549859046936,0.35239604115486145,-0.44454166293144226,0.999782383441925
13,1,0.5113754868507385,0.3413069248199463,-0.46544817090034485,0.9994268417358398
13,2,0.517767608165741,0.3413693904876709,-0.46555742621421814,0.999529242515564
13,3,0.525307834148407,0.3413160741329193,-0.46568772196769714,0.9995734691619873
13,4,0.49822676181793213,0.34119728207588196,-0.4135543406009674,0.9991617798805237
13,5,0.49595823884010315,0.3411853313446045,-0.41351205110549927,0.999031662940979
13,6,0.4938049018383026,0.3411504328250885,-0.4135511517524719,0.9988285303115845
13,7,0.5613867044448853,0.34687548875808716,-0.44937455654144287,0.9996428489685059
13,8,0.5151997208595276,0.3454073667526245,-0.20954105257987976,0.9977823495864868
13,9,0.5111951231956482,0.36630353331565857,-0.4289582669734955,0.9998672604560852
13,10,0.496008038520813,0.3661153316497803,-0.3596755564212799,0.9996169805526733
13,11,0.6483665704727173,0.41456252336502075,-0.4798007011413574,0.9999732971191406
13,12,0.4861246347427368,0.4162960648536682,0.01701166294515133,0.9997532367706299
13,13,0.6632572412490845,0.5063630938529968,-0.5141305327415466,0.9856754541397095
13,14,0.46830371022224426,0.4999578595161438,0.14486409723758698,0.608328640460968
13,15,0.5086425542831421,0.5526775121688843,-0.529815137386322,0.9752883315086365
13,16,0.4431571960449219,0.5525420904159546,-0.05274350941181183,0.8038377165794373
13,17,0.47750765085220337,0.5711231827735901,-0.5920450687408447,0.9638189077377319
13,18,0.4347214698791504,0.5757783651351929,-0.09584096074104309,0.7613518238067627
13,19,0.4701017737388611,0.5618507266044617,-0.5923376083374023,0.9637401700019836
13,20,0.43315356969833374,0.5720587372779846,-0.15758442878723145,0.768905758857727
13,21,0.4779171049594879,0.555898129940033,-0.5216264128684998,0.9541148543357849
13,22,0.43952125310897827,0.5646480321884155,-0.0875859335064888,0.7546170353889465
13,23,0.6008948683738708,0.5900353193283081,-0.13204897940158844,0.9997720122337341
13,24,0.5031237006187439,0.5843971967697144,0.13201694190502167,0.9995912313461304
13,25,0.605133593082428,0.7004696130752563,0.06525406241416931,0.9918021559715271
13,26,0.49477827548980713,0.6854021549224854,0.4001353681087494,0.9673829078674316
13,27,0.6310356259346008,0.7929457426071167,0.41469988226890564,0.9901496171951294
13,28,0.4939449429512024,0.7670338749885559,0.797106921672821,0.9716911315917969
13,29,0.6439498066902161,0.8060969114303589,0.4349070191383362,0.8824394941329956
13,30,0.5157839059829712,0.7836947441101074,0.8256922960281372,0.9195282459259033
13,31,0.5824986100196838,0.8291984796524048,0.20239141583442688,0.9840691089630127
13,32,0.4165393114089966,0.7938204407691956,0.6842696070671082,0.9748103022575378
14,0,0.5008612871170044,0.34939995408058167,-0.45083436369895935,0.9997478723526001
14,1,0.5175836086273193,0.33879151940345764,-0.47614189982414246,0.9993683695793152
14,2,0.5239393711090088,0.33884236216545105,-0.4762513339519501,0.9994829893112183
14,3,0.5310242772102356,0.33889535069465637,-0.47640499472618103,0.999538779258728
14,4,0.5069928765296936,0.3385995328426361,-0.41813260316848755,0.9990963339805603
14,5,0.5055453777313232,0.33855313062667847,-0.41806861758232117,0.9989599585533142
14,6,0.50420743227005,0.33848100900650024,-0.41810184717178345,0.9987390637397766
14,7,0.5684181451797485,0.3457992970943451,-0.4804239869117737,0.9996182322502136
14,8,0.5278807878494263,0.3437913656234741,-0.21189545094966888,0.9975729584693909
14,9,0.5148709416389465,0.3632018268108368,-0.4430241882801056,0.9998433589935303
14,10,0.5032548904418945,0.36325347423553467,-0.366071879863739,0.9995351433753967
14,11,0.6485525965690613,0.41413241624832153,-0.5335273146629333,0.9999698996543884
14,12,0.5085792541503906,0.4136614203453064,0.023442676290869713,0.9996936321258545
14,13,0.6593728065490723,0.5077304244041443,-0.5554572343826294,0.9866153597831726
14,14,0.5001616477966309,0.49654683470726013,0.17022351920604706,0.5614057779312134
14,15,0.5084821581840515,0.5553171038627625,-0.5001367926597595,0.9756140112876892
14,16,0.4706721007823944,0.5474644899368286,0.015384956263005733,0.7507100701332092
14,17,0.4809829294681549,0.5741947889328003,-0.5548398494720459,0.9627019166946411
14,18,0.46295949816703796,0.5728890299797058,-0.017269499599933624,0.7112400531768799
14,19,0.4738433063030243,0.5646665096282959,-0.5576688647270203,0.9624363780021667
14,20,0.46003100275993347,0.567502498626709,-0.07265231758356094,0.7187804579734802
14,21,0.4813086986541748,0.5586846470832825,-0.4922716021537781,0.9509959816932678
14,22,0.4649848937988281,0.5604502558708191,-0.016702301800251007,0.7049722075462341
14,23,0.6110782623291016,0.5896737575531006,-0.1414584368467331,0.9997395873069763
14,24,0.5222488641738892,0.5839515924453735,0.14142081141471863,0.999552845954895
14,25,0.6132656335830688,0.7001027464866638,0.09287058562040329,0.9918768405914307
14,26,0.511232316493988,0.6830250024795532,0.4433855414390564,0.968433141708374
14,27,0.6315751671791077,0.7929605841636658,0.4494371712207794,0.990030825138092
14,28,0.49475306272506714,0.7669227123260498,0.8449885845184326,0.9728899002075195
14,29,0.6453036069869995,0.8061758875846863,0.47211575508117676,0.8814072608947754
14,30,0.5153640508651733,0.783711314201355,0.8752082586288452,0.9214248657226562
14,31,0.5805040001869202,0.8277064561843872,0.253449410200119,0.9840026497840881
14,32,0.4174019694328308,0.7934492826461792,0.748116135597229,0.9757578372955322
15,0,0.5096012353897095,0.3490372896194458,-0.4868152141571045,0.999737560749054
15,1,0.5264580845832825,0.3384464979171753,-0.5145902037620544,0.9993672370910645
15,2,0.532833456993103,0.3385472893714905,-0.5147057771682739,0.9994815587997437
15,3,0.5398746728897095,0.3386343717575073,-0.514887809753418,0.9995406866073608
15,4,0.5164310932159424,0.33818554878234863,-0.4557461142539978,0.9991092681884766
15,5,0.5152454972267151,0.3381075859069824,-0.4556996524333954,0.9989774823188782
15,6,0.5142115950584412,0.33797627687454224,-0.4557342529296875,0.9987633228302002
15,7,0.5772807002067566,0.34579193592071533,-0.5198119878768921,0.9996240735054016
15,8,0.5386365056037903,0.3436231017112732,-0.2516431510448456,0.9976202249526978
15,9,0.5227555632591248,0.36285334825515747,-0.4797303378582001,0.9998350143432617
15,10,0.512184739112854,0.3628566563129425,-0.40268105268478394,0.9995104670524597
15,11,0.6491853594779968,0.41434282064437866,-0.5686050653457642,0.9999653100967407
15,12,0.5208624601364136,0.41377782821655273,0.0050946855917572975,0.9996514916419983
15,13,0.6598716974258423,0.5115262866020203,-0.5756257176399231,0.9873837232589722
15,14,0.5203064680099487,0.496137797832489,0.14805372059345245,0.5187424421310425
15,15,0.5166568160057068,0.5596988201141357,-0.48317641019821167,0.9747523665428162
15,16,0.4855441153049469,0.5460232496261597,0.003485734574496746,0.7006017565727234
15,17,0.4911467730998993,0.5775049328804016,-0.5313438773155212,0.9593766927719116
15,18,0.4765018820762634,0.5691245198249817,-0.020596511662006378,0.6644025444984436
15,19,0.48453599214553833,0.5680249333381653,-0.5359310507774353,0.9589439034461975
15,20,0.47394534945487976,0.5651581883430481,-0.08351343125104904,0.6719375848770142
15,21,0.49173927307128906,0.5620928406715393,-0.47571805119514465,0.9452089667320251
15,22,0.4794580638408661,0.5585538148880005,-0.0236872099339962,0.6585984230041504
15,23,0.6170801520347595,0.5896347165107727,-0.14614544808864594,0.999716579914093
15,24,0.5305435657501221,0.5826365947723389,0.1460702121257782,0.9995244145393372
15,25,0.6147752404212952,0.7000988721847534,0.08989696204662323,0.9919437766075134
15,26,0.5125350952148438,0.6804574728012085,0.45396992564201355,0.9688580632209778
15,27,0.6324751377105713,0.79318767786026,0.43636059761047363,0.9899555444717407
15,28,0.49546194076538086,0.7669689655303955,0.8483304977416992,0.9736568927764893
15,29,0.6456233263015747,0.8072640299797058,0.45872968435287476,0.8829732537269592
15,30,0.5131406784057617,0.7840045094490051,0.8784211874008179,0.9223054647445679
15,31,0.580306887626648,0.8262770771980286,0.2510857582092285,0.9840366244316101
15,32,0.41541552543640137,0.7934237718582153,0.7613421082496643,0.976335883140564
16,0,0.516865074634552,0.3482847213745117,-0.4291761517524719,0.9997252821922302
16,1,0.5330927968025208,0.3377273976802826,-0.45781397819519043,0.999352753162384
16,2,0.5398474931716919,0.3378768861293793,-0.4579428732395172,0.9994658827781677
16,3,0.5470789074897766,0.3379332423210144,-0.45811980962753296,0.9995241761207581
16,4,0.5235862731933594,0.33735546469688416,-0.400014191865921,0.999118983745575
16,5,0.5223792791366577,0.337228924036026,-0.39997756481170654,0.9989972710609436
16,6,0.5213818550109863,0.3369911313056946,-0.40003013610839844,0.9987962245941162
16,7,0.5840678811073303,0.3450658321380615,-0.47295138239860535,0.9995991587638855
16,8,0.5453879237174988,0.342408686876297,-0.20389889180660248,0.9976955652236938
16,9,0.530392050743103,0.3624124526977539,-0.4241943061351776,0.9998204708099365
16,10,0.5198306441307068,0.36234501004219055,-0.3486389219760895,0.9994825720787048
16,11,0.6515733003616333,0.4145171642303467,-0.5239402651786804,0.9999554753303528
16,12,0.5259036421775818,0.41338032484054565,0.02162778563797474,0.999627947807312
16,13,0.6431629657745361,0.5089203119277954,-0.5096918940544128,0.9871248006820679
16,14,0.5256325006484985,0.494262158870697,0.13158340752124786,0.48015251755714417
16,15,0.4884617328643799,0.5033300518989563,-0.4018813371658325,0.9703651666641235
16,16,0.4923057556152344,0.543188214302063,-0.07026510685682297,0.652263343334198
16,17,0.45567142963409424,0.5008524656295776,-0.44405597448349,0.9513551592826843
16,18,0.48095521330833435,0.56177818775177,-0.11689110100269318,0.6200444102287292
16,19,0.4554694592952728,0.4914948046207428,-0.4394474923610687,0.9503916501998901
16,20,0.48459434509277344,0.562865138053894,-0.16124264895915985,0.6273546814918518
16,21,0.46767544746398926,0.4916560649871826,-0.39169371128082275,0.9324399828910828
16,22,0.48882102966308594,0.5530632138252258,-0.09892686456441879,0.614823579788208
16,23,0.6189122796058655,0.589438796043396,-0.1446204036474228,0.9997107982635498
16,24,0.5275576710700989,0.5820841193199158,0.14462190866470337,0.9995076656341553
16,25,0.6228760480880737,0.7007854580879211,0.12779760360717773,0.9924561977386475
16,26,0.5109472274780273,0.6754438281059265,0.5127738118171692,0.9697050452232361
16,27,0.6326575875282288,0.7936462163925171,0.4511829912662506,0.9905325770378113
16,28,0.5175691246986389,0.7587019801139832,0.9417311549186707,0.9743048548698425
16,29,0.6445707678794861,0.807510495185852,0.47275084257125854,0.8867242336273193
16,30,0.5410292148590088,0.7779595851898193,0.9773645401000977,0.9216443300247192
16,31,0.5801149606704712,0.826347827911377,0.26219791173934937,0.9849193692207336
16,32,0.43411633372306824,0.7857476472854614,0.8821480870246887,0.9772172570228577
17,0,0.5174074769020081,0.34835314750671387,-0.3712688386440277,0.9997466802597046
17,1,0.5332878828048706,0.3378714621067047,-0.4076394736766815,0.9994094371795654
17,2,0.5400161147117615,0.3380000591278076,-0.40774163603782654,0.9995118975639343
17,3,0.5475026965141296,0.33803030848503113,-0.4078863263130188,0.9995641708374023
17,4,0.5232897996902466,0.3375547528266907,-0.3493598997592926,0.9991979598999023
17,5,0.5219914317131042,0.337435781955719,-0.3493534326553345,0.9990878105163574
17,6,0.5208635330200195,0.33720701932907104,-0.3493117094039917,0.9989057779312134
17,7,0.5834206938743591,0.34507372975349426,-0.4370400607585907,0.999635636806488
17,8,0.5437990427017212,0.3425266146659851,-0.17090505361557007,0.9979104399681091
17,9,0.5306318998336792,0.3624671995639801,-0.3714844584465027,0.9998347759246826
17,10,0.520222544670105,0.3623639643192291,-0.2964882254600525,0.9995251297950745
17,11,0.651023805141449,0.414620965719223,-0.5039178133010864,0.9999496936798096
17,12,0.5272136330604553,0.4111576974391937,0.06574662774801254,0.999631941318512
17,13,0.6053122282028198,0.5061789751052856,-0.3825473487377167,0.9846279621124268
17,14,0.5184208750724792,0.48988181352615356,0.022326622158288956,0.4433216452598572
17,15,0.4762057363986969,0.470853328704834,-0.06038476154208183,0.9554857015609741
17,16,0.4772755205631256,0.4792171120643616,-0.3349762260913849,0.607818603515625
17,17,0.44694066047668457,0.46316593885421753,-0.05135480687022209,0.9311314821243286
17,18,0.4691919982433319,0.4741661548614502,-0.3937397003173828,0.5808330774307251
17,19,0.4498947262763977,0.4541528820991516,-0.05741824954748154,0.9290735721588135
17,20,0.4814980924129486,0.4634881615638733,-0.3985975980758667,0.5869359374046326
17,21,0.46135973930358887,0.45677995681762695,-0.04558901861310005,0.9080299735069275
17,22,0.476382315158844,0.4649638235569,-0.35415035486221313,0.574734091758728
17,23,0.6182945966720581,0.5889385342597961,-0.14529448747634888,0.9997138381004333
17,24,0.5241308808326721,0.5808237195014954,0.14522209763526917,0.999515175819397
17,25,0.62557053565979,0.7010202407836914,0.10695008933544159,0.9929656982421875
17,26,0.503197968006134,0.6711661219596863,0.5200001001358032,0.9706842303276062
17,27,0.6335351467132568,0.794035792350769,0.42683669924736023,0.991146981716156
17,28,0.5391831398010254,0.7501844167709351,0.9415869116783142,0.9750822186470032
17,29,0.6451002359390259,0.8081792593002319,0.44759446382522583,0.8908795118331909
17,30,0.5658435821533203,0.7661623954772949,0.9762722253799438,0.9226813912391663
17,31,0.5798785090446472,0.828696608543396,0.2373971939086914,0.9860066771507263
17,32,0.4635140597820282,0.779613733291626,0.905303955078125,0.9783351421356201
18,0,0.5045031905174255,0.352054238319397,-0.3938716948032379,0.9997591972351074
18,1,0.5194538831710815,0.3417113423347473,-0.4191141724586487,0.999444842338562
18,2,0.5258365869522095,0.34165021777153015,-0.41924849152565,0.9995380640029907
18,3,0.53266441822052,0.34147876501083374,-0.41940295696258545,0.9995871782302856
18,4,0.5092818140983582,0.3415471911430359,-0.3674764037132263,0.9992486834526062
18,5,0.5080702304840088,0.34138813614845276,-0.3674435019493103,0.9991419911384583
18,6,0.5068731307983398,0.34110409021377563,-0.3674275577068329,0.9989705681800842
18,7,0.5666117072105408,0.3464720845222473,-0.39043036103248596,0.9996572136878967
18,8,0.5302321314811707,0.34483522176742554,-0.17012323439121246,0.9980393052101135
18,9,0.5195375680923462,0.36565154790878296,-0.3789657950401306,0.9998413920402527
18,10,0.5080741047859192,0.3654690980911255,-0.3133305311203003,0.9995439648628235
18,11,0.6391592025756836,0.41476330161094666,-0.4152003824710846,0.9999461770057678
18,12,0.5219446420669556,0.41121214628219604,0.06507596373558044,0.9995970129966736
18,13,0.6120047569274902,0.5046306252479553,-0.38870376348495483,0.9852281212806702
18,14,0.5080704092979431,0.4904891550540924,0.07583317160606384,0.40814393758773804
18,15,0.4688562750816345,0.49024930596351624,-0.27730974555015564,0.9545750617980957
18,16,0.471817284822464,0.5082722902297974,-0.19166933000087738,0.5631462931632996
18,17,0.4407597780227661,0.4886658787727356,-0.30863678455352783,0.9276732802391052
18,18,0.4617774188518524,0.5199677348136902,-0.2449374943971634,0.5407581329345703
18,19,0.44194138050079346,0.4782768785953522,-0.30889713764190674,0.9256003499031067
18,20,0.47039616107940674,0.5094848871231079,-0.28149399161338806,0.5466693639755249
18,21,0.4532315135002136,0.4780192971229553,-0.26736515760421753,0.9025980830192566
18,22,0.4700559079647064,0.505553662776947,-0.21999475359916687,0.5354727506637573
18,23,0.6053188443183899,0.5888681411743164,-0.13987357914447784,0.9997020959854126
18,24,0.5140395164489746,0.5809828042984009,0.13976076245307922,0.9994907975196838
18,25,0.6100862622261047,0.6996517181396484,0.09133195132017136,0.9934119582176208
18,26,0.49170058965682983,0.6731630563735962,0.4492499530315399,0.972165584564209
18,27,0.6343220472335815,0.79358971118927,0.4027929902076721,0.9916701316833496
18,28,0.5176050662994385,0.7512581944465637,0.8167402744293213,0.9766427278518677
18,29,0.6455479860305786,0.8077570796012878,0.4212194085121155,0.8963040113449097
18,30,0.5319932103157043,0.7687715888023376,0.8440604209899902,0.925843358039856
18,31,0.5797752737998962,0.8286937475204468,0.2098315954208374,0.9868366122245789
18,32,0.4259343147277832,0.780074954032898,0.7222747206687927,0.979536771774292
19,0,0.46827980875968933,0.35650506615638733,-0.40307915210723877,0.9997571110725403
19,1,0.48396724462509155,0.34510332345962524,-0.42725837230682373,0.9994524121284485
19,2,0.4900549054145813,0.34505969285964966,-0.42738771438598633,0.9995437860488892
19,3,0.4967687726020813,0.344957172870636,-0.427533894777298,0.9995925426483154
19,4,0.4736907482147217,0.34528428316116333,-0.3755270540714264,0.9992626309394836
19,5,0.47272390127182007,0.34519699215888977,-0.3754901885986328,0.9991627335548401
19,6,0.47194066643714905,0.3450281620025635,-0.375492125749588,0.9989936351776123
19,7,0.5271458625793457,0.3505111336708069,-0.4063723683357239,0.9996623396873474
19,8,0.4938065707683563,0.3496447801589966,-0.17434357106685638,0.9980944991111755
19,9,0.48124805092811584,0.3692399859428406,-0.3862634003162384,0.9998444318771362
19,10,0.4700200855731964,0.36897438764572144,-0.3205999433994293,0.9995359778404236
19,11,0.5987578630447388,0.41502299904823303,-0.4367375671863556,0.9999482035636902
19,12,0.48824161291122437,0.4158281683921814,0.047028981149196625,0.9995864629745483
19,13,0.6169717907905579,0.5018171072006226,-0.5452295541763306,0.9864466786384583
19,14,0.4807646572589874,0.489990234375,0.1443263292312622,0.3922954201698303
19,15,0.4901559054851532,0.5116748213768005,-0.5860863924026489,0.957773745059967
19,16,0.39614278078079224,0.5092113018035889,-0.011360143311321735,0.5721489191055298
19,17,0.46210378408432007,0.5173983573913574,-0.6341635584831238,0.9315980672836304
19,18,0.36600592732429504,0.5145549178123474,-0.0460779033601284,0.552142322063446
19,19,0.45747092366218567,0.5084993839263916,-0.625243067741394,0.9295213222503662
19,20,0.3675417900085449,0.5098612904548645,-0.0918847918510437,0.5588499903678894
19,21,0.46602728962898254,0.5067055821418762,-0.5762223601341248,0.9067379236221313
19,22,0.3779270648956299,0.5081601738929749,-0.040628835558891296,0.5465903282165527
19,23,0.5748762488365173,0.5894134044647217,-0.14468485116958618,0.9996981620788574
19,24,0.49691712856292725,0.5846367478370667,0.14443516731262207,0.9994488954544067
19,25,0.586397111415863,0.6962937116622925,0.04736413434147835,0.9937509894371033
19,26,0.47674989700317383,0.6732615232467651,0.4580255150794983,0.971877932548523
19,27,0.6347694993019104,0.7934765815734863,0.288971871137619,0.9921628832817078
19,28,0.5026280879974365,0.756323516368866,0.8262895941734314,0.977174699306488
19,29,0.649701714515686,0.8082962036132812,0.30316412448883057,0.9026098847389221
19,30,0.5153793096542358,0.7732083797454834,0.8561564087867737,0.9276337623596191
19,31,0.5788580775260925,0.8291403651237488,0.09811916202306747,0.9876307249069214
19,32,0.4058822989463806,0.7801966071128845,0.744166910648346,0.9801571369171143
20,0,0.4468885064125061,0.3563418984413147,-0.4075421988964081,0.9997367858886719
20,1,0.4605049192905426,0.3450324237346649,-0.4304337501525879,0.9994345903396606
20,2,0.466390997171402,0.3450181782245636,-0.4305892586708069,0.9995295405387878
20,3,0.47261136770248413,0.3448876440525055,-0.4307752847671509,0.9995775818824768
20,4,0.451712965965271,0.34507161378860474,-0.3794994354248047,0.9992194175720215
20,5,0.45098939538002014,0.344956636428833,-0.37946268916130066,0.9991153478622437
20,6,0.45051154494285583,0.34475141763687134,-0.37947842478752136,0.9989414215087891
20,7,0.5042733550071716,0.35025930404663086,-0.42911288142204285,0.9996547102928162
20,8,0.47302940487861633,0.3493436574935913,-0.17835842072963715,0.9979023933410645
20,9,0.46012258529663086,0.36919093132019043,-0.3887209892272949,0.9998359680175781
20,10,0.4504678547382355,0.36891573667526245,-0.32560184597969055,0.9994677901268005
20,11,0.5706610679626465,0.40591540932655334,-0.4660980999469757,0.9999523162841797
20,12,0.4710496664047241,0.41575559973716736,0.07385619729757309,0.999555766582489
20,13,0.6526837348937988,0.46430158615112305,-0.628926694393158,0.9877663850784302
20,14,0.46035444736480713,0.47687116265296936,0.3502504527568817,0.3932878375053406
20,15,0.5344622135162354,0.5071471333503723,-0.759017288684845,0.9618383049964905
20,16,0.36982277035713196,0.47635871171951294,0.3468480110168457,0.604515790939331
20,17,0.4982525706291199,0.5208507180213928,-0.8152528405189514,0.9377830624580383
20,18,0.34097820520401,0.4688618779182434,0.34588801860809326,0.5838318467140198
20,19,0.48542290925979614,0.51236891746521,-0.8046599626541138,0.9358767867088318
20,20,0.34402117133140564,0.46317258477211,0.3060222268104553,0.590118944644928
20,21,0.4904806315898895,0.5080592632293701,-0.7489866614341736,0.914875328540802
20,22,0.35574862360954285,0.466655969619751,0.32750433683395386,0.576621949672699
20,23,0.5496710538864136,0.5768558979034424,-0.16800731420516968,0.9996718168258667
20,24,0.48653149604797363,0.5767921805381775,0.16770149767398834,0.9994125366210938
20,25,0.5644223093986511,0.6821573972702026,-0.0026281278114765882,0.9935593605041504
20,26,0.4789285361766815,0.6689603924751282,0.3430449664592743,0.9693601727485657
20,27,0.6630035638809204,0.7703530192375183,0.30095067620277405,0.9923469424247742
20,28,0.49829500913619995,0.7577632665634155,0.659993052482605,0.9778186678886414
20,29,0.6923775672912598,0.7793923616409302,0.32372796535491943,0.9084308743476868
20,30,0.512028157711029,0.7757220268249512,0.6817456483840942,0.9307835698127747
20,31,0.604753851890564,0.8118917346000671,0.13498985767364502,0.9881366491317749
20,32,0.4005586802959442,0.7801513075828552,0.5542765259742737,0.9808160066604614
21,0,0.4448142647743225,0.3566371202468872,-0.40443432331085205,0.99970942735672
21,1,0.4589099884033203,0.34530919790267944,-0.43100276589393616,0.9994065761566162
21,2,0.46446576714515686,0.34524214267730713,-0.43109673261642456,0.999513566493988
21,3,0.470350444316864,0.3450999855995178,-0.43119075894355774,0.9995502829551697
21,4,0.45070821046829224,0.34558331966400146,-0.3775177299976349,0.9991542100906372
21,5,0.45001420378685,0.3456501364707947,-0.37753158807754517,0.9990689158439636
21,6,0.44956547021865845,0.3456134498119354,-0.3775046765804291,0.998883843421936
21,7,0.5010517835617065,0.35053345561027527,-0.43738362193107605,0.9996343851089478
21,8,0.4735729992389679,0.3501504361629486,-0.18224652111530304,0.9977570176124573
21,9,0.457714706659317,0.369454562664032,-0.39372843503952026,0.9998260140419006
21,10,0.448895126581192,0.3695410490036011,-0.32558467984199524,0.9993918538093567
21,11,0.5709269046783447,0.4042299687862396,-0.4806733727455139,0.9999560713768005
21,12,0.468335896730423,0.4157441258430481,0.08072792738676071,0.9995057582855225
21,13,0.672227680683136,0.4531906247138977,-0.6781662702560425,0.9889444708824158
21,14,0.4548070728778839,0.4748869836330414,0.42272189259529114,0.4055992662906647
21,15,0.5520872473716736,0.5050595998764038,-0.8574992418289185,0.9654739499092102
21,16,0.37599796056747437,0.4698282778263092,0.5315811038017273,0.6389201283454895
21,17,0.5243683457374573,0.5193198919296265,-0.9171074628829956,0.9432588219642639
21,18,0.34878009557724,0.46102437376976013,0.5485731959342957,0.6182910203933716
21,19,0.5087202787399292,0.5103253722190857,-0.9080628156661987,0.9415265917778015
21,20,0.3502814769744873,0.45361828804016113,0.5159651637077332,0.6240686178207397
21,21,0.5135402083396912,0.5063687562942505,-0.849869966506958,0.9220783114433289
21,22,0.3606323301792145,0.4577895700931549,0.5193238854408264,0.60990971326828
21,23,0.5511557459831238,0.575688362121582,-0.1818535327911377,0.9996783137321472
21,24,0.4840943515300751,0.5759395360946655,0.18142126500606537,0.9994170069694519
21,25,0.56706303358078,0.6814844012260437,-0.05665610730648041,0.9937048554420471
21,26,0.4791067838668823,0.6696467995643616,0.345989853143692,0.9679150581359863
21,27,0.6842929124832153,0.7665472626686096,0.2436513751745224,0.9928512573242188
21,28,0.49805015325546265,0.7582281827926636,0.7319223284721375,0.9787778854370117
21,29,0.7212997674942017,0.7727786302566528,0.2674839496612549,0.9151236414909363
21,30,0.5130023956298828,0.7773348093032837,0.761706531047821,0.9341613054275513
21,31,0.6304284334182739,0.8101022839546204,0.08153584599494934,0.9889683723449707
21,32,0.4020015001296997,0.7790517807006836,0.6499276757240295,0.9817331433296204
22,0,0.4572545886039734,0.35785841941833496,-0.40692436695098877,0.9997165203094482
22,1,0.4719761312007904,0.3463497459888458,-0.43218785524368286,0.9994279742240906
22,2,0.4778861701488495,0.34623855352401733,-0.4322790503501892,0.9995299577713013
22,3,0.4842807352542877,0.346045583486557,-0.4323727786540985,0.9995638728141785
22,4,0.4626714885234833,0.34651222825050354,-0.3795383870601654,0.9991918802261353
22,5,0.46161800622940063,0.3465307056903839,-0.3795391023159027,0.9991138577461243
22,6,0.46074408292770386,0.34644460678100586,-0.37951600551605225,0.9989335536956787
22,7,0.5163230299949646,0.3512795567512512,-0.4424646198749542,0.9996500015258789
22,8,0.4839216470718384,0.35107946395874023,-0.183258518576622,0.9978845119476318
22,9,0.47076845169067383,0.37099581956863403,-0.3959094285964966,0.9998330473899841
22,10,0.4605117440223694,0.37073272466659546,-0.3276510536670685,0.9994125962257385
22,11,0.5880727767944336,0.4059728980064392,-0.4804956614971161,0.9999578595161438
22,12,0.471999853849411,0.41594356298446655,0.06721915304660797,0.9995200037956238
22,13,0.6674714684486389,0.4635348916053772,-0.6001014113426208,0.9898639917373657
22,14,0.4615066945552826,0.477938175201416,0.24253354966640472,0.3950357735157013
22,15,0.5384321212768555,0.5118333101272583,-0.6806889176368713,0.9681243300437927
22,16,0.3910750150680542,0.486767441034317,0.06873560696840286,0.6493327617645264
22,17,0.49895206093788147,0.5239322185516357,-0.737978458404541,0.946815013885498
22,18,0.3661733865737915,0.4870063364505768,0.03553711250424385,0.6302223205566406
22,19,0.49059897661209106,0.5139104127883911,-0.7290601134300232,0.9450927972793579
22,20,0.36683401465415955,0.4803469777107239,-0.009298386052250862,0.6365544199943542
22,21,0.49563565850257874,0.5102261304855347,-0.6716026663780212,0.9258811473846436
22,22,0.37822583317756653,0.4805568754673004,0.040269043296575546,0.620486319065094
22,23,0.5607200860977173,0.5778946280479431,-0.18009808659553528,0.9996805191040039
22,24,0.4860483407974243,0.5775483846664429,0.17970657348632812,0.9994078874588013
22,25,0.5719136595726013,0.6840440630912781,-0.013549374416470528,0.9940561652183533
22,26,0.4784357249736786,0.6707655787467957,0.4384259879589081,0.9690573811531067
22,27,0.6736355423927307,0.7671045660972595,0.26000550389289856,0.9932918548583984
22,28,0.4978930950164795,0.7586893439292908,0.8356661200523376,0.9798293113708496
22,29,0.7003235816955566,0.7860924601554871,0.27577880024909973,0.9203208088874817
22,30,0.5132681727409363,0.7775334119796753,0.8657096028327942,0.9371166229248047
22,31,0.6188830137252808,0.8132981061935425,0.06335605680942535,0.9896506071090698
22,32,0.4040625989437103,0.7793360948562622,0.753589391708374,0.9826279282569885
23,0,0.4739355444908142,0.3589070737361908,-0.3468954861164093,0.9997415542602539
23,1,0.4868066608905792,0.3473556935787201,-0.38364729285240173,0.9994791746139526
23,2,0.49205470085144043,0.34719061851501465,-0.3836933970451355,0.9995712637901306
23,3,0.49846428632736206,0.3469318151473999,-0.38371777534484863,0.999600887298584
23,4,0.4803319275379181,0.34735625982284546,-0.32092711329460144,0.9992666244506836
23,5,0.48011788725852966,0.34725192189216614,-0.3209533095359802,0.999196469783783
23,6,0.479772686958313,0.3470441699028015,-0.32098037004470825,0.9990334510803223
23,7,0.5364236831665039,0.35185813903808594,-0.4235036075115204,0.9996803998947144
23,8,0.5049372911453247,0.3515889048576355,-0.1373729109764099,0.9980846047401428
23,9,0.48581141233444214,0.3717334568500519,-0.3519545793533325,0.999846875667572
23,10,0.4779191017150879,0.371502548456192,-0.27087900042533875,0.9994643926620483
23,11,0.6187264919281006,0.4158638119697571,-0.45709228515625,0.999954879283905
23,12,0.4913119971752167,0.41647759079933167,0.06364481896162033,0.9995558857917786
23,13,0.6338126063346863,0.4949685037136078,-0.44096192717552185,0.989890992641449
23,14,0.47881269454956055,0.4824798107147217,0.04712824895977974,0.3893429934978485
23,15,0.4926997423171997,0.49895626306533813,-0.3235090374946594,0.967480480670929
23,16,0.42689141631126404,0.49440011382102966,-0.32537201046943665,0.647958517074585
23,17,0.45796504616737366,0.5046161413192749,-0.36052393913269043,0.9450740218162537
23,18,0.4103800058364868,0.4964551031589508,-0.3942018747329712,0.6295105814933777
23,19,0.45789238810539246,0.4902679920196533,-0.36268845200538635,0.943229079246521
23,20,0.4124646782875061,0.49147382378578186,-0.4311150014400482,0.6364355683326721
23,21,0.4709723889827728,0.48717325925827026,-0.314931184053421,0.9224708080291748
23,22,0.4214721620082855,0.4908292889595032,-0.35678020119667053,0.6195879578590393
23,23,0.5896683931350708,0.5800536870956421,-0.17012163996696472,0.9996865391731262
23,24,0.5042129755020142,0.5779993534088135,0.16974259912967682,0.9994310140609741
23,25,0.6094172596931458,0.6858153343200684,0.0008547266479581594,0.9945546984672546
23,26,0.48111554980278015,0.6714453101158142,0.4993807077407837,0.9711355566978455
23,27,0.6733976006507874,0.7763251066207886,0.2619086503982544,0.9938378930091858
23,28,0.49801868200302124,0.7584826350212097,0.9176878333091736,0.9811581969261169
23,29,0.6940622329711914,0.7986363768577576,0.2748289406299591,0.9257128238677979
23,30,0.5135447382926941,0.7765634059906006,0.9501928687095642,0.9400625824928284
23,31,0.6120402216911316,0.8151348233222961,0.05874224379658699,0.9904894828796387
23,32,0.40534237027168274,0.7785809636116028,0.8486000895500183,0.9837930798530579
24,0,0.49434101581573486,0.35800501704216003,-0.3216366171836853,0.9997664093971252
24,1,0.5075165629386902,0.34635668992996216,-0.3628760576248169,0.9995299577713013
24,2,0.5133054256439209,0.3462684452533722,-0.36292335391044617,0.9996131062507629
24,3,0.5197654962539673,0.3461569547653198,-0.3629772663116455,0.9996395111083984
24,4,0.5006575584411621,0.3461665213108063,-0.2991003096103668,0.9993383288383484
24,5,0.5007001757621765,0.34599441289901733,-0.299103707075119,0.9992752075195312
24,6,0.5008138418197632,0.3457481563091278,-0.29904526472091675,0.999127984046936
24,7,0.5584653615951538,0.35147514939308167,-0.4195409417152405,0.9997116923332214
24,8,0.5305205583572388,0.35009512305259705,-0.13244865834712982,0.998273491859436
24,9,0.5074435472488403,0.3716622292995453,-0.3339689373970032,0.9998613595962524
24,10,0.499763160943985,0.37135791778564453,-0.25187355279922485,0.9995157718658447
24,11,0.6330784559249878,0.41603246331214905,-0.4679834544658661,0.9999571442604065
24,12,0.5175924301147461,0.41428837180137634,0.09087580442428589,0.9995895624160767
24,13,0.5828370451927185,0.4952022433280945,-0.3871493935585022,0.9898496866226196
24,14,0.5009363889694214,0.48319393396377563,0.08988583087921143,0.3716234266757965
24,15,0.48010867834091187,0.45767030119895935,-0.06722917407751083,0.9680973887443542
24,16,0.4567806124687195,0.4896394610404968,-0.2063053697347641,0.6355337500572205
24,17,0.45169126987457275,0.44864147901535034,-0.06468187272548676,0.9457465410232544
24,18,0.4414629340171814,0.49328121542930603,-0.2519446909427643,0.620062530040741
24,19,0.45669785141944885,0.44014987349510193,-0.07327021658420563,0.9438276886940002
24,20,0.4459594190120697,0.4841860830783844,-0.26638907194137573,0.6262033581733704
24,21,0.46803927421569824,0.44238805770874023,-0.05410201847553253,0.9231107234954834
24,22,0.4522368013858795,0.4801085591316223,-0.2262074202299118,0.6091005206108093
24,23,0.6101350784301758,0.5811177492141724,-0.16575701534748077,0.9997116923332214
24,24,0.5201350450515747,0.5770295262336731,0.1654534935951233,0.999477207660675
24,25,0.6317742466926575,0.6872484087944031,0.016012907028198242,0.9949672222137451
24,26,0.4820423126220703,0.6652226448059082,0.55119389295578,0.9724490642547607
24,27,0.6753175258636475,0.7814212441444397,0.280470073223114,0.9943085312843323
24,28,0.5199049711227417,0.7506140470504761,0.9771826267242432,0.9819778203964233
24,29,0.6920782923698425,0.8033342361450195,0.2959308922290802,0.9298639893531799
24,30,0.5434006452560425,0.7678620219230652,1.0120551586151123,0.941308319568634
24,31,0.6086575984954834,0.81573086977005,0.08617821335792542,0.9912698268890381
24,32,0.4316624402999878,0.7720401287078857,0.9492087364196777,0.9847036004066467
25,0,0.49498888850212097,0.3570757210254669,-0.3122972249984741,0.9997893571853638
25,1,0.5083361268043518,0.3457994759082794,-0.3562479317188263,0.9995764493942261
25,2,0.5140572190284729,0.34567099809646606,-0.3562748432159424,0.9996513724327087
25,3,0.5202813148498535,0.3456003963947296,-0.3563193380832672,0.9996749758720398
25,4,0.5015833377838135,0.3455512523651123,-0.2898762822151184,0.9994038939476013
25,5,0.5017207264900208,0.3453393578529358,-0.2898838520050049,0.9993470907211304
25,6,0.5020126104354858,0.34506621956825256,-0.28979507088661194,0.9992144107818604
25,7,0.5592526197433472,0.3513633906841278,-0.42158085107803345,0.9997402429580688
25,8,0.5305625200271606,0.34985536336898804,-0.12741927802562714,0.9984450340270996
25,9,0.5085231065750122,0.37069258093833923,-0.32943296432495117,0.9998748302459717
25,10,0.5007175803184509,0.37056878209114075,-0.2444794774055481,0.9995632767677307
25,11,0.6323215961456299,0.4176793098449707,-0.47732216119766235,0.9999586939811707
25,12,0.5198972225189209,0.41413503885269165,0.0865592360496521,0.9996236562728882
25,13,0.5821619033813477,0.49839264154434204,-0.35777193307876587,0.9901211857795715
25,14,0.505469024181366,0.4832342267036438,0.042384032160043716,0.36077237129211426
25,15,0.4779926836490631,0.46474820375442505,-0.004873362835496664,0.9686119556427002
25,16,0.4552634358406067,0.48817044496536255,-0.3109961748123169,0.6286302804946899
25,17,0.45176395773887634,0.45624810457229614,-0.0034175545442849398,0.9458976984024048
25,18,0.4421793222427368,0.4942146837711334,-0.3649090528488159,0.6147115230560303
25,19,0.4563640058040619,0.44611334800720215,-0.0126636428758502,0.9440553784370422
25,20,0.44628632068634033,0.4885385036468506,-0.386191189289093,0.6210655570030212
25,21,0.4663253724575043,0.44921454787254333,0.008085698820650578,0.9236261248588562
25,22,0.4516616761684418,0.48318904638290405,-0.3351544141769409,0.6039947867393494
25,23,0.6089255213737488,0.581743597984314,-0.16414424777030945,0.9997327923774719
25,24,0.5218147039413452,0.5762612819671631,0.16385366022586823,0.9995192289352417
25,25,0.629278838634491,0.6880216598510742,0.00966789573431015,0.9953820705413818
25,26,0.4838294982910156,0.6642541289329529,0.5288348197937012,0.9740767478942871
25,27,0.6750185489654541,0.7841421365737915,0.24809370934963226,0.9947725534439087
25,28,0.5196507573127747,0.7524354457855225,0.9280811548233032,0.9831778407096863
25,29,0.6923571825027466,0.8065251111984253,0.2620452046394348,0.9352901577949524
25,30,0.5409302711486816,0.7697207927703857,0.9593931436538696,0.9442347288131714
25,31,0.606597900390625,0.8162494897842407,0.07741618901491165,0.9920094609260559
25,32,0.4238048195838928,0.7725178003311157,0.8863712549209595,0.9857479929924011
26,0,0.48148980736732483,0.35828086733818054,-0.31558242440223694,0.9997925758361816
26,1,0.4951111972332001,0.34751173853874207,-0.3565113842487335,0.9995913505554199
26,2,0.4996805787086487,0.3474714756011963,-0.35659271478652954,0.9996618628501892
26,3,0.5045318007469177,0.3474051356315613,-0.35666656494140625,0.9996824264526367
26,4,0.49095723032951355,0.3472558856010437,-0.2928064465522766,0.9994329214096069
26,5,0.4921053647994995,0.3470659852027893,-0.2928352355957031,0.9993833303451538
26,6,0.49345862865448,0.34676027297973633,-0.29287421703338623,0.9992599487304688
26,7,0.5384431481361389,0.35307934880256653,-0.4209948182106018,0.9997464418411255
26,8,0.5198596119880676,0.3515966236591339,-0.13297419250011444,0.9985505938529968
26,9,0.4946317970752716,0.3716405928134918,-0.33053863048553467,0.9998758435249329
26,10,0.48862236738204956,0.37131309509277344,-0.24811331927776337,0.9995739459991455
26,11,0.6145856380462646,0.4197021424770355,-0.47694388031959534,0.9999560713768005
26,12,0.5175411105155945,0.4172833561897278,0.07994692027568817,0.9996253848075867
26,13,0.5924983620643616,0.5038019418716431,-0.4036533236503601,0.9903749823570251
26,14,0.5033945441246033,0.48416954278945923,0.18290002644062042,0.3387913703918457
26,15,0.4805827736854553,0.498360812664032,-0.29680517315864563,0.968909502029419
26,16,0.45297953486442566,0.4934164881706238,0.05313807725906372,0.6058246493339539
26,17,0.44834139943122864,0.4981200098991394,-0.34341952204704285,0.9457481503486633
26,18,0.4281792938709259,0.49814552068710327,0.021609054878354073,0.5953854918479919
26,19,0.4460523724555969,0.48994582891464233,-0.33974093198776245,0.9438769221305847
26,20,0.42326879501342773,0.49495595693588257,-0.022533001378178596,0.6029437780380249
26,21,0.45826342701911926,0.4894666075706482,-0.2916194200515747,0.9222203493118286
26,22,0.436831533908844,0.4927910268306732,0.024519726634025574,0.5862093567848206
26,23,0.5985780954360962,0.585229754447937,-0.16251201927661896,0.9997212290763855
26,24,0.5182725787162781,0.5787014961242676,0.1622380018234253,0.9994990825653076
26,25,0.6157364249229431,0.6885077953338623,0.04107203707098961,0.9955965876579285
26,26,0.4828849732875824,0.6650501489639282,0.5147294402122498,0.974113404750824
26,27,0.6733824610710144,0.7857961058616638,0.30321940779685974,0.9950827956199646
26,28,0.5048047304153442,0.7542160749435425,0.8847662210464478,0.9837484955787659
26,29,0.6920901536941528,0.8068369626998901,0.32067689299583435,0.9391037225723267
26,30,0.5219317674636841,0.7716856598854065,0.9125681519508362,0.9456647634506226
26,31,0.6057027578353882,0.8175791501998901,0.13885954022407532,0.9925070405006409
26,32,0.410539448261261,0.7729284167289734,0.831498384475708,0.9863106608390808
27,0,0.4485599398612976,0.35610347986221313,-0.34345072507858276,0.9997785687446594
27,1,0.4622993767261505,0.3458254337310791,-0.38203537464141846,0.9995803236961365
27,2,0.46648725867271423,0.34577396512031555,-0.3821622133255005,0.9996553063392639
27,3,0.47125184535980225,0.34569302201271057,-0.3823035657405853,0.9996781349182129
27,4,0.45684343576431274,0.34579870104789734,-0.32382339239120483,0.9994153380393982
27,5,0.4573730528354645,0.3457275331020355,-0.32383811473846436,0.9993693828582764
27,6,0.45810872316360474,0.3455250561237335,-0.3238590955734253,0.9992361664772034
27,7,0.5046291947364807,0.3524789810180664,-0.44140875339508057,0.9997456669807434
27,8,0.4848369061946869,0.3508564829826355,-0.17270317673683167,0.9985271096229553
27,9,0.45926883816719055,0.369678258895874,-0.35741713643074036,0.9998729228973389
27,10,0.45305442810058594,0.3697977066040039,-0.28011223673820496,0.9995391964912415
27,11,0.5718778967857361,0.4102374017238617,-0.48845207691192627,0.9999595880508423
27,12,0.4822283387184143,0.4172002673149109,0.0777537152171135,0.9995753169059753
27,13,0.6314321160316467,0.4836580157279968,-0.5428346991539001,0.9912477135658264
27,14,0.4821760952472687,0.48293358087539673,0.3264770209789276,0.32707709074020386
27,15,0.5007972121238708,0.5136653184890747,-0.587726891040802,0.9716949462890625
27,16,0.39022424817085266,0.4845731854438782,0.3402857780456543,0.6128895878791809
27,17,0.46761611104011536,0.5233365893363953,-0.6382092237472534,0.9501413702964783
27,18,0.3599529266357422,0.48246389627456665,0.3342835605144501,0.6017862558364868
27,19,0.4574119448661804,0.514941394329071,-0.6337197422981262,0.9483937621116638
27,20,0.36027348041534424,0.4774094521999359,0.29198989272117615,0.6094832420349121
27,21,0.46587786078453064,0.5116953253746033,-0.5792320966720581,0.9280049800872803
27,22,0.37403711676597595,0.4789445400238037,0.3180413842201233,0.5907272100448608
27,23,0.568623960018158,0.5807269215583801,-0.16869588196277618,0.9997195601463318
27,24,0.49920153617858887,0.5780937671661377,0.16843028366565704,0.9994571805000305
27,25,0.5881723761558533,0.6839163303375244,0.040640514343976974,0.9957472681999207
27,26,0.47420212626457214,0.66603022813797,0.5135031342506409,0.9737233519554138
27,27,0.6749352216720581,0.7829869985580444,0.3053067624568939,0.9953914880752563
27,28,0.4954148232936859,0.7560004591941833,0.8559193015098572,0.9843225479125977
27,29,0.7004153728485107,0.8013292551040649,0.32320305705070496,0.9430601000785828
27,30,0.5125604271888733,0.7744172811508179,0.8831712603569031,0.9475514888763428
27,31,0.6079524755477905,0.8176619410514832,0.13543541729450226,0.9929713606834412
27,32,0.3976585865020752,0.7736494541168213,0.7902436852455139,0.9868638515472412
28,0,0.43963393568992615,0.35608363151550293,-0.33640190958976746,0.9997541904449463
28,1,0.45304349064826965,0.3457517623901367,-0.3718620240688324,0.9995523691177368
28,2,0.4571455121040344,0.34570205211639404,-0.37191393971443176,0.9996395707130432
28,3,0.4618386924266815,0.34562113881111145,-0.3719264566898346,0.9996537566184998
28,4,0.44932126998901367,0.34573814272880554,-0.3127843737602234,0.999350368976593
28,5,0.4504747688770294,0.34569114446640015,-0.3128393292427063,0.9993157982826233
28,6,0.4518987834453583,0.345522940158844,-0.312802791595459,0.9991718530654907
28,7,0.49460873007774353,0.35244253277778625,-0.4257941246032715,0.9997271299362183
28,8,0.47865837812423706,0.35095760226249695,-0.15129530429840088,0.9983753561973572
28,9,0.44958367943763733,0.3697059750556946,-0.34742456674575806,0.9998633861541748
28,10,0.4454077482223511,0.36999717354774475,-0.26842695474624634,0.9994657039642334
28,11,0.5608261823654175,0.40363606810569763,-0.4866322875022888,0.9999632239341736
28,12,0.4731089770793915,0.4171374440193176,0.11270482838153839,0.9995408654212952
28,13,0.6611343026161194,0.45287591218948364,-0.6605480909347534,0.9920911192893982
28,14,0.46560999751091003,0.47522926330566406,0.462341845035553,0.34181517362594604
28,15,0.5457831025123596,0.5122413039207458,-0.8155227899551392,0.9744232296943665
28,16,0.37459149956703186,0.46618837118148804,0.5861925482749939,0.6461499929428101
28,17,0.5210369825363159,0.5227189064025879,-0.8762142658233643,0.9547007083892822
28,18,0.34824568033218384,0.4561675488948822,0.6061099767684937,0.6342445015907288
28,19,0.50520259141922,0.5137454271316528,-0.8666753768920898,0.9531196355819702
28,20,0.3502708971500397,0.4499538838863373,0.5719444155693054,0.6413443088531494
28,21,0.509665310382843,0.510010302066803,-0.8073505163192749,0.9344033002853394
28,22,0.36077338457107544,0.454371839761734,0.5735636949539185,0.6225241422653198
28,23,0.5517352223396301,0.5748258829116821,-0.19970957934856415,0.9997355341911316
28,24,0.48997074365615845,0.5744339227676392,0.19925428926944733,0.9994785785675049
28,25,0.5647472143173218,0.6820292472839355,-0.0909409448504448,0.9957432746887207
28,26,0.47392064332962036,0.6666138172149658,0.4924415647983551,0.9668704867362976
28,27,0.7085723280906677,0.7575699687004089,0.147185280919075,0.9957017302513123
28,28,0.4936192035675049,0.7582029104232788,0.8501319289207458,0.9838765859603882
28,29,0.7498986124992371,0.7592709064483643,0.16687864065170288,0.9472667574882507
28,30,0.5127587914466858,0.7780390977859497,0.8781076073646545,0.9481045603752136
28,31,0.664915919303894,0.8055095672607422,-0.01284184679389,0.9934810400009155
28,32,0.39841869473457336,0.7742199301719666,0.7728829383850098,0.9868869781494141
29,0,0.4453626275062561,0.35595235228538513,-0.34142225980758667,0.9997434020042419
29,1,0.46024754643440247,0.3456137776374817,-0.3767842650413513,0.9995473623275757
29,2,0.46518489718437195,0.3455227017402649,-0.3768567740917206,0.999638020992279
29,3,0.4705241024494171,0.3454015851020813,-0.37690553069114685,0.9996523857116699
29,4,0.4544476866722107,0.3456883132457733,-0.31690216064453125,0.9993418455123901
29,5,0.4549438953399658,0.3456772267818451,-0.3169269263744354,0.9993071556091309
29,6,0.45565032958984375,0.34548357129096985,-0.31689703464508057,0.9991516470909119
29,7,0.5035894513130188,0.3523902893066406,-0.4260845184326172,0.9997316598892212
29,8,0.4812367260456085,0.3508973717689514,-0.14788475632667542,0.9983440637588501
29,9,0.45802706480026245,0.36967992782592773,-0.3500188887119293,0.9998611211776733
29,10,0.45062896609306335,0.36996975541114807,-0.2702326774597168,0.9994375705718994
29,11,0.5701385736465454,0.4038459360599518,-0.4863516390323639,0.9999660849571228
29,12,0.47583678364753723,0.41736966371536255,0.11043179035186768,0.9995064735412598
29,13,0.6628189086914062,0.4623696208000183,-0.6285813450813293,0.9928084015846252
29,14,0.46870261430740356,0.4762684404850006,0.3806273639202118,0.3318847119808197
29,15,0.5415239930152893,0.5121403932571411,-0.7122783064842224,0.9766674637794495
29,16,0.3832642734050751,0.47256240248680115,0.3919968008995056,0.6553784608840942
29,17,0.5126559138298035,0.5246645212173462,-0.7670607566833496,0.9581948518753052
29,18,0.35837626457214355,0.46856293082237244,0.38917964696884155,0.6419789791107178
29,19,0.49969223141670227,0.5151849985122681,-0.7576675415039062,0.9566988348960876
29,20,0.36016643047332764,0.46238136291503906,0.35336464643478394,0.6491497159004211
29,21,0.504936158657074,0.5114306211471558,-0.7021288275718689,0.9389081597328186
29,22,0.3708406984806061,0.46466368436813354,0.3726990222930908,0.6282827854156494
29,23,0.5519358515739441,0.5756692886352539,-0.19078227877616882,0.9997302889823914
29,24,0.4872604310512543,0.5748395323753357,0.19047962129116058,0.9994509220123291
29,25,0.5737507939338684,0.6820197105407715,-0.06419450789690018,0.9956788420677185
29,26,0.47185197472572327,0.6668698191642761,0.48819297552108765,0.9661712050437927
29,27,0.7060023546218872,0.7645707726478577,0.17456400394439697,0.9957974553108215
29,28,0.49285173416137695,0.760906457901001,0.8553082942962646,0.9838864207267761
29,29,0.7452866435050964,0.7713815569877625,0.18898442387580872,0.9486149549484253
29,30,0.5129335522651672,0.7809971570968628,0.8832337856292725,0.9488101005554199
29,31,0.651945173740387,0.8084069490432739,0.04435151815414429,0.9936114549636841
29,32,0.3952966034412384,0.7751854658126831,0.7749985456466675,0.9868220090866089
30,0,0.4618470072746277,0.35637524724006653,-0.3348478674888611,0.9997622966766357
30,1,0.4776272773742676,0.34568583965301514,-0.36879247426986694,0.9995810389518738
30,2,0.48183730244636536,0.3456062376499176,-0.36887067556381226,0.9996634721755981
30,3,0.48648375272750854,0.345524400472641,-0.3689465820789337,0.9996750950813293
30,4,0.47178569436073303,0.3457452654838562,-0.30927303433418274,0.9993963837623596
30,5,0.47215089201927185,0.34572914242744446,-0.3092937171459198,0.9993661046028137
30,6,0.4726414680480957,0.34556055068969727,-0.30930525064468384,0.9992250800132751
30,7,0.5194268226623535,0.35246342420578003,-0.41063347458839417,0.9997507333755493
30,8,0.49845102429389954,0.3512692451477051,-0.13796280324459076,0.9984932541847229
30,9,0.47423842549324036,0.3698715567588806,-0.34205010533332825,0.9998700618743896
30,10,0.4667759835720062,0.37011289596557617,-0.26390454173088074,0.9994813799858093
30,11,0.5944889187812805,0.4124573767185211,-0.44089025259017944,0.9999610781669617
30,12,0.485927551984787,0.4187590479850769,0.0643361508846283,0.9995332956314087
30,13,0.6496655941009521,0.49472111463546753,-0.4299539029598236,0.9927150011062622
30,14,0.4871027171611786,0.49388518929481506,0.06531589478254318,0.3181955814361572
30,15,0.49602535367012024,0.5126402974128723,-0.3376789689064026,0.973487377166748
30,16,0.4276505410671234,0.5057348012924194,-0.2485710084438324,0.6290848255157471
30,17,0.46133968234062195,0.5228380560874939,-0.379086434841156,0.9514697790145874
30,18,0.40356194972991943,0.5029661655426025,-0.3106696903705597,0.6170507073402405
30,19,0.45914560556411743,0.5141046643257141,-0.3707987070083618,0.9496170282363892
30,20,0.3988291919231415,0.49282902479171753,-0.3552328944206238,0.6249213814735413
30,21,0.47146233916282654,0.5100134015083313,-0.32727721333503723,0.9290310144424438
30,22,0.41273993253707886,0.4943082928657532,-0.28159481287002563,0.6043040752410889
30,23,0.5687218308448792,0.5805976986885071,-0.15627750754356384,0.9997259378433228
30,24,0.4939241111278534,0.5772119760513306,0.15603910386562347,0.9994577765464783
30,25,0.5902230143547058,0.6837157011032104,-0.02080668695271015,0.9959975481033325
30,26,0.4720296561717987,0.6716666221618652,0.47898051142692566,0.9681774973869324
30,27,0.6976989507675171,0.7817439436912537,0.20918796956539154,0.9960878491401672
30,28,0.49220821261405945,0.7612747550010681,0.8563423156738281,0.9848675727844238
30,29,0.728143572807312,0.7990354299545288,0.23619161546230316,0.9509652256965637
30,30,0.510111927986145,0.7804766893386841,0.8846760988235474,0.9506610631942749
30,31,0.6156201958656311,0.8166435956954956,0.061638303101062775,0.9940303564071655
30,32,0.3968740999698639,0.7773372530937195,0.7766767144203186,0.9876170754432678
31,0,0.4985632598400116,0.35528993606567383,-0.32465431094169617,0.9997856616973877
31,1,0.5127174854278564,0.3450380563735962,-0.3570818305015564,0.9996222853660583
31,2,0.5182071328163147,0.3449736535549164,-0.3571416735649109,0.9996964931488037
31,3,0.5247700810432434,0.3449283540248871,-0.3571704030036926,0.9997068643569946
31,4,0.5055575966835022,0.3449402153491974,-0.29901838302612305,0.9994561076164246
31,5,0.505361795425415,0.3448362350463867,-0.2990263104438782,0.9994288086891174
31,6,0.5053534507751465,0.3445879817008972,-0.29899269342422485,0.9993017911911011
31,7,0.5568972826004028,0.3517020344734192,-0.38078320026397705,0.999775230884552
31,8,0.5311663150787354,0.3497489094734192,-0.12019453197717667,0.99864262342453
31,9,0.5102592706680298,0.36921775341033936,-0.3261146545410156,0.999882698059082
31,10,0.5027346014976501,0.36938345432281494,-0.2513573169708252,0.9995324611663818
31,11,0.6268664598464966,0.41615986824035645,-0.43296018242836,0.9999611973762512
31,12,0.5124841332435608,0.41846203804016113,0.08248823136091232,0.9995735287666321
31,13,0.6140203475952148,0.4995698928833008,-0.3684706687927246,0.9928030967712402
31,14,0.4916808307170868,0.49267521500587463,0.011402148753404617,0.3255271315574646
31,15,0.4827353060245514,0.48105764389038086,-0.144093319773674,0.9739596247673035
31,16,0.4456929862499237,0.5043339133262634,-0.4039476215839386,0.6362389326095581
31,17,0.45196813344955444,0.48221269249916077,-0.16122867166996002,0.9520685076713562
31,18,0.4359433352947235,0.504752516746521,-0.47656920552253723,0.6236252188682556
31,19,0.45200487971305847,0.46749430894851685,-0.1667233407497406,0.9502757787704468
31,20,0.4367559254169464,0.4960800111293793,-0.5017460584640503,0.631240725517273
31,21,0.46429160237312317,0.468722403049469,-0.13287054002285004,0.9300297498703003
31,22,0.4421810507774353,0.49288639426231384,-0.43192583322525024,0.610719621181488
31,23,0.5994524359703064,0.5834104418754578,-0.15181221067905426,0.9997401237487793
31,24,0.5209410190582275,0.578484833240509,0.15161244571208954,0.9994973540306091
31,25,0.625658392906189,0.6884932518005371,0.02120429463684559,0.9963204264640808
31,26,0.49125492572784424,0.6700770854949951,0.4819461703300476,0.9705711007118225
31,27,0.6958612203598022,0.788845956325531,0.25058597326278687,0.996377170085907
31,28,0.49487441778182983,0.760577380657196,0.8584179282188416,0.9858562350273132
31,29,0.7229817509651184,0.8075396418571472,0.26551133394241333,0.9538445472717285
31,30,0.5123022198677063,0.7782360315322876,0.8867669105529785,0.9527685046195984
31,31,0.6088185906410217,0.8189027905464172,0.08528827875852585,0.9944943189620972
31,32,0.39979079365730286,0.7774254083633423,0.7974091172218323,0.9884162545204163
32,0,0.5139288902282715,0.35469701886177063,-0.28170982003211975,0.9998062252998352
32,1,0.5283808708190918,0.3446195423603058,-0.32021206617355347,0.9996588826179504
32,2,0.5338096618652344,0.3445259928703308,-0.32027727365493774,0.9997259378433228
32,3,0.540277898311615,0.34446433186531067,-0.32033219933509827,0.9997349977493286
32,4,0.5210392475128174,0.3444468080997467,-0.2581782341003418,0.9995091557502747
32,5,0.5208378434181213,0.3442743718624115,-0.2581755220890045,0.999484658241272
32,6,0.5207899212837219,0.34395140409469604,-0.258102685213089,0.9993698596954346
32,7,0.5732787847518921,0.35100191831588745,-0.3750770688056946,0.9997971653938293
32,8,0.548611044883728,0.34885165095329285,-0.09759100526571274,0.9987760782241821
32,9,0.5259292125701904,0.3689917325973511,-0.29529252648353577,0.9998936057090759
32,10,0.5184390544891357,0.36910971999168396,-0.21549110114574432,0.999576985836029
32,11,0.6426312923431396,0.41656190156936646,-0.4417789578437805,0.9999622106552124
32,12,0.5285527110099792,0.4171322286128998,0.11321600526571274,0.9996019005775452
32,13,0.586553692817688,0.4971007704734802,-0.3535935580730438,0.9923064708709717
32,14,0.5159777998924255,0.4917723536491394,0.05026136338710785,0.3122582733631134
32,15,0.48171043395996094,0.4554491639137268,-0.026516156271100044,0.9732833504676819
32,16,0.46894505620002747,0.4914405941963196,-0.31558680534362793,0.6213858127593994
32,17,0.4545699656009674,0.4466303288936615,-0.022463040426373482,0.950981855392456
32,18,0.45455601811408997,0.48732608556747437,-0.37315288186073303,0.6119908094406128
32,19,0.4566836953163147,0.4385554790496826,-0.03152981773018837,0.9490386247634888
32,20,0.4567754864692688,0.4777122139930725,-0.38180011510849,0.618531346321106
32,21,0.46768930554389954,0.4409705698490143,-0.013609543442726135,0.9286631941795349
32,22,0.4638631045818329,0.47957929968833923,-0.3359016478061676,0.5974733233451843
32,23,0.6172671318054199,0.5849973559379578,-0.15353769063949585,0.9997594356536865
32,24,0.5308452248573303,0.5788152813911438,0.15332098305225372,0.9995372891426086
32,25,0.642536461353302,0.6927316188812256,0.022550053894519806,0.9965515732765198
32,26,0.4950994849205017,0.6676509976387024,0.5289590358734131,0.9721570014953613
32,27,0.6927644610404968,0.7910107374191284,0.25788670778274536,0.9965811371803284
32,28,0.5317726731300354,0.752953052520752,0.934293806552887,0.9863162040710449
32,29,0.7155940532684326,0.8097966313362122,0.2729470431804657,0.9550701975822449
32,30,0.5577428936958313,0.76849764585495,0.9667561650276184,0.9531669020652771
32,31,0.6040117144584656,0.8220050930976868,0.08599819988012314,0.994871199131012
32,32,0.4460209310054779,0.7725433111190796,0.9105216860771179,0.9889576435089111
33,0,0.5088979601860046,0.3553561270236969,-0.30062296986579895,0.9998250007629395
33,1,0.5230966210365295,0.3449189066886902,-0.3451427221298218,0.9996922016143799
33,2,0.5291304588317871,0.34484392404556274,-0.3451579809188843,0.9997525811195374
33,3,0.5357767343521118,0.3448454439640045,-0.3451869785785675,0.999760627746582
33,4,0.5149908065795898,0.34465861320495605,-0.278138667345047,0.9995574355125427
33,5,0.5143961310386658,0.3444581627845764,-0.2781509459018707,0.999535322189331
33,6,0.5140097141265869,0.34413978457450867,-0.2779770791530609,0.9994317889213562
33,7,0.5699636936187744,0.35122448205947876,-0.38942718505859375,0.9998170733451843
33,8,0.5391775965690613,0.3489774167537689,-0.10182464122772217,0.9988968968391418
33,9,0.5221587419509888,0.3692041337490082,-0.30957964062690735,0.9999037981033325
33,10,0.5130167007446289,0.3692200779914856,-0.2248031049966812,0.9996181726455688
33,11,0.6369321346282959,0.41706719994544983,-0.45420897006988525,0.999962329864502
33,12,0.5280541777610779,0.41659989953041077,0.10464794188737869,0.9996331334114075
33,13,0.5949687957763672,0.4989933967590332,-0.37128034234046936,0.9919813275337219
33,14,0.5139850378036499,0.4905473291873932,0.030677320435643196,0.3044010102748871
33,15,0.48484018445014954,0.47092652320861816,-0.08192978799343109,0.9711017608642578
33,16,0.4604020118713379,0.4901474416255951,-0.3605608642101288,0.6108114719390869
33,17,0.45601290464401245,0.47061729431152344,-0.08698853105306625,0.9473572373390198
33,18,0.4452052712440491,0.4875423312187195,-0.4214719533920288,0.6035327911376953
33,19,0.4583371579647064,0.4574689269065857,-0.09727073460817337,0.9453154802322388
33,20,0.4469608664512634,0.4791196882724762,-0.4434159994125366,0.6098135113716125
33,21,0.46918296813964844,0.45873337984085083,-0.07046220451593399,0.9239832758903503
33,22,0.454698771238327,0.4799456000328064,-0.3867114186286926,0.5893027186393738
33,23,0.6177161931991577,0.584891140460968,-0.15396268665790558,0.9997721314430237
33,24,0.5325018763542175,0.5784938931465149,0.15384167432785034,0.9995678067207336
33,25,0.6382136344909668,0.6925373673439026,-0.011755510233342648,0.9968249201774597
33,26,0.49676764011383057,0.6662372946739197,0.5246416926383972,0.9740349650382996
33,27,0.6904833316802979,0.7909877896308899,0.19828864932060242,0.9968466758728027
33,28,0.5240641236305237,0.7538008093833923,0.9234874248504639,0.9872103929519653
33,29,0.7121535539627075,0.8097726702690125,0.20814113318920135,0.9581013321876526
33,30,0.5473721623420715,0.7697745561599731,0.9538586735725403,0.955459713935852
33,31,0.6037070155143738,0.822074294090271,0.005810953676700592,0.995284378528595
33,32,0.4363974332809448,0.7731386423110962,0.8759657740592957,0.9896723628044128
34,0,0.4964342713356018,0.35793447494506836,-0.3113256096839905,0.999806821346283
34,1,0.5114569067955017,0.34738945960998535,-0.3511468768119812,0.9996665716171265
34,2,0.5168880820274353,0.34749215841293335,-0.3512097895145416,0.9997304677963257
34,3,0.5224791765213013,0.34758609533309937,-0.3512708842754364,0.9997391104698181
34,4,0.5039072632789612,0.3469752073287964,-0.2884654700756073,0.9995378851890564
34,5,0.5033915042877197,0.34680622816085815,-0.28847968578338623,0.9995191097259521
34,6,0.5029448866844177,0.3465179204940796,-0.2883979380130768,0.9994099736213684
34,7,0.5534470081329346,0.3537762761116028,-0.3945833742618561,0.9998047351837158
34,8,0.5263807773590088,0.3512597680091858,-0.1023588627576828,0.9988995790481567
34,9,0.510814905166626,0.37159463763237,-0.3191910982131958,0.999894917011261
34,10,0.499236136674881,0.3711499273777008,-0.23848789930343628,0.9995867013931274
34,11,0.6112987399101257,0.4168636202812195,-0.4546405076980591,0.9999626874923706
34,12,0.5275580883026123,0.41911935806274414,0.0992274060845375,0.999616265296936
34,13,0.6331852674484253,0.49818435311317444,-0.5137511491775513,0.9924607872962952
34,14,0.5098019242286682,0.491394579410553,0.245024636387825,0.2897176742553711
34,15,0.49048423767089844,0.5040886998176575,-0.5276755094528198,0.9727203845977783
34,16,0.45054101943969727,0.49625635147094727,0.17300188541412354,0.5967404246330261
34,17,0.45937204360961914,0.5063592791557312,-0.5736547112464905,0.9497193098068237
34,18,0.41932499408721924,0.49261459708213806,0.15399828553199768,0.5907633900642395
34,19,0.4595046937465668,0.49689286947250366,-0.5648667216300964,0.9476390480995178
34,20,0.41805028915405273,0.4856627881526947,0.11177321523427963,0.5981155633926392
34,21,0.46931740641593933,0.49543946981430054,-0.5177893042564392,0.9261146783828735
34,22,0.4265638589859009,0.48716282844543457,0.14710025489330292,0.577721118927002
34,23,0.6039454936981201,0.587462306022644,-0.15472306311130524,0.9997444152832031
34,24,0.5271745324134827,0.5829790234565735,0.15458090603351593,0.9994989633560181
34,25,0.6324530243873596,0.692406952381134,0.009902600198984146,0.9968246817588806
34,26,0.4889480173587799,0.6681816577911377,0.46985384821891785,0.9737756848335266
34,27,0.6894539594650269,0.7918264865875244,0.241890087723732,0.9968416094779968
34,28,0.5073068141937256,0.7553459405899048,0.8220093846321106,0.9871413707733154
34,29,0.7096104621887207,0.8106027841567993,0.25607290863990784,0.9584298729896545
34,30,0.5255444645881653,0.7717492580413818,0.8483049273490906,0.9557516574859619
34,31,0.6016358137130737,0.8225504755973816,0.07121501863002777,0.995246410369873
34,32,0.42133593559265137,0.7735226154327393,0.7581479549407959,0.9895756244659424
35,0,0.46344855427742004,0.35585224628448486,-0.39723503589630127,0.9997817277908325
35,1,0.47809070348739624,0.34598609805107117,-0.42647743225097656,0.9996358752250671
35,2,0.48377230763435364,0.3459116518497467,-0.42657262086868286,0.9997114539146423
35,3,0.4906918406486511,0.3458581268787384,-0.42665228247642517,0.9997180104255676
35,4,0.4689675569534302,0.3458182215690613,-0.3730331361293793,0.999495804309845
35,5,0.46787044405937195,0.3457110524177551,-0.37304097414016724,0.9994825720787048
35,6,0.4669915437698364,0.34546959400177,-0.37300464510917664,0.9993574619293213
35,7,0.5220121741294861,0.3525386452674866,-0.44023746252059937,0.999790370464325
35,8,0.49025267362594604,0.3503662049770355,-0.19357384741306305,0.9988205432891846
35,9,0.47576358914375305,0.36990296840667725,-0.39303725957870483,0.9998862743377686
35,10,0.4659039378166199,0.36950698494911194,-0.3224433362483978,0.9995372891426086
35,11,0.5762877464294434,0.40707165002822876,-0.4859481751918793,0.9999655485153198
35,12,0.4919070899486542,0.41882428526878357,0.08611006289720535,0.9995534420013428
35,13,0.6535355448722839,0.47076311707496643,-0.6137049198150635,0.9931634068489075
35,14,0.47851553559303284,0.48108989000320435,0.3993760049343109,0.298757404088974
35,15,0.527140736579895,0.5111526250839233,-0.7209041118621826,0.9752158522605896
35,16,0.39848941564559937,0.47239789366722107,0.49886128306388855,0.6256140470504761
35,17,0.49699661135673523,0.5233154892921448,-0.7698880434036255,0.9538458585739136
35,18,0.3700859844684601,0.46287617087364197,0.5108157992362976,0.616815447807312
35,19,0.4853132367134094,0.5146307945251465,-0.7691951990127563,0.9519297480583191
35,20,0.3714112937450409,0.45567870140075684,0.4840739071369171,0.6235736012458801
35,21,0.4910660982131958,0.5104216933250427,-0.7142890691757202,0.9318583011627197
35,22,0.38257867097854614,0.46016913652420044,0.4874274432659149,0.6018736958503723
35,23,0.5703780651092529,0.5796523690223694,-0.16845004260540009,0.9997386336326599
35,24,0.5064980983734131,0.5784257650375366,0.16809405386447906,0.9994597434997559
35,25,0.598561704158783,0.6846596598625183,0.013602103106677532,0.9965107440948486
35,26,0.48116084933280945,0.6666473150253296,0.46515151858329773,0.9714399576187134
35,27,0.6881535053253174,0.7823255658149719,0.2626875936985016,0.9967721700668335
35,28,0.4979393482208252,0.7562001347541809,0.8243954181671143,0.9866960048675537
35,29,0.7090583443641663,0.7985037565231323,0.28030502796173096,0.9589584469795227
35,30,0.5147489309310913,0.7744899988174438,0.8516997694969177,0.9555844664573669
35,31,0.6099877953529358,0.8199113607406616,0.09390219300985336,0.9951303601264954
35,32,0.40820613503456116,0.7738924026489258,0.7521739602088928,0.9892497658729553
36,0,0.4497848451137543,0.3555774688720703,-0.3622710406780243,0.9997655749320984
36,1,0.46349114179611206,0.34570053219795227,-0.37920433282852173,0.9996213912963867
36,2,0.46826300024986267,0.34557026624679565,-0.37930572032928467,0.9997047185897827
36,3,0.47396934032440186,0.34543320536613464,-0.37929004430770874,0.9997047781944275
36,4,0.45723757147789,0.3456795811653137,-0.3292290270328522,0.999452531337738
36,5,0.4571622610092163,0.34561869502067566,-0.32930880784988403,0.999443769454956
36,6,0.4573083221912384,0.34541022777557373,-0.3291875422000885,0.9993167519569397
36,7,0.5053761601448059,0.35201847553253174,-0.37460628151893616,0.9997820258140564
36,8,0.4828612506389618,0.3502456545829773,-0.13089966773986816,0.9987103939056396
36,9,0.46084025502204895,0.3694732189178467,-0.3495021462440491,0.9998801350593567
36,10,0.45438051223754883,0.36938437819480896,-0.281206876039505,0.9994970560073853
36,11,0.5605372786521912,0.40046411752700806,-0.4528696835041046,0.9999687075614929
36,12,0.4777769446372986,0.4187825620174408,0.16722798347473145,0.9995145797729492
36,13,0.6625349521636963,0.4471701681613922,-0.652698278427124,0.993820309638977
36,14,0.46051734685897827,0.47723931074142456,0.5237579941749573,0.32838743925094604
36,15,0.5550644993782043,0.5073314309120178,-0.8417918086051941,0.9775654673576355
36,16,0.3740794360637665,0.45845967531204224,0.6447057723999023,0.6600098609924316
36,17,0.5339869260787964,0.5197693109512329,-0.9020204544067383,0.9578993320465088
36,18,0.35206952691078186,0.44594496488571167,0.66962730884552,0.65065598487854
36,19,0.5177279710769653,0.5114689469337463,-0.8977909684181213,0.9561769962310791
36,20,0.3561464846134186,0.439730703830719,0.6389129757881165,0.6568031907081604
36,21,0.5207800269126892,0.5067875385284424,-0.8360729813575745,0.937675952911377
36,22,0.3653031587600708,0.44438308477401733,0.6346921324729919,0.6356986165046692
36,23,0.5441304445266724,0.5692606568336487,-0.20635613799095154,0.9997566342353821
36,24,0.4924047589302063,0.5707380771636963,0.20598039031028748,0.9994856715202332
36,25,0.5615576505661011,0.6786924600601196,-0.2248678207397461,0.9962556958198547
36,26,0.480196475982666,0.6655603647232056,0.4000321328639984,0.9585468173027039
36,27,0.7122464776039124,0.7578887343406677,-0.03704787790775299,0.9968796968460083
36,28,0.4973769783973694,0.7570821046829224,0.7352291345596313,0.984437882900238
36,29,0.7541383504867554,0.7606579065322876,-0.022760480642318726,0.9615593552589417
36,30,0.515284538269043,0.7771965861320496,0.7579786777496338,0.9538252949714661
36,31,0.6690768599510193,0.8049582242965698,-0.20760652422904968,0.9953592419624329
36,32,0.4055972993373871,0.7743524312973022,0.6370490789413452,0.9879806637763977
37,0,0.4521045684814453,0.3548581004142761,-0.3922463655471802,0.9997717142105103
37,1,0.46689173579216003,0.3451705276966095,-0.4175724387168884,0.9996339082717896
37,2,0.47244513034820557,0.34508317708969116,-0.4176759123802185,0.9997152090072632
37,3,0.47865986824035645,0.3449789881706238,-0.41775134205818176,0.9997150897979736
37,4,0.4586992859840393,0.34517571330070496,-0.36420953273773193,0.999472439289093
37,5,0.4580337107181549,0.3451661169528961,-0.36421263217926025,0.999463677406311
37,6,0.4575181007385254,0.34501105546951294,-0.3641529977321625,0.9993354082107544
37,7,0.5105071663856506,0.3517390191555023,-0.417327344417572,0.9997919201850891
37,8,0.4816831052303314,0.34959933161735535,-0.17163237929344177,0.9987522959709167
37,9,0.4651944935321808,0.36903053522109985,-0.3837631940841675,0.9998842477798462
37,10,0.45567017793655396,0.36894452571868896,-0.3128785789012909,0.9995107054710388
37,11,0.5674473643302917,0.4018782675266266,-0.4665946066379547,0.9999710321426392
37,12,0.47617360949516296,0.41814908385276794,0.12884722650051117,0.9995011687278748
37,13,0.6600674986839294,0.4598321318626404,-0.6253329515457153,0.9943666458129883
37,14,0.46474114060401917,0.4769447445869446,0.36073702573776245,0.32362034916877747
37,15,0.5427080392837524,0.5080664157867432,-0.730554461479187,0.9794330596923828
37,16,0.3865373432636261,0.4673442840576172,0.3475639224052429,0.6726452112197876
37,17,0.5160582065582275,0.5204004049301147,-0.7833929061889648,0.9608363509178162
37,18,0.3640294373035431,0.4603263735771179,0.3426748812198639,0.6613911390304565
37,19,0.5053186416625977,0.510642945766449,-0.7743628025054932,0.9592065811157227
37,20,0.3652844727039337,0.4535990357398987,0.3110344707965851,0.6674686670303345
37,21,0.5108782649040222,0.506635844707489,-0.7207629084587097,0.9414511919021606
37,22,0.3765272796154022,0.4557096064090729,0.33029845356941223,0.6443514227867126
37,23,0.5500550270080566,0.5711410641670227,-0.19864007830619812,0.9997556209564209
37,24,0.48899632692337036,0.5717431306838989,0.19826698303222656,0.9994683861732483
37,25,0.5743280649185181,0.6781617999076843,-0.07418520003557205,0.9962589144706726
37,26,0.47476187348365784,0.6661390662193298,0.42872458696365356,0.9599425196647644
37,27,0.7050458788871765,0.7654394507408142,0.17303867638111115,0.9969688057899475
37,28,0.49475911259651184,0.7588329315185547,0.7889966368675232,0.9850314259529114
37,29,0.7405429482460022,0.7746613621711731,0.1885804682970047,0.9623802900314331
37,30,0.5134783983230591,0.7791223526000977,0.8157031536102295,0.9551537036895752
37,31,0.6499632000923157,0.8065694570541382,-0.07850408554077148,0.9954714179039001
37,32,0.4026604890823364,0.7745181322097778,0.7112783789634705,0.9883311986923218
38,0,0.46635374426841736,0.3563026487827301,-0.373237282037735,0.9997885823249817
38,1,0.4806796610355377,0.3459602892398834,-0.3973698616027832,0.999659538269043
38,2,0.48624682426452637,0.34582772850990295,-0.3974648416042328,0.9997332692146301
38,3,0.49194568395614624,0.34573403000831604,-0.3975261151790619,0.9997319579124451
38,4,0.4721723198890686,0.3459475040435791,-0.34691885113716125,0.9995147585868835
38,5,0.4711623787879944,0.3458928167819977,-0.3469598889350891,0.9995068907737732
38,6,0.4703420102596283,0.3457385301589966,-0.34704962372779846,0.9993896484375
38,7,0.5242636799812317,0.3521987497806549,-0.3957706391811371,0.99980628490448
38,8,0.491743803024292,0.35062679648399353,-0.15510813891887665,0.9988587498664856
38,9,0.4788219928741455,0.3695583939552307,-0.3604898750782013,0.9998915791511536
38,10,0.4688858985900879,0.3694964051246643,-0.293702095746994,0.9995473623275757
38,11,0.5903069376945496,0.4098033308982849,-0.4108254015445709,0.9999666213989258
38,12,0.4811442196369171,0.4188285768032074,0.07447687536478043,0.9995275735855103
38,13,0.6475769281387329,0.4896998405456543,-0.41873520612716675,0.9941579103469849
38,14,0.4883248209953308,0.4866268038749695,0.0356905534863472,0.31245359778404236
38,15,0.5073696374893188,0.5066111087799072,-0.37111663818359375,0.9772469401359558
38,16,0.4268096089363098,0.49333053827285767,-0.33885613083839417,0.6593185067176819
38,17,0.4746300280094147,0.5128302574157715,-0.4113677442073822,0.9565116167068481
38,18,0.4037379026412964,0.4936029314994812,-0.4064829647541046,0.6505176424980164
38,19,0.4717808961868286,0.502853274345398,-0.4087643623352051,0.9545286893844604
38,20,0.40186259150505066,0.48702239990234375,-0.44890204071998596,0.6571640968322754
38,21,0.48438042402267456,0.5009519457817078,-0.36251360177993774,0.9347679615020752
38,22,0.41489553451538086,0.48631221055984497,-0.37227508425712585,0.6341709494590759
38,23,0.5706520676612854,0.577143132686615,-0.1551671028137207,0.9997499585151672
38,24,0.4949301481246948,0.5748885273933411,0.15494951605796814,0.9994720220565796
38,25,0.595674991607666,0.6804275512695312,-0.05826317518949509,0.9965376257896423
38,26,0.47688084840774536,0.6695805788040161,0.43560871481895447,0.9627655148506165
38,27,0.6762934923171997,0.7859863042831421,0.13817526400089264,0.9971636533737183
38,28,0.49418967962265015,0.7606161236763,0.7920072674751282,0.9859641194343567
38,29,0.702248752117157,0.8040260076522827,0.1438748836517334,0.9637444615364075
38,30,0.5127118229866028,0.7796301245689392,0.8167490363121033,0.9569580554962158
38,31,0.6104754209518433,0.8189294934272766,-0.08157601207494736,0.9957433342933655
38,32,0.40323489904403687,0.776524007320404,0.711483359336853,0.989015519618988
39,0,0.497910737991333,0.35578763484954834,-0.3332870900630951,0.9998089671134949
39,1,0.512900173664093,0.3455268144607544,-0.3681628704071045,0.999692440032959
39,2,0.5187280178070068,0.34542709589004517,-0.36822208762168884,0.9997589588165283
39,3,0.52558434009552,0.34537273645401,-0.3682693541049957,0.9997575879096985
39,4,0.5052058100700378,0.34541448950767517,-0.309574156999588,0.9995620846748352
39,5,0.5047428011894226,0.34531888365745544,-0.3095940351486206,0.9995549917221069
39,6,0.5043967962265015,0.34511256217956543,-0.3095680773258209,0.9994491338729858
39,7,0.5575705766677856,0.3519640564918518,-0.39656394720077515,0.999825119972229
39,8,0.5297890901565552,0.3499484658241272,-0.13652008771896362,0.9989708662033081
39,9,0.5096626281738281,0.3693700432777405,-0.3370477855205536,0.9999018311500549
39,10,0.501041054725647,0.3692465126514435,-0.2618718147277832,0.9995911717414856
39,11,0.6230427622795105,0.4154902994632721,-0.4143214821815491,0.9999671578407288
39,12,0.5150222182273865,0.41697460412979126,0.08773726969957352,0.9995672702789307
39,13,0.5996703505516052,0.4954550266265869,-0.35957175493240356,0.9938368797302246
39,14,0.5093560814857483,0.48740139603614807,0.0832657739520073,0.3071872293949127
39,15,0.48449376225471497,0.4718773365020752,-0.0657045990228653,0.9768959283828735
39,16,0.45148786902427673,0.4922729432582855,-0.24431927502155304,0.6553252935409546
39,17,0.4560697376728058,0.4653042256832123,-0.06515347957611084,0.9559715986251831
39,18,0.4343900978565216,0.5000060796737671,-0.29751184582710266,0.6478733420372009
39,19,0.4569469094276428,0.45468902587890625,-0.07587552070617676,0.95384681224823
39,20,0.43690383434295654,0.4917007386684418,-0.31783631443977356,0.6539345383644104
39,21,0.46894627809524536,0.45800238847732544,-0.05378947779536247,0.9340512156486511
39,22,0.4438384175300598,0.48670071363449097,-0.2681105434894562,0.630995512008667
39,23,0.603198230266571,0.5822892189025879,-0.15278223156929016,0.9997656345367432
39,24,0.5181930661201477,0.5759879350662231,0.15254278481006622,0.9995126724243164
39,25,0.6318319439888,0.6869128346443176,0.017381519079208374,0.99678635597229
39,26,0.4896377623081207,0.6669952273368835,0.4875704050064087,0.9656398892402649
39,27,0.6746153235435486,0.7902661561965942,0.2594365179538727,0.9973284006118774
39,28,0.5081061720848083,0.7567729353904724,0.873286247253418,0.9867483973503113
39,29,0.6951558589935303,0.8081890940666199,0.2723437249660492,0.9645974636077881
39,30,0.5325535535812378,0.7739253044128418,0.9030179977416992,0.9581106305122375
39,31,0.6030759215354919,0.8214442133903503,0.08089596778154373,0.996020495891571
39,32,0.4262518584728241,0.7743815183639526,0.8345441222190857,0.9896471500396729
40,0,0.5114195942878723,0.3553009331226349,-0.29794785380363464,0.9998270869255066
40,1,0.5262601375579834,0.34512537717819214,-0.33084744215011597,0.9997220039367676
40,2,0.532297670841217,0.34500426054000854,-0.33092671632766724,0.999782145023346
40,3,0.5392810702323914,0.3449188768863678,-0.3310030698776245,0.9997807145118713
40,4,0.51783287525177,0.3450513780117035,-0.2729699909687042,0.9996044039726257
40,5,0.5171483159065247,0.34495171904563904,-0.2729451358318329,0.9995979070663452
40,6,0.5165818333625793,0.34473487734794617,-0.2728903591632843,0.9995020627975464
40,7,0.5716456174850464,0.35129961371421814,-0.35867491364479065,0.99984210729599
40,8,0.5430852770805359,0.349224716424942,-0.10056114941835403,0.999070942401886
40,9,0.5240706205368042,0.36917608976364136,-0.3008565902709961,0.9999107718467712
40,10,0.5148744583129883,0.3690269887447357,-0.22684408724308014,0.9996294975280762
40,11,0.6342175602912903,0.41540631651878357,-0.42156147956848145,0.9999681711196899
40,12,0.5290708541870117,0.4166233539581299,0.13629348576068878,0.9995895624160767
40,13,0.5652884244918823,0.4943064749240875,-0.3455090820789337,0.9928205609321594
40,14,0.5121111273765564,0.4887774586677551,0.06734394282102585,0.2911587059497833
40,15,0.47712790966033936,0.44922059774398804,-0.03833737224340439,0.9753254652023315
40,16,0.4684171974658966,0.4912591874599457,-0.3192653954029083,0.6295560002326965
40,17,0.4536125659942627,0.43832850456237793,-0.034182481467723846,0.9539763331413269
40,18,0.45641228556632996,0.4913007318973541,-0.37710097432136536,0.6261271238327026
40,19,0.45894956588745117,0.4312865138053894,-0.04790385067462921,0.9516552090644836
40,20,0.45984843373298645,0.490020215511322,-0.38183581829071045,0.6306661367416382
40,21,0.469107449054718,0.4347529411315918,-0.027277689427137375,0.9312849044799805
40,22,0.46593883633613586,0.48213616013526917,-0.3383982181549072,0.6076275706291199
40,23,0.6200636625289917,0.5821526050567627,-0.15500041842460632,0.9997839331626892
40,24,0.5329746603965759,0.5756238102912903,0.1547519713640213,0.9995499849319458
40,25,0.6375118494033813,0.6882268190383911,-0.02398763783276081,0.996959924697876
40,26,0.49146994948387146,0.6623433232307434,0.5024651885032654,0.967170000076294
40,27,0.670012891292572,0.7915003299713135,0.1545279324054718,0.9974624514579773
40,28,0.5546773076057434,0.7447718381881714,0.8903944492340088,0.9866267442703247
40,29,0.6906008720397949,0.8100140690803528,0.16087953746318817,0.9650556445121765
40,30,0.5852105617523193,0.7629548907279968,0.921016275882721,0.9567050337791443
40,31,0.5948666334152222,0.8246318101882935,-0.040367238223552704,0.9962579607963562
40,32,0.47285744547843933,0.7696163058280945,0.8668590784072876,0.9897590279579163
41,0,0.5042229890823364,0.35529178380966187,-0.28139206767082214,0.9998438358306885
41,1,0.5189648866653442,0.34510377049446106,-0.3210214078426361,0.9997491240501404
41,2,0.5248121023178101,0.3449839949607849,-0.3210824131965637,0.9998033046722412
41,3,0.531499445438385,0.34490031003952026,-0.3211356997489929,0.9998019337654114
41,4,0.5110756754875183,0.3450317680835724,-0.2586762309074402,0.9996432065963745
41,5,0.5106458067893982,0.34493517875671387,-0.2586613595485687,0.9996373653411865
41,6,0.5103858709335327,0.34472358226776123,-0.2585761547088623,0.9995509386062622
41,7,0.5647295117378235,0.351223886013031,-0.37147119641304016,0.9998575448989868
41,8,0.5359903573989868,0.34918537735939026,-0.09887846559286118,0.9991624355316162
41,9,0.5173696875572205,0.36914411187171936,-0.29523998498916626,0.9999192953109741
41,10,0.5085245370864868,0.36889228224754333,-0.21539241075515747,0.9996654987335205
41,11,0.6287257075309753,0.4157099723815918,-0.4266456961631775,0.9999688863754272
41,12,0.5286917090415955,0.41558122634887695,0.12492751330137253,0.9996211528778076
41,13,0.5829737186431885,0.49864473938941956,-0.34386059641838074,0.9924243688583374
41,14,0.5150637626647949,0.4884823262691498,0.036105573177337646,0.2850710451602936
41,15,0.4755968749523163,0.4641483426094055,-0.039227381348609924,0.9733194708824158
41,16,0.45714327692985535,0.49034610390663147,-0.36373287439346313,0.6188411116600037
41,17,0.4494155943393707,0.4604511260986328,-0.04161392152309418,0.9506280422210693
41,18,0.44172701239585876,0.4911920428276062,-0.4242073893547058,0.6167730093002319
41,19,0.4553799629211426,0.4534846246242523,-0.05046173185110092,0.9483022093772888
41,20,0.4444187879562378,0.4845985472202301,-0.4457399547100067,0.6212866306304932
41,21,0.4647960364818573,0.45460963249206543,-0.027215110138058662,0.9272032380104065
41,22,0.4521717131137848,0.47910183668136597,-0.39019957184791565,0.5984189510345459
41,23,0.6145479083061218,0.5817545056343079,-0.1551024615764618,0.9997961521148682
41,24,0.531505286693573,0.5745079517364502,0.15492060780525208,0.9995792508125305
41,25,0.632324755191803,0.6882506012916565,-0.024291440844535828,0.9971874356269836
41,26,0.4962789714336395,0.6603881120681763,0.5202073454856873,0.969139814376831
41,27,0.6682104468345642,0.7924140095710754,0.16690239310264587,0.9976484775543213
41,28,0.5447235703468323,0.7472319006919861,0.8982575535774231,0.9873464107513428
41,29,0.6897071003913879,0.8099807500839233,0.17533579468727112,0.9673177599906921
41,30,0.5838403105735779,0.7648735642433167,0.9268678426742554,0.9578907489776611
41,31,0.5966891646385193,0.8247143626213074,-0.017811493948101997,0.9965516328811646
41,32,0.4590153992176056,0.7700005769729614,0.8638421893119812,0.9903750419616699
42,0,0.48328691720962524,0.35815685987472534,-0.2977544069290161,0.9998334050178528
42,1,0.49683982133865356,0.3480880558490753,-0.3354085385799408,0.9997352957725525
42,2,0.501327633857727,0.3481045961380005,-0.33547866344451904,0.9997910261154175
42,3,0.5058255791664124,0.3480619788169861,-0.3355361223220825,0.999789297580719
42,4,0.49225714802742004,0.34795185923576355,-0.2748048007488251,0.9996340870857239
42,5,0.4931148886680603,0.34789708256721497,-0.2748023569583893,0.9996311068534851
42,6,0.49410077929496765,0.34770315885543823,-0.2747635841369629,0.9995456337928772
42,7,0.5356248021125793,0.3537687659263611,-0.39936840534210205,0.9998510479927063
42,8,0.5191985368728638,0.35216423869132996,-0.10937682539224625,0.9991791248321533
42,9,0.49528342485427856,0.3715587854385376,-0.3071832060813904,0.9999139904975891
42,10,0.48938050866127014,0.37134990096092224,-0.22993238270282745,0.999653697013855
42,11,0.6062484979629517,0.41684800386428833,-0.4608559012413025,0.9999692440032959
42,12,0.5158112645149231,0.4193069338798523,0.09916418045759201,0.9996190071105957
42,13,0.5865875482559204,0.5003262758255005,-0.4679347574710846,0.9924823641777039
42,14,0.5054476261138916,0.4920538365840912,0.21632209420204163,0.27166831493377686
42,15,0.48086485266685486,0.5100807547569275,-0.4208916127681732,0.9736433029174805
42,16,0.4281695485115051,0.495647668838501,0.09467282891273499,0.602772057056427
42,17,0.4536485970020294,0.5120953321456909,-0.4632030129432678,0.9511392116546631
42,18,0.4013568162918091,0.4942448139190674,0.06964721530675888,0.6024898886680603
42,19,0.4548955261707306,0.504379391670227,-0.46703386306762695,0.9487454891204834
42,20,0.39577290415763855,0.48694896697998047,0.024005098268389702,0.6082578897476196
42,21,0.4634435474872589,0.5024230480194092,-0.415730744600296,0.9265982508659363
42,22,0.4099108874797821,0.4868556559085846,0.06564684212207794,0.5859610438346863
42,23,0.5971994400024414,0.5843608379364014,-0.15874558687210083,0.9997910261154175
42,24,0.5181126594543457,0.5794228911399841,0.15858104825019836,0.999559223651886
42,25,0.6107491850852966,0.6882203817367554,-0.016206372529268265,0.9973427653312683
42,26,0.4886307120323181,0.6622217297554016,0.5091500878334045,0.9702535271644592
42,27,0.6655516028404236,0.7930952310562134,0.19344952702522278,0.9977865219116211
42,28,0.5052101612091064,0.7477442622184753,0.8872466087341309,0.9877844452857971
42,29,0.6888224482536316,0.8104141354560852,0.20336602628231049,0.9686603546142578
42,30,0.531152606010437,0.7657294273376465,0.9156407117843628,0.9588271379470825
42,31,0.5974853038787842,0.8285401463508606,-0.0044000898487865925,0.9967348575592041
42,32,0.4212207496166229,0.7703386545181274,0.837519645690918,0.9907528758049011
43,0,0.45147383213043213,0.3565540313720703,-0.33834701776504517,0.9998081922531128
43,1,0.4653424620628357,0.347192645072937,-0.3768389821052551,0.9997116327285767
43,2,0.4699168801307678,0.3471938967704773,-0.37690654397010803,0.9997777938842773
43,3,0.47468334436416626,0.34716111421585083,-0.37698081135749817,0.999774694442749
43,4,0.45954862236976624,0.3470800518989563,-0.31973811984062195,0.9995999336242676
43,5,0.4597322642803192,0.34702208638191223,-0.31974443793296814,0.9996026158332825
43,6,0.46009916067123413,0.3468453288078308,-0.3197173774242401,0.9995022416114807
43,7,0.5052973628044128,0.35369279980659485,-0.4329690635204315,0.9998440146446228
43,8,0.48467668890953064,0.3520955443382263,-0.16845069825649261,0.9991519451141357
43,9,0.46134284138679504,0.36990079283714294,-0.3481520414352417,0.9999088644981384
43,10,0.455605685710907,0.369620680809021,-0.272846519947052,0.9996201395988464
43,11,0.5644916296005249,0.4095321595668793,-0.48944002389907837,0.9999719262123108
43,12,0.4800436198711395,0.4191712439060211,0.09789668023586273,0.9995683431625366
43,13,0.6355577111244202,0.4732983708381653,-0.6123567223548889,0.993186354637146
43,14,0.4642174243927002,0.4825032651424408,0.44146791100502014,0.2801460921764374
43,15,0.509300947189331,0.5131098031997681,-0.7147039771080017,0.9760903716087341
43,16,0.3656909465789795,0.467349112033844,0.5787705183029175,0.6302738189697266
43,17,0.48350170254707336,0.5253115892410278,-0.7630594968795776,0.9553152918815613
43,18,0.332790344953537,0.45524531602859497,0.598442792892456,0.6264551877975464
43,19,0.4734255075454712,0.5163959264755249,-0.7630711197853088,0.9531220197677612
43,20,0.33720746636390686,0.4487879276275635,0.5717283487319946,0.6317753791809082
43,21,0.4790441393852234,0.5123215317726135,-0.7083730697631836,0.9325821399688721
43,22,0.3491140902042389,0.4526039958000183,0.5677640438079834,0.6082708239555359
43,23,0.5590247511863708,0.5812939405441284,-0.1756034791469574,0.9997934699058533
43,24,0.49438226222991943,0.5788989663124084,0.17524904012680054,0.9995328783988953
43,25,0.5894346833229065,0.6848299503326416,0.00802641361951828,0.9972932934761047
43,26,0.4799194633960724,0.663483738899231,0.5047383904457092,0.9681066274642944
43,27,0.6661909222602844,0.7898611426353455,0.23924992978572845,0.9978323578834534
43,28,0.4923974275588989,0.7479158639907837,0.8819057941436768,0.9872900247573853
43,29,0.6911556124687195,0.806747317314148,0.253736674785614,0.9697863459587097
43,30,0.5134970545768738,0.7661761045455933,0.9107622504234314,0.9585409164428711
43,31,0.5984461903572083,0.827706515789032,0.06029428914189339,0.9967299699783325
43,32,0.40734705328941345,0.7705772519111633,0.827730655670166,0.990551769733429
44,0,0.43246811628341675,0.3553186058998108,-0.29162219166755676,0.9997749328613281
44,1,0.44558143615722656,0.3458380103111267,-0.3234564960002899,0.9996684193611145
44,2,0.4498429298400879,0.34567683935165405,-0.3235257863998413,0.9997485280036926
44,3,0.4543434679508209,0.34548819065093994,-0.3235142230987549,0.9997386336326599
44,4,0.441259503364563,0.345893532037735,-0.2675369679927826,0.9995063543319702
44,5,0.4421454668045044,0.34581249952316284,-0.26758408546447754,0.9995169043540955
44,6,0.44331496953964233,0.3456507921218872,-0.2675098776817322,0.9994101524353027
44,7,0.4858928620815277,0.3519381880760193,-0.3679392635822296,0.9998195171356201
44,8,0.4707980751991272,0.3513944149017334,-0.10822654515504837,0.9989133477210999
44,9,0.44203677773475647,0.36872780323028564,-0.3009569048881531,0.9998886585235596
44,10,0.43830111622810364,0.36871176958084106,-0.22555749118328094,0.9995043873786926
44,11,0.5471413135528564,0.3981577157974243,-0.4518006145954132,0.9999743700027466
44,12,0.4671357572078705,0.41907158493995667,0.1523853987455368,0.9994929432868958
44,13,0.6507746577262878,0.44242388010025024,-0.6219851970672607,0.9938291907310486
44,14,0.4389841854572296,0.4773900508880615,0.4841413199901581,0.3099951148033142
44,15,0.5515316724777222,0.50667804479599,-0.7643337845802307,0.9783400297164917
44,16,0.346850723028183,0.45241063833236694,0.5942690372467041,0.6640766859054565
44,17,0.5332728624343872,0.519189715385437,-0.8166674375534058,0.9591590166091919
44,18,0.31847211718559265,0.4375511705875397,0.6167932748794556,0.6590547561645508
44,19,0.5148705840110779,0.5117632150650024,-0.8170961737632751,0.957175076007843
44,20,0.325330913066864,0.4309310019016266,0.5885847806930542,0.6638850569725037
44,21,0.5190301537513733,0.5069077610969543,-0.7596736550331116,0.9382238984107971
44,22,0.3346840441226959,0.43473654985427856,0.5837910175323486,0.641225278377533
44,23,0.535649299621582,0.5639394521713257,-0.1939195841550827,0.9998019337654114
44,24,0.48510268330574036,0.56658935546875,0.19346673786640167,0.9995494484901428
44,25,0.5493144392967224,0.6722252368927002,-0.17013292014598846,0.9971421360969543
44,26,0.4754185974597931,0.6607121825218201,0.3612746298313141,0.9614843726158142
44,27,0.678638219833374,0.7540684342384338,0.07830245792865753,0.997861921787262
44,28,0.4907156229019165,0.7480999231338501,0.6662535071372986,0.9864385724067688
44,29,0.7157717943191528,0.7574643492698669,0.0990767776966095,0.9714381694793701
44,30,0.5124413967132568,0.7669893503189087,0.6870594620704651,0.9577792882919312
44,31,0.6501032710075378,0.8016918301582336,-0.06187818944454193,0.9968183040618896
44,32,0.40281930565834045,0.7706122398376465,0.5744332075119019,0.989993155002594
45,0,0.42855504155158997,0.3531799912452698,-0.33357152342796326,0.999740481376648
45,1,0.4415736198425293,0.3441266417503357,-0.36745506525039673,0.999618411064148
45,2,0.445833295583725,0.34400027990341187,-0.36754390597343445,0.999708890914917
45,3,0.45063161849975586,0.3438546061515808,-0.36761295795440674,0.9997024536132812
45,4,0.43734338879585266,0.34425368905067444,-0.3102322220802307,0.9994413256645203
45,5,0.4381583631038666,0.3442276120185852,-0.31023451685905457,0.9994540810585022
45,6,0.4392339587211609,0.3441241681575775,-0.3102412819862366,0.999329686164856
45,7,0.4831235110759735,0.3506540060043335,-0.4165482819080353,0.9997962117195129
45,8,0.4665658175945282,0.3498431146144867,-0.15197215974330902,0.9987868666648865
45,9,0.43883973360061646,0.3668214678764343,-0.34261438250541687,0.9998769164085388
45,10,0.4346086382865906,0.36705130338668823,-0.2662934362888336,0.9994545578956604
45,11,0.5523041486740112,0.39923936128616333,-0.4527812898159027,0.9999755024909973
45,12,0.45071178674697876,0.4166472852230072,0.08121752738952637,0.9994616508483887
45,13,0.6474443078041077,0.45607423782348633,-0.5588377714157104,0.994341254234314
45,14,0.4413090944290161,0.4749431610107422,0.34945496916770935,0.3187035918235779
45,15,0.538542628288269,0.5074073076248169,-0.6225077509880066,0.9801608920097351
45,16,0.3579026460647583,0.46143922209739685,0.2851172685623169,0.6833980679512024
45,17,0.5136136412620544,0.5217758417129517,-0.6757630109786987,0.9621525406837463
45,18,0.3318219780921936,0.452627032995224,0.27529799938201904,0.6756835579872131
45,19,0.502590537071228,0.5123711824417114,-0.6745086908340454,0.9602569937705994
45,20,0.33465737104415894,0.44586578011512756,0.2416778951883316,0.680412769317627
45,21,0.5091241002082825,0.5079248547554016,-0.6160452961921692,0.9421877861022949
45,22,0.3448457419872284,0.4477561414241791,0.26593461632728577,0.6568275094032288
45,23,0.5379201769828796,0.5636678338050842,-0.17208948731422424,0.9997800588607788
45,24,0.46904683113098145,0.5655922889709473,0.17180469632148743,0.9994865655899048
45,25,0.5613717436790466,0.6689959168434143,-0.02977883070707321,0.9970986247062683
45,26,0.46127673983573914,0.6606363654136658,0.4064955413341522,0.962737500667572
45,27,0.6551693081855774,0.7612660527229309,0.22761170566082,0.9978497624397278
45,28,0.48589181900024414,0.7489250898361206,0.7405325174331665,0.9866960048675537
45,29,0.6753103733062744,0.7714471817016602,0.24344757199287415,0.971898078918457
45,30,0.5039530396461487,0.7677161693572998,0.7647982239723206,0.958490788936615
45,31,0.6491957902908325,0.8061006665229797,0.045281875878572464,0.9967679977416992
45,32,0.40225398540496826,0.7714003324508667,0.6551129221916199,0.9901160001754761
46,0,0.4376503527164459,0.35759979486465454,-0.33775603771209717,0.9997448921203613
46,1,0.45144593715667725,0.34766045212745667,-0.36730727553367615,0.9996055364608765
46,2,0.4562663733959198,0.3475324511528015,-0.36738133430480957,0.9996901154518127
46,3,0.46169543266296387,0.34735625982284546,-0.36743980646133423,0.9996793270111084
46,4,0.44529205560684204,0.34805482625961304,-0.31397348642349243,0.9994457364082336
46,5,0.44530585408210754,0.3481617271900177,-0.3139957785606384,0.9994564652442932
46,6,0.44545412063598633,0.3481876254081726,-0.31405335664749146,0.9993362426757812
46,7,0.49407294392585754,0.3531864285469055,-0.38120949268341064,0.9997775554656982
46,8,0.46844059228897095,0.35315296053886414,-0.15080879628658295,0.9988123178482056
46,9,0.4497373700141907,0.3697513937950134,-0.3419933617115021,0.999875545501709
46,10,0.44273144006729126,0.36979037523269653,-0.26643821597099304,0.9994711875915527
46,11,0.5590190887451172,0.4082992970943451,-0.36916202306747437,0.9999691843986511
46,12,0.4410422444343567,0.41894111037254333,0.03126540780067444,0.9994930028915405
46,13,0.6426264643669128,0.48302537202835083,-0.4415236711502075,0.9943615794181824
46,14,0.42119064927101135,0.47955602407455444,-0.0014969556359574199,0.3450741469860077
46,15,0.49035295844078064,0.5083044767379761,-0.5938440561294556,0.9797682166099548
46,16,0.3725551664829254,0.48943573236465454,-0.3460460603237152,0.6965639591217041
46,17,0.4601815640926361,0.5189241170883179,-0.5969460010528564,0.9607943892478943
46,18,0.34255924820899963,0.4934799075126648,-0.4144527018070221,0.6856964826583862
46,19,0.451607882976532,0.5092839598655701,-0.609700620174408,0.9585848450660706
46,20,0.3379388749599457,0.48722583055496216,-0.4493892788887024,0.6902645826339722
46,21,0.46002718806266785,0.5060995817184448,-0.5968725681304932,0.9392126798629761
46,22,0.3539438247680664,0.48497408628463745,-0.3741844594478607,0.6664649248123169
46,23,0.5481294393539429,0.5694655776023865,-0.11872339993715286,0.9997414350509644
46,24,0.4654788672924042,0.5717925429344177,0.11858251690864563,0.9994707107543945
46,25,0.5628467798233032,0.6700640916824341,-0.029040958732366562,0.997279942035675
46,26,0.4583756625652313,0.6647481322288513,0.3754977285861969,0.9658581614494324
46,27,0.6372851729393005,0.7636610269546509,0.18837806582450867,0.9978923797607422
46,28,0.48509830236434937,0.7490871548652649,0.730084240436554,0.9875676035881042
46,29,0.6445465087890625,0.7726305723190308,0.1927817165851593,0.9698681831359863
46,30,0.5031536817550659,0.768272340297699,0.7549141049385071,0.9600831270217896
46,31,0.6373406648635864,0.8062647581100464,-0.043567314743995667,0.9967455267906189
46,32,0.40314817428588867,0.7735635042190552,0.6323832273483276,0.9905961751937866
47,0,0.4430268704891205,0.3576931357383728,-0.535396158695221,0.9997614026069641
47,1,0.45678091049194336,0.34748074412345886,-0.5356425046920776,0.9996211528778076
47,2,0.4606066942214966,0.3473395109176636,-0.5355955958366394,0.9996987581253052
47,3,0.463276207447052,0.3471704125404358,-0.5356243252754211,0.9996838569641113
47,4,0.4497651755809784,0.34787508845329285,-0.5099863409996033,0.9994805455207825
47,5,0.44792184233665466,0.34797316789627075,-0.5100924968719482,0.9994906187057495
47,6,0.4458761513233185,0.34796077013015747,-0.5101158618927002,0.9993799328804016
47,7,0.49855393171310425,0.3531278371810913,-0.4231853187084198,0.9997773766517639
47,8,0.4605070650577545,0.3526231646537781,-0.3036435544490814,0.9988888502120972
47,9,0.4541008770465851,0.36983150243759155,-0.48466694355010986,0.999881386756897
47,10,0.4465109407901764,0.369797945022583,-0.45007896423339844,0.9995131492614746
47,11,0.5759276747703552,0.4082608222961426,-0.3469104468822479,0.9999672770500183
47,12,0.4158059060573578,0.4167247712612152,-0.11642912030220032,0.9995334148406982
47,13,0.6494314670562744,0.48300641775131226,-0.40656933188438416,0.9945406913757324
47,14,0.36906662583351135,0.4797627925872803,-0.24506814777851105,0.40704381465911865
47,15,0.5084288120269775,0.5073063373565674,-0.5493884682655334,0.9792711734771729
47,16,0.39648500084877014,0.4747924208641052,-0.6350430846214294,0.7240721583366394
47,17,0.47555774450302124,0.5169180035591125,-0.5980573296546936,0.9579789042472839
47,18,0.40937504172325134,0.47820132970809937,-0.7118448615074158,0.7112895250320435
47,19,0.4646426737308502,0.5075007081031799,-0.5953231453895569,0.9552741646766663
47,20,0.41926416754722595,0.4652591645717621,-0.7095783948898315,0.7145875096321106
47,21,0.46960341930389404,0.5042680501937866,-0.5443639755249023,0.9345122575759888
47,22,0.41997867822647095,0.4647933840751648,-0.6427770256996155,0.6906139254570007
47,23,0.5490233302116394,0.5667464733123779,-0.08619693666696548,0.9997448921203613
47,24,0.4644622504711151,0.5700317025184631,0.08604048192501068,0.9994965195655823
47,25,0.5740349292755127,0.6708468794822693,-0.04216989502310753,0.9974150061607361
47,26,0.4611109495162964,0.6643669009208679,0.33822208642959595,0.9688228368759155
47,27,0.6335294246673584,0.7673818469047546,0.17141178250312805,0.9979059100151062
47,28,0.4862901568412781,0.7497266530990601,0.7163600325584412,0.9883636236190796
47,29,0.6336731314659119,0.7787858247756958,0.17605654895305634,0.9669189453125
47,30,0.5045114755630493,0.7683824896812439,0.7437206506729126,0.9604597687721252
47,31,0.6315922141075134,0.8085352182388306,-0.07329560071229935,0.9966893196105957
47,32,0.4044165313243866,0.7750450968742371,0.5934320092201233,0.9909529089927673
48,0,0.470236599445343,0.3575478196144104,-0.557768702507019,0.9997771978378296
48,1,0.4865175485610962,0.34735745191574097,-0.5412596464157104,0.9996399283409119
48,2,0.4938916862010956,0.34721145033836365,-0.5411834120750427,0.9997079968452454
48,3,0.5015906691551208,0.34708699584007263,-0.541156530380249,0.9996897578239441
48,4,0.46529752016067505,0.34677618741989136,-0.5291445255279541,0.9995183348655701
48,5,0.4593168795108795,0.3465520441532135,-0.5292149186134338,0.9995269179344177
48,6,0.45125138759613037,0.34628385305404663,-0.529189944267273,0.9994253516197205
48,7,0.5171462893486023,0.35327932238578796,-0.38514941930770874,0.9997720718383789
48,8,0.464541494846344,0.35172608494758606,-0.3159066438674927,0.9989633560180664
48,9,0.4852624535560608,0.36980709433555603,-0.4888570010662079,0.9998851418495178
48,10,0.45859378576278687,0.36946815252304077,-0.4724539518356323,0.999552845954895
48,11,0.5935598015785217,0.4100126624107361,-0.27179455757141113,0.9999592304229736
48,12,0.4105536937713623,0.41457048058509827,-0.16251181066036224,0.9995549917221069
48,13,0.6748291254043579,0.47033482789993286,-0.26067084074020386,0.9941595196723938
48,14,0.3690188527107239,0.47855129837989807,-0.3484078645706177,0.4645998775959015
48,15,0.6055713891983032,0.5121712684631348,-0.3776351809501648,0.9774839878082275
48,16,0.4515119791030884,0.44878262281417847,-0.7224944829940796,0.7504556775093079
48,17,0.5891373157501221,0.5272194743156433,-0.4240281879901886,0.9535012245178223
48,18,0.48082786798477173,0.4406256675720215,-0.7994768023490906,0.7375738620758057
48,19,0.5751971006393433,0.5174993276596069,-0.44516322016716003,0.9503837823867798
48,20,0.4865151643753052,0.4305000305175781,-0.7817357182502747,0.7401436567306519
48,21,0.5781863927841187,0.5123015642166138,-0.3826112151145935,0.9298632144927979
48,22,0.4820820987224579,0.43241071701049805,-0.7216863036155701,0.7170406579971313
48,23,0.5600242018699646,0.5667316913604736,-0.0554521419107914,0.9997571110725403
48,24,0.4634375274181366,0.5711937546730042,0.05528255179524422,0.9995298385620117
48,25,0.5959349870681763,0.6699928045272827,-0.016021572053432465,0.9973999857902527
48,26,0.46886777877807617,0.6676647663116455,0.3257293403148651,0.971358060836792
48,27,0.6267198920249939,0.7632456421852112,0.2567571997642517,0.9976751804351807
48,28,0.48708757758140564,0.7499918937683105,0.7466917037963867,0.9889810681343079
48,29,0.6165648698806763,0.7739160060882568,0.2703787386417389,0.9653822779655457
48,30,0.5042882561683655,0.7683799266815186,0.7767783999443054,0.9609524607658386
48,31,0.6360763311386108,0.8050260543823242,0.05641261115670204,0.9962815046310425
48,32,0.410415917634964,0.7768685817718506,0.6402720808982849,0.9910198450088501
49,0,0.5192613005638123,0.3573429584503174,-0.39982837438583374,0.9997985363006592
49,1,0.5332977771759033,0.347150057554245,-0.36334842443466187,0.9996730089187622
49,2,0.5409051179885864,0.34715980291366577,-0.36333683133125305,0.9997334480285645
49,3,0.5484832525253296,0.3469919264316559,-0.36332184076309204,0.9997163414955139
49,4,0.5110778212547302,0.3461647629737854,-0.38440436124801636,0.999564528465271
49,5,0.5024160146713257,0.3458326458930969,-0.38456234335899353,0.9995718002319336
49,6,0.4921882748603821,0.34554338455200195,-0.38461795449256897,0.999480128288269
49,7,0.5602484941482544,0.3532217741012573,-0.21113942563533783,0.9997884035110474
49,8,0.47822558879852295,0.35049647092819214,-0.2932520806789398,0.9990637898445129
49,9,0.5306825637817383,0.3697447180747986,-0.32421067357063293,0.9998956918716431
49,10,0.5007258057594299,0.3693361282348633,-0.35675016045570374,0.9995969533920288
49,11,0.6261566281318665,0.4130799174308777,-0.14383770525455475,0.9999603033065796
49,12,0.42191433906555176,0.41461849212646484,-0.10709686577320099,0.9995949864387512
49,13,0.694438099861145,0.46997666358947754,-0.1492813676595688,0.9942360520362854
49,14,0.38477668166160583,0.48937058448791504,-0.2008974701166153,0.5177300572395325
49,15,0.6424381732940674,0.5119693279266357,-0.3219330608844757,0.9776764512062073
49,16,0.48683106899261475,0.4612269997596741,-0.4219617247581482,0.7749008536338806
49,17,0.6285122632980347,0.526332676410675,-0.3704105019569397,0.9547592401504517
49,18,0.5193514227867126,0.44982585310935974,-0.46293339133262634,0.7627952694892883
49,19,0.6170943975448608,0.5154458284378052,-0.379012793302536,0.9515392780303955
49,20,0.5215439200401306,0.43311113119125366,-0.45697924494743347,0.7649274468421936
49,21,0.6169462203979492,0.510789155960083,-0.32385027408599854,0.9317154288291931
49,22,0.5140169262886047,0.43390434980392456,-0.41856256127357483,0.7433327436447144
49,23,0.58124178647995,0.5674831867218018,-0.03987755626440048,0.999780535697937
49,24,0.467515766620636,0.573371171951294,0.03973839059472084,0.9995735287666321
49,25,0.6172119379043579,0.6689112782478333,-0.3131779730319977,0.9974568486213684
49,26,0.47140875458717346,0.6676384210586548,0.3306024670600891,0.9734085202217102
49,27,0.6346146464347839,0.7708092927932739,-0.30129531025886536,0.9977064728736877
49,28,0.485046923160553,0.7504212260246277,0.7191118597984314,0.9892700910568237
49,29,0.6207937598228455,0.7820987105369568,-0.31280088424682617,0.9665015339851379
49,30,0.49942177534103394,0.7684715986251831,0.7485581040382385,0.9601814150810242
49,31,0.680616557598114,0.8117755651473999,-0.506140410900116,0.996246874332428
49,32,0.4105273485183716,0.7774998545646667,0.6480065584182739,0.9907358884811401
50,0,0.5737139582633972,0.35712915658950806,-0.6814144849777222,0.9998171925544739
50,1,0.5876073241233826,0.34703904390335083,-0.6522884368896484,0.9997038245201111
50,2,0.5951007008552551,0.34706294536590576,-0.6523071527481079,0.9997574687004089
50,3,0.6012052297592163,0.3470759093761444,-0.6523892879486084,0.9997416734695435
50,4,0.5640818476676941,0.34614676237106323,-0.6553937196731567,0.9996064305305481
50,5,0.5558739304542542,0.3457907438278198,-0.6554960608482361,0.9996123313903809
50,6,0.5473875403404236,0.34550243616104126,-0.6555461287498474,0.9995297789573669
50,7,0.6095519065856934,0.35388943552970886,-0.4206480383872986,0.9998035430908203
50,8,0.5371511578559875,0.35092344880104065,-0.4462561011314392,0.999155580997467
50,9,0.5889876484870911,0.3697187602519989,-0.5935782790184021,0.9999051690101624
50,10,0.5578361749649048,0.36919426918029785,-0.5981589555740356,0.9996365904808044
50,11,0.668679416179657,0.42064014077186584,-0.2753288745880127,0.9999604821205139
50,12,0.45077916979789734,0.41482406854629517,-0.2806500196456909,0.9996336102485657
50,13,0.7157759666442871,0.49597662687301636,-0.4424639344215393,0.9936619400978088
50,14,0.39642444252967834,0.48885804414749146,-0.37123340368270874,0.5651952028274536
50,15,0.6928154230117798,0.4991800785064697,-0.930699348449707,0.978543758392334
50,16,0.4690914452075958,0.5092631578445435,-0.6899250149726868,0.7958771586418152
50,17,0.6836820244789124,0.5001769661903381,-1.0357770919799805,0.9568643569946289
50,18,0.486602783203125,0.5217275023460388,-0.7657462954521179,0.7831307053565979
50,19,0.672737181186676,0.4859235882759094,-1.047598123550415,0.9538987874984741
50,20,0.49793192744255066,0.509985089302063,-0.7901751399040222,0.784934401512146
50,21,0.6716046929359436,0.48382696509361267,-0.944783627986908,0.9347583055496216
50,22,0.494257390499115,0.5050052404403687,-0.7035843133926392,0.7643649578094482
50,23,0.6050087213516235,0.5787879228591919,-0.03137601912021637,0.9997968673706055
50,24,0.4819328784942627,0.5755840539932251,0.03135397285223007,0.9996083974838257
50,25,0.6348340511322021,0.6817752718925476,-0.029036222025752068,0.997459352016449
50,26,0.4743376076221466,0.6691725254058838,0.35591745376586914,0.9754428267478943
50,27,0.6387668251991272,0.7828420996665955,0.21970030665397644,0.997643768787384
50,28,0.48521775007247925,0.7507237792015076,0.8758230209350586,0.9895764589309692
50,29,0.6231836080551147,0.7953659296035767,0.22943377494812012,0.9660111665725708
50,30,0.49961885809898376,0.767458975315094,0.9184245467185974,0.9603820443153381
50,31,0.6930975317955017,0.8187241554260254,-0.006657242309302092,0.9958290457725525
50,32,0.4104941487312317,0.7774415612220764,0.7544180750846863,0.9905591011047363
51,0,0.6063459515571594,0.3541260361671448,-0.7358269691467285,0.9998350143432617
51,1,0.6199206709861755,0.3441837430000305,-0.7113918662071228,0.9997327923774719
51,2,0.6280730962753296,0.34442389011383057,-0.7113738059997559,0.9997810125350952
51,3,0.6347044706344604,0.34475836157798767,-0.7114731669425964,0.9997666478157043
51,4,0.5950908660888672,0.34349334239959717,-0.7036030888557434,0.9996449947357178
51,5,0.5872254967689514,0.3433333933353424,-0.7036193609237671,0.9996499419212341
51,6,0.5794158577919006,0.34345927834510803,-0.7036182880401611,0.9995752573013306
51,7,0.6460162997245789,0.3524879515171051,-0.4980041980743408,0.999821662902832
51,8,0.5719020366668701,0.3501450717449188,-0.4670447111129761,0.999239444732666
51,9,0.6223954558372498,0.36794281005859375,-0.6522523760795593,0.9999144673347473
51,10,0.5933310389518738,0.367728054523468,-0.6429819464683533,0.9996727705001831
51,11,0.7032405138015747,0.4224313199520111,-0.3288397789001465,0.9999637603759766
51,12,0.4859744608402252,0.40964946150779724,-0.24375951290130615,0.9996695518493652
51,13,0.7645142674446106,0.5004971027374268,-0.6644877195358276,0.9941216707229614
51,14,0.40220221877098083,0.459247887134552,-0.3471860885620117,0.607962429523468
51,15,0.7624471783638,0.45541197061538696,-1.2082934379577637,0.980484664440155
51,16,0.4579295814037323,0.5094634294509888,-0.06596755236387253,0.8139086961746216
51,17,0.7645213603973389,0.44242000579833984,-1.3089287281036377,0.9606035947799683
51,18,0.46414846181869507,0.5263404846191406,-0.06935717910528183,0.7983269095420837
51,19,0.7556445598602295,0.43318647146224976,-1.294558048248291,0.9578839540481567
51,20,0.471469908952713,0.5195804834365845,-0.10172776132822037,0.799750030040741
51,21,0.7489806413650513,0.4360979497432709,-1.2131973505020142,0.9400441646575928
51,22,0.4715070426464081,0.51396644115448,-0.07332466542720795,0.7796725630760193
51,23,0.6259415745735168,0.5785688161849976,-0.03794260695576668,0.9998155236244202
51,24,0.5045242309570312,0.5722547769546509,0.03789020702242851,0.9996445178985596
51,25,0.6395587921142578,0.6856523752212524,0.012469940818846226,0.9972899556159973
51,26,0.4746297597885132,0.6662603616714478,0.3518165051937103,0.977488100528717
51,27,0.6401274800300598,0.786244809627533,0.3594050109386444,0.9976183772087097
51,28,0.47107261419296265,0.7425341010093689,0.9532886147499084,0.9900276064872742
51,29,0.6225496530532837,0.79906165599823,0.3819419741630554,0.9651635885238647
51,30,0.4901885688304901,0.7594608068466187,1.0033361911773682,0.9606504440307617
51,31,0.6899999976158142,0.8210409283638,0.13359014689922333,0.9956402778625488
51,32,0.4035716950893402,0.7763198614120483,0.8122046589851379,0.990680992603302
52,0,0.6106005311012268,0.35219937562942505,-0.7119670510292053,0.9998512268066406
52,1,0.6218591332435608,0.3422923684120178,-0.6951394081115723,0.9997591376304626
52,2,0.6295371055603027,0.342495322227478,-0.6950663328170776,0.9998025894165039
52,3,0.6374145150184631,0.3428794741630554,-0.6951068639755249,0.9997895359992981
52,4,0.6008278131484985,0.34204742312431335,-0.6744189858436584,0.9996800422668457
52,5,0.592846155166626,0.34222614765167236,-0.6744177341461182,0.9996843934059143
52,6,0.5854520797729492,0.34263676404953003,-0.6743873357772827,0.9996169209480286
52,7,0.651478111743927,0.35082536935806274,-0.51451575756073,0.9998387694358826
52,8,0.5776854753494263,0.35006991028785706,-0.42441681027412415,0.9993153214454651
52,9,0.624409556388855,0.3661959767341614,-0.6415395736694336,0.9999229311943054
52,10,0.5997803807258606,0.3658852279186249,-0.6152905821800232,0.9997053742408752
52,11,0.7151957750320435,0.4238641858100891,-0.3678028881549835,0.9999669790267944
52,12,0.506233274936676,0.4066550135612488,-0.19937525689601898,0.9997021555900574
52,13,0.7953675985336304,0.498969703912735,-0.7298515439033508,0.9946350455284119
52,14,0.40437570214271545,0.44349464774131775,0.11953597515821457,0.6467640399932861
52,15,0.7799738645553589,0.4469841420650482,-1.265645980834961,0.9823182225227356
52,16,0.45657792687416077,0.5040683150291443,0.3484954535961151,0.8312203288078308
52,17,0.7779126763343811,0.43367570638656616,-1.3554139137268066,0.9640567898750305
52,18,0.45520642399787903,0.5209627747535706,0.38578736782073975,0.8139182925224304
52,19,0.767712414264679,0.4241334795951843,-1.331900715827942,0.9615707993507385
52,20,0.46162161231040955,0.5153375267982483,0.3637363016605377,0.8149598836898804
52,21,0.7612783908843994,0.4281887114048004,-1.2652121782302856,0.9449486136436462
52,22,0.4625820517539978,0.5098773837089539,0.35070139169692993,0.7957198023796082
52,23,0.6329969763755798,0.5811164379119873,-0.036453984677791595,0.9998331069946289
52,24,0.5129422545433044,0.5721757411956787,0.0361599400639534,0.9996787309646606
52,25,0.6494445204734802,0.6897987127304077,0.07395720481872559,0.9970556497573853
52,26,0.47589221596717834,0.6651178598403931,0.3795185089111328,0.9792978167533875
52,27,0.6415955424308777,0.7883762121200562,0.4230678975582123,0.9975500702857971
52,28,0.46522942185401917,0.7316241264343262,1.0409796237945557,0.9902406930923462
52,29,0.6210509538650513,0.8010228276252747,0.44952693581581116,0.9659157395362854
52,30,0.4802243411540985,0.7479939460754395,1.097234845161438,0.9600704312324524
52,31,0.6943524479866028,0.8211987614631653,0.21933409571647644,0.9954268932342529
52,32,0.40527665615081787,0.7692791223526001,0.9240706562995911,0.9904480576515198
53,0,0.5941064357757568,0.35222503542900085,-0.6323493719100952,0.9998596906661987
53,1,0.6066972017288208,0.3422825336456299,-0.6114861965179443,0.9997711777687073
53,2,0.6158106327056885,0.3425288498401642,-0.6114869713783264,0.9998078942298889
53,3,0.6240171194076538,0.3429456949234009,-0.6115594506263733,0.9997933506965637
53,4,0.5857502222061157,0.34207725524902344,-0.5984758734703064,0.9997014403343201
53,5,0.5793079137802124,0.3422628939151764,-0.5985631942749023,0.999703586101532
53,6,0.5730770230293274,0.3426573574542999,-0.5986194014549255,0.9996427893638611
53,7,0.6397755742073059,0.3508388102054596,-0.4416777193546295,0.9998253583908081
53,8,0.5683007836341858,0.3501358926296234,-0.368552565574646,0.9993749260902405
53,9,0.6111389994621277,0.3662220239639282,-0.5606016516685486,0.9999271035194397
53,10,0.5811824798583984,0.36582645773887634,-0.5430729985237122,0.9997321367263794
53,11,0.7074057459831238,0.4230837821960449,-0.27305078506469727,0.9999620318412781
53,12,0.49991026520729065,0.40705186128616333,-0.22222138941287994,0.9997295141220093
53,13,0.7596184015274048,0.4984795153141022,-0.5472126603126526,0.9938492774963379
53,14,0.40692511200904846,0.451788991689682,-0.311665415763855,0.6813556551933289
53,15,0.7309548258781433,0.46384114027023315,-0.9435025453567505,0.9814706444740295
53,16,0.46098434925079346,0.5088886022567749,-0.6059868931770325,0.8451833724975586
53,17,0.7234752178192139,0.4597608149051666,-1.0355654954910278,0.9622764587402344
53,18,0.4697953462600708,0.5225867629051208,-0.677449107170105,0.8255774974822998
53,19,0.7181589007377625,0.4495021402835846,-1.030609369277954,0.9598054885864258
53,20,0.4813384711742401,0.5141710042953491,-0.6851359009742737,0.8261064887046814
53,21,0.7148515582084656,0.4501865804195404,-0.9496646523475647,0.9426022171974182
53,22,0.48009949922561646,0.5097988843917847,-0.6146655082702637,0.8072593212127686
53,23,0.6337247490882874,0.581135094165802,-0.012256928719580173,0.9998343586921692
53,24,0.5136609673500061,0.5724970698356628,0.01212785392999649,0.9996993541717529
53,25,0.6500460505485535,0.6887218952178955,0.021957453340291977,0.996207058429718
53,26,0.4869546592235565,0.6651151180267334,0.116811603307724,0.9801257848739624
53,27,0.6423571109771729,0.7872673273086548,0.40371814370155334,0.99644535779953
53,28,0.46860992908477783,0.7334519624710083,0.6262773275375366,0.9897572994232178
53,29,0.619587779045105,0.8001710176467896,0.43165478110313416,0.9615017771720886
53,30,0.4847237467765808,0.7519663572311401,0.6669374108314514,0.955012321472168
53,31,0.6896206140518188,0.8210821151733398,0.20892071723937988,0.9933282136917114
53,32,0.4257698953151703,0.7795165777206421,0.4553472697734833,0.9888985753059387
54,0,0.5722202062606812,0.35348695516586304,-0.6705065965652466,0.9998712539672852
54,1,0.5853155851364136,0.34323495626449585,-0.6401037573814392,0.9997898936271667
54,2,0.5933526158332825,0.34356310963630676,-0.6401202082633972,0.9998220205307007
54,3,0.6008633375167847,0.3440466821193695,-0.6401503086090088,0.9998080730438232
54,4,0.5666614770889282,0.34315183758735657,-0.6351819634437561,0.9997280240058899
54,5,0.5611491799354553,0.34357738494873047,-0.6352947950363159,0.9997290968894958
54,6,0.5567895174026489,0.3441108167171478,-0.6352900862693787,0.9996736645698547
54,7,0.6188522577285767,0.35212603211402893,-0.4350295960903168,0.9998322129249573
54,8,0.5674317479133606,0.35145825147628784,-0.39229142665863037,0.9994302988052368
54,9,0.5876415371894836,0.36676645278930664,-0.5861597061157227,0.9999324083328247
54,10,0.5622943639755249,0.366081178188324,-0.5775170922279358,0.9997566938400269
54,11,0.6858571767807007,0.4230954647064209,-0.27846869826316833,0.9999608993530273
54,12,0.4811133146286011,0.4159920811653137,-0.2572824954986572,0.9997519850730896
54,13,0.7449676394462585,0.4960123896598816,-0.4557528495788574,0.9927176237106323
54,14,0.4067772328853607,0.4834541380405426,-0.45711857080459595,0.7127153277397156
54,15,0.6954513788223267,0.49524325132369995,-0.8902804851531982,0.9795183539390564
54,16,0.4906602203845978,0.5014022588729858,-0.8833274245262146,0.8598832488059998
54,17,0.683994710445404,0.5056044459342957,-0.9935909509658813,0.9588567018508911
54,18,0.5144972205162048,0.5042149424552917,-0.9817931056022644,0.8410098552703857
54,19,0.6763522028923035,0.49453678727149963,-1.015273928642273,0.9567136168479919
54,20,0.5238510370254517,0.48990264534950256,-0.9797061681747437,0.8412381410598755
54,21,0.6753818988800049,0.49039244651794434,-0.9065384864807129,0.938387393951416
54,22,0.5189176201820374,0.48826879262924194,-0.8894723653793335,0.8228971362113953
54,23,0.6245038509368896,0.5808188319206238,-0.02136683277785778,0.9998464584350586
54,24,0.5102622509002686,0.5763117074966431,0.021426407620310783,0.999722421169281
54,25,0.6444036960601807,0.6882721185684204,-0.10257092863321304,0.9963862299919128
54,26,0.48798689246177673,0.6681327819824219,0.3379753828048706,0.9816009998321533
54,27,0.6423342227935791,0.7866700887680054,0.17470534145832062,0.9964901804924011
54,28,0.47009626030921936,0.7436994314193726,0.9617146849632263,0.989879310131073
54,29,0.6180035471916199,0.7994731664657593,0.18745827674865723,0.9626067280769348
54,30,0.48658591508865356,0.7562434077262878,1.0108203887939453,0.95391845703125
54,31,0.6940975785255432,0.8209845423698425,-0.09133169054985046,0.9933797717094421
54,32,0.43218764662742615,0.7835241556167603,0.8002380132675171,0.9885610342025757
55,0,0.549956738948822,0.35463911294937134,-0.6330940127372742,0.999881386756897
55,1,0.5626978278160095,0.34404024481773376,-0.6110842227935791,0.999804675579071
55,2,0.5716231465339661,0.34425684809684753,-0.6110821962356567,0.999833881855011
55,3,0.578153133392334,0.3446404039859772,-0.6111010313034058,0.9998190999031067
55,4,0.5387566089630127,0.3443155288696289,-0.6000752449035645,0.9997488260269165
55,5,0.5311722159385681,0.3448779881000519,-0.6001731157302856,0.999749481678009
55,6,0.5241080522537231,0.3454417586326599,-0.6001183390617371,0.999697744846344
55,7,0.5940307378768921,0.3522455096244812,-0.4278527498245239,0.9998417496681213
55,8,0.5224177241325378,0.3522631525993347,-0.3653917908668518,0.9994688630104065
55,9,0.5646698474884033,0.3673659861087799,-0.5577318668365479,0.9999365210533142
55,10,0.5351584553718567,0.3666991591453552,-0.5410118699073792,0.999776303768158
55,11,0.6740224361419678,0.420221745967865,-0.2863023281097412,0.9999620914459229
55,12,0.45700064301490784,0.4160618782043457,-0.2122420370578766,0.9997656941413879
55,13,0.7317537069320679,0.4720194935798645,-0.3915923535823822,0.992694616317749
55,14,0.4067062735557556,0.4888496994972229,-0.4220157265663147,0.7406212687492371
55,15,0.6940149664878845,0.5006414651870728,-0.7232816815376282,0.9793913960456848
55,16,0.491728812456131,0.4677812457084656,-0.8757954835891724,0.8734737038612366
55,17,0.6709915995597839,0.5147808790206909,-0.8046659827232361,0.9579722881317139
55,18,0.5126581192016602,0.45446163415908813,-0.9712743163108826,0.8558704257011414
55,19,0.6639984250068665,0.5075086951255798,-0.8410030007362366,0.9560076594352722
55,20,0.5162869095802307,0.4420834183692932,-0.9573429822921753,0.8559565544128418
55,21,0.665269136428833,0.502869725227356,-0.7413068413734436,0.9382197260856628
55,22,0.5123504400253296,0.4461030960083008,-0.8787868022918701,0.8386956453323364
55,23,0.6228930950164795,0.5696449875831604,-0.032826971262693405,0.9998518228530884
55,24,0.4994578957557678,0.5726589560508728,0.03278479352593422,0.9997330904006958
55,25,0.6424388289451599,0.6654893755912781,-0.23925086855888367,0.9965265989303589
55,26,0.487620085477829,0.664871096611023,0.2408197820186615,0.9828894138336182
55,27,0.6419289708137512,0.7594519853591919,0.12819871306419373,0.9963980913162231
55,28,0.4746284782886505,0.747930645942688,0.7388536334037781,0.990331768989563
55,29,0.6212809085845947,0.7701278924942017,0.15161296725273132,0.9619660973548889
55,30,0.49051061272621155,0.7585754990577698,0.7767214179039001,0.9548359513282776
55,31,0.6874474883079529,0.8040159344673157,-0.09421441704034805,0.9933752417564392
55,32,0.43262171745300293,0.784779965877533,0.5848066210746765,0.9887375235557556
56,0,0.5329708456993103,0.3556564450263977,-0.6125003099441528,0.9998908638954163
56,1,0.5463532209396362,0.3444836735725403,-0.6102262139320374,0.9998190402984619
56,2,0.554172694683075,0.34456655383110046,-0.6101402044296265,0.9998452663421631
56,3,0.5614092350006104,0.34483495354652405,-0.6100553870201111,0.9998300671577454
56,4,0.5230997800827026,0.3453158736228943,-0.5842127203941345,0.9997684955596924
56,5,0.5146335363388062,0.34600210189819336,-0.584257960319519,0.9997689127922058
56,6,0.5075786709785461,0.3466683328151703,-0.5842941403388977,0.9997209906578064
56,7,0.5799209475517273,0.352311909198761,-0.3909621834754944,0.9998522400856018
56,8,0.5038354396820068,0.35291868448257446,-0.3392272889614105,0.9995076656341553
56,9,0.5473366379737854,0.3679907023906708,-0.5470418930053711,0.9999412298202515
56,10,0.5197334885597229,0.36741402745246887,-0.5313400626182556,0.99979567527771
56,11,0.6609140038490295,0.4195161461830139,-0.263412743806839,0.9999634623527527
56,12,0.44448041915893555,0.41646671295166016,-0.19029375910758972,0.9997794032096863
56,13,0.7313786745071411,0.46548375487327576,-0.34273234009742737,0.9927318096160889
56,14,0.4075154662132263,0.49108999967575073,-0.38499799370765686,0.7655887007713318
56,15,0.6871915459632874,0.5018187165260315,-0.6490111947059631,0.9794286489486694
56,16,0.48632052540779114,0.4621643126010895,-0.8385874629020691,0.8856683373451233
56,17,0.6648293733596802,0.5159825086593628,-0.7255966067314148,0.9574897289276123
56,18,0.5066297054290771,0.449118435382843,-0.9351816177368164,0.8692483305931091
56,19,0.6582463383674622,0.5086629986763,-0.7560515403747559,0.9556440114974976
56,20,0.5089528560638428,0.43698468804359436,-0.9190104007720947,0.8692111372947693
56,21,0.6596189141273499,0.5044257640838623,-0.6635267734527588,0.938504695892334
56,22,0.5050181150436401,0.4410536289215088,-0.8409457802772522,0.8529360890388489
56,23,0.6217530369758606,0.568669855594635,-0.029604244977235794,0.9998596906661987
56,24,0.49109408259391785,0.5727161169052124,0.029519803822040558,0.9997483491897583
56,25,0.640275776386261,0.6659746170043945,-0.26118823885917664,0.9965940117835999
56,26,0.48799172043800354,0.6638776063919067,0.19209635257720947,0.9840427041053772
56,27,0.6369849443435669,0.7467067241668701,0.15097126364707947,0.9960547685623169
56,28,0.47560739517211914,0.7494289875030518,0.7243144512176514,0.9907201528549194
56,29,0.6194869875907898,0.7553284168243408,0.2097848504781723,0.9611465334892273
56,30,0.4913296103477478,0.7588446140289307,0.7670948505401611,0.9553450345993042
56,31,0.6796934604644775,0.7945166826248169,-0.0013627875596284866,0.9930388927459717
56,32,0.4320179522037506,0.7851933240890503,0.5860401391983032,0.9887819290161133
57,0,0.5346716046333313,0.3561824858188629,-0.6255835890769958,0.9999005198478699
57,1,0.548475980758667,0.34492701292037964,-0.6064647436141968,0.9998350143432617
57,2,0.5577478408813477,0.34504446387290955,-0.6064102649688721,0.999858021736145
57,3,0.5661337375640869,0.34538978338241577,-0.6063504219055176,0.9998438954353333
57,4,0.5260738134384155,0.34571707248687744,-0.5943514704704285,0.9997901320457458
57,5,0.5175974369049072,0.3464021682739258,-0.5944518446922302,0.9997900724411011
57,6,0.5100768804550171,0.34717315435409546,-0.5944414734840393,0.9997467994689941
57,7,0.5844154953956604,0.3532588481903076,-0.3940737545490265,0.9998603463172913
57,8,0.5059241652488708,0.3540608882904053,-0.3609841763973236,0.9995532035827637
57,9,0.5512468814849854,0.36829179525375366,-0.5514338612556458,0.9999459385871887
57,10,0.5223802924156189,0.3678378462791443,-0.5379209518432617,0.9998149275779724
57,11,0.6628117561340332,0.42100614309310913,-0.27866190671920776,0.9999619126319885
57,12,0.44948819279670715,0.4184471666812897,-0.23316650092601776,0.9997983574867249
57,13,0.7253319025039673,0.47238582372665405,-0.3977842926979065,0.9909114241600037
57,14,0.40436235070228577,0.49160122871398926,-0.42908337712287903,0.7885855436325073
57,15,0.6786915063858032,0.5077217817306519,-0.7651950120925903,0.9747583270072937
57,16,0.49170616269111633,0.47691673040390015,-0.8197364807128906,0.8962923288345337
57,17,0.661382257938385,0.5186492204666138,-0.8605302572250366,0.9509047865867615
57,18,0.516508162021637,0.4768589437007904,-0.9074640870094299,0.8801788091659546
57,19,0.6539499759674072,0.5079344511032104,-0.8892171382904053,0.9493226408958435
57,20,0.5250062942504883,0.4636405408382416,-0.8984991908073425,0.8798927068710327
57,21,0.6543868780136108,0.5042321681976318,-0.7850807309150696,0.9303160905838013
57,22,0.5194511413574219,0.4615432620048523,-0.8216610550880432,0.8637914061546326
57,23,0.6183895468711853,0.5711113214492798,-0.03382197394967079,0.9998717308044434
57,24,0.4910948872566223,0.5745285749435425,0.033765457570552826,0.999768853187561
57,25,0.6415631771087646,0.668850302696228,-0.22172635793685913,0.9967570304870605
57,26,0.4889000654220581,0.6642442941665649,0.4364108741283417,0.9850510358810425
57,27,0.6388985514640808,0.7695883512496948,-0.05610714107751846,0.9962894320487976
57,28,0.47647303342819214,0.7502785325050354,1.02155339717865,0.9907516241073608
57,29,0.62144935131073,0.7833617925643921,-0.05268263444304466,0.9622821807861328
57,30,0.4913943409919739,0.7593330144882202,1.0707600116729736,0.9538825750350952
57,31,0.6895891427993774,0.8092786073684692,-0.32961782813072205,0.9934237003326416
57,32,0.4320294260978699,0.7847529053688049,0.9001048803329468,0.9886897206306458
58,0,0.5645711421966553,0.35716789960861206,-0.694550633430481,0.9999082088470459
58,1,0.5797370672225952,0.34600430727005005,-0.6747297644615173,0.9998480677604675
58,2,0.5881438255310059,0.34605300426483154,-0.6747397184371948,0.9998680353164673
58,3,0.5962239503860474,0.3463820517063141,-0.6748024225234985,0.9998549222946167
58,4,0.5585717558860779,0.3465985953807831,-0.6609418988227844,0.9998076558113098
58,5,0.5520937442779541,0.3470418453216553,-0.6610385775566101,0.9998066425323486
58,6,0.5461674332618713,0.34762758016586304,-0.6610912680625916,0.9997673630714417
58,7,0.6159161329269409,0.3535842299461365,-0.4705396294593811,0.9998665452003479
58,8,0.5434629917144775,0.35393640398979187,-0.4112756848335266,0.9995944499969482
58,9,0.5808926224708557,0.36882132291793823,-0.6148747205734253,0.9999502301216125
58,10,0.5531516671180725,0.3682967722415924,-0.59712815284729,0.9998324513435364
58,11,0.6899807453155518,0.42212438583374023,-0.3064255118370056,0.999962329864502
58,12,0.4771887958049774,0.41826334595680237,-0.23822984099388123,0.9998171925544739
58,13,0.734186053276062,0.4938211441040039,-0.5100988149642944,0.9910174608230591
58,14,0.40854156017303467,0.4834662973880768,-0.32343611121177673,0.809029221534729
58,15,0.7056876420974731,0.4995953440666199,-1.0008893013000488,0.9758856296539307
58,16,0.4845280051231384,0.5062111616134644,-0.6546390652656555,0.9050658941268921
58,17,0.6895842552185059,0.4990829825401306,-1.108704686164856,0.9530621767044067
58,18,0.5080890655517578,0.5206342935562134,-0.7308714389801025,0.8883733153343201
58,19,0.68726646900177,0.4832482933998108,-1.1192022562026978,0.9515953660011292
58,20,0.5118505954742432,0.509926438331604,-0.7472359538078308,0.8879634141921997
58,21,0.687782883644104,0.48215818405151367,-1.0140278339385986,0.9326968789100647
58,22,0.5079401135444641,0.5045109987258911,-0.666036069393158,0.8720673322677612
58,23,0.6303649544715881,0.5791406631469727,-0.026584330946207047,0.9998769164085388
58,24,0.5070909261703491,0.5765780210494995,0.026604311540722847,0.9997836351394653
58,25,0.6463226079940796,0.680036723613739,0.02885027974843979,0.9966538548469543
58,26,0.492551326751709,0.6665446162223816,0.3369629383087158,0.9861209988594055
58,27,0.6389930248260498,0.7819398045539856,0.3467293083667755,0.9961706399917603
58,28,0.4766806364059448,0.7502776980400085,0.8995789289474487,0.9908884167671204
58,29,0.6218222975730896,0.795379102230072,0.364592581987381,0.961614727973938
58,30,0.49066051840782166,0.7597151398658752,0.9457507729530334,0.9534883499145508
58,31,0.6908723711967468,0.8174853324890137,0.10782173275947571,0.9929324388504028
58,32,0.431941956281662,0.7850046753883362,0.7074795365333557,0.9884771704673767
59,0,0.5845988392829895,0.3557388186454773,-0.6884880065917969,0.9999161958694458
59,1,0.5995161533355713,0.3446255624294281,-0.6753830909729004,0.9998615384101868
59,2,0.6073322892189026,0.3446025550365448,-0.6753405928611755,0.9998793005943298
59,3,0.6152247190475464,0.3447926342487335,-0.6753747463226318,0.99986732006073
59,4,0.580766499042511,0.3450685739517212,-0.6536627411842346,0.9998249411582947
59,5,0.5745890140533447,0.3453592360019684,-0.653685986995697,0.9998233318328857
59,6,0.5691681504249573,0.34568339586257935,-0.6537436842918396,0.999787449836731
59,7,0.6383348703384399,0.3518521189689636,-0.4994986951351166,0.9998751282691956
59,8,0.5695393681526184,0.35200411081314087,-0.403585821390152,0.9996334314346313
59,9,0.5988750457763672,0.3680499792098999,-0.6180455088615417,0.9999548196792603
59,10,0.5752058029174805,0.3674996495246887,-0.59031081199646,0.9998487830162048
59,11,0.708389937877655,0.4219006597995758,-0.3404490351676941,0.9999646544456482
59,12,0.5023852586746216,0.4112187922000885,-0.21650032699108124,0.9998348355293274
59,13,0.7747979760169983,0.49763160943984985,-0.6517626643180847,0.9916783571243286
59,14,0.4114740490913391,0.4590831398963928,-0.07800981402397156,0.8277627229690552
59,15,0.7434597611427307,0.46053552627563477,-1.1953492164611816,0.9779454469680786
59,16,0.4659096896648407,0.5035790205001831,-0.1651005744934082,0.9130600094795227
59,17,0.7396722435951233,0.4529251158237457,-1.2958319187164307,0.9568513035774231
59,18,0.4835553467273712,0.5201378464698792,-0.18626342713832855,0.8947939276695251
59,19,0.728291928768158,0.44208961725234985,-1.2785276174545288,0.9554474949836731
59,20,0.49663546681404114,0.5115042328834534,-0.20786984264850616,0.8942665457725525
59,21,0.7245288491249084,0.44380679726600647,-1.1971617937088013,0.9374441504478455
59,22,0.49457257986068726,0.5059716105461121,-0.17150841653347015,0.8786518573760986
59,23,0.6450404524803162,0.5791670083999634,-0.025343123823404312,0.9998865723609924
59,24,0.5258241295814514,0.5740589499473572,0.02529684081673622,0.9998002648353577
59,25,0.6563475728034973,0.6849094033241272,-0.01777391880750656,0.9965486526489258
59,26,0.49389374256134033,0.6685869097709656,0.2788555920124054,0.9871127605438232
59,27,0.6394561529159546,0.7878730893135071,0.31244325637817383,0.9961299300193787
59,28,0.47700008749961853,0.7310605049133301,0.919674277305603,0.9897311925888062
59,29,0.6226443648338318,0.8015134930610657,0.3348390460014343,0.9615137577056885
59,30,0.4906291663646698,0.7412453293800354,0.9764490723609924,0.9460886120796204
59,31,0.6932371258735657,0.8225020170211792,0.0891723558306694,0.9928003549575806
59,32,0.43599703907966614,0.7738475203514099,0.7973390221595764,0.9870684742927551
60,0,0.5844992995262146,0.3549184203147888,-0.641079306602478,0.9999228119850159
60,1,0.5994288325309753,0.3439387381076813,-0.6445912718772888,0.9998728632926941
60,2,0.6071145534515381,0.3438883423805237,-0.6442973017692566,0.9998884201049805
60,3,0.6157221794128418,0.34402334690093994,-0.6442590951919556,0.9998773336410522
60,4,0.5804454684257507,0.34432947635650635,-0.6096312999725342,0.9998400211334229
60,5,0.5750239491462708,0.34458497166633606,-0.6096318364143372,0.9998378157615662
60,6,0.5703361630439758,0.3448294997215271,-0.609739363193512,0.9998051524162292
60,7,0.639896810054779,0.3510691821575165,-0.4733494520187378,0.999879777431488
60,8,0.5728890895843506,0.35128113627433777,-0.3751201629638672,0.999668300151825
60,9,0.599779486656189,0.36736154556274414,-0.5892238616943359,0.9999586939811707
60,10,0.5764172673225403,0.36690616607666016,-0.5483530759811401,0.99986332654953
60,11,0.7113695740699768,0.4217437207698822,-0.3182321786880493,0.9999655485153198
60,12,0.5096411108970642,0.40936192870140076,-0.21517828106880188,0.9998505711555481
60,13,0.7889161109924316,0.4973672926425934,-0.5929757952690125,0.9921399354934692
60,14,0.41157785058021545,0.4532619118690491,-0.12732915580272675,0.8446433544158936
60,15,0.7511675357818604,0.4549100995063782,-1.0760247707366943,0.9795919060707092
60,16,0.4627424478530884,0.502585768699646,-0.26629403233528137,0.9198349714279175
60,17,0.7444188594818115,0.44450265169143677,-1.1645666360855103,0.9596827030181885
60,18,0.47722917795181274,0.5188400149345398,-0.2923128604888916,0.8993271589279175
60,19,0.7345861792564392,0.43588560819625854,-1.1403065919876099,0.9582929611206055
60,20,0.4920978844165802,0.5111203789710999,-0.3003934323787689,0.898396909236908
60,21,0.7314547896385193,0.4384876787662506,-1.072765827178955,0.940734326839447
60,22,0.4911907911300659,0.5061435699462891,-0.26852262020111084,0.8826532363891602
60,23,0.650441586971283,0.5798931121826172,-0.016247032210230827,0.9998939633369446
60,24,0.5320941209793091,0.5741316676139832,0.016194073483347893,0.9998136162757874
60,25,0.6640626788139343,0.6872525811195374,-0.023203236982226372,0.9961435198783875
60,26,0.4932962954044342,0.6719316244125366,0.2277587205171585,0.9878273010253906
60,27,0.6402295231819153,0.7901214957237244,0.2837315499782562,0.9957608580589294
60,28,0.4756503105163574,0.7215794920921326,0.8934236168861389,0.9869444370269775
60,29,0.6231895089149475,0.8034685850143433,0.30516642332077026,0.9599311947822571
60,30,0.48633503913879395,0.7319611310958862,0.9412606954574585,0.931437611579895
60,31,0.6928772330284119,0.8239685893058777,0.08256825059652328,0.9920259714126587
60,32,0.43732398748397827,0.7672256231307983,0.7862565517425537,0.983231246471405
61,0,0.57712322473526,0.35471469163894653,-0.6268028020858765,0.9999268651008606
61,1,0.5918470621109009,0.3436172604560852,-0.6319349408149719,0.9998797178268433
61,2,0.5992379784584045,0.34352362155914307,-0.6317026615142822,0.9998924136161804
61,3,0.6073526740074158,0.3435629904270172,-0.631752073764801,0.9998816847801208
61,4,0.5723636150360107,0.34413883090019226,-0.5993072390556335,0.9998502731323242
61,5,0.5668147802352905,0.34436360001564026,-0.599355936050415,0.999846875667572
61,6,0.5618769526481628,0.34458237886428833,-0.5994759202003479,0.9998170733451843
61,7,0.6298849582672119,0.3503483235836029,-0.46283262968063354,0.9998771548271179
61,8,0.5641550421714783,0.35086336731910706,-0.37273597717285156,0.9996954202651978
61,9,0.592011034488678,0.36692243814468384,-0.5759849548339844,0.9999610781669617
61,10,0.5682789087295532,0.366661012172699,-0.5376994013786316,0.9998751878738403
61,11,0.7062905430793762,0.42161640524864197,-0.30663636326789856,0.9999641180038452
61,12,0.5011405348777771,0.41051387786865234,-0.21852268278598785,0.99986332654953
61,13,0.7690495848655701,0.4957371652126312,-0.5289027690887451,0.9919372797012329
61,14,0.4139604866504669,0.4626695513725281,-0.27955999970436096,0.8593540191650391
61,15,0.7278673052787781,0.46887239813804626,-0.9783022403717041,0.9799649715423584
61,16,0.4722830355167389,0.505271315574646,-0.6071721911430359,0.9252237677574158
61,17,0.7208675146102905,0.45457401871681213,-1.0687540769577026,0.9602606296539307
61,18,0.48685142397880554,0.5180440545082092,-0.6854986548423767,0.9033321142196655
61,19,0.710093080997467,0.4410785138607025,-1.067077398300171,0.958912193775177
61,20,0.5006566643714905,0.5079940557479858,-0.699154794216156,0.9021613001823425
61,21,0.7080991864204407,0.4408763349056244,-0.982013463973999,0.941080629825592
61,22,0.49880948662757874,0.5038532018661499,-0.6191784143447876,0.8861061334609985
61,23,0.6451498866081238,0.5802786350250244,-0.017488747835159302,0.9998932480812073
61,24,0.5264227390289307,0.5744096040725708,0.017472105100750923,0.9998222589492798
61,25,0.6590254306793213,0.687330961227417,0.048364315181970596,0.9960359930992126
61,26,0.4958946704864502,0.6715764403343201,0.24735328555107117,0.988580584526062
61,27,0.6404932141304016,0.7892343401908875,0.36121830344200134,0.9956769943237305
61,28,0.4759565591812134,0.7405405044555664,0.851819634437561,0.9874127507209778
61,29,0.6233853101730347,0.8037086725234985,0.3798482120037079,0.9600083231925964
61,30,0.4870021343231201,0.7510024309158325,0.8946472406387329,0.9321916699409485
61,31,0.6928525567054749,0.8243762850761414,0.13864077627658844,0.9917069673538208
61,32,0.4363999664783478,0.781844973564148,0.6998375654220581,0.9834137558937073
62,0,0.5444938540458679,0.3551986515522003,-0.5638207197189331,0.9999307990074158
62,1,0.5577508211135864,0.3439689576625824,-0.5519576668739319,0.9998856782913208
62,2,0.5648009181022644,0.34375882148742676,-0.551869809627533,0.9998956918716431
62,3,0.5723251700401306,0.34369561076164246,-0.5518345236778259,0.9998849034309387
62,4,0.5396864414215088,0.34482476115226746,-0.5353280901908875,0.9998606443405151
62,5,0.534005343914032,0.34515219926834106,-0.5353806018829346,0.9998562335968018
62,6,0.52894526720047,0.3455026149749756,-0.5353742241859436,0.9998289346694946
62,7,0.5991879105567932,0.3504194915294647,-0.39413514733314514,0.9998753070831299
62,8,0.5334744453430176,0.35139596462249756,-0.32497403025627136,0.9997159838676453
62,9,0.5598265528678894,0.36712223291397095,-0.5029649138450623,0.9999623894691467
62,10,0.5381250381469727,0.3669678568840027,-0.4806870222091675,0.9998849630355835
62,11,0.6817793846130371,0.421519935131073,-0.27601945400238037,0.9999604821205139
62,12,0.4772816598415375,0.4126967489719391,-0.21208924055099487,0.9998718500137329
62,13,0.7388673424720764,0.4876197278499603,-0.32593685388565063,0.9913020133972168
62,14,0.4075007438659668,0.4781831204891205,-0.3035036623477936,0.8721302151679993
62,15,0.6746761202812195,0.4982364773750305,-0.5639405846595764,0.9779491424560547
62,16,0.4831589460372925,0.4976748824119568,-0.6310152411460876,0.9306390285491943
62,17,0.6585114002227783,0.5075038075447083,-0.6312814354896545,0.9564917087554932
62,18,0.503519594669342,0.502835750579834,-0.7089372873306274,0.9085220098495483
62,19,0.6513417363166809,0.496107816696167,-0.6515399217605591,0.9549516439437866
62,20,0.5135225653648376,0.4898790419101715,-0.7069974541664124,0.9069247245788574
62,21,0.6524658203125,0.4921594262123108,-0.5726228952407837,0.9365385174751282
62,22,0.5098095536231995,0.4878111481666565,-0.636253297328949,0.8905705809593201
62,23,0.6271355748176575,0.5802522301673889,-0.020786039531230927,0.9998948574066162
62,24,0.5084003210067749,0.575526237487793,0.020753908902406693,0.9998273849487305
62,25,0.6522974371910095,0.6871107220649719,-0.000519229331985116,0.9959195256233215
62,26,0.49192577600479126,0.6713532209396362,0.3413528501987457,0.9891346096992493
62,27,0.64115971326828,0.7879378199577332,0.21814686059951782,0.9956347942352295
62,28,0.476686954498291,0.7508631944656372,0.854184627532959,0.9878271222114563
62,29,0.6236569881439209,0.8024202585220337,0.2251664251089096,0.9605879783630371
62,30,0.4900701344013214,0.762531042098999,0.8954638242721558,0.9342449307441711
62,31,0.6940737366676331,0.8237751722335815,-0.0006358078098855913,0.9916744232177734
62,32,0.43574461340904236,0.7869277596473694,0.730626106262207,0.9836995601654053
63,0,0.5068383812904358,0.3560646176338196,-0.45894232392311096,0.9999213218688965
63,1,0.5205218195915222,0.3446959853172302,-0.44973281025886536,0.9998587965965271
63,2,0.5282646417617798,0.34457114338874817,-0.449672669172287,0.999862790107727
63,3,0.5356718301773071,0.34457066655158997,-0.44967982172966003,0.9998436570167542
63,4,0.503981351852417,0.3454899191856384,-0.43369433283805847,0.9998450875282288
63,5,0.49967244267463684,0.3458237648010254,-0.4337430000305176,0.9998390078544617
63,6,0.49579864740371704,0.3461450934410095,-0.43373361229896545,0.9998125433921814
63,7,0.5595844388008118,0.35072237253189087,-0.3200345039367676,0.9998355507850647
63,8,0.5051067471504211,0.3514101803302765,-0.24263691902160645,0.999674379825592
63,9,0.5224857926368713,0.367451012134552,-0.40415844321250916,0.9999497532844543
63,10,0.5024096369743347,0.36720961332321167,-0.38113510608673096,0.9998771548271179
63,11,0.6513565182685852,0.41790860891342163,-0.20856772363185883,0.9999520778656006
63,12,0.449062317609787,0.4127524793148041,-0.14645987749099731,0.9998729228973389
63,13,0.7275782823562622,0.46612268686294556,-0.19230817258358002,0.9911340475082397
63,14,0.4001446068286896,0.48664984107017517,-0.27583470940589905,0.8839681148529053
63,15,0.6619867086410522,0.5026522874832153,-0.3182523846626282,0.9768641591072083
63,16,0.48124265670776367,0.4658382833003998,-0.566905677318573,0.9370015859603882
63,17,0.6471121311187744,0.5146397352218628,-0.36290568113327026,0.953091561794281
63,18,0.50127774477005,0.45575714111328125,-0.6330274939537048,0.9162952303886414
63,19,0.638864278793335,0.5052152276039124,-0.3776737153530121,0.9513356685638428
63,20,0.5090574026107788,0.44515371322631836,-0.6624771356582642,0.9146681427955627
63,21,0.6395975947380066,0.5012431144714355,-0.321895956993103,0.9338011145591736
63,22,0.506530225276947,0.44796887040138245,-0.5734907984733582,0.8991256952285767
63,23,0.6075406670570374,0.5733909010887146,-0.02046257257461548,0.999867856502533
63,24,0.4905635118484497,0.573949933052063,0.020383117720484734,0.9998112320899963
63,25,0.6359073519706726,0.6703065633773804,-0.10081374645233154,0.9947261810302734
63,26,0.48351070284843445,0.670432984828949,0.11979131400585175,0.9892528057098389
63,27,0.6244968175888062,0.7555650472640991,0.22553189098834991,0.9936903119087219
63,28,0.4768696129322052,0.7533273100852966,0.4372990131378174,0.9879114627838135
63,29,0.604777991771698,0.7675372362136841,0.23740524053573608,0.9579622149467468
63,30,0.49174943566322327,0.7648576498031616,0.46279585361480713,0.9348662495613098
63,31,0.6723603010177612,0.7982469201087952,0.11045358330011368,0.9891857504844666
63,32,0.43533262610435486,0.7873011231422424,0.33060401678085327,0.9830588698387146
64,0,0.4978542625904083,0.3561179041862488,-0.45235294103622437,0.999904990196228
64,1,0.5121786594390869,0.34477680921554565,-0.4390888214111328,0.9998183250427246
64,2,0.5188134908676147,0.34464091062545776,-0.4390411376953125,0.999815046787262
64,3,0.5266711115837097,0.3445969820022583,-0.43906643986701965,0.9997846484184265
64,4,0.49527838826179504,0.34560626745224,-0.4241834282875061,0.9998171329498291
64,5,0.4910110831260681,0.34593984484672546,-0.42424511909484863,0.9998104572296143
64,6,0.48663267493247986,0.34624743461608887,-0.4242401421070099,0.9997847080230713
64,7,0.5525292158126831,0.3507252633571625,-0.30187758803367615,0.9997814297676086
64,8,0.4958153963088989,0.35137906670570374,-0.22867625951766968,0.9996062517166138
64,9,0.5133629441261292,0.3675185441970825,-0.3953760266304016,0.9999310970306396
64,10,0.49328380823135376,0.36728838086128235,-0.37388408184051514,0.9998610615730286
64,11,0.6433112621307373,0.4170501232147217,-0.19535702466964722,0.9999393224716187
64,12,0.43758895993232727,0.41299042105674744,-0.13429759442806244,0.9998707175254822
64,13,0.7213608026504517,0.4636295735836029,-0.2078564465045929,0.9907413125038147
64,14,0.397214412689209,0.4909263551235199,-0.2745921313762665,0.894626796245575
64,15,0.6550625562667847,0.5019306540489197,-0.3730694353580475,0.9743025898933411
64,16,0.4800507724285126,0.4649515748023987,-0.5804696679115295,0.9425763487815857
64,17,0.6404657363891602,0.5131157636642456,-0.4226585328578949,0.9466851949691772
64,18,0.5001659989356995,0.45338302850723267,-0.6488170623779297,0.9228787422180176
64,19,0.6329812407493591,0.5044236779212952,-0.43508225679397583,0.9446465969085693
64,20,0.5069856643676758,0.44328752160072327,-0.6351713538169861,0.9211997389793396
64,21,0.6342182755470276,0.5005105137825012,-0.3771163523197174,0.9276276230812073
64,22,0.5054606795310974,0.4465627074241638,-0.5777165293693542,0.9061402082443237
64,23,0.600304901599884,0.572121262550354,-0.017329907044768333,0.9998317956924438
64,24,0.4822683036327362,0.5736234784126282,0.017201703041791916,0.9997805953025818
64,25,0.6300755739212036,0.6645256280899048,-0.20573820173740387,0.9937068819999695
64,26,0.4808548092842102,0.6666941046714783,0.05208080634474754,0.9892570376396179
64,27,0.6108974814414978,0.7478286027908325,0.2062964290380478,0.9914047718048096
64,28,0.4769483804702759,0.7544293403625488,0.37874892354011536,0.9877970218658447
64,29,0.5908042788505554,0.7598198056221008,0.23559759557247162,0.9540429711341858
64,30,0.4922921359539032,0.7660412788391113,0.4040171205997467,0.9340116381645203
64,31,0.6472916007041931,0.7913755178451538,0.08678341656923294,0.986191987991333
64,32,0.43503260612487793,0.7875082492828369,0.2561579644680023,0.9820778369903564
65,0,0.5106006860733032,0.3562135100364685,-0.50319504737854,0.999908983707428
65,1,0.5242412090301514,0.34489375352859497,-0.492967426776886,0.9998279809951782
65,2,0.531397819519043,0.3447205126285553,-0.4929203391075134,0.9998227953910828
65,3,0.5396758913993835,0.3446434438228607,-0.49293598532676697,0.9997940063476562
65,4,0.5074145197868347,0.3457559049129486,-0.47512727975845337,0.9998282790184021
65,5,0.5028561353683472,0.34610962867736816,-0.4751877784729004,0.999820351600647
65,6,0.4984450936317444,0.346470445394516,-0.475190132856369,0.9997966289520264
65,7,0.5647671222686768,0.35117897391319275,-0.32682114839553833,0.9997801184654236
65,8,0.5051544308662415,0.3522627055644989,-0.26491212844848633,0.9996339678764343
65,9,0.5256521701812744,0.36754488945007324,-0.4461315870285034,0.9999338388442993
65,10,0.5048462748527527,0.36741751432418823,-0.4226641058921814,0.999870777130127
65,11,0.649937629699707,0.41984835267066956,-0.2531193494796753,0.9999350905418396
65,12,0.4440975487232208,0.4163186550140381,-0.1672692894935608,0.9998790621757507
65,13,0.7075139284133911,0.4804862439632416,-0.2635040581226349,0.9901540875434875
65,14,0.3898288309574127,0.4889162480831146,-0.29168960452079773,0.9039753079414368
65,15,0.6592868566513062,0.5024486780166626,-0.5808864235877991,0.9739224910736084
65,16,0.47485893964767456,0.48468056321144104,-0.599182665348053,0.9461028575897217
65,17,0.644402801990509,0.5102678537368774,-0.6457867622375488,0.9463449716567993
65,18,0.498547226190567,0.4862062931060791,-0.6685153841972351,0.9256032109260559
65,19,0.6371529698371887,0.4999910891056061,-0.647809624671936,0.944338858127594
65,20,0.5052137970924377,0.47719329595565796,-0.6675126552581787,0.9236161708831787
65,21,0.6381499767303467,0.4970218539237976,-0.5845394134521484,0.9268798828125
65,22,0.5036197900772095,0.47415971755981445,-0.60394287109375,0.9084039330482483
65,23,0.6020703911781311,0.5762927532196045,-0.02048669382929802,0.9998376369476318
65,24,0.4839158356189728,0.575678825378418,0.020393704995512962,0.9997905492782593
65,25,0.6306167840957642,0.6730949878692627,-0.015317236073315144,0.9934408068656921
65,26,0.4812614917755127,0.6671273708343506,0.3129810690879822,0.9893494844436646
65,27,0.6113986372947693,0.7776814699172974,0.216106578707695,0.9915960431098938
65,28,0.4770464301109314,0.7551481127738953,0.7770012617111206,0.9877502918243408
65,29,0.596349835395813,0.7929873466491699,0.23658746480941772,0.9547874331474304
65,30,0.49240434169769287,0.7668150663375854,0.816423773765564,0.9350553750991821
65,31,0.6770594716072083,0.8088349103927612,0.04974697530269623,0.9862468838691711
65,32,0.43475162982940674,0.7875834107398987,0.6795186996459961,0.9818859100341797
66,0,0.533610999584198,0.3562090992927551,-0.593404233455658,0.9999145269393921
66,1,0.5482484102249146,0.3449825346469879,-0.5950047969818115,0.9998401403427124
66,2,0.5557326674461365,0.34487709403038025,-0.5949831008911133,0.9998343586921692
66,3,0.5631036758422852,0.3449012339115143,-0.5950778126716614,0.9998077154159546
66,4,0.5329120755195618,0.3457537293434143,-0.5689692497253418,0.9998401999473572
66,5,0.528860330581665,0.34610503911972046,-0.5690513849258423,0.99983149766922
66,6,0.5249061584472656,0.3464520573616028,-0.5691222548484802,0.9998096227645874
66,7,0.5890940427780151,0.35158032178878784,-0.47171732783317566,0.9997894763946533
66,8,0.5333018898963928,0.35221341252326965,-0.3598982095718384,0.9996663331985474
66,9,0.5477298498153687,0.3675481379032135,-0.5416748523712158,0.9999384880065918
66,10,0.5269554853439331,0.36742180585861206,-0.508335292339325,0.9998818039894104
66,11,0.6749425530433655,0.4204232692718506,-0.32819339632987976,0.9999352097511292
66,12,0.46673956513404846,0.41550272703170776,-0.22968778014183044,0.9998893737792969
66,13,0.7167602777481079,0.4937956929206848,-0.5352460741996765,0.9901865124702454
66,14,0.3923898935317993,0.47896304726600647,-0.2954034209251404,0.912564218044281
66,15,0.6945050358772278,0.4898819029331207,-0.9753550887107849,0.9748135209083557
66,16,0.46355557441711426,0.5049524307250977,-0.5920579433441162,0.9479236006736755
66,17,0.6797963380813599,0.4851084351539612,-1.0741467475891113,0.9479682445526123
66,18,0.4773715138435364,0.5195101499557495,-0.6589750647544861,0.9246710538864136
66,19,0.67695152759552,0.47231048345565796,-1.0722054243087769,0.9459881782531738
66,20,0.4899199604988098,0.5091696381568909,-0.6734635829925537,0.9224969744682312
66,21,0.6770259737968445,0.4724297523498535,-0.9824627637863159,0.9279693365097046
66,22,0.48909813165664673,0.5039658546447754,-0.6032839417457581,0.9066749811172485
66,23,0.608390748500824,0.5798989534378052,-0.021329175680875778,0.999840497970581
66,24,0.4903984069824219,0.5762474536895752,0.02125219814479351,0.9998008012771606
66,25,0.6311368346214294,0.6810166239738464,0.06470885127782822,0.9931367635726929
66,26,0.4859068989753723,0.6673122048377991,0.313970685005188,0.9896883368492126
66,27,0.6138162612915039,0.7880927324295044,0.3280029594898224,0.9917002320289612
66,28,0.4771400988101959,0.7545250654220581,0.8082307577133179,0.9878076910972595
66,29,0.6003687381744385,0.8031450510025024,0.3420829772949219,0.955470621585846
66,30,0.4917975068092346,0.7666440010070801,0.8487553000450134,0.9354923367500305
66,31,0.6897598505020142,0.8165357708930969,0.1195581778883934,0.9860110878944397
66,32,0.43524056673049927,0.7878457307815552,0.6767919063568115,0.9817841053009033
67,0,0.5555050373077393,0.35384494066238403,-0.5829553008079529,0.9999198913574219
67,1,0.5718184113502502,0.34289705753326416,-0.5818931460380554,0.9998512864112854
67,2,0.5793911218643188,0.34293800592422485,-0.5819416642189026,0.9998449087142944
67,3,0.5875391364097595,0.34305819869041443,-0.5820188522338867,0.9998201727867126
67,4,0.5540329813957214,0.34319743514060974,-0.5609018206596375,0.9998518228530884
67,5,0.5493391752243042,0.3434114158153534,-0.56096351146698,0.9998427629470825
67,6,0.5450023412704468,0.34357109665870667,-0.5611294507980347,0.9998228549957275
67,7,0.6139757037162781,0.35038861632347107,-0.4495549201965332,0.9997965097427368
67,8,0.5507843494415283,0.3497760593891144,-0.3577093780040741,0.9996969103813171
67,9,0.5700867176055908,0.3663860261440277,-0.5299884080886841,0.999943196773529
67,10,0.5483802556991577,0.36606326699256897,-0.49907249212265015,0.99989253282547
67,11,0.6920398473739624,0.42038336396217346,-0.3128401041030884,0.9999348521232605
67,12,0.484007865190506,0.4124441146850586,-0.22626496851444244,0.9998993873596191
67,13,0.7675474286079407,0.49438005685806274,-0.5632891058921814,0.9904698133468628
67,14,0.393545538187027,0.45552945137023926,-0.2321048080921173,0.9208429455757141
67,15,0.7390326857566833,0.4593900740146637,-1.0037957429885864,0.976072371006012
67,16,0.4512847363948822,0.5006431937217712,-0.4583520293235779,0.9507979154586792
67,17,0.7344783544540405,0.4494211673736572,-1.0897300243377686,0.9500943422317505
67,18,0.4635237455368042,0.5136099457740784,-0.4977370798587799,0.9255501627922058
67,19,0.7236908674240112,0.4403301179409027,-1.0675355195999146,0.948035478591919
67,20,0.47698816657066345,0.5059252381324768,-0.5024528503417969,0.9231644868850708
67,21,0.720737636089325,0.4426204562187195,-1.0017422437667847,0.9296370148658752
67,22,0.4766138195991516,0.5009103417396545,-0.4629264771938324,0.9072575569152832
67,23,0.6233928203582764,0.5815867781639099,-0.01977565325796604,0.9998471736907959
67,24,0.5043745040893555,0.5762348175048828,0.019676949828863144,0.999811589717865
67,25,0.6393794417381287,0.6871351599693298,0.023380454629659653,0.9929962754249573
67,26,0.4872867166996002,0.6678469777107239,0.29362279176712036,0.9900751113891602
67,27,0.6156681776046753,0.7915350198745728,0.3044813871383667,0.9919069409370422
67,28,0.4769388437271118,0.7439628839492798,0.8368369340896606,0.9872450232505798
67,29,0.6011254787445068,0.8065570592880249,0.3216663897037506,0.955805778503418
67,30,0.48961377143859863,0.7578593492507935,0.885372519493103,0.9317188858985901
67,31,0.6923247575759888,0.8209465146064758,0.10464271903038025,0.9860536456108093
67,32,0.43769150972366333,0.7811423540115356,0.7276495099067688,0.9809578061103821
68,0,0.5542150139808655,0.35398465394973755,-0.6221594214439392,0.9999259114265442
68,1,0.5699218511581421,0.34291180968284607,-0.628919780254364,0.9998629689216614
68,2,0.5774169564247131,0.3429875373840332,-0.6288604140281677,0.9998562932014465
68,3,0.5856257677078247,0.3431515097618103,-0.6289137005805969,0.9998331069946289
68,4,0.5536940097808838,0.3432570695877075,-0.5977226495742798,0.9998636841773987
68,5,0.5495283603668213,0.34348613023757935,-0.5978147387504578,0.9998549222946167
68,6,0.5458367466926575,0.3436570167541504,-0.5979231595993042,0.9998368620872498
68,7,0.6126263737678528,0.3504522144794464,-0.5225871205329895,0.9998066425323486
68,8,0.5546357035636902,0.3498142957687378,-0.383003830909729,0.9997254610061646
68,9,0.5685893893241882,0.36640483140945435,-0.5752527713775635,0.9999479055404663
68,10,0.5481898188591003,0.366089403629303,-0.5339066982269287,0.9999024868011475
68,11,0.6966166496276855,0.4203701615333557,-0.3546608090400696,0.9999350905418396
68,12,0.48617321252822876,0.41227012872695923,-0.26124176383018494,0.9999087452888489
68,13,0.7674359679222107,0.49538564682006836,-0.6263970136642456,0.9904205799102783
68,14,0.3936999440193176,0.4598406255245209,-0.3461899757385254,0.9284369349479675
68,15,0.7438465356826782,0.4673042297363281,-1.1186286211013794,0.9763044118881226
68,16,0.4473321735858917,0.5002013444900513,-0.6630054116249084,0.9542605876922607
68,17,0.7322137355804443,0.45925888419151306,-1.2249194383621216,0.9503941535949707
68,18,0.46148544549942017,0.5129256844520569,-0.7311065793037415,0.9288038611412048
68,19,0.7232458591461182,0.4496428072452545,-1.2138038873672485,0.9482520222663879
68,20,0.47356876730918884,0.5044405460357666,-0.7423746585845947,0.9264464378356934
68,21,0.7219218611717224,0.4511224329471588,-1.124131679534912,0.9285335540771484
68,22,0.4719412624835968,0.5000096559524536,-0.6734434962272644,0.9107407927513123
68,23,0.6283246874809265,0.5823091268539429,-0.0195708479732275,0.9998525381088257
68,24,0.5067703723907471,0.5762820243835449,0.01949750818312168,0.9998221397399902
68,25,0.6476399898529053,0.6892216801643372,0.013616805896162987,0.9929177761077881
68,26,0.4890527129173279,0.6664034128189087,0.3310922086238861,0.9903987646102905
68,27,0.6182361245155334,0.7927592396736145,0.3109816312789917,0.9921272993087769
68,28,0.475145548582077,0.7433210611343384,0.9171256422996521,0.9870988130569458
68,29,0.6014819741249084,0.8080316781997681,0.32805049419403076,0.9567851424217224
68,30,0.4859449565410614,0.7577048540115356,0.9669904708862305,0.9307513236999512
68,31,0.6963730454444885,0.8232987523078918,0.0935024544596672,0.9861609935760498
68,32,0.43752652406692505,0.7805669903755188,0.7835350036621094,0.9806790947914124
69,0,0.5450047254562378,0.35474321246147156,-0.6031172275543213,0.9999285936355591
69,1,0.5585565567016602,0.34368106722831726,-0.6044568419456482,0.999869704246521
69,2,0.5656511783599854,0.3436649441719055,-0.6043910980224609,0.999862015247345
69,3,0.5747944116592407,0.34374457597732544,-0.6044136881828308,0.9998400211334229
69,4,0.5439097285270691,0.344221830368042,-0.577357292175293,0.9998710751533508
69,5,0.5399567484855652,0.34449097514152527,-0.5774479508399963,0.9998615384101868
69,6,0.5370680689811707,0.3447646498680115,-0.5775128602981567,0.9998446106910706
69,7,0.6055838465690613,0.3516061305999756,-0.4958093762397766,0.9998072385787964
69,8,0.5461866855621338,0.35137856006622314,-0.3705604076385498,0.9997432231903076
69,9,0.5581552982330322,0.3668953776359558,-0.5546496510505676,0.9999496340751648
69,10,0.53973788022995,0.36670079827308655,-0.518135130405426,0.9999083876609802
69,11,0.6910249590873718,0.42370086908340454,-0.35396263003349304,0.9999330043792725
69,12,0.47839710116386414,0.4174184203147888,-0.25337162613868713,0.9999145865440369
69,13,0.7278205156326294,0.4975246787071228,-0.6047537326812744,0.9898057579994202
69,14,0.394089013338089,0.4812919497489929,-0.36079785227775574,0.934669017791748
69,15,0.7013961672782898,0.4984089732170105,-0.9152721762657166,0.975930392742157
69,16,0.467501699924469,0.5005968809127808,-0.6890777945518494,0.9567095637321472
69,17,0.6873160004615784,0.5006216168403625,-1.009835958480835,0.9495739340782166
69,18,0.49194610118865967,0.5097299814224243,-0.7615205645561218,0.9305930733680725
69,19,0.6835984587669373,0.4869207441806793,-1.0556914806365967,0.947528600692749
69,20,0.5030412673950195,0.5006556510925293,-0.7613085508346558,0.9279568791389465
69,21,0.6845253705978394,0.48526209592819214,-0.9320273399353027,0.9270204305648804
69,22,0.4987714886665344,0.4969314634799957,-0.6949204206466675,0.9117634296417236
69,23,0.6266049146652222,0.5832734107971191,-0.020508941262960434,0.9998590350151062
69,24,0.5047804713249207,0.5785690546035767,0.020464472472667694,0.9998323321342468
69,25,0.6471472978591919,0.6881970167160034,0.0012525361962616444,0.9929818511009216
69,26,0.49037855863571167,0.6684838533401489,0.38457125425338745,0.9905808568000793
69,27,0.6186180710792542,0.7918394804000854,0.24085262417793274,0.9923967719078064
69,28,0.47508323192596436,0.7514623999595642,0.9217120409011841,0.9871390461921692
69,29,0.6034206748008728,0.8080211877822876,0.2508109211921692,0.9583644270896912
69,30,0.48584675788879395,0.7646247744560242,0.9668986797332764,0.9310139417648315
69,31,0.6984233856201172,0.8235357999801636,0.013915028423070908,0.9865559935569763
69,32,0.43693089485168457,0.7863824367523193,0.8024799823760986,0.9805372953414917
70,0,0.5173026919364929,0.3548153042793274,-0.5466517210006714,0.9999306797981262
70,1,0.5306839346885681,0.3437756597995758,-0.5355034470558167,0.9998729228973389
70,2,0.537979781627655,0.3436947464942932,-0.5354405641555786,0.9998645782470703
70,3,0.5452878475189209,0.3437548279762268,-0.5353952050209045,0.9998422265052795
70,4,0.5134795904159546,0.3443983197212219,-0.5214011073112488,0.9998763203620911
70,5,0.5080915093421936,0.3447484076023102,-0.5214579105377197,0.9998661875724792
70,6,0.5033299922943115,0.3450811803340912,-0.5214304327964783,0.999849796295166
70,7,0.5708064436912537,0.35146564245224,-0.3874630331993103,0.9998058676719666
70,8,0.5086683630943298,0.3513846695423126,-0.319379985332489,0.9997503757476807
70,9,0.5315302014350891,0.3669585883617401,-0.48460158705711365,0.999950110912323
70,10,0.5102323293685913,0.3668174147605896,-0.46429532766342163,0.999912679195404
70,11,0.6573091149330139,0.42207202315330505,-0.27209043502807617,0.999932587146759
70,12,0.44645369052886963,0.4173274040222168,-0.20718292891979218,0.9999169707298279
70,13,0.7024330496788025,0.4817039966583252,-0.30542370676994324,0.9889129996299744
70,14,0.39167892932891846,0.48782721161842346,-0.3370418846607208,0.9403656125068665
70,15,0.6621428728103638,0.5069589614868164,-0.5359143018722534,0.9739242196083069
70,16,0.47600477933883667,0.4852636754512787,-0.6705604195594788,0.9601864814758301
70,17,0.6532049179077148,0.5190269947052002,-0.5994812250137329,0.9465261697769165
70,18,0.5046012997627258,0.47686275839805603,-0.7470631003379822,0.9355329275131226
70,19,0.6454392075538635,0.5090802907943726,-0.626952588558197,0.9445506930351257
70,20,0.510380208492279,0.46427902579307556,-0.7335007786750793,0.9329106211662292
70,21,0.6447634696960449,0.5048887729644775,-0.5473716855049133,0.9243107438087463
70,22,0.5047302842140198,0.4659145474433899,-0.6704668998718262,0.9171234369277954
70,23,0.6074292659759521,0.5795575380325317,-0.02111964114010334,0.9998654127120972
70,24,0.4856375753879547,0.5784627199172974,0.02105145901441574,0.9998366832733154
70,25,0.6423471570014954,0.683135986328125,-0.10762481391429901,0.9930831789970398
70,26,0.4829244017601013,0.668367326259613,0.34433242678642273,0.9907853007316589
70,27,0.6269261837005615,0.7871527075767517,0.12713775038719177,0.9925295114517212
70,28,0.4749973714351654,0.7543882131576538,0.8696975708007812,0.9873472452163696
70,29,0.6102719306945801,0.8011204600334167,0.14021629095077515,0.9585927724838257
70,30,0.4859646260738373,0.7669834494590759,0.9136645793914795,0.9318142533302307
70,31,0.697210967540741,0.8231999278068542,-0.07711385935544968,0.9869025349617004
70,32,0.43544626235961914,0.7878333926200867,0.7465527057647705,0.9807379245758057
71,0,0.5002264380455017,0.3554960787296295,-0.38357874751091003,0.9999260902404785
71,1,0.5126845240592957,0.34428200125694275,-0.3677850365638733,0.9998510479927063
71,2,0.5204504728317261,0.3441044092178345,-0.36777499318122864,0.9998393058776855
71,3,0.5278456211090088,0.34414705634117126,-0.3678057789802551,0.9998127818107605
71,4,0.49347177147865295,0.34511083364486694,-0.3585679829120636,0.9998592138290405
71,5,0.48743438720703125,0.3456428647041321,-0.3586614727973938,0.9998492002487183
71,6,0.4813780188560486,0.34612834453582764,-0.3587269186973572,0.9998341202735901
71,7,0.5499911308288574,0.35154274106025696,-0.22985579073429108,0.9997736811637878
71,8,0.4831492602825165,0.3522290885448456,-0.18354445695877075,0.9997056722640991
71,9,0.514419436454773,0.36762526631355286,-0.32816797494888306,0.999944269657135
71,10,0.49201303720474243,0.3676709532737732,-0.31441935896873474,0.999908447265625
71,11,0.6332671046257019,0.4187794327735901,-0.14185695350170135,0.9999309778213501
71,12,0.430400550365448,0.41711387038230896,-0.10808061808347702,0.9999103546142578
71,13,0.7065374851226807,0.45941758155822754,-0.16640155017375946,0.989219605922699
71,14,0.39229461550712585,0.4917699694633484,-0.2830521762371063,0.945389986038208
71,15,0.6514168381690979,0.5021145343780518,-0.3333999216556549,0.9739790558815002
71,16,0.479208379983902,0.46297159790992737,-0.6045927405357361,0.9635913968086243
71,17,0.6403267979621887,0.5138347148895264,-0.37577298283576965,0.945980429649353
71,18,0.5045753121376038,0.45071691274642944,-0.6722813248634338,0.9407155513763428
71,19,0.6309940218925476,0.50605309009552,-0.38476288318634033,0.9435931444168091
71,20,0.5080090165138245,0.43863677978515625,-0.6258198618888855,0.9381376504898071
71,21,0.6307700872421265,0.5014086961746216,-0.33544498682022095,0.9243028163909912
71,22,0.5031193494796753,0.44152969121932983,-0.5885714888572693,0.9231078028678894
71,23,0.5956729650497437,0.5734875798225403,-0.013052419759333134,0.9998484253883362
71,24,0.47661301493644714,0.5769412517547607,0.012789355590939522,0.9998264908790588
71,25,0.634357750415802,0.6740890741348267,-0.07810226082801819,0.9918888807296753
71,26,0.4786697328090668,0.6671033501625061,0.06530255824327469,0.9905215501785278
71,27,0.6229464411735535,0.7347695231437683,0.3812029957771301,0.9898747205734253
71,28,0.4744878113269806,0.7543352842330933,0.4239726662635803,0.9874066710472107
71,29,0.6063832640647888,0.7410135269165039,0.4212210476398468,0.9504270553588867
71,30,0.486222505569458,0.7665417790412903,0.45401614904403687,0.9298837780952454
71,31,0.6631941199302673,0.787063717842102,0.305923193693161,0.9836204648017883
71,32,0.43515506386756897,0.7881193161010742,0.32159698009490967,0.980366051197052
72,0,0.5026918649673462,0.3559702932834625,-0.2959252595901489,0.999923586845398
72,1,0.515769898891449,0.3445531725883484,-0.28794366121292114,0.9998407363891602
72,2,0.5233785510063171,0.3443636894226074,-0.2879442870616913,0.9998307824134827
72,3,0.5317619442939758,0.3443945050239563,-0.2879679799079895,0.9998016953468323
72,4,0.4982404410839081,0.3454892635345459,-0.273772656917572,0.9998510479927063
72,5,0.49314650893211365,0.34605318307876587,-0.27384239435195923,0.99984210729599
72,6,0.4881897270679474,0.34663647413253784,-0.2739148736000061,0.9998250007629395
72,7,0.5563708543777466,0.3518994450569153,-0.1940242499113083,0.9997466802597046
72,8,0.492704302072525,0.352596640586853,-0.12650367617607117,0.9996962547302246
72,9,0.5181350111961365,0.3679032027721405,-0.25797051191329956,0.9999392628669739
72,10,0.4962376356124878,0.3679064214229584,-0.23795071244239807,0.9999070763587952
72,11,0.6394752860069275,0.4188261926174164,-0.13241428136825562,0.9999236464500427
72,12,0.4318513572216034,0.4173663556575775,-0.06751591712236404,0.9999048709869385
72,13,0.6965467929840088,0.4665091931819916,-0.16622842848300934,0.9888081550598145
72,14,0.38830211758613586,0.4908277094364166,-0.18344341218471527,0.9498756527900696
72,15,0.6493980288505554,0.5028575658798218,-0.35055187344551086,0.9723235368728638
72,16,0.4779089093208313,0.4704038202762604,-0.43097975850105286,0.965687096118927
72,17,0.6395402550697327,0.512941837310791,-0.39551764726638794,0.9447036981582642
72,18,0.5038230419158936,0.4660409092903137,-0.4814607799053192,0.9435763359069824
72,19,0.6311635971069336,0.5036711692810059,-0.40755119919776917,0.9422986507415771
72,20,0.5097519159317017,0.4557279050350189,-0.4602813720703125,0.9408037066459656
72,21,0.6304551362991333,0.49977022409439087,-0.3554367423057556,0.9232032895088196
72,22,0.504240870475769,0.45614832639694214,-0.4251399040222168,0.9258427023887634
72,23,0.5960867404937744,0.5736718773841858,-0.013420461677014828,0.9998506903648376
72,24,0.4745190143585205,0.5772234797477722,0.013110973872244358,0.9998247623443604
72,25,0.6336111426353455,0.6739173531532288,-0.10238926112651825,0.9913305640220642
72,26,0.47721150517463684,0.6670823097229004,0.15717293322086334,0.9903274178504944
72,27,0.6234635710716248,0.7493022680282593,0.10797721892595291,0.9896758198738098
72,28,0.4743930399417877,0.7549769878387451,0.4750555157661438,0.9872466325759888
72,29,0.6071555018424988,0.7595502138137817,0.11855398118495941,0.9487425684928894
72,30,0.4866398572921753,0.7666765451431274,0.49968692660331726,0.9286848306655884
72,31,0.6679442524909973,0.7926759123802185,-0.021422218531370163,0.9829801917076111
72,32,0.43393445014953613,0.7885673642158508,0.3956284821033478,0.9796637892723083
73,0,0.5262596607208252,0.35676681995391846,-0.6102157831192017,0.999927282333374
73,1,0.5414390563964844,0.34573373198509216,-0.5864019989967346,0.9998508095741272
73,2,0.5491896867752075,0.3458232283592224,-0.5863736271858215,0.999839723110199
73,3,0.5568397641181946,0.346106618642807,-0.5864055156707764,0.9998131394386292
73,4,0.5190361738204956,0.34621936082839966,-0.5827754735946655,0.9998611807823181
73,5,0.5118775963783264,0.34671762585639954,-0.5828415751457214,0.9998512864112854
73,6,0.5051921606063843,0.34726908802986145,-0.5828665494918823,0.9998357892036438
73,7,0.5734587907791138,0.3533860743045807,-0.38622134923934937,0.9997513890266418
73,8,0.4982392191886902,0.35309261083602905,-0.3767930269241333,0.9997199773788452
73,9,0.5437865853309631,0.36879420280456543,-0.5335783362388611,0.9999426603317261
73,10,0.512773871421814,0.36880654096603394,-0.5289644002914429,0.9999143481254578
73,11,0.6481862664222717,0.4204668402671814,-0.24800676107406616,0.9999252557754517
73,12,0.44156816601753235,0.41837993264198303,-0.24496550858020782,0.9999112486839294
73,13,0.7030686736106873,0.4880390763282776,-0.37093615531921387,0.9885966181755066
73,14,0.38892823457717896,0.4890705645084381,-0.3422112464904785,0.9541221857070923
73,15,0.6578523516654968,0.5008686184883118,-0.7672873735427856,0.9731917977333069
73,16,0.4772951900959015,0.502709150314331,-0.6094180941581726,0.966677188873291
73,17,0.6444306969642639,0.5100129842758179,-0.860038697719574,0.9463790059089661
73,18,0.5025389194488525,0.5136987566947937,-0.6771202087402344,0.9435052871704102
73,19,0.6411087512969971,0.4957638382911682,-0.8669204711914062,0.9441567659378052
73,20,0.5085318684577942,0.5023859739303589,-0.6847386956214905,0.9405576586723328
73,21,0.639885663986206,0.4940279424190521,-0.7768213748931885,0.9252709150314331
73,22,0.5037161707878113,0.4987117350101471,-0.6151740550994873,0.9252639412879944
73,23,0.5995377898216248,0.5796371102333069,-0.012863396666944027,0.999858558177948
73,24,0.4809899926185608,0.5779072046279907,0.012653595767915249,0.9998321533203125
73,25,0.6338690519332886,0.6777583360671997,-0.001130554941482842,0.9914726614952087
73,26,0.4785440266132355,0.6678746938705444,0.31692269444465637,0.9902282953262329
73,27,0.6305567622184753,0.7813048958778381,0.17577944695949554,0.9901400208473206
73,28,0.47403737902641296,0.7549027800559998,0.8087834715843201,0.9869828224182129
73,29,0.6113500595092773,0.7973393201828003,0.15541058778762817,0.9506148099899292
73,30,0.48636871576309204,0.7669333219528198,0.8499354124069214,0.9280563592910767
73,31,0.6883383989334106,0.8183928728103638,0.017702143639326096,0.9835305213928223
73,32,0.433869332075119,0.7891886830329895,0.6887875199317932,0.9792092442512512
74,0,0.5619456768035889,0.35590818524360657,-0.624297022819519,0.9999327063560486
74,1,0.5751743912696838,0.3448115885257721,-0.6079705357551575,0.999862790107727
74,2,0.5831605792045593,0.3451390862464905,-0.6078787446022034,0.9998517632484436
74,3,0.5917743444442749,0.3454570472240448,-0.6079025268554688,0.9998276829719543
74,4,0.5559253096580505,0.34478631615638733,-0.5948340892791748,0.9998728036880493
74,5,0.5490906238555908,0.3449420928955078,-0.5948693752288818,0.9998630285263062
74,6,0.5417670607566833,0.34526848793029785,-0.594896674156189,0.9998490810394287
74,7,0.6109272837638855,0.3528611660003662,-0.4302426278591156,0.9997652769088745
74,8,0.5358392000198364,0.35166534781455994,-0.37724021077156067,0.9997459650039673
74,9,0.5756081342697144,0.3683590888977051,-0.5548962354660034,0.9999473094940186
74,10,0.5498569011688232,0.3680972158908844,-0.5386071801185608,0.9999222159385681
74,11,0.6762780547142029,0.4203336834907532,-0.2861758768558502,0.999925434589386
74,12,0.4702930748462677,0.4148935377597809,-0.2299591451883316,0.9999189376831055
74,13,0.752030611038208,0.4899071753025055,-0.5305201411247253,0.9891794323921204
74,14,0.38996005058288574,0.4713493883609772,-0.26679283380508423,0.9581746459007263
74,15,0.7158012986183167,0.464728981256485,-0.9748448729515076,0.9747551083564758
74,16,0.4612651467323303,0.5090160965919495,-0.4615418612957001,0.9677306413650513
74,17,0.7069811224937439,0.4543688893318176,-1.0621609687805176,0.948901891708374
74,18,0.4764025807380676,0.5248836278915405,-0.5038033723831177,0.9428443908691406
74,19,0.6961521506309509,0.44514426589012146,-1.0392022132873535,0.9466363191604614
74,20,0.4885808825492859,0.5149098634719849,-0.5134321451187134,0.9396553635597229
74,21,0.6921514868736267,0.447936475276947,-0.9730002284049988,0.9278652667999268
74,22,0.48698970675468445,0.5095747709274292,-0.4664435386657715,0.9241227507591248
74,23,0.6178880333900452,0.581638753414154,-0.012685847468674183,0.9998652338981628
74,24,0.4975438714027405,0.5776479840278625,0.012483992613852024,0.9998397827148438
74,25,0.6390037536621094,0.6835994124412537,0.0383833646774292,0.9914926886558533
74,26,0.47912710905075073,0.6680291891098022,0.30746549367904663,0.9906595349311829
74,27,0.6357525587081909,0.7893790602684021,0.2697286009788513,0.9905452728271484
74,28,0.46876174211502075,0.7470731735229492,0.8135676980018616,0.9872204661369324
74,29,0.6147069931030273,0.8056603670120239,0.2754845917224884,0.9516162276268005
74,30,0.47897210717201233,0.7612006664276123,0.8563535213470459,0.9279143214225769
74,31,0.696071982383728,0.8240294456481934,0.06678920239210129,0.983855664730072
74,32,0.43321338295936584,0.785464882850647,0.6897050738334656,0.9794762134552002
75,0,0.5769244432449341,0.35525795817375183,-0.6555073857307434,0.9999382495880127
75,1,0.589540958404541,0.343904972076416,-0.6407943964004517,0.9998747110366821
75,2,0.5976572036743164,0.3442547619342804,-0.6406891345977783,0.9998643398284912
75,3,0.6066132187843323,0.34450405836105347,-0.640687108039856,0.9998425841331482
75,4,0.5704942345619202,0.34397149085998535,-0.6240620017051697,0.9998839497566223
75,5,0.563585638999939,0.34421855211257935,-0.6240976452827454,0.9998745322227478
75,6,0.5561424493789673,0.3446197807788849,-0.6241133213043213,0.9998618364334106
75,7,0.6277844905853271,0.3519320487976074,-0.4644130766391754,0.9997816681861877
75,8,0.5520383715629578,0.35120847821235657,-0.3924848437309265,0.9997702240943909
75,9,0.5908488631248474,0.3679613769054413,-0.5858380794525146,0.9999520182609558
75,10,0.5664624571800232,0.3676041066646576,-0.5646640062332153,0.9999296069145203
75,11,0.6963737607002258,0.42090845108032227,-0.3069502115249634,0.9999297857284546
75,12,0.4879700541496277,0.41231030225753784,-0.22670936584472656,0.9999263882637024
75,13,0.7796880006790161,0.4908328652381897,-0.6006693243980408,0.9898529052734375
75,14,0.39031559228897095,0.4594641327857971,-0.09789340943098068,0.9620751142501831
75,15,0.7431054711341858,0.45409083366394043,-1.1128264665603638,0.9765771627426147
75,16,0.4539821743965149,0.5090187191963196,-0.10301022231578827,0.968777596950531
75,17,0.7418206930160522,0.4434360861778259,-1.204607605934143,0.9520995020866394
75,18,0.46636855602264404,0.5253618955612183,-0.11104801297187805,0.9414831399917603
75,19,0.7280570268630981,0.4353310465812683,-1.1744359731674194,0.9499174952507019
75,20,0.4795491397380829,0.516555905342102,-0.11924587190151215,0.9380070567131042
75,21,0.7229289412498474,0.43854910135269165,-1.1090420484542847,0.9313618540763855
75,22,0.47844722867012024,0.5113435387611389,-0.10075157135725021,0.9218825101852417
75,23,0.6301282644271851,0.5844826102256775,-0.011991902254521847,0.9998762607574463
75,24,0.5131062865257263,0.5779260396957397,0.011837128549814224,0.9998509883880615
75,25,0.6531604528427124,0.6880677938461304,0.04492685943841934,0.9910720586776733
75,26,0.48123517632484436,0.669587254524231,0.34989291429519653,0.9909064173698425
75,27,0.6391897797584534,0.7932238578796387,0.31936269998550415,0.9908262491226196
75,28,0.45713916420936584,0.7356590628623962,0.9875807166099548,0.9860914349555969
75,29,0.6166546940803528,0.80821293592453,0.3375509977340698,0.9520816802978516
75,30,0.4600312113761902,0.7504726648330688,1.0459970235824585,0.9210164546966553
75,31,0.701611340045929,0.8266652226448059,0.10616435110569,0.9841256737709045
75,32,0.43323424458503723,0.7753879427909851,0.8798796534538269,0.9781352281570435
76,0,0.5664434432983398,0.3552572727203369,-0.6138136386871338,0.9999412298202515
76,1,0.5797012448310852,0.34390124678611755,-0.6031879782676697,0.999882161617279
76,2,0.587908923625946,0.3442205786705017,-0.603137731552124,0.9998713135719299
76,3,0.5965198874473572,0.34446054697036743,-0.6031568646430969,0.9998507499694824
76,4,0.5610780119895935,0.34399309754371643,-0.5842700004577637,0.9998912215232849
76,5,0.5550069212913513,0.34424275159835815,-0.5843372941017151,0.9998815655708313
76,6,0.5487542748451233,0.34463900327682495,-0.584368109703064,0.9998698234558105
76,7,0.6186062097549438,0.3516813814640045,-0.4449336528778076,0.999789297580719
76,8,0.5491540431976318,0.35111892223358154,-0.36272701621055603,0.9997886419296265
76,9,0.5816019773483276,0.3678683936595917,-0.5498282313346863,0.999954879283905
76,10,0.5570949912071228,0.36760413646698,-0.5254712700843811,0.99993497133255
76,11,0.6962769031524658,0.4208219647407532,-0.2967078685760498,0.9999291300773621
76,12,0.48864102363586426,0.4124085307121277,-0.2192622274160385,0.9999315738677979
76,13,0.7654772996902466,0.4904300570487976,-0.5011498928070068,0.9895102381706238
76,14,0.3966009020805359,0.46064257621765137,-0.26043224334716797,0.9649866223335266
76,15,0.7262127995491028,0.47705894708633423,-0.911200225353241,0.976405918598175
76,16,0.4702915549278259,0.5096729397773743,-0.5750541090965271,0.9693235158920288
76,17,0.7283779382705688,0.478685200214386,-1.0033502578735352,0.9520516991615295
76,18,0.4864726960659027,0.5237340927124023,-0.65350741147995,0.9412591457366943
76,19,0.7106411457061768,0.46280884742736816,-1.0069884061813354,0.9499419927597046
76,20,0.5023301243782043,0.5138660669326782,-0.6657458543777466,0.9376873970031738
76,21,0.706156849861145,0.46154624223709106,-0.9182478785514832,0.9308889508247375
76,22,0.5007070899009705,0.5095494985580444,-0.5857020616531372,0.9211980104446411
76,23,0.6327210664749146,0.5846008658409119,-0.012122983112931252,0.9998816251754761
76,24,0.5148001313209534,0.5777482390403748,0.011923900805413723,0.999859094619751
76,25,0.6534065008163452,0.6886032819747925,0.07427731901407242,0.9911549687385559
76,26,0.4885106682777405,0.6696913838386536,0.338532954454422,0.991190493106842
76,27,0.64069664478302,0.7930440902709961,0.3520629107952118,0.9909958839416504
76,28,0.4684360921382904,0.7432424426078796,0.8749098181724548,0.9864685535430908
76,29,0.6169227361679077,0.808235764503479,0.3678267300128937,0.9535470604896545
76,30,0.47651150822639465,0.7588837742805481,0.9202975630760193,0.9230193495750427
76,31,0.7040510773658752,0.82817143201828,0.1364326924085617,0.9843078851699829
76,32,0.43312543630599976,0.7812329530715942,0.7532992959022522,0.9785698056221008
77,0,0.5332618951797485,0.35695981979370117,-0.6318845748901367,0.9999442100524902
77,1,0.5452951788902283,0.3457009792327881,-0.6300196051597595,0.999888002872467
77,2,0.5522333979606628,0.3456161618232727,-0.6298880577087402,0.9998770952224731
77,3,0.5605421662330627,0.3455539643764496,-0.6298204064369202,0.9998569488525391
77,4,0.5300283432006836,0.3463892936706543,-0.6063912510871887,0.9998975992202759
77,5,0.5253549814224243,0.34678536653518677,-0.6064873337745667,0.999888002872467
77,6,0.5200018286705017,0.3472478985786438,-0.6064817309379578,0.9998765587806702
77,7,0.5904936194419861,0.35257047414779663,-0.5002484917640686,0.999798059463501
77,8,0.5286408066749573,0.35303106904029846,-0.3919571340084076,0.9998006820678711
77,9,0.54853755235672,0.3688803017139435,-0.5759416222572327,0.999956488609314
77,10,0.5298313498497009,0.3688969016075134,-0.5445982217788696,0.999938428401947
77,11,0.6789865493774414,0.4219908118247986,-0.3627357482910156,0.9999275803565979
77,12,0.4725872874259949,0.41835904121398926,-0.25897419452667236,0.9999330043792725
77,13,0.7269895076751709,0.4903135299682617,-0.3724389672279358,0.9888896346092224
77,14,0.39738020300865173,0.4844895005226135,-0.3679654002189636,0.9667524695396423
77,15,0.6792843341827393,0.5229098796844482,-0.5397093296051025,0.9745749235153198
77,16,0.4852558672428131,0.5069872736930847,-0.7118055820465088,0.9698342680931091
77,17,0.679445743560791,0.5399876832962036,-0.6008322238922119,0.9487948417663574
77,18,0.5109084844589233,0.5195998549461365,-0.7927512526512146,0.9417403936386108
77,19,0.6648737788200378,0.5322357416152954,-0.6392694711685181,0.9466918706893921
77,20,0.5224012136459351,0.5096079111099243,-0.796043336391449,0.9379145503044128
77,21,0.6615411043167114,0.5260001420974731,-0.5538743138313293,0.9275088906288147
77,22,0.5166324377059937,0.5060960054397583,-0.7199795246124268,0.9208771586418152
77,23,0.6250659227371216,0.5855609774589539,-0.023192688822746277,0.9998877644538879
77,24,0.507029116153717,0.5807017087936401,0.023025061935186386,0.9998674988746643
77,25,0.6493481397628784,0.6881098747253418,0.08537860959768295,0.9915111660957336
77,26,0.48870649933815,0.6705395579338074,0.4147334694862366,0.9915232062339783
77,27,0.6416708827018738,0.7917398810386658,0.3607671856880188,0.991400420665741
77,28,0.4774243235588074,0.7553573846817017,0.9741532206535339,0.9871430993080139
77,29,0.618082582950592,0.807792067527771,0.3753017783164978,0.9558155536651611
77,30,0.48882386088371277,0.7685853242874146,1.022332787513733,0.9267397522926331
77,31,0.7040127515792847,0.8272039294242859,0.1429169923067093,0.98513263463974
77,32,0.43217477202415466,0.7889424562454224,0.8606746196746826,0.9796178936958313
78,0,0.4860268831253052,0.3572070002555847,-0.6977378129959106,0.9999486207962036
78,1,0.4984528720378876,0.34619784355163574,-0.7001743912696838,0.9998958706855774
78,2,0.5054214000701904,0.34609338641166687,-0.700005292892456,0.999885618686676
78,3,0.512870728969574,0.3460451364517212,-0.6999905109405518,0.999866783618927
78,4,0.4834783375263214,0.3467613458633423,-0.6781250834465027,0.9999052882194519
78,5,0.4797109365463257,0.3471107482910156,-0.6782103776931763,0.9998961687088013
78,6,0.47591909766197205,0.3474808931350708,-0.6781871914863586,0.9998852610588074
78,7,0.5379645824432373,0.35264110565185547,-0.577921986579895,0.9998117685317993
78,8,0.48622071743011475,0.3530857563018799,-0.47805264592170715,0.999815046787262
78,9,0.4995100200176239,0.36890920996665955,-0.6428012251853943,0.9999592900276184
78,10,0.48211461305618286,0.36907321214675903,-0.6138359904289246,0.9999430179595947
78,11,0.6365164518356323,0.42091745138168335,-0.4157409369945526,0.9999297261238098
78,12,0.43033039569854736,0.4182799458503723,-0.348361074924469,0.9999363422393799
78,13,0.6879231929779053,0.49317842721939087,-0.3310396373271942,0.9892860651016235
78,14,0.38052859902381897,0.48781856894493103,-0.46761712431907654,0.9684950709342957
78,15,0.6821667551994324,0.5611573457717896,-0.4030334949493408,0.9743810892105103
78,16,0.4718834459781647,0.5065308809280396,-0.7903894186019897,0.970163106918335
78,17,0.684537410736084,0.5829588174819946,-0.4438813030719757,0.9482893347740173
78,18,0.500603973865509,0.5181703567504883,-0.8658002018928528,0.9420071840286255
78,19,0.6677125096321106,0.5804488658905029,-0.491006463766098,0.9464506506919861
78,20,0.5200181603431702,0.5086788535118103,-0.8695012331008911,0.9379709959030151
78,21,0.6634383797645569,0.5733069181442261,-0.4189561605453491,0.9283111095428467
78,22,0.5107219219207764,0.504685640335083,-0.7978281378746033,0.9204550981521606
78,23,0.5911461710929871,0.5843065977096558,-0.02405952289700508,0.9998950958251953
78,24,0.4790237545967102,0.5804935693740845,0.023846175521612167,0.9998756051063538
78,25,0.6284027695655823,0.6878196001052856,0.05981725454330444,0.9921051263809204
78,26,0.4744469225406647,0.6726293563842773,0.4370836615562439,0.9919899106025696
78,27,0.6429076790809631,0.7909035086631775,0.3282005786895752,0.9920434951782227
78,28,0.4811657667160034,0.7583411335945129,1.0033965110778809,0.9879366755485535
78,29,0.6211947798728943,0.8066228628158569,0.32949113845825195,0.9587230086326599
78,30,0.4961695671081543,0.7703229784965515,1.0527973175048828,0.9309368133544922
78,31,0.7057343125343323,0.827374279499054,0.07938749343156815,0.9862743020057678
78,32,0.4316768944263458,0.7911996841430664,0.9000523686408997,0.9808638095855713
79,0,0.45219337940216064,0.35721275210380554,-0.6587710976600647,0.9999536275863647
79,1,0.4669830799102783,0.3461800217628479,-0.6538653373718262,0.9999057054519653
79,2,0.474012166261673,0.3460848927497864,-0.6537615656852722,0.9998964071273804
79,3,0.4820399284362793,0.34604793787002563,-0.6537399888038635,0.9998794198036194
79,4,0.4517565965652466,0.34674233198165894,-0.6344281435012817,0.9999143481254578
79,5,0.4481475055217743,0.3470819592475891,-0.6344667077064514,0.9999059438705444
79,6,0.44530072808265686,0.34746304154396057,-0.6344242691993713,0.9998959898948669
79,7,0.5072577595710754,0.35263410210609436,-0.5218155980110168,0.9998290538787842
79,8,0.4568801820278168,0.353002667427063,-0.4348958432674408,0.999832272529602
79,9,0.4664709270000458,0.36890095472335815,-0.6034995913505554,0.9999631643295288
79,10,0.44910621643066406,0.3690985143184662,-0.5781624913215637,0.9999485015869141
79,11,0.6022385358810425,0.4189743101596832,-0.38713815808296204,0.9999356865882874
79,12,0.39945992827415466,0.41868242621421814,-0.31158509850502014,0.9999420046806335
79,13,0.6593350768089294,0.49350467324256897,-0.3352417051792145,0.989959716796875
79,14,0.3639969229698181,0.4912634789943695,-0.42474743723869324,0.96968013048172
79,15,0.696403443813324,0.5564266443252563,-0.48231837153434753,0.9758477210998535
79,16,0.4063199758529663,0.5492236018180847,-0.5581063628196716,0.9709805250167847
79,17,0.7135609984397888,0.5783399343490601,-0.5370651483535767,0.9509499073028564
79,18,0.4177902936935425,0.5728934407234192,-0.6243076920509338,0.9435133934020996
79,19,0.7040781378746033,0.5788129568099976,-0.5941657423973083,0.9494629502296448
79,20,0.4347998797893524,0.5652722120285034,-0.6874606013298035,0.939766526222229
79,21,0.6967652440071106,0.5710143446922302,-0.5064238905906677,0.9328194856643677
79,22,0.43461769819259644,0.5568841695785522,-0.5850982069969177,0.922902524471283
79,23,0.5691368579864502,0.5842784643173218,-0.023880021646618843,0.9999033808708191
79,24,0.4622737169265747,0.5819005966186523,0.023680569604039192,0.9998846650123596
79,25,0.61289381980896,0.6885229349136353,0.04931531846523285,0.9926234483718872
79,26,0.46507567167282104,0.674189567565918,0.41803839802742004,0.9925093650817871
79,27,0.6461387872695923,0.7910504937171936,0.2587350308895111,0.9926006197929382
79,28,0.48238933086395264,0.760297417640686,0.9586002826690674,0.9887756705284119
79,29,0.6275854706764221,0.8061615228652954,0.26228612661361694,0.9609634876251221
79,30,0.4978140890598297,0.7720794677734375,1.0043660402297974,0.9347118139266968
79,31,0.7085219621658325,0.8277257680892944,0.024968862533569336,0.9872602820396423
79,32,0.43120071291923523,0.7914922833442688,0.8567061424255371,0.9822063446044922
80,0,0.42176368832588196,0.35733962059020996,-0.6944324970245361,0.9999573230743408
80,1,0.434626042842865,0.34630468487739563,-0.6971215605735779,0.9999114871025085
80,2,0.4407684803009033,0.3461909294128418,-0.6970673203468323,0.9999032616615295
80,3,0.4476035237312317,0.3461228311061859,-0.6970901489257812,0.9998878240585327
80,4,0.4221285879611969,0.346848726272583,-0.6734057068824768,0.9999188184738159
80,5,0.4194622337818146,0.3471525311470032,-0.6734786033630371,0.9999105334281921
80,6,0.4171743094921112,0.3474770486354828,-0.6734525561332703,0.9999001026153564
80,7,0.47547006607055664,0.3525983393192291,-0.5883448719978333,0.999839723110199
80,8,0.43328192830085754,0.3530036211013794,-0.47794482111930847,0.9998353123664856
80,9,0.43675631284713745,0.3690083920955658,-0.6453775763511658,0.9999656677246094
80,10,0.42235153913497925,0.36936914920806885,-0.6136308312416077,0.9999512434005737
80,11,0.5791501402854919,0.417144775390625,-0.45935025811195374,0.9999406933784485
80,12,0.38190266489982605,0.4223511815071106,-0.32360702753067017,0.9999450445175171
80,13,0.6406599879264832,0.495064914226532,-0.3674524426460266,0.9906452298164368
80,14,0.3484686315059662,0.500615656375885,-0.22624601423740387,0.9684129953384399
80,15,0.6841949224472046,0.56598299741745,-0.5158849358558655,0.9764166474342346
80,16,0.31640350818634033,0.5634368062019348,-0.3275391161441803,0.9691891074180603
80,17,0.7063282132148743,0.5913535952568054,-0.5661147832870483,0.9510551691055298
80,18,0.2962966859340668,0.5849209427833557,-0.3695380389690399,0.940456211566925
80,19,0.690238893032074,0.5921193361282349,-0.622651219367981,0.9501044750213623
80,20,0.30263590812683105,0.5842303037643433,-0.4431131184101105,0.9376806616783142
80,21,0.679499089717865,0.5857394933700562,-0.539166271686554,0.934762716293335
80,22,0.3126090168952942,0.5773218274116516,-0.3619363009929657,0.9217702150344849
80,23,0.5519698858261108,0.581966757774353,-0.0381307378411293,0.9999080896377563
80,24,0.4442277252674103,0.581649899482727,0.03780210390686989,0.9998871684074402
80,25,0.5940075516700745,0.6884800791740417,0.04870331659913063,0.9928765296936035
80,26,0.46092286705970764,0.6751576662063599,0.3935544788837433,0.9923135042190552
80,27,0.6458296179771423,0.7905728220939636,0.26529645919799805,0.9929947853088379
80,28,0.4829096794128418,0.759734034538269,0.9198459982872009,0.9889918565750122
80,29,0.6288760900497437,0.8057818412780762,0.2736247479915619,0.9612023830413818
80,30,0.49836722016334534,0.7716356515884399,0.9647499322891235,0.9358794689178467
80,31,0.7083035111427307,0.8287628293037415,0.04214175418019295,0.987887978553772
80,32,0.43032482266426086,0.7914607524871826,0.811585545539856,0.9828024506568909
81,0,0.39391133189201355,0.35822200775146484,-0.5109601616859436,0.9999549388885498
81,1,0.4053042531013489,0.3472910225391388,-0.5336116552352905,0.999901294708252
81,2,0.4108598530292511,0.34705084562301636,-0.5335804224014282,0.9998981356620789
81,3,0.4167848229408264,0.346823513507843,-0.5335955023765564,0.9998844861984253
81,4,0.39538756012916565,0.34796926379203796,-0.4920099973678589,0.9998973608016968
81,5,0.39389869570732117,0.34818339347839355,-0.49199578166007996,0.9998851418495178
81,6,0.39264750480651855,0.34838300943374634,-0.4919651448726654,0.9998635649681091
81,7,0.4471483528614044,0.3526286482810974,-0.5551750659942627,0.9998403191566467
81,8,0.41183334589004517,0.35387128591537476,-0.3223113715648651,0.9997682571411133
81,9,0.410063773393631,0.36949843168258667,-0.49416208267211914,0.9999635815620422
81,10,0.3980962932109833,0.37010663747787476,-0.438016414642334,0.9999396800994873
81,11,0.557512640953064,0.41395822167396545,-0.44474470615386963,0.9999451041221619
81,12,0.36849239468574524,0.4237297475337982,-0.14442475140094757,0.9999386072158813
81,13,0.6085396409034729,0.4948330521583557,-0.39790594577789307,0.9911152720451355
81,14,0.3302133083343506,0.4972229599952698,0.04533584415912628,0.9600378274917603
81,15,0.5990281105041504,0.5705259442329407,-0.4776742160320282,0.9769846200942993
81,16,0.2836713492870331,0.5490065813064575,-0.018925370648503304,0.9635162949562073
81,17,0.6052493453025818,0.595251202583313,-0.518208384513855,0.9520506262779236
81,18,0.2629639208316803,0.5685232877731323,-0.03546375036239624,0.9317895174026489
81,19,0.5853551030158997,0.5944947600364685,-0.5607739090919495,0.9512416124343872
81,20,0.26835811138153076,0.567190945148468,-0.1052190363407135,0.930310845375061
81,21,0.578902006149292,0.5875498056411743,-0.4908219277858734,0.9365436434745789
81,22,0.27888616919517517,0.5603042840957642,-0.052193138748407364,0.9158077836036682
81,23,0.5371248722076416,0.5792366862297058,-0.07058531790971756,0.9999042749404907
81,24,0.43311071395874023,0.581587016582489,0.07038726657629013,0.9998729825019836
81,25,0.5794715881347656,0.6851891279220581,-0.01403117273002863,0.9931216835975647
81,26,0.45460188388824463,0.6749600172042847,0.3386266529560089,0.9918105006217957
81,27,0.6272104382514954,0.7875935435295105,0.19188088178634644,0.9933505058288574
81,28,0.48416459560394287,0.7603299617767334,0.7213154435157776,0.9890851378440857
81,29,0.6140874624252319,0.8020222783088684,0.19874843955039978,0.9597463607788086
81,30,0.5008500218391418,0.7726806402206421,0.7512630820274353,0.9367383718490601
81,31,0.6576870083808899,0.828753650188446,-0.023254863917827606,0.9884527921676636
81,32,0.42992863059043884,0.7922206521034241,0.6254648566246033,0.9833409190177917
82,0,0.38899344205856323,0.35886305570602417,-0.45643648505210876,0.9999448657035828
82,1,0.4001009166240692,0.34776225686073303,-0.4815160930156708,0.9998700618743896
82,2,0.4055199921131134,0.34737104177474976,-0.4814903140068054,0.9998754262924194
82,3,0.4109497368335724,0.34699779748916626,-0.4814716875553131,0.9998651146888733
82,4,0.39041221141815186,0.34855136275291443,-0.43754640221595764,0.9998469948768616
82,5,0.38910260796546936,0.3486793637275696,-0.43755361437797546,0.9998236298561096
82,6,0.3878704011440277,0.3487594723701477,-0.4375948905944824,0.9997857809066772
82,7,0.4422016143798828,0.35222867131233215,-0.5010786056518555,0.9998262524604797
82,8,0.40890565514564514,0.35375162959098816,-0.27258989214897156,0.9996151328086853
82,9,0.40496307611465454,0.3701421320438385,-0.4435177147388458,0.999954342842102
82,10,0.3930792212486267,0.37069302797317505,-0.38533052802085876,0.9999053478240967
82,11,0.5471277832984924,0.4129793643951416,-0.4637845456600189,0.9999486804008484
82,12,0.3678090274333954,0.4236376881599426,-0.08660845458507538,0.9999223351478577
82,13,0.5618316531181335,0.49446773529052734,-0.46094009280204773,0.9915567636489868
82,14,0.3303110599517822,0.495959997177124,0.07592117786407471,0.943916916847229
82,15,0.4867017865180969,0.5685645341873169,-0.5193174481391907,0.9783235192298889
82,16,0.28038498759269714,0.5435796976089478,-0.01645403541624546,0.9550874829292297
82,17,0.4690535366535187,0.5908060073852539,-0.5688467025756836,0.9548094272613525
82,18,0.2533645033836365,0.5617870092391968,-0.03836061805486679,0.9201278686523438
82,19,0.4549177289009094,0.5857044458389282,-0.6002766489982605,0.9539756774902344
82,20,0.258145809173584,0.5603511929512024,-0.10720185190439224,0.9199194312095642
82,21,0.45855140686035156,0.5783107876777649,-0.5264307856559753,0.9396243691444397
82,22,0.27037951350212097,0.5544217228889465,-0.05034947767853737,0.9065045714378357
82,23,0.5351762175559998,0.5728946328163147,-0.08953738957643509,0.9998912811279297
82,24,0.4311146140098572,0.5773895978927612,0.08935313671827316,0.9998518824577332
82,25,0.5703791975975037,0.6811622381210327,-0.07956850528717041,0.9935001730918884
82,26,0.44847947359085083,0.6748659610748291,0.268402636051178,0.991284966468811
82,27,0.6160169243812561,0.7812618017196655,0.10440266877412796,0.9937067627906799
82,28,0.4854239225387573,0.7601597905158997,0.6105321049690247,0.9891766309738159
82,29,0.6087616682052612,0.7949460744857788,0.10742437839508057,0.9575847387313843
82,30,0.5050042271614075,0.7727913856506348,0.633979320526123,0.9379023313522339
82,31,0.6295411586761475,0.8235437273979187,-0.12250643968582153,0.9890031218528748
82,32,0.42881476879119873,0.7920606732368469,0.5063384771347046,0.9838480949401855
83,0,0.387494832277298,0.3599194288253784,-0.48470839858055115,0.9999054074287415
83,1,0.3988107144832611,0.3485339283943176,-0.5478461980819702,0.9997574687004089
83,2,0.4038435220718384,0.3480299115180969,-0.5478526949882507,0.999786376953125
83,3,0.4091143012046814,0.34753209352493286,-0.547977864742279,0.9997830390930176
83,4,0.3889407813549042,0.3494095802307129,-0.45560434460639954,0.9997118711471558
83,5,0.3875559866428375,0.34947994351387024,-0.455996036529541,0.9996877908706665
83,6,0.38628828525543213,0.3494735062122345,-0.45664486289024353,0.9996422529220581
83,7,0.44216808676719666,0.3521955907344818,-0.5663716793060303,0.999740719795227
83,8,0.40642303228378296,0.35371971130371094,-0.3467472195625305,0.9993410110473633
83,9,0.40469712018966675,0.37115412950515747,-0.5114102363586426,0.9999194145202637
83,10,0.3928438425064087,0.3714830279350281,-0.3948844373226166,0.9998177886009216
83,11,0.5407635569572449,0.4129798412322998,-0.550945520401001,0.9999485611915588
83,12,0.3680681884288788,0.4232861399650574,-0.15266633033752441,0.9999089241027832
83,13,0.5460169911384583,0.49668946862220764,-0.5611010193824768,0.9918611645698547
83,14,0.33850884437561035,0.4949707090854645,-0.02940853126347065,0.9243596792221069
83,15,0.43950149416923523,0.560454249382019,-0.5601321458816528,0.9782669544219971
83,16,0.29972824454307556,0.5502416491508484,-0.13409315049648285,0.9369403123855591
83,17,0.4188763201236725,0.5802446603775024,-0.5951239466667175,0.9548578262329102
83,18,0.28407129645347595,0.5686143636703491,-0.16101209819316864,0.896945595741272
83,19,0.40580278635025024,0.574389636516571,-0.634506344795227,0.9538753032684326
83,20,0.2850734293460846,0.569786548614502,-0.22399882972240448,0.8978462815284729
83,21,0.41020581126213074,0.5676546096801758,-0.5305622816085815,0.938594400882721
83,22,0.2930534780025482,0.5636922717094421,-0.16464641690254211,0.885524570941925
83,23,0.5376012325286865,0.5633162260055542,-0.10542284697294235,0.9998299479484558
83,24,0.43432173132896423,0.5702658295631409,0.10522802919149399,0.999796986579895
83,25,0.5516518950462341,0.6726174354553223,-0.0951903760433197,0.9936423301696777
83,26,0.4468555450439453,0.6702866554260254,0.15668514370918274,0.9896340370178223
83,27,0.6080282330513,0.7741780281066895,0.1083238273859024,0.9938715696334839
83,28,0.48554012179374695,0.7598841786384583,0.4612366855144501,0.9887819290161133
83,29,0.6086982488632202,0.7854483723640442,0.11327342689037323,0.9501118063926697
83,30,0.5046653747558594,0.7725638151168823,0.48055198788642883,0.9369497895240784
83,31,0.5946664214134216,0.8174538612365723,-0.11653730273246765,0.9890563488006592
83,32,0.4264180064201355,0.7922800779342651,0.33952704071998596,0.983809232711792
84,0,0.3852599561214447,0.35997676849365234,-0.5258150696754456,0.9999017715454102
84,1,0.3962111473083496,0.34848856925964355,-0.5569605231285095,0.9997494220733643
84,2,0.40154024958610535,0.34801071882247925,-0.5569239258766174,0.9997820854187012
84,3,0.40725135803222656,0.3474830687046051,-0.5569918155670166,0.9997813105583191
84,4,0.38723576068878174,0.34936589002609253,-0.5026208758354187,0.9997028112411499
84,5,0.3857824504375458,0.349445641040802,-0.5027793645858765,0.9996796250343323
84,6,0.38427162170410156,0.3494541645050049,-0.5029933452606201,0.9996325969696045
84,7,0.44075024127960205,0.3517153859138489,-0.5515608191490173,0.9997400641441345
84,8,0.40317514538764954,0.353655070066452,-0.34876781702041626,0.9993177056312561
84,9,0.4018378257751465,0.37116771936416626,-0.5168329477310181,0.999916672706604
84,10,0.3903493285179138,0.37162190675735474,-0.44532081484794617,0.9998056888580322
84,11,0.5385664105415344,0.41167083382606506,-0.5460396409034729,0.9999517202377319
84,12,0.3690165579319,0.42292314767837524,-0.15556135773658752,0.999899685382843
84,13,0.5488530397415161,0.4968695640563965,-0.5438753962516785,0.9922688603401184
84,14,0.34258073568344116,0.4972139298915863,-0.025569463148713112,0.9026386141777039
84,15,0.46723222732543945,0.5712059736251831,-0.5591692328453064,0.9788512587547302
84,16,0.32915928959846497,0.5580968260765076,-0.12452851235866547,0.9168738126754761
84,17,0.4492841958999634,0.5896756052970886,-0.6060249209403992,0.9561971426010132
84,18,0.3217097818851471,0.5815675854682922,-0.14361123740673065,0.8730722069740295
84,19,0.43412065505981445,0.5847765207290649,-0.6295190453529358,0.9551853537559509
84,20,0.326682448387146,0.5811464786529541,-0.20452919602394104,0.874375581741333
84,21,0.43743035197257996,0.5781814455986023,-0.5541689395904541,0.9396411180496216
84,22,0.3325985074043274,0.5726184844970703,-0.15269234776496887,0.8620098233222961
84,23,0.5399830341339111,0.5617108941078186,-0.11814992874860764,0.9998214840888977
84,24,0.43858054280281067,0.5674871802330017,0.11796550452709198,0.9997689127922058
84,25,0.546802818775177,0.6735635995864868,-0.17133043706417084,0.9938551783561707
84,26,0.4469338357448578,0.6703195571899414,0.24012108147144318,0.986744225025177
84,27,0.5812811255455017,0.7772793173789978,-0.05681212618947029,0.994179904460907
84,28,0.48529675602912903,0.7596632242202759,0.5581953525543213,0.9876618385314941
84,29,0.5851706862449646,0.7908017635345459,-0.06078833341598511,0.9499070644378662
84,30,0.5049741268157959,0.7727359533309937,0.5767830014228821,0.9342767596244812
84,31,0.5613201260566711,0.8189041018486023,-0.28556373715400696,0.9895413517951965
84,32,0.4233850836753845,0.7924039959907532,0.46200650930404663,0.9834194183349609
85,0,0.38880136609077454,0.35996565222740173,-0.5382543206214905,0.9998517036437988
85,1,0.40135693550109863,0.3484534025192261,-0.5588523149490356,0.999610185623169
85,2,0.4072452485561371,0.34799471497535706,-0.5588741898536682,0.9996740221977234
85,3,0.4142053425312042,0.3474457859992981,-0.5589867830276489,0.9996889233589172
85,4,0.38975203037261963,0.34933099150657654,-0.5140810608863831,0.9995046257972717
85,5,0.3876662254333496,0.34942716360092163,-0.5141304135322571,0.9994609355926514
85,6,0.3856958746910095,0.3494586646556854,-0.5142570734024048,0.9993757605552673
85,7,0.4490725100040436,0.3517192006111145,-0.5335820317268372,0.9996601939201355
85,8,0.40430623292922974,0.35363245010375977,-0.3336997628211975,0.9989660382270813
85,9,0.4047064483165741,0.37115293741226196,-0.518252968788147,0.9998958110809326
85,10,0.3909299671649933,0.371608167886734,-0.45891180634498596,0.9997532963752747
85,11,0.5470616817474365,0.4120618402957916,-0.49447101354599,0.9999520182609558
85,12,0.3687521517276764,0.42345675826072693,-0.1332060992717743,0.9998706579208374
85,13,0.5772552490234375,0.5020002126693726,-0.4999971091747284,0.9920864701271057
85,14,0.3456765115261078,0.5004242062568665,0.021266253665089607,0.8743537068367004
85,15,0.5301694869995117,0.5935978293418884,-0.5302801132202148,0.9763049483299255
85,16,0.34014520049095154,0.569567084312439,-0.10944739729166031,0.8938612937927246
85,17,0.5120220184326172,0.6164509654045105,-0.5871025919914246,0.952833354473114
85,18,0.32808464765548706,0.5921696424484253,-0.14198562502861023,0.8486275672912598
85,19,0.5048843622207642,0.613121509552002,-0.6227423548698425,0.951819121837616
85,20,0.3351632058620453,0.5921948552131653,-0.20815719664096832,0.8508172035217285
85,21,0.5063188076019287,0.6050597429275513,-0.5388440489768982,0.9358014464378357
85,22,0.33578047156333923,0.584509015083313,-0.1410473734140396,0.8380210995674133
85,23,0.5351435542106628,0.5757131576538086,-0.10206924378871918,0.9998224973678589
85,24,0.433950811624527,0.5772483348846436,0.10205055773258209,0.9997433423995972
85,25,0.5438388586044312,0.6884492635726929,-0.1002068966627121,0.9935644268989563
85,26,0.4474901854991913,0.6787272691726685,0.31080275774002075,0.9845422506332397
85,27,0.5533616542816162,0.792980968952179,0.11552024632692337,0.993720531463623
85,28,0.48374876379966736,0.7596727609634399,0.7728496193885803,0.9844369888305664
85,29,0.5550476908683777,0.805982768535614,0.13193166255950928,0.9431306719779968
85,30,0.5027439594268799,0.7727022171020508,0.8095466494560242,0.9270159006118774
85,31,0.5353504419326782,0.8400315046310425,-0.10931557416915894,0.9885860085487366
85,32,0.42022815346717834,0.7923755049705505,0.6909010410308838,0.9812169671058655
86,0,0.4020819664001465,0.3599328100681305,-0.60367351770401,0.9998605847358704
86,1,0.41501566767692566,0.3484334945678711,-0.6250917315483093,0.9996318817138672
86,2,0.4216930866241455,0.3479848802089691,-0.6250540614128113,0.9996917247772217
86,3,0.42894041538238525,0.3474368453025818,-0.6251592636108398,0.9997061491012573
86,4,0.4026196002960205,0.34932008385658264,-0.585746705532074,0.9995348453521729
86,5,0.40037405490875244,0.3493853211402893,-0.5857844352722168,0.9994955658912659
86,6,0.3982667624950409,0.3493792414665222,-0.5859013199806213,0.9994165897369385
86,7,0.4617534577846527,0.35185977816581726,-0.5884730219841003,0.9996812343597412
86,8,0.4152821898460388,0.3536141514778137,-0.41150856018066406,0.9990410208702087
86,9,0.4179118573665619,0.3711591958999634,-0.5805819034576416,0.9999029636383057
86,10,0.4032686948776245,0.37165752053260803,-0.5286243557929993,0.9997705221176147
86,11,0.5589874386787415,0.4143887460231781,-0.5316407680511475,0.999954104423523
86,12,0.3725143074989319,0.42576131224632263,-0.2047150880098343,0.9998762011528015
86,13,0.597598671913147,0.5047982335090637,-0.48386484384536743,0.9924010634422302
86,14,0.347242534160614,0.5072041749954224,-0.04037506505846977,0.8709699511528015
86,15,0.6078646183013916,0.5925011038780212,-0.5057884454727173,0.97544264793396
86,16,0.3233663737773895,0.5714480876922607,-0.16620494425296783,0.8928866982460022
86,17,0.6208155155181885,0.6186948418617249,-0.5529899001121521,0.951311469078064
86,18,0.3114680051803589,0.5929887890815735,-0.19761928915977478,0.8468279242515564
86,19,0.6057408452033997,0.6195133924484253,-0.6038307547569275,0.950458288192749
86,20,0.31596606969833374,0.5936068296432495,-0.2682722806930542,0.8499791622161865
86,21,0.5944576859474182,0.6110888123512268,-0.5218064785003662,0.9354352355003357
86,22,0.3222498297691345,0.5862718224525452,-0.19981646537780762,0.8372922539710999
86,23,0.5403717756271362,0.580230712890625,-0.0972382128238678,0.9998270869255066
86,24,0.43738478422164917,0.5799403786659241,0.09716713428497314,0.9997424483299255
86,25,0.5483245253562927,0.6944320797920227,-0.030039798468351364,0.9939926862716675
86,26,0.4486784338951111,0.6813517212867737,0.41386592388153076,0.983843207359314
86,27,0.5432220697402954,0.8022662401199341,0.22614744305610657,0.9938997626304626
86,28,0.4821794629096985,0.7613121867179871,0.8836573362350464,0.9837051033973694
86,29,0.543670117855072,0.8162442445755005,0.23736532032489777,0.9430599212646484
86,30,0.49961769580841064,0.7731913924217224,0.9203535914421082,0.9264340400695801
86,31,0.5262320637702942,0.8476365804672241,0.010027632117271423,0.9887495040893555
86,32,0.41848647594451904,0.7924820780754089,0.7989405393600464,0.9811654090881348
87,0,0.4085584878921509,0.35771721601486206,-0.6836636066436768,0.9998648166656494
87,1,0.4231378734111786,0.3461036682128906,-0.7019422054290771,0.9996387958526611
87,2,0.43060633540153503,0.3458002209663391,-0.7019162774085999,0.9996981620788574
87,3,0.43777555227279663,0.3453778624534607,-0.7020596265792847,0.9997132420539856
87,4,0.4102785289287567,0.34641602635383606,-0.668537974357605,0.9995403289794922
87,5,0.40747779607772827,0.3463154435157776,-0.6685906648635864,0.9995073080062866
87,6,0.4050647020339966,0.34610578417778015,-0.6687666773796082,0.9994319081306458
87,7,0.4734443128108978,0.34983593225479126,-0.6439903974533081,0.9996910095214844
87,8,0.4275934100151062,0.3503749668598175,-0.4916549623012543,0.9990779757499695
87,9,0.424146443605423,0.36954519152641296,-0.6506543755531311,0.9999072551727295
87,10,0.40698322653770447,0.3701585829257965,-0.6068940758705139,0.9997801184654236
87,11,0.5821691155433655,0.41522708535194397,-0.5688809752464294,0.9999567270278931
87,12,0.3771549165248871,0.42389264702796936,-0.28343555331230164,0.9998778104782104
87,13,0.6446530222892761,0.5078396201133728,-0.5049877166748047,0.9927400350570679
87,14,0.34646669030189514,0.5060998201370239,-0.10363340377807617,0.8716154098510742
87,15,0.6653567552566528,0.5950488448143005,-0.5418491959571838,0.9756731390953064
87,16,0.3115629553794861,0.5732031464576721,-0.20615437626838684,0.8932555317878723
87,17,0.6722529530525208,0.6196931600570679,-0.5865431427955627,0.9517775177955627
87,18,0.298767626285553,0.5946200489997864,-0.23339523375034332,0.8467920422554016
87,19,0.6576971411705017,0.6197702288627625,-0.6663489937782288,0.9511874914169312
87,20,0.3017832040786743,0.5948563814163208,-0.34109199047088623,0.8510316610336304
87,21,0.6515902876853943,0.6120542287826538,-0.5716862678527832,0.9373636841773987
87,22,0.3085387647151947,0.5887938141822815,-0.257548063993454,0.8386236429214478
87,23,0.5407727360725403,0.5870521068572998,-0.09513676911592484,0.9998371601104736
87,24,0.4395579993724823,0.5828360319137573,0.09498436003923416,0.9997473955154419
87,25,0.5460196733474731,0.7037876844406128,0.05981145054101944,0.9944471120834351
87,26,0.448866605758667,0.6860516667366028,0.46704745292663574,0.9830029606819153
87,27,0.5425503849983215,0.8082687258720398,0.4077807664871216,0.9941500425338745
87,28,0.4805026650428772,0.7611945867538452,0.9938236474990845,0.9829371571540833
87,29,0.5456781983375549,0.8221380114555359,0.4285872280597687,0.9437494277954102
87,30,0.49760758876800537,0.7722772359848022,1.0383702516555786,0.9253301620483398
87,31,0.5184281468391418,0.8538748621940613,0.20819662511348724,0.9890981912612915
87,32,0.41893795132637024,0.7927819490432739,0.9239155054092407,0.9812982082366943
88,0,0.42815831303596497,0.3569204807281494,-0.6439527869224548,0.9998683929443359
88,1,0.4429737627506256,0.3449074923992157,-0.6635463833808899,0.9996448159217834
88,2,0.44961991906166077,0.3445908725261688,-0.6635437607765198,0.9997027516365051
88,3,0.45690205693244934,0.34418290853500366,-0.6636747717857361,0.9997201561927795
88,4,0.4297181963920593,0.34498199820518494,-0.628887414932251,0.9995406866073608
88,5,0.42713770270347595,0.3447468876838684,-0.6289276480674744,0.9995105266571045
88,6,0.42465779185295105,0.34440457820892334,-0.6290305852890015,0.9994416832923889
88,7,0.4917813539505005,0.3479277789592743,-0.6143018007278442,0.9997012615203857
88,8,0.4465794563293457,0.34766435623168945,-0.4538746774196625,0.9990995526313782
88,9,0.4441607594490051,0.36882466077804565,-0.6126550436019897,0.9999113082885742
88,10,0.4252651333808899,0.3693571984767914,-0.5669311285018921,0.9997878670692444
88,11,0.6062251329421997,0.41555389761924744,-0.5340453386306763,0.9999597072601318
88,12,0.3835838735103607,0.42156320810317993,-0.2600965201854706,0.9998767375946045
88,13,0.6608695983886719,0.509722113609314,-0.4724774956703186,0.9928730726242065
88,14,0.34753039479255676,0.5058300495147705,-0.10244565457105637,0.8734229803085327
88,15,0.6697178483009338,0.599228024482727,-0.505529522895813,0.9753717184066772
88,16,0.31097501516342163,0.5747653245925903,-0.21419067680835724,0.8932703733444214
88,17,0.6735938787460327,0.6238622069358826,-0.550599217414856,0.9516383409500122
88,18,0.2984219193458557,0.5982410311698914,-0.24794518947601318,0.8466604948043823
88,19,0.657072126865387,0.6241519451141357,-0.6105985045433044,0.9513320326805115
88,20,0.3035758435726166,0.5988519787788391,-0.3339221179485321,0.8519352674484253
88,21,0.6510876417160034,0.6166823506355286,-0.5256325006484985,0.9384129047393799
88,22,0.3116495907306671,0.592219889163971,-0.2543948292732239,0.8399147987365723
88,23,0.5448563694953918,0.5935393571853638,-0.0916246846318245,0.9998449683189392
88,24,0.439741849899292,0.585318922996521,0.0915597677230835,0.9997439980506897
88,25,0.5472287535667419,0.7115696668624878,0.0406934879720211,0.994428277015686
88,26,0.440518319606781,0.6902883648872375,0.4536195993423462,0.9826807975769043
88,27,0.5435546040534973,0.8117715120315552,0.43253588676452637,0.9940491318702698
88,28,0.4761289060115814,0.7601997256278992,0.9025604128837585,0.9798799157142639
88,29,0.5493961572647095,0.8238703012466431,0.45884615182876587,0.9380148649215698
88,30,0.49482133984565735,0.7693090438842773,0.9508504867553711,0.9169568419456482
88,31,0.5153869390487671,0.8574281930923462,0.24741578102111816,0.9887643456459045
88,32,0.4185428321361542,0.7947990894317627,0.8503440618515015,0.9794407486915588
89,0,0.43415823578834534,0.35341280698776245,-0.550523042678833,0.999873697757721
89,1,0.44953253865242004,0.341563880443573,-0.5738990902900696,0.999657392501831
89,2,0.45694392919540405,0.3413845896720886,-0.5738982558250427,0.9997117519378662
89,3,0.465390145778656,0.34109020233154297,-0.5740023255348206,0.9997296929359436
89,4,0.43550270795822144,0.3414795696735382,-0.5304079651832581,0.9995600581169128
89,5,0.43284839391708374,0.3412534296512604,-0.5303779244422913,0.9995313882827759
89,6,0.4300810992717743,0.3409115672111511,-0.5304489731788635,0.9994706511497498
89,7,0.49992331862449646,0.3454079329967499,-0.5605927109718323,0.9997144341468811
89,8,0.45176637172698975,0.34431833028793335,-0.35210660099983215,0.9991564154624939
89,9,0.4513486325740814,0.3662320077419281,-0.5312542915344238,0.9999168515205383
89,10,0.4315616190433502,0.3666902184486389,-0.47313469648361206,0.9998030066490173
89,11,0.6067163348197937,0.41589269042015076,-0.523009181022644,0.9999621510505676
89,12,0.3883223235607147,0.41696780920028687,-0.1711907982826233,0.9998838901519775
89,13,0.6530683636665344,0.5134578943252563,-0.4427430033683777,0.9929609894752502
89,14,0.35010063648223877,0.5043895840644836,-0.005673333071172237,0.8735240697860718
89,15,0.645946204662323,0.6046956181526184,-0.47219419479370117,0.974377453327179
89,16,0.31638211011886597,0.5759398341178894,-0.13113521039485931,0.8947152495384216
89,17,0.6469336748123169,0.6334341168403625,-0.522196352481842,0.9507480263710022
89,18,0.3111940920352936,0.6025947332382202,-0.17145313322544098,0.8484927415847778
89,19,0.6321427226066589,0.6325277090072632,-0.5706358551979065,0.9504127502441406
89,20,0.3075127601623535,0.6003767848014832,-0.23663243651390076,0.8541592955589294
89,21,0.6282235383987427,0.6224421858787537,-0.4871123433113098,0.9378836154937744
89,22,0.3231417238712311,0.5918687582015991,-0.16319164633750916,0.8423402309417725
89,23,0.5447312593460083,0.5981117486953735,-0.09214150905609131,0.9998519420623779
89,24,0.4307067394256592,0.5893949270248413,0.09196805953979492,0.9997526407241821
89,25,0.5460367202758789,0.7133773565292358,0.030366158112883568,0.9945622682571411
89,26,0.4159693121910095,0.6914941668510437,0.4289151132106781,0.9835079312324524
89,27,0.544108510017395,0.8134512901306152,0.4183758497238159,0.9941951632499695
89,28,0.4565105438232422,0.7679048776626587,0.8710357546806335,0.9802488684654236
89,29,0.5479568243026733,0.8237969279289246,0.44332411885261536,0.9339902997016907
89,30,0.4750972390174866,0.7768340110778809,0.9158770442008972,0.9182835221290588
89,31,0.518271267414093,0.8572620153427124,0.22562465071678162,0.9889070987701416
89,32,0.38273170590400696,0.801097571849823,0.8066492676734924,0.9799746870994568
