frame,landmark_id,x,y,z,visibility
1,0,0.4940250515937805,0.39573216438293457,-0.17987023293972015,0.9999837875366211
1,1,0.49450331926345825,0.38457873463630676,-0.17193807661533356,0.9999374151229858
1,2,0.4961339831352234,0.3847959637641907,-0.1719232052564621,0.9999172687530518
1,3,0.4976864457130432,0.38509657979011536,-0.1719004362821579,0.9999037981033325
1,4,0.48878997564315796,0.3844633400440216,-0.1779862642288208,0.9999635219573975
1,5,0.4860168397426605,0.3847671449184418,-0.17801252007484436,0.9999630451202393
1,6,0.48278504610061646,0.3851411044597626,-0.17803682386875153,0.999962329864502
1,7,0.49705228209495544,0.3906599283218384,-0.11125966161489487,0.9997627139091492
1,8,0.4749694764614105,0.39263370633125305,-0.14131495356559753,0.9999595880508423
1,9,0.49692314863204956,0.4084884524345398,-0.15559828281402588,0.9999805688858032
1,10,0.48939618468284607,0.40888023376464844,-0.16409894824028015,0.9999908208847046
1,11,0.5182623863220215,0.4613878130912781,-0.056927043944597244,0.9999591112136841
1,12,0.45127207040786743,0.46690839529037476,-0.11611948907375336,0.999985933303833
1,13,0.528344452381134,0.5435811281204224,-0.011722509749233723,0.9682213664054871
1,14,0.4412786066532135,0.5632238984107971,-0.10347893089056015,0.9938566088676453
1,15,0.5296071767807007,0.6176934242248535,-0.050241030752658844,0.9811088442802429
1,16,0.44275036454200745,0.6384603977203369,-0.12625926733016968,0.9762253761291504
1,17,0.5315147638320923,0.6411985754966736,-0.06264274567365646,0.9669925570487976
1,18,0.44058436155319214,0.6643068194389343,-0.14027981460094452,0.956963837146759
1,19,0.5256341695785522,0.6388283371925354,-0.08064152300357819,0.9685491323471069
1,20,0.448035329580307,0.6618191599845886,-0.1567372977733612,0.9583339095115662
1,21,0.5233978629112244,0.6313148736953735,-0.057691194117069244,0.9652700424194336
1,22,0.4506300985813141,0.6530758738517761,-0.13277676701545715,0.9512101411819458
1,23,0.5060922503471375,0.6322740316390991,0.022998375818133354,0.9998652935028076
1,24,0.4700619578361511,0.6339551210403442,-0.023097550496459007,0.9999594688415527
1,25,0.503216564655304,0.7406272292137146,0.09569664299488068,0.9866743683815002
1,26,0.46153536438941956,0.7476179599761963,-0.010037570260465145,0.9980425834655762
1,27,0.49403420090675354,0.8315733075141907,0.21382617950439453,0.9917634725570679
1,28,0.45625266432762146,0.8554036617279053,0.0622049942612648,0.9974660873413086
1,29,0.4865776002407074,0.8484805822372437,0.22243693470954895,0.9716761112213135
1,30,0.4581748843193054,0.867701530456543,0.06579968333244324,0.9574152231216431
1,31,0.5150513648986816,0.8631089329719543,0.17923691868782043,0.9895079135894775
1,32,0.4544748365879059,0.9033751487731934,0.00024487386690452695,0.9937084913253784
2,0,0.49418362975120544,0.39588624238967896,-0.20115633308887482,0.9999843835830688
2,1,0.49468427896499634,0.3846859335899353,-0.1930655986070633,0.9999399781227112
2,2,0.49627894163131714,0.38485056161880493,-0.19302992522716522,0.9999210834503174
2,3,0.49779900908470154,0.3851086497306824,-0.19298386573791504,0.9999078512191772
2,4,0.4889228940010071,0.3847309648990631,-0.19964924454689026,0.9999647736549377
2,5,0.4860612452030182,0.3850654661655426,-0.19967274367809296,0.9999642968177795
2,6,0.4828432500362396,0.3854548931121826,-0.19968345761299133,0.9999634027481079
2,7,0.49705591797828674,0.39069876074790955,-0.12532155215740204,0.9997736811637878
2,8,0.4749813973903656,0.392747163772583,-0.15835823118686676,0.9999608993530273
2,9,0.4969920516014099,0.4087935984134674,-0.17377926409244537,0.999981164932251
2,10,0.4896380305290222,0.40950119495391846,-0.18309733271598816,0.9999910593032837
2,11,0.5182614326477051,0.46126124262809753,-0.06491593271493912,0.9999610185623169
2,12,0.45146140456199646,0.46582213044166565,-0.12637361884117126,0.9999866485595703
2,13,0.5283843278884888,0.5435202121734619,-0.017481859773397446,0.9688284397125244
2,14,0.4412800371646881,0.5622033476829529,-0.11343979835510254,0.9941209554672241
2,15,0.5288143754005432,0.6180790662765503,-0.0680045560002327,0.9817699193954468
2,16,0.44276267290115356,0.6382337212562561,-0.14080210030078888,0.977119505405426
2,17,0.5301956534385681,0.642062783241272,-0.08329053223133087,0.968069851398468
2,18,0.4407079815864563,0.6643120050430298,-0.1577087938785553,0.9583497643470764
2,19,0.5249539017677307,0.6395741105079651,-0.10450734943151474,0.9695450067520142
2,20,0.44799965620040894,0.6621173024177551,-0.17484137415885925,0.9596415758132935
2,21,0.5228509306907654,0.6322786808013916,-0.07706799358129501,0.9662050604820251
2,22,0.4503483772277832,0.6534736156463623,-0.14784447848796844,0.9526951313018799
2,23,0.505996823310852,0.6334524154663086,0.023059485480189323,0.9998660087585449
2,24,0.46987301111221313,0.6353029012680054,-0.02315414883196354,0.999960720539093
2,25,0.5031233429908752,0.7406335473060608,0.12193570286035538,0.9870710372924805
2,26,0.461500346660614,0.7475852966308594,-0.002733526285737753,0.9981011152267456
2,27,0.49410367012023926,0.8315707445144653,0.25130996108055115,0.9920029044151306
2,28,0.4562881886959076,0.8553627729415894,0.07352741807699203,0.9975050687789917
2,29,0.4866426885128021,0.8484257459640503,0.2611067593097687,0.9721618294715881
2,30,0.4583471417427063,0.8677471876144409,0.077248714864254,0.9578614830970764
2,31,0.51505047082901,0.863210141658783,0.2143925130367279,0.989802896976471
2,32,0.4545505940914154,0.9032261967658997,0.006851167418062687,0.993790864944458
3,0,0.49417105317115784,0.395874947309494,-0.19522082805633545,0.9999852776527405
3,1,0.4946764409542084,0.38467127084732056,-0.18722468614578247,0.9999436140060425
3,2,0.4962735176086426,0.38482174277305603,-0.1871931105852127,0.9999262094497681
3,3,0.4977906346321106,0.3850555419921875,-0.1871509701013565,0.9999136328697205
3,4,0.4889126420021057,0.3847227394580841,-0.19333508610725403,0.9999666213989258
3,5,0.4860588014125824,0.3850584328174591,-0.19335877895355225,0.9999662041664124
3,6,0.48283347487449646,0.38545456528663635,-0.1933729499578476,0.9999651908874512
3,7,0.49705368280410767,0.3906858265399933,-0.12213877588510513,0.9997889995574951
3,8,0.47498124837875366,0.3927481770515442,-0.15608948469161987,0.9999628067016602
3,9,0.4969467222690582,0.4088515043258667,-0.16910281777381897,0.9999821782112122
3,10,0.48963800072669983,0.40968772768974304,-0.1778581738471985,0.9999914765357971
3,11,0.5184136629104614,0.46124306321144104,-0.06466029584407806,0.9999629855155945
3,12,0.45201295614242554,0.4638918936252594,-0.12451714277267456,0.9999871253967285
3,13,0.528488278388977,0.5442364811897278,-0.020882463082671165,0.9699233770370483
3,14,0.44138041138648987,0.5612850189208984,-0.11283097416162491,0.9943795800209045
3,15,0.5288083553314209,0.6181660890579224,-0.07439397275447845,0.9827794432640076
3,16,0.4430178105831146,0.6376386284828186,-0.13752058148384094,0.978194534778595
3,17,0.5300687551498413,0.6422538757324219,-0.09068772941827774,0.9697490334510803
3,18,0.44098415970802307,0.6642885208129883,-0.15371018648147583,0.9600699543952942
3,19,0.5248212218284607,0.6396162509918213,-0.11181394010782242,0.9711366295814514
3,20,0.44801396131515503,0.6621062159538269,-0.1704641878604889,0.9612759351730347
3,21,0.5227454900741577,0.6323010921478271,-0.08360084146261215,0.9678268432617188
3,22,0.4503491520881653,0.6534985303878784,-0.1444089710712433,0.9546746611595154
3,23,0.5059259533882141,0.6356652975082397,0.02212480641901493,0.9998667240142822
3,24,0.4695548117160797,0.6374132633209229,-0.022206153720617294,0.9999609589576721
3,25,0.502799928188324,0.7408653497695923,0.11356683075428009,0.9875056147575378
3,26,0.46140632033348083,0.7475623488426208,0.012309669516980648,0.9981120228767395
3,27,0.49410781264305115,0.831917405128479,0.23799271881580353,0.9921733140945435
3,28,0.45617514848709106,0.8553876876831055,0.09381314367055893,0.9974498152732849
3,29,0.48682403564453125,0.8482786417007446,0.24724829196929932,0.9724085927009583
3,30,0.4579355716705322,0.8677769899368286,0.09840498119592667,0.9573813080787659
3,31,0.5150328874588013,0.8635717034339905,0.20441901683807373,0.9899501800537109
3,32,0.4548271596431732,0.9023172855377197,0.032275088131427765,0.9936238527297974
4,0,0.4940522313117981,0.39574170112609863,-0.19632843136787415,0.999985933303833
4,1,0.494645357131958,0.38463371992111206,-0.18845605850219727,0.9999461770057678
4,2,0.4962491989135742,0.3847932517528534,-0.18841564655303955,0.9999299645423889
4,3,0.497774600982666,0.3850291073322296,-0.18836358189582825,0.9999178647994995
4,4,0.4888509213924408,0.3846157193183899,-0.1939145028591156,0.9999678134918213
4,5,0.48600292205810547,0.38492557406425476,-0.19393546879291534,0.9999674558639526
4,6,0.4827534258365631,0.38532841205596924,-0.19394199550151825,0.9999663829803467
4,7,0.49706023931503296,0.3906747102737427,-0.12358929961919785,0.9998003244400024
4,8,0.47497910261154175,0.39260682463645935,-0.15322750806808472,0.9999638795852661
4,9,0.4967344403266907,0.40885040163993835,-0.17032262682914734,0.9999828338623047
4,10,0.48949041962623596,0.40968403220176697,-0.17812150716781616,0.9999917149543762
4,11,0.5184465050697327,0.4609299898147583,-0.06695832312107086,0.9999642968177795
4,12,0.452371209859848,0.4627601206302643,-0.12322504818439484,0.9999872446060181
4,13,0.5288422703742981,0.5440537333488464,-0.02238892763853073,0.9712112545967102
4,14,0.4416062831878662,0.5611794590950012,-0.11131419241428375,0.9946039319038391
4,15,0.528830885887146,0.6182219386100769,-0.0748479813337326,0.9837958216667175
4,16,0.4435768723487854,0.6378051042556763,-0.13634350895881653,0.9792270064353943
4,17,0.5300885438919067,0.6422761082649231,-0.09088309109210968,0.9713940024375916
4,18,0.4418790340423584,0.6648795008659363,-0.15268877148628235,0.96171635389328
4,19,0.5248240828514099,0.6396150588989258,-0.11185704171657562,0.9727033376693726
4,20,0.44867777824401855,0.662651777267456,-0.16914093494415283,0.9628275036811829
4,21,0.5227482318878174,0.6322967410087585,-0.08396418392658234,0.9694414138793945
4,22,0.4508047103881836,0.6543920040130615,-0.14315077662467957,0.9565227627754211
4,23,0.5058674812316895,0.636970579624176,0.02151327393949032,0.9998657703399658
4,24,0.4692978262901306,0.6385149359703064,-0.02159866876900196,0.9999597072601318
4,25,0.5022426843643188,0.7420805096626282,0.11055419594049454,0.9877915978431702
4,26,0.46136197447776794,0.747610330581665,0.024591706693172455,0.9980862736701965
4,27,0.4941115379333496,0.8322609663009644,0.2323959618806839,0.9921903610229492
4,28,0.4559946060180664,0.8554982542991638,0.11693695932626724,0.9973265528678894
4,29,0.4870970845222473,0.8483126163482666,0.2414066344499588,0.972247302532196
4,30,0.4572739601135254,0.8676855564117432,0.12289191782474518,0.9563207030296326
4,31,0.514986515045166,0.8640264868736267,0.20102493464946747,0.9899445176124573
4,32,0.4552150368690491,0.9022767543792725,0.057629138231277466,0.9933011531829834
5,0,0.4941985607147217,0.3961515724658966,-0.19616630673408508,0.9999863505363464
5,1,0.4946916699409485,0.38497430086135864,-0.18894053995609283,0.9999479055404663
5,2,0.4962600767612457,0.3851200044155121,-0.18890076875686646,0.9999328851699829
5,3,0.4977736473083496,0.385306179523468,-0.188849538564682,0.9999212026596069
5,4,0.4890616834163666,0.3851184844970703,-0.19412565231323242,0.999968409538269
5,5,0.48627549409866333,0.38546040654182434,-0.1941451132297516,0.9999681115150452
5,6,0.48307567834854126,0.3859484791755676,-0.19414827227592468,0.9999668598175049
5,7,0.4970415234565735,0.39092394709587097,-0.12531331181526184,0.999810516834259
5,8,0.4751648008823395,0.39331677556037903,-0.152431458234787,0.9999642372131348
5,9,0.49676913022994995,0.4095308184623718,-0.1703483760356903,0.9999833106994629
5,10,0.48979610204696655,0.41035401821136475,-0.17774005234241486,0.999991774559021
5,11,0.5187347531318665,0.4605848491191864,-0.07057153433561325,0.9999660849571228
5,12,0.4528232514858246,0.46255210041999817,-0.12226058542728424,0.9999872446060181
5,13,0.5292006134986877,0.5440148115158081,-0.02609492838382721,0.9727275967597961
5,14,0.441892147064209,0.5611826777458191,-0.10603352636098862,0.9948348999023438
5,15,0.5288766622543335,0.6182532906532288,-0.07755811512470245,0.9848169684410095
5,16,0.4439583718776703,0.6378234624862671,-0.13074757158756256,0.980194091796875
5,17,0.5300953984260559,0.6424081921577454,-0.09364248812198639,0.9730357527732849
5,18,0.4423041343688965,0.6650303602218628,-0.1469821035861969,0.9631984829902649
5,19,0.5248335599899292,0.6396318078041077,-0.11439639329910278,0.9742708802223206
5,20,0.44883185625076294,0.6627766489982605,-0.16340580582618713,0.9642342329025269
5,21,0.5227657556533813,0.632292628288269,-0.08652222156524658,0.9710824489593506
5,22,0.45091089606285095,0.654655396938324,-0.13766196370124817,0.9582207202911377
5,23,0.5058704614639282,0.6375153660774231,0.019620465114712715,0.9998639225959778
5,24,0.4691998362541199,0.6390058994293213,-0.01969682052731514,0.9999576807022095
5,25,0.5022037029266357,0.7425784468650818,0.10343992710113525,0.9880483150482178
5,26,0.46133390069007874,0.7476860284805298,0.025754639878869057,0.9980292916297913
5,27,0.4941120743751526,0.8328253626823425,0.2145102322101593,0.9921635389328003
5,28,0.4557468891143799,0.855977475643158,0.11599370092153549,0.9971584677696228
5,29,0.48730531334877014,0.8486964106559753,0.22283847630023956,0.9717956781387329
5,30,0.4568605422973633,0.8678560256958008,0.12170641124248505,0.954655647277832
5,31,0.5149593949317932,0.8653759360313416,0.1757955700159073,0.989901602268219
5,32,0.4554809629917145,0.9022732377052307,0.0568823404610157,0.9929128289222717
6,0,0.4941879212856293,0.3977988362312317,-0.19601531326770782,0.999987006187439
6,1,0.49467501044273376,0.3860454559326172,-0.18874576687812805,0.9999503493309021
6,2,0.496245801448822,0.38615429401397705,-0.18870733678340912,0.9999365210533142
6,3,0.4977640211582184,0.38632962107658386,-0.18865671753883362,0.9999253153800964
6,4,0.48905619978904724,0.3862040340900421,-0.19356274604797363,0.9999695420265198
6,5,0.4862695336341858,0.38648152351379395,-0.1935802400112152,0.9999693036079407
6,6,0.4830749034881592,0.3869585394859314,-0.19357988238334656,0.9999678730964661
6,7,0.49705618619918823,0.39156052470207214,-0.12442158162593842,0.9998217225074768
6,8,0.47529497742652893,0.3939797282218933,-0.15224210917949677,0.9999653100967407
6,9,0.49675363302230835,0.41097259521484375,-0.16988441348075867,0.9999839663505554
6,10,0.48979488015174866,0.4115746319293976,-0.1768806278705597,0.9999920129776001
6,11,0.5189570784568787,0.4605366289615631,-0.06900108605623245,0.9999679327011108
6,12,0.4533750116825104,0.4623926281929016,-0.11775152385234833,0.9999874830245972
6,13,0.529630184173584,0.5442870855331421,-0.024374937638640404,0.9741403460502625
6,14,0.44205498695373535,0.5610744953155518,-0.10160740464925766,0.9950408935546875
6,15,0.5296052098274231,0.6183343529701233,-0.075301393866539,0.9857937097549438
6,16,0.44414225220680237,0.6375899314880371,-0.1300305426120758,0.9811357855796814
6,17,0.5306004285812378,0.6425765752792358,-0.09147120267152786,0.9746219515800476
6,18,0.44245871901512146,0.6646865606307983,-0.14673250913619995,0.964699387550354
6,19,0.5251582860946655,0.6396340727806091,-0.11242209374904633,0.9757847785949707
6,20,0.4488270878791809,0.6624533534049988,-0.16331587731838226,0.9656639099121094
6,21,0.523097574710846,0.6322866678237915,-0.08433881402015686,0.9726689457893372
6,22,0.4509102404117584,0.6545401215553284,-0.137111097574234,0.9599136114120483
6,23,0.5059075355529785,0.6384761333465576,0.019008900970220566,0.9998645186424255
6,24,0.4691915512084961,0.6399641036987305,-0.019082369282841682,0.9999563694000244
6,25,0.5022388100624084,0.7428351640701294,0.10067520290613174,0.9883595108985901
6,26,0.46128639578819275,0.7477599382400513,0.027143528684973717,0.9980005025863647
6,27,0.4941142499446869,0.8331642150878906,0.21069078147411346,0.9921926259994507
6,28,0.45548877120018005,0.8561778664588928,0.11863718926906586,0.9970301389694214
6,29,0.4874812960624695,0.8490518927574158,0.21899254620075226,0.9717071056365967
6,30,0.45643362402915955,0.8678847551345825,0.12455437332391739,0.9534342288970947
6,31,0.5149627923965454,0.866072952747345,0.1706952303647995,0.9899150729179382
6,32,0.45565271377563477,0.9020801186561584,0.059660036116838455,0.9926137328147888
7,0,0.49386167526245117,0.3978557586669922,-0.18373271822929382,0.9999876618385315
7,1,0.49455103278160095,0.3861207365989685,-0.1765250861644745,0.9999529719352722
7,2,0.49615877866744995,0.38620805740356445,-0.1764812171459198,0.9999401569366455
7,3,0.49773821234703064,0.38636335730552673,-0.17642320692539215,0.9999294877052307
7,4,0.4888705313205719,0.38633760809898376,-0.18003995716571808,0.9999709725379944
7,5,0.4860208034515381,0.38670843839645386,-0.1800546944141388,0.9999708533287048
7,6,0.4829278588294983,0.3872232735157013,-0.18004624545574188,0.9999694228172302
7,7,0.4972689747810364,0.39159896969795227,-0.11480768769979477,0.9998324513435364
7,8,0.4753369688987732,0.39434731006622314,-0.13453882932662964,0.9999668598175049
7,9,0.49658292531967163,0.41123923659324646,-0.15892168879508972,0.9999846816062927
7,10,0.489522784948349,0.41188904643058777,-0.16409936547279358,0.999992311000824
7,11,0.5193276405334473,0.46053504943847656,-0.06393418461084366,0.9999690651893616
7,12,0.4540276527404785,0.46231809258461,-0.10647748410701752,0.9999878406524658
7,13,0.529938817024231,0.5443429946899414,-0.023975204676389694,0.9750822186470032
7,14,0.44210442900657654,0.560722291469574,-0.09351332485675812,0.9952301383018494
7,15,0.5297254323959351,0.6186606884002686,-0.07457014173269272,0.9865047931671143
7,16,0.4440891742706299,0.6370331645011902,-0.12130521237850189,0.981991708278656
7,17,0.5306040644645691,0.6429359316825867,-0.08981920778751373,0.9757719039916992
7,18,0.4424462914466858,0.6642520427703857,-0.13715067505836487,0.966061532497406
7,19,0.5251629948616028,0.6397880911827087,-0.11095146834850311,0.9768731594085693
7,20,0.4487433433532715,0.6620757579803467,-0.15259940922260284,0.9669585227966309
7,21,0.5231207013130188,0.6323896050453186,-0.08346743881702423,0.9737878441810608
7,22,0.45074525475502014,0.6543387770652771,-0.1279895007610321,0.9615083932876587
7,23,0.50597083568573,0.6385380029678345,0.018232662230730057,0.9998642206192017
7,24,0.4691920876502991,0.6400925517082214,-0.01830691657960415,0.9999558925628662
7,25,0.5021936297416687,0.7430463433265686,0.09621041268110275,0.9884333610534668
7,26,0.4612290859222412,0.7475674748420715,0.02422642707824707,0.9979438185691833
7,27,0.4940987527370453,0.8331620097160339,0.20076720416545868,0.9920609593391418
7,28,0.455122709274292,0.8562399744987488,0.10878114402294159,0.9968723654747009
7,29,0.48748865723609924,0.8491007685661316,0.2087024450302124,0.9711368083953857
7,30,0.45598745346069336,0.8681836724281311,0.11403214931488037,0.9519098401069641
7,31,0.514954149723053,0.8660507798194885,0.16395321488380432,0.9897324442863464
7,32,0.4557200074195862,0.9016863703727722,0.05139480158686638,0.9922328591346741
8,0,0.49377354979515076,0.3982270061969757,-0.19093671441078186,0.9999882578849792
8,1,0.4944879412651062,0.3864293098449707,-0.1834968626499176,0.9999556541442871
8,2,0.49609294533729553,0.38647398352622986,-0.18345370888710022,0.9999437928199768
8,3,0.4977015554904938,0.38660669326782227,-0.18339791893959045,0.999933660030365
8,4,0.4888097643852234,0.38671234250068665,-0.1860169768333435,0.9999724626541138
8,5,0.485954612493515,0.3871392607688904,-0.1860346794128418,0.9999723434448242
8,6,0.4829062819480896,0.38769209384918213,-0.1860262006521225,0.9999708533287048
8,7,0.49733877182006836,0.39170074462890625,-0.11970537900924683,0.999843418598175
8,8,0.4755032956600189,0.3947224020957947,-0.1368897557258606,0.999968409538269
8,9,0.4965268671512604,0.4116266071796417,-0.16545183956623077,0.99998539686203
8,10,0.489481121301651,0.4123096168041229,-0.1692270189523697,0.9999926090240479
8,11,0.5199432373046875,0.46040672063827515,-0.06860610097646713,0.9999706149101257
8,12,0.4545450210571289,0.46210211515426636,-0.10719019174575806,0.9999881982803345
8,13,0.5310697555541992,0.5444085001945496,-0.0319843664765358,0.9764294624328613
8,14,0.4415505528450012,0.5590466260910034,-0.0951068177819252,0.9953629374504089
8,15,0.5297161936759949,0.6189316511154175,-0.0845547467470169,0.9872923493385315
8,16,0.4439619481563568,0.6338378190994263,-0.12360938638448715,0.9823748469352722
8,17,0.5300154089927673,0.6432493925094604,-0.10137579590082169,0.977020800113678
8,18,0.4424339234828949,0.661292314529419,-0.13974149525165558,0.9664641618728638
8,19,0.5247632265090942,0.6397669315338135,-0.12150551378726959,0.978063702583313
8,20,0.4487397074699402,0.6588520407676697,-0.15504656732082367,0.9673363566398621
8,21,0.5229856371879578,0.6323269605636597,-0.09311477839946747,0.9750266671180725
8,22,0.45073753595352173,0.6512643694877625,-0.1303347945213318,0.9620973467826843
8,23,0.5061621069908142,0.6384665369987488,0.01749521866440773,0.9998620748519897
8,24,0.46931028366088867,0.6398576498031616,-0.017552737146615982,0.9999558925628662
8,25,0.502201497554779,0.7431311011314392,0.09177447855472565,0.988328218460083
8,26,0.4612274765968323,0.7474310398101807,0.009741728194057941,0.9978814125061035
8,27,0.49408063292503357,0.8337908983230591,0.19634053111076355,0.9919312000274658
8,28,0.4550800323486328,0.8565011620521545,0.07796463370323181,0.9967532753944397
8,29,0.4874139726161957,0.8497207760810852,0.2038540095090866,0.9707421064376831
8,30,0.4559156894683838,0.8687226176261902,0.08122574537992477,0.9505665302276611
8,31,0.5149697065353394,0.8667296767234802,0.15676289796829224,0.9895117282867432
8,32,0.45593714714050293,0.9025707840919495,0.014870023354887962,0.9919409155845642
9,0,0.49370598793029785,0.3993912935256958,-0.20160074532032013,0.9999882578849792
9,1,0.4944430887699127,0.3871588706970215,-0.19336208701133728,0.9999566674232483
9,2,0.4960446357727051,0.38713538646698,-0.19332455098628998,0.9999454617500305
9,3,0.497673898935318,0.387215256690979,-0.19327710568904877,0.999935507774353
9,4,0.4887062609195709,0.38765475153923035,-0.1962667554616928,0.9999727606773376
9,5,0.48581185936927795,0.38815417885780334,-0.19628748297691345,0.9999725818634033
9,6,0.48285016417503357,0.3888266980648041,-0.19628319144248962,0.9999710321426392
9,7,0.4974672198295593,0.3920767903327942,-0.1255621612071991,0.9998494982719421
9,8,0.47569575905799866,0.3956727385520935,-0.14084693789482117,0.9999687671661377
9,9,0.49650081992149353,0.412604957818985,-0.17461036145687103,0.99998539686203
9,10,0.489448219537735,0.41347119212150574,-0.1788833737373352,0.9999925494194031
9,11,0.520887017250061,0.4602811634540558,-0.07053785026073456,0.9999712109565735
9,12,0.4554230272769928,0.4619186520576477,-0.10718490183353424,0.9999882578849792
9,13,0.5327737927436829,0.5434843897819519,-0.03115660510957241,0.9771435260772705
9,14,0.43803709745407104,0.5487472414970398,-0.092892125248909,0.9954134225845337
9,15,0.5284672379493713,0.6175445318222046,-0.08409010618925095,0.9875598549842834
9,16,0.4439585208892822,0.6252016425132751,-0.12426356226205826,0.9820234179496765
9,17,0.526797890663147,0.6419501900672913,-0.10102295875549316,0.9773251414299011
9,18,0.44282594323158264,0.6527448892593384,-0.14024879038333893,0.9653823971748352
9,19,0.5226031541824341,0.6373265385627747,-0.12073446810245514,0.9783118367195129
9,20,0.4489733576774597,0.648491382598877,-0.1558595597743988,0.9661866426467896
9,21,0.5216149091720581,0.6296218037605286,-0.09233396500349045,0.9750803709030151
9,22,0.4509004056453705,0.6393172144889832,-0.13105639815330505,0.960849404335022
9,23,0.5064259767532349,0.637651801109314,0.01742875762283802,0.9998552203178406
9,24,0.4697924256324768,0.6386533379554749,-0.01748196966946125,0.9999550580978394
9,25,0.5022042989730835,0.7428283095359802,0.09000915288925171,0.9881513118743896
9,26,0.46129685640335083,0.7466699481010437,-0.010130139999091625,0.9978213906288147
9,27,0.49401697516441345,0.8338726758956909,0.19728364050388336,0.9917870759963989
9,28,0.45505666732788086,0.8565168380737305,0.05604087561368942,0.9966375231742859
9,29,0.48701995611190796,0.8497297763824463,0.20469608902931213,0.9700407981872559
9,30,0.45593246817588806,0.8687312006950378,0.058812547475099564,0.9487493634223938
9,31,0.5150696039199829,0.8667504191398621,0.15339693427085876,0.9892162680625916
9,32,0.45596081018447876,0.9028071165084839,-0.013737773522734642,0.9917223453521729
10,0,0.49377384781837463,0.40061187744140625,-0.2267593890428543,0.9999875426292419
10,1,0.49445658922195435,0.38828879594802856,-0.2169659435749054,0.9999560713768005
10,2,0.4960469603538513,0.3881572186946869,-0.21693961322307587,0.999945342540741
10,3,0.4976719319820404,0.38814035058021545,-0.2169005423784256,0.9999352097511292
10,4,0.4887278974056244,0.3892201781272888,-0.21965456008911133,0.9999718070030212
10,5,0.48582300543785095,0.3898553252220154,-0.21968281269073486,0.999971330165863
10,6,0.4829651713371277,0.3905879557132721,-0.21968722343444824,0.9999696016311646
10,7,0.49756962060928345,0.39282387495040894,-0.1407090574502945,0.9998513460159302
10,8,0.47597813606262207,0.3973042666912079,-0.15476098656654358,0.9999667406082153
10,9,0.49661654233932495,0.41382110118865967,-0.19674907624721527,0.9999842643737793
10,10,0.4896238446235657,0.4148612916469574,-0.20078091323375702,0.9999918341636658
10,11,0.5214239954948425,0.46027305722236633,-0.08107508718967438,0.9999711513519287
10,12,0.4564761221408844,0.4620494544506073,-0.10815200954675674,0.9999873638153076
10,13,0.534866213798523,0.5416300892829895,-0.04751065373420715,0.9780749678611755
10,14,0.43535828590393066,0.5428250432014465,-0.09384892135858536,0.9952439665794373
10,15,0.5268887877464294,0.6144241094589233,-0.11386090517044067,0.9876923561096191
10,16,0.44395408034324646,0.6189622282981873,-0.13864025473594666,0.9800863265991211
10,17,0.5242223143577576,0.6385214328765869,-0.1342519223690033,0.9772608876228333
10,18,0.44361716508865356,0.6453887224197388,-0.157772034406662,0.9612593054771423
10,19,0.5199365615844727,0.6333819031715393,-0.15470246970653534,0.978188693523407
10,20,0.4496069550514221,0.6404445767402649,-0.17381501197814941,0.9620684385299683
10,21,0.5193679928779602,0.6254175305366516,-0.12247230112552643,0.9745775461196899
10,22,0.45105093717575073,0.6317475438117981,-0.1456582248210907,0.9560655951499939
10,23,0.5065882205963135,0.6373740434646606,0.016833050176501274,0.9998354911804199
10,24,0.4701029360294342,0.6373406052589417,-0.016864914447069168,0.9999517202377319
10,25,0.5022543668746948,0.7419455647468567,0.09133120626211166,0.9876824617385864
10,26,0.4613037705421448,0.7455532550811768,-0.02419179305434227,0.997774064540863
10,27,0.4939875602722168,0.8338745832443237,0.20615360140800476,0.9913979172706604
10,28,0.4550958573818207,0.8564205765724182,0.045060716569423676,0.9965255856513977
10,29,0.4868548810482025,0.8496178388595581,0.21356916427612305,0.9685456156730652
10,30,0.45594844222068787,0.8686033487319946,0.04765390604734421,0.9468738436698914
10,31,0.5150550603866577,0.866725504398346,0.15797123312950134,0.9886349439620972
10,32,0.4558796286582947,0.9024949073791504,-0.0348515585064888,0.991507351398468
11,0,0.494101345539093,0.40486788749694824,-0.18770001828670502,0.9999867677688599
11,1,0.49462375044822693,0.39193397760391235,-0.17929522693157196,0.9999551177024841
11,2,0.4961637854576111,0.39147183299064636,-0.17925934493541718,0.9999445080757141
11,3,0.4977545142173767,0.39113494753837585,-0.1792292296886444,0.9999343752861023
11,4,0.4889286458492279,0.39350128173828125,-0.1810271143913269,0.9999716281890869
11,5,0.48607128858566284,0.3942340314388275,-0.18104484677314758,0.9999712109565735
11,6,0.4833521246910095,0.3948943614959717,-0.18102474510669708,0.9999697208404541
11,7,0.49790817499160767,0.39525794982910156,-0.11421050876379013,0.999849796295166
11,8,0.47631779313087463,0.4013315439224243,-0.12543140351772308,0.9999668002128601
11,9,0.4970244765281677,0.4172859191894531,-0.16207894682884216,0.9999831318855286
11,10,0.4901106357574463,0.4183926582336426,-0.1648235023021698,0.9999915361404419
11,11,0.5229078531265259,0.46027427911758423,-0.06528834998607635,0.9999711513519287
11,12,0.456939160823822,0.46433284878730774,-0.08293855935335159,0.9999873042106628
11,13,0.5400820970535278,0.5310717821121216,-0.030206110328435898,0.9792674779891968
11,14,0.42793235182762146,0.5305526852607727,-0.06823372095823288,0.9954041838645935
11,15,0.5255163311958313,0.6014578342437744,-0.07060926407575607,0.9877059459686279
11,16,0.44384121894836426,0.6047895550727844,-0.10095153003931046,0.9786759614944458
11,17,0.5221808552742004,0.6234009861946106,-0.08725006878376007,0.9768238663673401
11,18,0.44572073221206665,0.6284811496734619,-0.1137278825044632,0.9572070837020874
11,19,0.5172505378723145,0.6170600652694702,-0.09803961217403412,0.9776906371116638
11,20,0.45088404417037964,0.6210989356040955,-0.12316970527172089,0.9578081369400024
11,21,0.5168867707252502,0.6104386448860168,-0.07422149926424026,0.9735528230667114
11,22,0.4512662887573242,0.6141268610954285,-0.1043451577425003,0.9511128664016724
11,23,0.507331907749176,0.6363136768341064,0.015803975984454155,0.9998229742050171
11,24,0.4709767699241638,0.6333181262016296,-0.015844186767935753,0.9999504685401917
11,25,0.5025709271430969,0.7413533329963684,0.06874184310436249,0.9863811135292053
11,26,0.46169859170913696,0.7370055913925171,-0.054517049342393875,0.9974732398986816
11,27,0.493987500667572,0.8355445265769958,0.15848350524902344,0.9908710718154907
11,28,0.4554275870323181,0.8532329201698303,-0.019687315449118614,0.9962189793586731
11,29,0.48681244254112244,0.8516060709953308,0.1642492562532425,0.9674380421638489
11,30,0.45698976516723633,0.8661600947380066,-0.019763430580496788,0.9435839653015137
11,31,0.5150600671768188,0.8668429851531982,0.11588434875011444,0.9876726865768433
11,32,0.4558273255825043,0.8956782817840576,-0.09081432223320007,0.9909002184867859
12,0,0.49483245611190796,0.41035839915275574,-0.18978169560432434,0.9999846816062927
12,1,0.495088666677475,0.39709028601646423,-0.17956824600696564,0.9999494552612305
12,2,0.4964637756347656,0.39644479751586914,-0.1795337051153183,0.9999375939369202
12,3,0.4979410767555237,0.39585745334625244,-0.17947109043598175,0.999926745891571
12,4,0.4897131323814392,0.39864581823349,-0.18450818955898285,0.9999693036079407
12,5,0.486829936504364,0.39908355474472046,-0.18453654646873474,0.9999690055847168
12,6,0.48438161611557007,0.3996671438217163,-0.18449299037456512,0.9999678134918213
12,7,0.498039186000824,0.3990839123725891,-0.11519213765859604,0.9998326301574707
12,8,0.4769311547279358,0.4056004285812378,-0.13332869112491608,0.999965250492096
12,9,0.49749723076820374,0.42177271842956543,-0.16314160823822021,0.9999792575836182
12,10,0.4909484386444092,0.4227210283279419,-0.16794103384017944,0.9999901652336121
12,11,0.5227987170219421,0.45994555950164795,-0.05838194489479065,0.999971330165863
12,12,0.4568282961845398,0.4683115780353546,-0.09246320277452469,0.9999871253967285
12,13,0.5455102324485779,0.5180081725120544,-0.008448584005236626,0.9805527925491333
12,14,0.42323222756385803,0.5245241522789001,-0.07819722592830658,0.9956669211387634
12,15,0.5251595377922058,0.5832568407058716,-0.04543184116482735,0.9879333972930908
12,16,0.44331759214401245,0.5927162170410156,-0.11065609753131866,0.9786638617515564
12,17,0.5215917825698853,0.6049637198448181,-0.060027044266462326,0.9764595031738281
12,18,0.4471031129360199,0.613032341003418,-0.12475782632827759,0.9554884433746338
12,19,0.5162609815597534,0.5990471243858337,-0.07196827232837677,0.9773051738739014
12,20,0.45180240273475647,0.6058366894721985,-0.13512274622917175,0.9558066725730896
12,21,0.5161086916923523,0.5926187634468079,-0.049600791186094284,0.9726664423942566
12,22,0.4514924883842468,0.5994322299957275,-0.11466185748577118,0.9480405449867249
12,23,0.5081671476364136,0.6331391930580139,0.01743977516889572,0.9998061656951904
12,24,0.4719487726688385,0.6304944157600403,-0.017476264387369156,0.9999467134475708
12,25,0.5042634606361389,0.7395188808441162,0.06942082941532135,0.9844150543212891
12,26,0.46193403005599976,0.7314103245735168,-0.0735739916563034,0.9971163272857666
12,27,0.4940257966518402,0.8356063961982727,0.16225463151931763,0.9899368286132812
12,28,0.456167608499527,0.8445636034011841,-0.025074172765016556,0.9958721399307251
12,29,0.48679113388061523,0.852069616317749,0.16811993718147278,0.9660552740097046
12,30,0.4582584798336029,0.8572914004325867,-0.023796724155545235,0.94105464220047
12,31,0.5151064991950989,0.8655455708503723,0.11663540452718735,0.9865232706069946
12,32,0.4559263288974762,0.8866063356399536,-0.098590187728405,0.9904230833053589
13,0,0.4948336184024811,0.412206768989563,-0.1678122580051422,0.9999798536300659
13,1,0.4951116442680359,0.399122416973114,-0.15947668254375458,0.9999359250068665
13,2,0.4964981973171234,0.3985050320625305,-0.15944001078605652,0.9999198317527771
13,3,0.49797457456588745,0.39791339635849,-0.15941913425922394,0.999909520149231
13,4,0.48973870277404785,0.40070194005966187,-0.16416287422180176,0.999963104724884
13,5,0.48685985803604126,0.40108954906463623,-0.16418923437595367,0.9999631643295288
13,6,0.4843663275241852,0.4017757475376129,-0.16417843103408813,0.9999632835388184
13,7,0.49814191460609436,0.4015645384788513,-0.0975266695022583,0.9997894763946533
13,8,0.4769585132598877,0.40796351432800293,-0.12014440447092056,0.9999600648880005
13,9,0.4975755214691162,0.4235477149486542,-0.14281314611434937,0.9999716877937317
13,10,0.4910008907318115,0.42466166615486145,-0.14911243319511414,0.9999873042106628
13,11,0.5228592157363892,0.45997074246406555,-0.04723406210541725,0.9999687671661377
13,12,0.4567943215370178,0.4701361060142517,-0.08438344299793243,0.9999860525131226
13,13,0.5484002828598022,0.514507532119751,-0.003348172875121236,0.9810027480125427
13,14,0.42104822397232056,0.5208345651626587,-0.07273050397634506,0.995782732963562
13,15,0.5246795415878296,0.5780644416809082,-0.03131827712059021,0.9871358871459961
13,16,0.4423712193965912,0.5854809880256653,-0.09333191812038422,0.9770978093147278
13,17,0.5206153988838196,0.598575234413147,-0.04339275881648064,0.9741462469100952
13,18,0.4470013976097107,0.6062182784080505,-0.1039130836725235,0.9508204460144043
13,19,0.5152051448822021,0.592610239982605,-0.05110212042927742,0.9749113917350769
13,20,0.45178619027137756,0.600171685218811,-0.1097172275185585,0.9507013559341431
13,21,0.5153931379318237,0.5861801505088806,-0.033534444868564606,0.9691420793533325
13,22,0.45149025321006775,0.5935732126235962,-0.09473900496959686,0.941627025604248
13,23,0.5084284543991089,0.6329733729362488,0.0170959010720253,0.9997866749763489
13,24,0.4722779393196106,0.6306402683258057,-0.017143012955784798,0.9999428391456604
13,25,0.5052573680877686,0.7380080223083496,0.06252288818359375,0.9810992479324341
13,26,0.4625234603881836,0.7294849753379822,-0.06398853659629822,0.9964262843132019
13,27,0.49405980110168457,0.8345789313316345,0.14518144726753235,0.9883197546005249
13,28,0.4570256769657135,0.8385102152824402,-0.01823558285832405,0.9951351881027222
13,29,0.48622456192970276,0.8513771295547485,0.1508261263370514,0.9623765349388123
13,30,0.4589456617832184,0.8507215976715088,-0.016671791672706604,0.9360917806625366
13,31,0.5150545835494995,0.8644082546234131,0.1075429692864418,0.984511137008667
13,32,0.45647066831588745,0.8804407119750977,-0.07911276072263718,0.9892913699150085
14,0,0.49496522545814514,0.41236478090286255,-0.17357783019542694,0.9999701976776123
14,1,0.49520355463027954,0.3996802568435669,-0.16333049535751343,0.9998988509178162
14,2,0.4965955317020416,0.3992988169193268,-0.163311168551445,0.9998778104782104
14,3,0.4980551302433014,0.3989345133304596,-0.16329912841320038,0.9998636841773987
14,4,0.4898254871368408,0.4008602201938629,-0.1694679707288742,0.9999465942382812
14,5,0.4869617521762848,0.4012691378593445,-0.16950693726539612,0.9999489188194275
14,6,0.4843764305114746,0.4018418490886688,-0.1695118397474289,0.999950647354126
14,7,0.4982387125492096,0.4027942717075348,-0.09386704862117767,0.9996742606163025
14,8,0.4770200252532959,0.4081692099571228,-0.1240294948220253,0.9999478459358215
14,9,0.497760534286499,0.42396241426467896,-0.14628611505031586,0.9999538660049438
14,10,0.49117985367774963,0.42501533031463623,-0.15458720922470093,0.9999813437461853
14,11,0.523004949092865,0.46001100540161133,-0.040275540202856064,0.9999657273292542
14,12,0.45672887563705444,0.4710516631603241,-0.08477123081684113,0.9999854564666748
14,13,0.5490534901618958,0.5136663913726807,0.00014698950690217316,0.9816873073577881
14,14,0.42090892791748047,0.5200650691986084,-0.0731268897652626,0.9959147572517395
14,15,0.5248302221298218,0.5716161131858826,-0.03547868877649307,0.9860674738883972
14,16,0.4415385127067566,0.5828136205673218,-0.1020183339715004,0.976891040802002
14,17,0.5208458304405212,0.5910093188285828,-0.04848554730415344,0.9706283807754517
14,18,0.446885883808136,0.6034785509109497,-0.11511131376028061,0.948935329914093
14,19,0.515324592590332,0.5842679142951965,-0.05727175995707512,0.9714996218681335
14,20,0.4517332911491394,0.5990312099456787,-0.12325595319271088,0.9486502408981323
14,21,0.5154854655265808,0.5779477953910828,-0.03866376727819443,0.9643165469169617
14,22,0.45140761137008667,0.5924984216690063,-0.10452240705490112,0.9381622076034546
14,23,0.5091321468353271,0.6304529309272766,0.016805537045001984,0.9997440576553345
14,24,0.4725685119628906,0.6272686719894409,-0.016822393983602524,0.9999392628669739
14,25,0.5066925883293152,0.7340443730354309,0.040013305842876434,0.9771195650100708
14,26,0.46492999792099,0.7114657759666443,-0.1601017713546753,0.9959263801574707
14,27,0.49426501989364624,0.8345726728439331,0.1268068253993988,0.9859217405319214
14,28,0.4598618149757385,0.8325093388557434,-0.11502109467983246,0.9945728778839111
14,29,0.4863206446170807,0.8515135645866394,0.13185949623584747,0.9560711979866028
14,30,0.461801677942276,0.8447859883308411,-0.11400778591632843,0.9333763122558594
14,31,0.5146891474723816,0.8640899658203125,0.07330538332462311,0.9817246794700623
14,32,0.4572615623474121,0.8760225176811218,-0.19666171073913574,0.9888914823532104
15,0,0.4951869547367096,0.4116998016834259,-0.16433420777320862,0.9999653697013855
15,1,0.49536532163619995,0.3991406261920929,-0.15579786896705627,0.999885082244873
15,2,0.4967445731163025,0.3988238573074341,-0.15576620399951935,0.9998592138290405
15,3,0.49818533658981323,0.3985160291194916,-0.15575209259986877,0.9998455047607422
15,4,0.48996153473854065,0.4002368450164795,-0.16026951372623444,0.999940812587738
15,5,0.4871315360069275,0.40067344903945923,-0.1603044867515564,0.9999427795410156
15,6,0.4844362735748291,0.40125778317451477,-0.16031108796596527,0.999946117401123
15,7,0.4984353482723236,0.40243005752563477,-0.09268755465745926,0.9996322393417358
15,8,0.4770713448524475,0.4076728820800781,-0.11538847535848618,0.9999418258666992
15,9,0.497979074716568,0.42343011498451233,-0.1392020434141159,0.9999445676803589
15,10,0.49142512679100037,0.4245201647281647,-0.14548413455486298,0.9999773502349854
15,11,0.5231292247772217,0.4597254991531372,-0.043873272836208344,0.9999614953994751
15,12,0.4566577970981598,0.47079139947891235,-0.07581279426813126,0.9999842643737793
15,13,0.5484670996665955,0.5136813521385193,-0.0030124508775770664,0.9820533990859985
15,14,0.422440767288208,0.5215340256690979,-0.05630447342991829,0.9958648681640625
15,15,0.5243935585021973,0.5715734958648682,-0.03158571571111679,0.9854207038879395
15,16,0.44109076261520386,0.5873635411262512,-0.07003164291381836,0.9752109050750732
15,17,0.5201297998428345,0.5916410088539124,-0.04248735308647156,0.9687899947166443
15,18,0.446167528629303,0.6080564260482788,-0.07827172428369522,0.944608211517334
15,19,0.5142088532447815,0.5852670669555664,-0.05047668144106865,0.9695588946342468
15,20,0.4511395990848541,0.6037316918373108,-0.0861884132027626,0.9441286325454712
15,21,0.5143061280250549,0.5787121057510376,-0.03382117301225662,0.9612689018249512
15,22,0.4509507119655609,0.5974482893943787,-0.07211650907993317,0.9327567219734192
15,23,0.5094636678695679,0.6298961043357849,0.013957086019217968,0.9997050166130066
15,24,0.47289127111434937,0.6272062063217163,-0.013989897444844246,0.9999349117279053
15,25,0.5069752931594849,0.7338891625404358,0.04343302547931671,0.975996196269989
15,26,0.46531301736831665,0.7182151675224304,-0.09062786400318146,0.9954773783683777
15,27,0.49431276321411133,0.8345626592636108,0.12272682040929794,0.9850365519523621
15,28,0.46296724677085876,0.8352397680282593,-0.04322636127471924,0.9941458106040955
15,29,0.4864267408847809,0.851229190826416,0.12745565176010132,0.9534133076667786
15,30,0.4651223123073578,0.8479815721511841,-0.04212289676070213,0.9300317168235779
15,31,0.5146910548210144,0.8638240098953247,0.07941164076328278,0.9802464842796326
15,32,0.4572369158267975,0.8789529800415039,-0.11024262011051178,0.9881556034088135
16,0,0.4951825737953186,0.4111725687980652,-0.16154468059539795,0.9999608993530273
16,1,0.4953639507293701,0.39865922927856445,-0.15281090140342712,0.999872624874115
16,2,0.4967442452907562,0.3983610272407532,-0.15278896689414978,0.999843418598175
16,3,0.4981862008571625,0.3980756402015686,-0.1527777463197708,0.9998303055763245
16,4,0.4899556636810303,0.39971745014190674,-0.15649715065956116,0.99993497133255
16,5,0.4871169626712799,0.40015751123428345,-0.15652602910995483,0.9999362826347351
16,6,0.4844260811805725,0.4007453918457031,-0.15653488039970398,0.9999409317970276
16,7,0.4984568953514099,0.40207138657569885,-0.09001116454601288,0.9995954036712646
16,8,0.47709140181541443,0.40720435976982117,-0.10881362855434418,0.9999343752861023
16,9,0.49798113107681274,0.42302069067955017,-0.13662035763263702,0.9999357461929321
16,10,0.4914121627807617,0.4240952730178833,-0.14185813069343567,0.9999733567237854
16,11,0.5234544277191162,0.45942896604537964,-0.045225538313388824,0.9999576210975647
16,12,0.45660871267318726,0.47070494294166565,-0.0689605325460434,0.9999825954437256
16,13,0.5476022958755493,0.51539146900177,-0.004833116661757231,0.9824416637420654
16,14,0.42373624444007874,0.5234305262565613,-0.053513579070568085,0.9957699179649353
16,15,0.5239629149436951,0.5730909705162048,-0.040022075176239014,0.9848971366882324
16,16,0.44083911180496216,0.5909739136695862,-0.07738732546567917,0.9734970927238464
16,17,0.5198109149932861,0.5929118990898132,-0.05251942202448845,0.9672693014144897
16,18,0.4451296329498291,0.612016499042511,-0.08762864768505096,0.9403311610221863
16,19,0.5137218832969666,0.5859377384185791,-0.06130851432681084,0.9679834842681885
16,20,0.45063725113868713,0.6074036955833435,-0.09620080143213272,0.939767599105835
16,21,0.5138131976127625,0.5789766907691956,-0.04291266202926636,0.9587903022766113
16,22,0.45066624879837036,0.6011297702789307,-0.08019106090068817,0.9277434349060059
16,23,0.5097777247428894,0.6295605301856995,0.011472073383629322,0.9996548891067505
16,24,0.473079115152359,0.6271545886993408,-0.011496479623019695,0.9999282360076904
16,25,0.5069962739944458,0.7337700128555298,0.0369393453001976,0.9741384387016296
16,26,0.46533137559890747,0.7209149599075317,-0.08931925147771835,0.9948585033416748
16,27,0.4943455755710602,0.8350121974945068,0.11275972425937653,0.9836151003837585
16,28,0.4637724757194519,0.8370206952095032,-0.04642998427152634,0.9935556650161743
16,29,0.4866012930870056,0.851900577545166,0.11710101366043091,0.9497379660606384
16,30,0.46686214208602905,0.8487897515296936,-0.04575863853096962,0.9254521727561951
16,31,0.514646053314209,0.8638303279876709,0.0689961165189743,0.9781845808029175
16,32,0.45721808075904846,0.8808961510658264,-0.11207717657089233,0.9872255921363831
17,0,0.495262086391449,0.41028136014938354,-0.21083712577819824,0.9999609589576721
17,1,0.4954184889793396,0.3975677788257599,-0.20306091010570526,0.999876081943512
17,2,0.49679645895957947,0.3971693813800812,-0.20303888618946075,0.9998480677604675
17,3,0.49823012948036194,0.39678871631622314,-0.2030215561389923,0.9998353719711304
17,4,0.4900376796722412,0.39889463782310486,-0.20483604073524475,0.9999351501464844
17,5,0.48718175292015076,0.3995606005191803,-0.20486244559288025,0.99993497133255
17,6,0.4845108091831207,0.40024203062057495,-0.2048744410276413,0.9999392628669739
17,7,0.49852460622787476,0.4005173444747925,-0.1344808042049408,0.9996155500411987
17,8,0.47723397612571716,0.406527578830719,-0.1445060670375824,0.999931275844574
17,9,0.4980919361114502,0.42207032442092896,-0.1833116114139557,0.9999375939369202
17,10,0.49155393242836,0.42353031039237976,-0.18604129552841187,0.9999730587005615
17,11,0.5238251686096191,0.45829710364341736,-0.08503909409046173,0.999958336353302
17,12,0.45695066452026367,0.47011563181877136,-0.08219766616821289,0.9999808669090271
17,13,0.5448406338691711,0.523098349571228,-0.05533348768949509,0.9833483099937439
17,14,0.42818015813827515,0.5265440344810486,-0.062266163527965546,0.9954190254211426
17,15,0.5225477814674377,0.57405024766922,-0.11462929099798203,0.9855477809906006
17,16,0.44085246324539185,0.596513569355011,-0.09649617969989777,0.9717549681663513
17,17,0.5186765789985657,0.5955948233604431,-0.13342879712581635,0.9685933589935303
17,18,0.4446406364440918,0.6181589365005493,-0.11125300824642181,0.9371376037597656
17,19,0.5125094652175903,0.5882865786552429,-0.14945699274539948,0.9692215323448181
17,20,0.4503653049468994,0.6121513843536377,-0.1261991560459137,0.9367331266403198
17,21,0.5121638178825378,0.5830667614936829,-0.12053241580724716,0.9601550102233887
17,22,0.45062780380249023,0.604917049407959,-0.10298316180706024,0.9247011542320251
17,23,0.5103622078895569,0.6281763911247253,0.009033319540321827,0.9996275305747986
17,24,0.47478994727134705,0.6272253394126892,-0.009026463143527508,0.9999227523803711
17,25,0.5067089200019836,0.7333952188491821,0.04876134544610977,0.9748806357383728
17,26,0.466578871011734,0.7266024351119995,-0.024330098181962967,0.9947337508201599
17,27,0.4943264126777649,0.8348997235298157,0.1235961765050888,0.983707070350647
17,28,0.4656704068183899,0.8419694900512695,0.04083582013845444,0.9935324192047119
17,29,0.4866386353969574,0.8518534302711487,0.12846753001213074,0.9493115544319153
17,30,0.4692155718803406,0.8547146916389465,0.042647652328014374,0.9244802594184875
17,31,0.5138720273971558,0.8640953302383423,0.0918218269944191,0.9783103466033936
17,32,0.45720186829566956,0.8846300840377808,-0.029822593554854393,0.986989438533783
18,0,0.49525848031044006,0.407065749168396,-0.2149467170238495,0.9999610781669617
18,1,0.49544453620910645,0.3945077657699585,-0.2067059576511383,0.999879002571106
18,2,0.49682340025901794,0.3942696452140808,-0.20669564604759216,0.9998522400856018
18,3,0.4983035922050476,0.39411306381225586,-0.2066788673400879,0.9998400211334229
18,4,0.4900399148464203,0.3955949544906616,-0.20809750258922577,0.9999346733093262
18,5,0.48719072341918945,0.3962779939174652,-0.20812419056892395,0.9999327063560486
18,6,0.48452407121658325,0.39709365367889404,-0.20814001560211182,0.9999366402626038
18,7,0.49880251288414,0.39830681681632996,-0.13942937552928925,0.999633252620697
18,8,0.4774191379547119,0.40420791506767273,-0.14760828018188477,0.9999251365661621
18,9,0.49809011816978455,0.4195961058139801,-0.18841025233268738,0.9999385476112366
18,10,0.49149030447006226,0.4208706319332123,-0.1905393898487091,0.999971866607666
18,11,0.5239850282669067,0.45763570070266724,-0.09452880918979645,0.9999572038650513
18,12,0.4574527144432068,0.4699966013431549,-0.089144766330719,0.9999769330024719
18,13,0.540289044380188,0.5296152830123901,-0.06887684017419815,0.9839432835578918
18,14,0.4360726773738861,0.5416210889816284,-0.0656283050775528,0.9945954084396362
18,15,0.5207010507583618,0.5892158150672913,-0.12714248895645142,0.9860139489173889
18,16,0.4408690929412842,0.6152655482292175,-0.10764180123806,0.9691933393478394
18,17,0.5177938938140869,0.6120566725730896,-0.14611724019050598,0.9696547389030457
18,18,0.44294509291648865,0.6382426619529724,-0.12351896613836288,0.933094322681427
18,19,0.511841893196106,0.6044059991836548,-0.16391149163246155,0.9702233672142029
18,20,0.44907212257385254,0.6338808536529541,-0.14037373661994934,0.9330524802207947
18,21,0.5112117528915405,0.5975895524024963,-0.13397333025932312,0.9613315463066101
18,22,0.45015501976013184,0.6257418394088745,-0.1153382807970047,0.9213442802429199
18,23,0.5105732679367065,0.6283019185066223,0.007149399723857641,0.999607264995575
18,24,0.47525009512901306,0.6273715496063232,-0.007137265056371689,0.9999179244041443
18,25,0.5064096450805664,0.7335705161094666,0.05279392749071121,0.9756528735160828
18,26,0.4680393636226654,0.7318872809410095,-0.013315936550498009,0.9945797920227051
18,27,0.4942331314086914,0.834790050983429,0.13381759822368622,0.9837084412574768
18,28,0.4677782952785492,0.846724271774292,0.056992966681718826,0.9934386014938354
18,29,0.4866040349006653,0.8516851663589478,0.13966794312000275,0.9481850862503052
18,30,0.47085434198379517,0.8597402572631836,0.05916281417012215,0.9225125908851624
18,31,0.5135656595230103,0.8643156886100769,0.09942514449357986,0.9782195091247559
18,32,0.45723289251327515,0.8928186893463135,-0.014825955033302307,0.9866127967834473
19,0,0.4951913356781006,0.4050140380859375,-0.21950893104076385,0.9999622702598572
19,1,0.4954706132411957,0.39263051748275757,-0.2115655243396759,0.9998836517333984
19,2,0.49684756994247437,0.3924553394317627,-0.21155419945716858,0.9998584985733032
19,3,0.4983469545841217,0.3923701047897339,-0.21153464913368225,0.9998467564582825
19,4,0.4899953305721283,0.3935413062572479,-0.21285489201545715,0.9999357461929321
19,5,0.4871489107608795,0.39425480365753174,-0.21288177371025085,0.9999327659606934
19,6,0.48447170853614807,0.3951317369937897,-0.21289634704589844,0.9999361038208008
19,7,0.4990730881690979,0.39690378308296204,-0.1444425880908966,0.9996520280838013
19,8,0.47756367921829224,0.40270259976387024,-0.15239956974983215,0.9999223351478577
19,9,0.498052179813385,0.41746461391448975,-0.19295166432857513,0.9999405741691589
19,10,0.49115434288978577,0.41868045926094055,-0.19503849744796753,0.9999717473983765
19,11,0.5239557027816772,0.45708397030830383,-0.09687067568302155,0.9999569654464722
19,12,0.45759692788124084,0.4699142873287201,-0.0963008850812912,0.9999755024909973
19,13,0.5367463231086731,0.5338178277015686,-0.06859356164932251,0.9842693209648132
19,14,0.4404301643371582,0.550457775592804,-0.06731581687927246,0.9940465092658997
19,15,0.5202935338020325,0.5979693531990051,-0.12596088647842407,0.9864317178726196
19,16,0.4407060742378235,0.6231592297554016,-0.10999046266078949,0.9684039950370789
19,17,0.5178076028823853,0.6209861040115356,-0.14450481534004211,0.9706653952598572
19,18,0.44116052985191345,0.6471237540245056,-0.12527234852313995,0.9325010180473328
19,19,0.512053906917572,0.6143175959587097,-0.16315653920173645,0.9712029099464417
19,20,0.44768986105918884,0.6444196701049805,-0.14276227355003357,0.932746171951294
19,21,0.5112155675888062,0.6071763038635254,-0.13319770991802216,0.962550163269043
19,22,0.44925037026405334,0.6371285915374756,-0.11778654158115387,0.9214640855789185
19,23,0.510644793510437,0.6283541321754456,0.007994575425982475,0.9995952248573303
19,24,0.47544264793395996,0.6275449395179749,-0.007993620820343494,0.9999154210090637
19,25,0.5061509609222412,0.7337040305137634,0.054733406752347946,0.9758891463279724
19,26,0.46928414702415466,0.73602294921875,-0.017216620966792107,0.9945245981216431
19,27,0.49382534623146057,0.8351773023605347,0.14036783576011658,0.9835940599441528
19,28,0.46869874000549316,0.8501285314559937,0.048093970865011215,0.9933918714523315
19,29,0.4865390360355377,0.8519923686981201,0.14673492312431335,0.9477866888046265
19,30,0.47137388586997986,0.8637568950653076,0.0498800165951252,0.920586347579956
19,31,0.5133596658706665,0.8643579483032227,0.10198479890823364,0.9781673550605774
19,32,0.45842474699020386,0.8989794254302979,-0.023555252701044083,0.9863475561141968
20,0,0.49518465995788574,0.40425920486450195,-0.22552140057086945,0.999963641166687
20,1,0.4954872727394104,0.3918270170688629,-0.2176402062177658,0.9998885989189148
20,2,0.49685755372047424,0.39167115092277527,-0.21763388812541962,0.9998651146888733
20,3,0.49837297201156616,0.39161112904548645,-0.2176198959350586,0.9998537302017212
20,4,0.48999276757240295,0.39266523718833923,-0.21900634467601776,0.9999368786811829
20,5,0.4871467053890228,0.39339548349380493,-0.21903236210346222,0.9999330043792725
20,6,0.4844684600830078,0.394286185503006,-0.21904762089252472,0.9999355673789978
20,7,0.49915289878845215,0.39613333344459534,-0.14916585385799408,0.9996717572212219
20,8,0.4776161313056946,0.4020197093486786,-0.15729880332946777,0.9999203681945801
20,9,0.49801117181777954,0.41658785939216614,-0.19827750325202942,0.9999431371688843
20,10,0.4910450875759125,0.41784659028053284,-0.20041179656982422,0.9999718070030212
20,11,0.5239392518997192,0.45669326186180115,-0.09738165885210037,0.9999572038650513
20,12,0.4576873183250427,0.46987587213516235,-0.1030358299612999,0.9999744892120361
20,13,0.534180223941803,0.5371335744857788,-0.06616382300853729,0.9845080375671387
20,14,0.444453626871109,0.5572150945663452,-0.07146243751049042,0.9933992028236389
20,15,0.520290195941925,0.6073457598686218,-0.1242709755897522,0.986757755279541
20,16,0.44057759642601013,0.6309654712677002,-0.11681319773197174,0.9680163860321045
20,17,0.5179715752601624,0.6296345591545105,-0.14290806651115417,0.9715023040771484
20,18,0.43970441818237305,0.6537056565284729,-0.13302087783813477,0.9328516125679016
20,19,0.5122919678688049,0.6229743361473083,-0.16286447644233704,0.9720199108123779
20,20,0.4457455277442932,0.652125358581543,-0.15250125527381897,0.9333453178405762
20,21,0.5114365220069885,0.6162469387054443,-0.13216155767440796,0.963631808757782
20,22,0.4478076994419098,0.6454293131828308,-0.1254395693540573,0.9224651455879211
20,23,0.5103459358215332,0.6284170746803284,0.008494982495903969,0.999592125415802
20,24,0.475425660610199,0.62764573097229,-0.008498701266944408,0.9999129176139832
20,25,0.5056127905845642,0.7347413897514343,0.054918207228183746,0.9764900803565979
20,26,0.470463365316391,0.7387556433677673,-0.007261781953275204,0.9946005344390869
20,27,0.4936712682247162,0.8355008363723755,0.15134072303771973,0.9837266802787781
20,28,0.46870750188827515,0.8523231744766235,0.06802187114953995,0.9934331178665161
20,29,0.48635920882225037,0.8522149920463562,0.15766581892967224,0.9483232498168945
20,30,0.4712120592594147,0.8653090000152588,0.07077329605817795,0.9197312593460083
20,31,0.5130051374435425,0.8648316860198975,0.10346756875514984,0.9784141778945923
20,32,0.4585871696472168,0.9030203223228455,-0.0033783025573939085,0.9862362742424011
21,0,0.4951012134552002,0.4032882750034332,-0.2310754954814911,0.9999657869338989
21,1,0.4954860210418701,0.3911304175853729,-0.2234617918729782,0.9998951554298401
21,2,0.49685463309288025,0.39101412892341614,-0.22344796359539032,0.9998733401298523
21,3,0.49834853410720825,0.39098113775253296,-0.22342881560325623,0.9998624920845032
21,4,0.4899669587612152,0.3918182849884033,-0.22487179934978485,0.9999398589134216
21,5,0.48713549971580505,0.3925294578075409,-0.22489872574806213,0.9999358057975769
21,6,0.48445621132850647,0.39345863461494446,-0.22491256892681122,0.9999379515647888
21,7,0.4991517663002014,0.3954606354236603,-0.1543484926223755,0.999692976474762
21,8,0.4776858389377594,0.4013157784938812,-0.16292032599449158,0.9999228119850159
21,9,0.4979218542575836,0.41543087363243103,-0.2034001648426056,0.9999467730522156
21,10,0.4908340871334076,0.41658610105514526,-0.20566825568675995,0.9999732375144958
21,11,0.5238547325134277,0.4559594988822937,-0.09987558424472809,0.9999590516090393
21,12,0.45771947503089905,0.4696583151817322,-0.10872260481119156,0.999975323677063
21,13,0.5341740846633911,0.5373995900154114,-0.06738235056400299,0.9849222898483276
21,14,0.4448762834072113,0.55898118019104,-0.07894923537969589,0.9932475090026855
21,15,0.5199762582778931,0.6068629622459412,-0.1289365291595459,0.987231433391571
21,16,0.4407094419002533,0.6324721574783325,-0.12285290658473969,0.9684215784072876
21,17,0.5178388953208923,0.6294841170310974,-0.14882871508598328,0.972557783126831
21,18,0.43988901376724243,0.655830442905426,-0.139804869890213,0.9342470169067383
21,19,0.5122616291046143,0.623195230960846,-0.1689780056476593,0.9730559587478638
21,20,0.4459686875343323,0.6539994478225708,-0.15840958058834076,0.9348829388618469
21,21,0.5112346410751343,0.6162655353546143,-0.13696900010108948,0.9649589657783508
21,22,0.4478980004787445,0.6471903324127197,-0.1309017688035965,0.9243218302726746
21,23,0.5103371143341064,0.6285049319267273,0.008641335181891918,0.9995984435081482
21,24,0.4753474295139313,0.6281315088272095,-0.008641007356345654,0.9999145865440369
21,25,0.5046037435531616,0.7381930947303772,0.0736047551035881,0.9772648215293884
21,26,0.4701313078403473,0.7423238754272461,-0.007219298277050257,0.99480140209198
21,27,0.49354344606399536,0.835605263710022,0.18402475118637085,0.9841264486312866
21,28,0.4680063724517822,0.8541783094406128,0.06486502289772034,0.9935737252235413
21,29,0.48635879158973694,0.8522735834121704,0.19136574864387512,0.9494602084159851
21,30,0.47056421637535095,0.866536557674408,0.06754601746797562,0.9194141626358032
21,31,0.512781023979187,0.8652669191360474,0.13457801938056946,0.9790522456169128
21,32,0.4593924880027771,0.9068924188613892,-0.007723536342382431,0.9863892793655396
22,0,0.4950616955757141,0.40330958366394043,-0.24076029658317566,0.9999662041664124
22,1,0.4954717755317688,0.39110052585601807,-0.23316380381584167,0.9998972415924072
22,2,0.49682679772377014,0.39096710085868835,-0.23315396904945374,0.9998764395713806
22,3,0.49831661581993103,0.39093607664108276,-0.23313958942890167,0.9998658299446106
22,4,0.48994287848472595,0.3918260335922241,-0.23447909951210022,0.9999393224716187
22,5,0.48712843656539917,0.39253318309783936,-0.23450927436351776,0.999934196472168
22,6,0.48445120453834534,0.3934449851512909,-0.23452451825141907,0.9999359846115112
22,7,0.49914073944091797,0.3954010009765625,-0.16235533356666565,0.9997056722640991
22,8,0.4776947498321533,0.4012065529823303,-0.17013654112815857,0.9999194145202637
22,9,0.497872531414032,0.41546300053596497,-0.2122626006603241,0.9999485015869141
22,10,0.49080386757850647,0.41661566495895386,-0.21429817378520966,0.9999730587005615
22,11,0.5238322019577026,0.4556730091571808,-0.10841413587331772,0.9999598264694214
22,12,0.45778122544288635,0.4694500267505646,-0.11179566383361816,0.999974250793457
22,13,0.5345638394355774,0.5370285511016846,-0.0792008712887764,0.9853448867797852
22,14,0.4449802041053772,0.5593249797821045,-0.08023668825626373,0.9929413199424744
22,15,0.5196570158004761,0.6056947708129883,-0.14789175987243652,0.9874548316001892
22,16,0.44234076142311096,0.6313695907592773,-0.12555131316184998,0.968122124671936
22,17,0.5176109671592712,0.6282225847244263,-0.16976933181285858,0.9730669856071472
22,18,0.4414128363132477,0.6554123163223267,-0.1434324085712433,0.9342591762542725
22,19,0.5120319128036499,0.6218634843826294,-0.1903783679008484,0.973552405834198
22,20,0.4469342827796936,0.6539434194564819,-0.16226671636104584,0.9350785613059998
22,21,0.510826587677002,0.6149646043777466,-0.15635821223258972,0.9655949473381042
22,22,0.4487871527671814,0.6471325755119324,-0.13381096720695496,0.9247387647628784
22,23,0.5103273391723633,0.6285941004753113,0.008392742834985256,0.9995935559272766
22,24,0.4752587676048279,0.6292520761489868,-0.008394618518650532,0.9999094009399414
22,25,0.5040395855903625,0.7390662431716919,0.07207146286964417,0.9782555103302002
22,26,0.4699118137359619,0.7426583766937256,0.012665605172514915,0.9949091672897339
22,27,0.49354442954063416,0.8351699709892273,0.18408076465129852,0.9843253493309021
22,28,0.46760764718055725,0.8539175391197205,0.11123593896627426,0.9935271739959717
22,29,0.4864019453525543,0.8510282039642334,0.19204820692539215,0.9498049020767212
22,30,0.47029590606689453,0.8658119440078735,0.11659189313650131,0.9181245565414429
22,31,0.511749267578125,0.8657293319702148,0.1312839686870575,0.9793480634689331
22,32,0.45934590697288513,0.9053942561149597,0.040851183235645294,0.9861371517181396
23,0,0.49504050612449646,0.4032723605632782,-0.22262027859687805,0.999966561794281
23,1,0.4954693913459778,0.3910360634326935,-0.21574243903160095,0.9998994469642639
23,2,0.49682101607322693,0.39088690280914307,-0.21572811901569366,0.9998793601989746
23,3,0.4983118176460266,0.3908563256263733,-0.2157014161348343,0.9998690485954285
23,4,0.48990553617477417,0.39178764820098877,-0.215474933385849,0.999939501285553
23,5,0.48710164427757263,0.3925081789493561,-0.2154947966337204,0.9999340176582336
23,6,0.4844065308570862,0.39342743158340454,-0.2155027836561203,0.999935507774353
23,7,0.4991486072540283,0.395346462726593,-0.15235847234725952,0.9997164011001587
23,8,0.47769540548324585,0.4012012481689453,-0.15288503468036652,0.9999179840087891
23,9,0.49785104393959045,0.4154702126979828,-0.19702671468257904,0.9999502301216125
23,10,0.4907674193382263,0.4166373908519745,-0.19687137007713318,0.9999733567237854
23,11,0.5239887833595276,0.4556301534175873,-0.10562697798013687,0.9999606609344482
23,12,0.4577748775482178,0.4690823554992676,-0.09955816715955734,0.9999733567237854
23,13,0.5357550382614136,0.5353663563728333,-0.06874234229326248,0.985996663570404
23,14,0.44356077909469604,0.557372510433197,-0.07153964787721634,0.992740273475647
23,15,0.5198148488998413,0.6006502509117126,-0.12680576741695404,0.9880148768424988
23,16,0.4458919167518616,0.6245616674423218,-0.11720248311758041,0.9677262306213379
23,17,0.5175021290779114,0.6239834427833557,-0.14575627446174622,0.9742286205291748
23,18,0.44704166054725647,0.6509546637535095,-0.13526186347007751,0.933955192565918
23,19,0.5119341015815735,0.6179250478744507,-0.164023756980896,0.9746662378311157
23,20,0.45276230573654175,0.6450426578521729,-0.15277764201164246,0.9347842335700989
23,21,0.5108891725540161,0.6115614771842957,-0.13423171639442444,0.9669301509857178
23,22,0.4540669918060303,0.6365528702735901,-0.12472667545080185,0.9245874285697937
23,23,0.5103198289871216,0.6286064386367798,0.008668744005262852,0.9995885491371155
23,24,0.4752283990383148,0.629071831703186,-0.008674812503159046,0.9999062418937683
23,25,0.5040122270584106,0.7381227016448975,0.06472814083099365,0.9783223867416382
23,26,0.4696989953517914,0.741287887096405,-0.004575193859636784,0.9947629570960999
23,27,0.4935266077518463,0.8349287509918213,0.16282092034816742,0.9841064810752869
23,28,0.4673425555229187,0.8530108332633972,0.07525499165058136,0.9933250546455383
23,29,0.486370325088501,0.8504151105880737,0.1688753366470337,0.9487051963806152
23,30,0.47005829215049744,0.8650073409080505,0.07911243289709091,0.9164706468582153
23,31,0.5116254091262817,0.8657771348953247,0.11163286119699478,0.9790254235267639
23,32,0.45939359068870544,0.9036300778388977,0.004042367916554213,0.9856860637664795
24,0,0.4951671063899994,0.4032837748527527,-0.21656665205955505,0.9999589323997498
24,1,0.4954739511013031,0.3910458981990814,-0.20891635119915009,0.9998840689659119
24,2,0.49682384729385376,0.3908950686454773,-0.2089039534330368,0.9998601078987122
24,3,0.4983096718788147,0.3908575177192688,-0.2088911086320877,0.9998494982719421
24,4,0.48994502425193787,0.39182010293006897,-0.20968084037303925,0.99992835521698
24,5,0.48715633153915405,0.392556756734848,-0.20969796180725098,0.9999194145202637
24,6,0.4844900965690613,0.39349010586738586,-0.209708571434021,0.9999216794967651
24,7,0.4990784525871277,0.39534690976142883,-0.1422116458415985,0.9996903538703918
24,8,0.4777221083641052,0.40121689438819885,-0.14790228009223938,0.9999002814292908
24,9,0.498002290725708,0.41548967361450195,-0.18976496160030365,0.999944269657135
24,10,0.49106112122535706,0.4166548550128937,-0.19096337258815765,0.9999685883522034
24,11,0.5240434408187866,0.45543235540390015,-0.09923572838306427,0.9999588131904602
24,12,0.45760422945022583,0.4690675139427185,-0.09520682692527771,0.999968945980072
24,13,0.5398433208465576,0.5300067663192749,-0.06367552280426025,0.9864641427993774
24,14,0.4382752478122711,0.5473973751068115,-0.0717027559876442,0.9920786619186401
24,15,0.5198352932929993,0.5895346999168396,-0.11948193609714508,0.9879791736602783
24,16,0.44747108221054077,0.6092459559440613,-0.11653773486614227,0.9639295339584351
24,17,0.5174301862716675,0.6102243065834045,-0.1380911022424698,0.9740338325500488
24,18,0.45122677087783813,0.6354991793632507,-0.1337064504623413,0.927416205406189
24,19,0.5118273496627808,0.6039186716079712,-0.15583468973636627,0.974362313747406
24,20,0.4568730890750885,0.6265382170677185,-0.15096160769462585,0.9281228184700012
24,21,0.5109986066818237,0.5977809429168701,-0.12664160132408142,0.9663881659507751
24,22,0.457385778427124,0.6185615658760071,-0.1239190474152565,0.917342483997345
24,23,0.5102915167808533,0.6293288469314575,0.008238130249083042,0.9995612502098083
24,24,0.4751300811767578,0.6291453838348389,-0.008232688531279564,0.9998946785926819
24,25,0.504014253616333,0.7372374534606934,0.06342273950576782,0.9780734777450562
24,26,0.4685441553592682,0.7395387291908264,-0.001963936723768711,0.9944210052490234
24,27,0.4934803545475006,0.8346418738365173,0.16288743913173676,0.9833266735076904
24,28,0.46714121103286743,0.8467143774032593,0.08112733066082001,0.9929977059364319
24,29,0.4863215386867523,0.8501777648925781,0.1689208745956421,0.9471653699874878
24,30,0.47019094228744507,0.8601223230361938,0.08517555892467499,0.9165765643119812
24,31,0.5119190216064453,0.8654776811599731,0.1121533066034317,0.9781336784362793
24,32,0.4580445885658264,0.8938644528388977,0.015118734911084175,0.9851033091545105
25,0,0.49526268243789673,0.4044168293476105,-0.19851899147033691,0.9999517798423767
25,1,0.4954902231693268,0.391873300075531,-0.1907440572977066,0.999867856502533
25,2,0.49683284759521484,0.39157834649086,-0.19071854650974274,0.9998384118080139
25,3,0.4983121454715729,0.3913666903972626,-0.1907094419002533,0.9998276233673096
25,4,0.4899821877479553,0.392951637506485,-0.1932542324066162,0.9999192953109741
25,5,0.48719292879104614,0.39370355010032654,-0.193269744515419,0.9999083280563354
25,6,0.48452991247177124,0.3945298194885254,-0.1932673156261444,0.9999117851257324
25,7,0.4990256428718567,0.3956996202468872,-0.12580449879169464,0.9996591210365295
25,8,0.4776946008205414,0.40201812982559204,-0.13888785243034363,0.9998888373374939
25,9,0.4980657994747162,0.4164313077926636,-0.17244894802570343,0.9999366998672485
25,10,0.4912896752357483,0.4175141155719757,-0.17599478363990784,0.9999637603759766
25,11,0.5239244103431702,0.4551202058792114,-0.08221084624528885,0.9999555349349976
25,12,0.4575220048427582,0.46907758712768555,-0.08960239589214325,0.9999641180038452
25,13,0.543036937713623,0.5217018723487854,-0.04311481863260269,0.9869401454925537
25,14,0.43419283628463745,0.5413185358047485,-0.06970280408859253,0.9918574690818787
25,15,0.520082950592041,0.5797456502914429,-0.08307091891765594,0.9879477024078369
25,16,0.44883376359939575,0.6006672978401184,-0.1048402339220047,0.9615615606307983
25,17,0.5174888968467712,0.5996497869491577,-0.09948118776082993,0.9736855030059814
25,18,0.45359331369400024,0.6243254542350769,-0.11922051012516022,0.9221571683883667
25,19,0.5118454694747925,0.5920471549034119,-0.11263052374124527,0.9739485383033752
25,20,0.45989543199539185,0.617042601108551,-0.1316579133272171,0.9225526452064514
25,21,0.5110782384872437,0.585022509098053,-0.08776113390922546,0.9657847881317139
25,22,0.45965656638145447,0.6102681159973145,-0.10986850410699844,0.9113839268684387
25,23,0.5102824568748474,0.6293586492538452,0.006686490960419178,0.9995386004447937
25,24,0.47499513626098633,0.6293002367019653,-0.006676045246422291,0.999881386756897
25,25,0.5040157437324524,0.7347402572631836,0.05349588394165039,0.9776833653450012
25,26,0.46763038635253906,0.7373424172401428,0.003694765968248248,0.9937553405761719
25,27,0.4935159683227539,0.8346405029296875,0.14706960320472717,0.9825417399406433
25,28,0.46711093187332153,0.8400668501853943,0.08465449512004852,0.9925274848937988
25,29,0.486518532037735,0.8501812219619751,0.152872234582901,0.9462162852287292
25,30,0.470039039850235,0.8531512022018433,0.08888045698404312,0.9168787002563477
25,31,0.5119336247444153,0.8653684854507446,0.09959840029478073,0.9770395755767822
25,32,0.45644134283065796,0.88205885887146,0.024816051125526428,0.9842464923858643
26,0,0.49504566192626953,0.40591171383857727,-0.17898987233638763,0.9999456405639648
26,1,0.49524348974227905,0.3934609293937683,-0.16852515935897827,0.9998425841331482
26,2,0.4965698719024658,0.39303070306777954,-0.16852262616157532,0.9998062252998352
26,3,0.4980447292327881,0.39268335700035095,-0.16852201521396637,0.9997949004173279
26,4,0.48967742919921875,0.3947560489177704,-0.17221596837043762,0.9999076128005981
26,5,0.4868954122066498,0.3954968750476837,-0.172244131565094,0.9998963475227356
26,6,0.484346479177475,0.39623504877090454,-0.1722421646118164,0.9999021291732788
26,7,0.4988231658935547,0.3970399498939514,-0.09802565723657608,0.9995734691619873
26,8,0.4774092137813568,0.4037092924118042,-0.11712644249200821,0.9998804926872253
26,9,0.4978671073913574,0.41781798005104065,-0.15152552723884583,0.9999247193336487
26,10,0.4910554885864258,0.41879042983055115,-0.1567576825618744,0.9999598264694214
26,11,0.523175835609436,0.4551263153553009,-0.05453156679868698,0.9999551177024841
26,12,0.4572044014930725,0.46902909874916077,-0.06847194582223892,0.9999628663063049
26,13,0.5484521389007568,0.5088678598403931,-0.03257418051362038,0.9877461194992065
26,14,0.4288908541202545,0.5264974236488342,-0.06193163990974426,0.991983950138092
26,15,0.5205220580101013,0.5611013770103455,-0.08064575493335724,0.9880496263504028
26,16,0.4488934576511383,0.5780454874038696,-0.10519685596227646,0.9602996706962585
26,17,0.5175443291664124,0.5806554555892944,-0.09867946058511734,0.9728875160217285
26,18,0.45518916845321655,0.598973274230957,-0.12025336176156998,0.9176422357559204
26,19,0.5118922591209412,0.5736059546470642,-0.10544057935476303,0.973102331161499
26,20,0.46060770750045776,0.5918394327163696,-0.13019028306007385,0.9176971316337585
26,21,0.5111388564109802,0.5674113631248474,-0.0832013413310051,0.9643652439117432
26,22,0.45966124534606934,0.5847675204277039,-0.10913540422916412,0.9055863618850708
26,23,0.5102729201316833,0.625206708908081,0.006180416326969862,0.9994974136352539
26,24,0.4746137261390686,0.6230700612068176,-0.006131419446319342,0.9998771548271179
26,25,0.5048331618309021,0.7290017604827881,0.0185579564422369,0.9745315909385681
26,26,0.46536359190940857,0.7026305794715881,-0.15668822824954987,0.9932960271835327
26,27,0.49415692687034607,0.8346388339996338,0.09083948284387589,0.9803407192230225
26,28,0.46702510118484497,0.817620575428009,-0.10251417011022568,0.9919511675834656
26,29,0.4869462549686432,0.8523001074790955,0.09377510845661163,0.9432035684585571
26,30,0.4707532525062561,0.8360493779182434,-0.10067297518253326,0.917940616607666
26,31,0.5120381116867065,0.8650966286659241,0.029615873470902443,0.9737223982810974
26,32,0.45647740364074707,0.8585706949234009,-0.18008972704410553,0.9838340282440186
27,0,0.49484437704086304,0.4087059795856476,-0.17432932555675507,0.9999449849128723
27,1,0.49503907561302185,0.39662203192710876,-0.16233506798744202,0.9998342990875244
27,2,0.4964134097099304,0.3959733247756958,-0.16233433783054352,0.9997946619987488
27,3,0.49794378876686096,0.39533406496047974,-0.1623433530330658,0.9997866749763489
27,4,0.4895285665988922,0.3981592357158661,-0.1659741997718811,0.9999039173126221
27,5,0.48667675256729126,0.3989134132862091,-0.1660143882036209,0.9998931884765625
27,6,0.484154611825943,0.39958852529525757,-0.16601750254631042,0.9999013543128967
27,7,0.49872952699661255,0.39942386746406555,-0.08700083196163177,0.9995396733283997
27,8,0.47713351249694824,0.4060377776622772,-0.10561690479516983,0.999882161617279
27,9,0.49778008460998535,0.4200149178504944,-0.1452544629573822,0.9999226927757263
27,10,0.4909786283969879,0.4219539165496826,-0.15048064291477203,0.9999598860740662
27,11,0.5226659178733826,0.45526382327079773,-0.04226027801632881,0.999956488609314
27,12,0.45698708295822144,0.4690018892288208,-0.05428753048181534,0.999963104724884
27,13,0.5528255105018616,0.5020742416381836,-0.028325263410806656,0.9885540008544922
27,14,0.42377981543540955,0.5194119215011597,-0.04662448912858963,0.9921548962593079
27,15,0.5217320322990417,0.5486800670623779,-0.08256205171346664,0.9880998730659485
27,16,0.44849976897239685,0.5641970038414001,-0.0930950865149498,0.9594400525093079
27,17,0.5177050232887268,0.5680745244026184,-0.1008286103606224,0.9717052578926086
27,18,0.45503005385398865,0.5848194360733032,-0.10810323804616928,0.9135333299636841
27,19,0.5120325684547424,0.560835063457489,-0.10344420373439789,0.9717738628387451
27,20,0.4604402482509613,0.5774950385093689,-0.11522047221660614,0.9131296873092651
27,21,0.5116334557533264,0.5550288558006287,-0.08354507386684418,0.9618062376976013
27,22,0.45940661430358887,0.5706822276115417,-0.09551089257001877,0.8990694284439087
27,23,0.5102946162223816,0.6230431199073792,0.0030620296020060778,0.9994786381721497
27,24,0.47416502237319946,0.6184572577476501,-0.0029798015020787716,0.9998782277107239
27,25,0.5059257745742798,0.7254247069358826,-0.021175388246774673,0.9718583226203918
27,26,0.4639689028263092,0.6764657497406006,-0.22086448967456818,0.9931097030639648
27,27,0.4946514070034027,0.83521568775177,0.06651947647333145,0.9785870313644409
27,28,0.4670296311378479,0.7983659505844116,-0.15428128838539124,0.9912549257278442
27,29,0.48717913031578064,0.8532780408859253,0.07107800245285034,0.939241349697113
27,30,0.47115641832351685,0.8187886476516724,-0.15071691572666168,0.9192312359809875
27,31,0.5122359991073608,0.8643147945404053,-0.001489067217335105,0.9714088439941406
27,32,0.4583386480808258,0.835160493850708,-0.2341248095035553,0.9836519360542297
28,0,0.49449652433395386,0.410256952047348,-0.16705253720283508,0.99994295835495
28,1,0.49467048048973083,0.3982377350330353,-0.15445813536643982,0.9998205304145813
28,2,0.49606746435165405,0.39761826395988464,-0.15445873141288757,0.9997744560241699
28,3,0.4976188540458679,0.39697980880737305,-0.15446820855140686,0.9997683763504028
28,4,0.4892643392086029,0.3997911810874939,-0.15817604959011078,0.9998966455459595
28,5,0.4863707423210144,0.400462806224823,-0.1582210510969162,0.999886691570282
28,6,0.4838973879814148,0.401183158159256,-0.15823203325271606,0.9998981356620789
28,7,0.49845367670059204,0.40103691816329956,-0.07900247722864151,0.9994853138923645
28,8,0.4768593907356262,0.4077533781528473,-0.09799409657716751,0.9998825192451477
28,9,0.4975492060184479,0.4212401211261749,-0.1382252275943756,0.9999217391014099
28,10,0.4907597601413727,0.423261433839798,-0.14360463619232178,0.9999604225158691
28,11,0.5219768285751343,0.45531871914863586,-0.03584209829568863,0.9999580979347229
28,12,0.4563901424407959,0.4690167307853699,-0.05236075073480606,0.9999642372131348
28,13,0.5550090074539185,0.49969860911369324,-0.032374899834394455,0.9892240166664124
28,14,0.42127618193626404,0.5171012282371521,-0.052994389086961746,0.9924733638763428
28,15,0.5228981375694275,0.5437432527542114,-0.09924645721912384,0.9880164265632629
28,16,0.44824495911598206,0.5598825812339783,-0.10271656513214111,0.9597969055175781
28,17,0.5177764892578125,0.5626064538955688,-0.12033069133758545,0.9705056548118591
28,18,0.4549311697483063,0.5792518854141235,-0.12040764093399048,0.9126150012016296
28,19,0.5121644735336304,0.5555114150047302,-0.11185147613286972,0.9704163074493408
28,20,0.46023306250572205,0.5720202922821045,-0.11764146387577057,0.9118348360061646
28,21,0.5121087431907654,0.5501696467399597,-0.097640760242939,0.959282398223877
28,22,0.45916977524757385,0.5653397440910339,-0.10162083059549332,0.8962953090667725
28,23,0.5102871060371399,0.6214777827262878,0.0037141963839530945,0.9994785189628601
28,24,0.4731903076171875,0.615903377532959,-0.0036504685413092375,0.9998794794082642
28,25,0.5064462423324585,0.724823534488678,-0.01867382600903511,0.9701559543609619
28,26,0.46401482820510864,0.6806555390357971,-0.20498676598072052,0.9929857850074768
28,27,0.49467864632606506,0.8352159857749939,0.09003277122974396,0.9773858189582825
28,28,0.4670892357826233,0.7916169166564941,-0.11725912988185883,0.9906907081604004
28,29,0.4871923327445984,0.8531540036201477,0.09671231359243393,0.9353443384170532
28,30,0.47103771567344666,0.8076539635658264,-0.11160566657781601,0.919568657875061
28,31,0.512133002281189,0.8629461526870728,0.028211096301674843,0.969551146030426
28,32,0.4602509140968323,0.8302546739578247,-0.19270797073841095,0.9834389090538025
29,0,0.4943617284297943,0.41164636611938477,-0.16673053801059723,0.9999405741691589
29,1,0.4945128560066223,0.4000012278556824,-0.15418925881385803,0.9998046159744263
29,2,0.49590325355529785,0.399399995803833,-0.15419253706932068,0.9997498393058777
29,3,0.49744224548339844,0.3987341523170471,-0.15420512855052948,0.9997454285621643
29,4,0.4891204237937927,0.4012156128883362,-0.15842704474925995,0.9998884201049805
29,5,0.4862033426761627,0.40171825885772705,-0.1584724336862564,0.9998793601989746
29,6,0.4836832582950592,0.4022725522518158,-0.15848596394062042,0.9998947381973267
29,7,0.4981463551521301,0.40234777331352234,-0.0781305581331253,0.9994199275970459
29,8,0.476533979177475,0.40855270624160767,-0.09930651634931564,0.9998829364776611
29,9,0.497396856546402,0.42241179943084717,-0.13742126524448395,0.9999206066131592
29,10,0.4906756281852722,0.424515038728714,-0.14343257248401642,0.9999611973762512
29,11,0.5210828185081482,0.45532354712486267,-0.033014290034770966,0.9999598264694214
29,12,0.4556269645690918,0.4689997434616089,-0.05332857370376587,0.9999659061431885
29,13,0.5554503202438354,0.49826642870903015,-0.03176507726311684,0.9896996021270752
29,14,0.4189806878566742,0.5155986547470093,-0.053749024868011475,0.9928439855575562
29,15,0.5236953496932983,0.5404767990112305,-0.1033872589468956,0.9876709580421448
29,16,0.44807443022727966,0.558626115322113,-0.10339492559432983,0.9608298540115356
29,17,0.5177992582321167,0.55865079164505,-0.12511087954044342,0.968801736831665
29,18,0.4544399678707123,0.5778099894523621,-0.120555579662323,0.9134145975112915
29,19,0.5122731924057007,0.5514189600944519,-0.117679163813591,0.9685462117195129
29,20,0.459831565618515,0.5707179307937622,-0.12345282733440399,0.9124038815498352
29,21,0.5126357078552246,0.5462014675140381,-0.10256507247686386,0.9561477303504944
29,22,0.4588511884212494,0.5641141533851624,-0.1042342409491539,0.8956986665725708
29,23,0.5102452635765076,0.6217702627182007,0.0038468141574412584,0.9994932413101196
29,24,0.4725871682167053,0.6156108379364014,-0.0037715621292591095,0.9998846650123596
29,25,0.506574273109436,0.7255831360816956,-0.013832163996994495,0.9693306684494019
29,26,0.4639531075954437,0.680881679058075,-0.21151232719421387,0.9931486248970032
29,27,0.49490028619766235,0.8351908326148987,0.10751110315322876,0.9768314361572266
29,28,0.4670697748661041,0.793647825717926,-0.1215013712644577,0.9907395839691162
29,29,0.4873846173286438,0.8529192805290222,0.11326297372579575,0.9324670433998108
29,30,0.4711921811103821,0.8129302263259888,-0.11542408168315887,0.9221089482307434
29,31,0.5123936533927917,0.8629758954048157,0.04941687732934952,0.9685487747192383
29,32,0.4608610272407532,0.8363415002822876,-0.1979249268770218,0.9839005470275879
30,0,0.49399861693382263,0.41141340136528015,-0.16698208451271057,0.9999361038208008
30,1,0.494110107421875,0.3996771574020386,-0.15450768172740936,0.9997810125350952
30,2,0.49552780389785767,0.3991166949272156,-0.154509499669075,0.9997174739837646
30,3,0.4970609247684479,0.3985060751438141,-0.15451519191265106,0.9997152090072632
30,4,0.4887644648551941,0.40086936950683594,-0.1592411994934082,0.9998775124549866
30,5,0.4858141839504242,0.4013879597187042,-0.1592826247215271,0.9998692274093628
30,6,0.4832386076450348,0.40196341276168823,-0.15929551422595978,0.9998881220817566
30,7,0.49763697385787964,0.40223896503448486,-0.07937448471784592,0.99932461977005
30,8,0.47597432136535645,0.4083835184574127,-0.10284347832202911,0.9998788833618164
30,9,0.4970979690551758,0.4222778379917145,-0.1380825936794281,0.9999154806137085
30,10,0.490377813577652,0.42429423332214355,-0.14475302398204803,0.9999604821205139
30,11,0.5207416415214539,0.4553110897541046,-0.03348805010318756,0.9999604225158691
30,12,0.45514267683029175,0.46898508071899414,-0.05824095010757446,0.9999668002128601
30,13,0.554611086845398,0.499278724193573,-0.023661134764552116,0.9901454448699951
30,14,0.4190800189971924,0.5158958435058594,-0.05604059249162674,0.9931192994117737
30,15,0.5237931609153748,0.5438679456710815,-0.08910556137561798,0.9874789118766785
30,16,0.4470166563987732,0.5614854097366333,-0.10379433631896973,0.9610375761985779
30,17,0.517825722694397,0.562175452709198,-0.10888707637786865,0.9675928950309753
30,18,0.4540204405784607,0.5822156071662903,-0.12072806060314178,0.9123665690422058
30,19,0.5122993588447571,0.5542575716972351,-0.10777638107538223,0.9672456383705139
30,20,0.4594491124153137,0.5747042298316956,-0.12588456273078918,0.9110411405563354
30,21,0.5126855969429016,0.5490595698356628,-0.08911983668804169,0.9539133310317993
30,22,0.458745539188385,0.5673798322677612,-0.10563764721155167,0.8929997682571411
30,23,0.5099038481712341,0.6220591068267822,0.005736944265663624,0.9994880557060242
30,24,0.4722693860530853,0.6161447167396545,-0.005666846875101328,0.9998862743377686
30,25,0.50655198097229,0.7259812951087952,-0.00033926524338312447,0.9673054218292236
30,26,0.4622771739959717,0.6819458603858948,-0.20464666187763214,0.9930429458618164
30,27,0.49490243196487427,0.8352327942848206,0.1095762625336647,0.9758952260017395
30,28,0.46667051315307617,0.7991427183151245,-0.12983839213848114,0.990433931350708
30,29,0.48733100295066833,0.8528802394866943,0.11606098711490631,0.9294049143791199
30,30,0.4702332019805908,0.817176878452301,-0.12553070485591888,0.9226880073547363
30,31,0.5123994946479797,0.862798810005188,0.049210354685783386,0.9672711491584778
30,32,0.46104946732521057,0.8400134444236755,-0.20973022282123566,0.983900249004364
31,0,0.4928525984287262,0.4113616645336151,-0.18216076493263245,0.9999305009841919
31,1,0.4931434690952301,0.3995817303657532,-0.16961471736431122,0.9997585415840149
31,2,0.4945593476295471,0.39900919795036316,-0.1696103811264038,0.9996861219406128
31,3,0.49610385298728943,0.39837899804115295,-0.16960926353931427,0.9996817111968994
31,4,0.48779377341270447,0.40082889795303345,-0.17568017542362213,0.9998681545257568
31,5,0.48492497205734253,0.4013335406780243,-0.17572340369224548,0.9998610019683838
31,6,0.4824238717556,0.40179935097694397,-0.17574909329414368,0.9998825788497925
31,7,0.49692225456237793,0.4021330177783966,-0.09117454290390015,0.9992378354072571
31,8,0.4754977226257324,0.40817132592201233,-0.1214582771062851,0.9998756647109985
31,9,0.49594569206237793,0.42219966650009155,-0.15221461653709412,0.9999097585678101
31,10,0.48916903138160706,0.42405176162719727,-0.1605583131313324,0.9999594688415527
31,11,0.5201617479324341,0.45516645908355713,-0.04204557090997696,0.9999597072601318
31,12,0.45453745126724243,0.4690183401107788,-0.07818488776683807,0.9999683499336243
31,13,0.5534682273864746,0.5014757513999939,-0.02380681410431862,0.9902516603469849
31,14,0.42002779245376587,0.5173749327659607,-0.07251061499118805,0.9934607148170471
31,15,0.5237493515014648,0.5492052435874939,-0.08710820972919464,0.9862924814224243
31,16,0.4463295340538025,0.5672505497932434,-0.11924892663955688,0.9617334008216858
31,17,0.5177235007286072,0.5674914717674255,-0.1066332459449768,0.9643195271492004
31,18,0.45384639501571655,0.5882894396781921,-0.1374291479587555,0.9125707745552063
31,19,0.512320876121521,0.5597376227378845,-0.11068032681941986,0.9639619588851929
31,20,0.45940589904785156,0.5813865661621094,-0.14424346387386322,0.9109699130058289
31,21,0.5127029418945312,0.5541059970855713,-0.08906003832817078,0.949258029460907
31,22,0.4584116041660309,0.574120283126831,-0.12159714847803116,0.8919180631637573
31,23,0.5095563530921936,0.6222792863845825,0.0128868343308568,0.9994861483573914
31,24,0.4722733497619629,0.6165688633918762,-0.012880275025963783,0.999885082244873
31,25,0.5060651898384094,0.7274513244628906,0.02651311457157135,0.9660895466804504
31,26,0.4623951315879822,0.7001637816429138,-0.17042887210845947,0.9930768013000488
31,27,0.4948218762874603,0.835230827331543,0.13625052571296692,0.9752813577651978
31,28,0.4648261070251465,0.8006589412689209,-0.0688675194978714,0.9905469417572021
31,29,0.48708024621009827,0.8526607751846313,0.14311645925045013,0.9282229542732239
31,30,0.4664342999458313,0.8203307390213013,-0.06366728246212006,0.922487735748291
31,31,0.5124338865280151,0.8626773357391357,0.07824111729860306,0.966822624206543
31,32,0.460763156414032,0.8421634435653687,-0.15542693436145782,0.984134316444397
32,0,0.4928710460662842,0.4090941250324249,-0.19358029961585999,0.9999270439147949
32,1,0.49310940504074097,0.3976118266582489,-0.18610507249832153,0.999756932258606
32,2,0.4945141673088074,0.39722585678100586,-0.1860680729150772,0.9996823668479919
32,3,0.4960107207298279,0.39681053161621094,-0.18604719638824463,0.9996765851974487
32,4,0.48775792121887207,0.3983005881309509,-0.19196662306785583,0.9998683333396912
32,5,0.4849258065223694,0.39860978722572327,-0.19199611246585846,0.9998618364334106
32,6,0.48227280378341675,0.39910316467285156,-0.19200964272022247,0.9998831152915955
32,7,0.4964126646518707,0.400278776884079,-0.12116910517215729,0.9992428421974182
32,8,0.475233256816864,0.4055466055870056,-0.14936131238937378,0.9998770356178284
32,9,0.4958258271217346,0.42023706436157227,-0.16694428026676178,0.9999091029167175
32,10,0.4891294836997986,0.42163509130477905,-0.17508210241794586,0.9999595284461975
32,11,0.5199531316757202,0.45406532287597656,-0.06117875501513481,0.9999564290046692
32,12,0.4539276957511902,0.4685041606426239,-0.1084657683968544,0.9999692440032959
32,13,0.549731433391571,0.5024668574333191,-0.018380122259259224,0.9888596534729004
32,14,0.4211520552635193,0.5205523371696472,-0.08974777162075043,0.9936712980270386
32,15,0.5237963199615479,0.5523570775985718,-0.06181050091981888,0.9835452437400818
32,16,0.44526535272598267,0.5820093154907227,-0.11947309970855713,0.9612067341804504
32,17,0.5179411172866821,0.572238564491272,-0.0768638551235199,0.9596816897392273
32,18,0.4521940350532532,0.6049879789352417,-0.13522851467132568,0.9117112755775452
32,19,0.5126811265945435,0.5643554329872131,-0.08915466070175171,0.9593132138252258
32,20,0.4574354290962219,0.5967175960540771,-0.14484961330890656,0.9097612500190735
32,21,0.513144850730896,0.5568144917488098,-0.0664243996143341,0.9438746571540833
32,22,0.4566287398338318,0.5899451375007629,-0.12285523116588593,0.8899605870246887
32,23,0.508533239364624,0.6227723360061646,0.01652103289961815,0.9995052814483643
32,24,0.4717296063899994,0.6199708580970764,-0.016577258706092834,0.9998836517333984
32,25,0.5050488114356995,0.730311393737793,0.08484707772731781,0.9665393233299255
32,26,0.4625311493873596,0.7206826210021973,0.006043982692062855,0.9931862354278564
32,27,0.49482592940330505,0.8345282673835754,0.18983647227287292,0.9760122895240784
32,28,0.46119609475135803,0.8217241764068604,0.09504104405641556,0.9906870722770691
32,29,0.48675480484962463,0.8511781692504883,0.19752396643161774,0.9309758543968201
32,30,0.46240901947021484,0.8338355422019958,0.10075370967388153,0.9238000512123108
32,31,0.5129973888397217,0.8625983595848083,0.1464034616947174,0.968174397945404
32,32,0.45977258682250977,0.8679811358451843,0.03720959275960922,0.9841089248657227
33,0,0.49268728494644165,0.40718069672584534,-0.21629783511161804,0.9999327063560486
33,1,0.49290528893470764,0.39531734585762024,-0.20766158401966095,0.9997774362564087
33,2,0.49429526925086975,0.39501088857650757,-0.20762638747692108,0.9997093081474304
33,3,0.49575772881507874,0.3946976065635681,-0.20759332180023193,0.9997033476829529
33,4,0.4875388741493225,0.39600664377212524,-0.2117551565170288,0.9998793005943298
33,5,0.4847395420074463,0.396398663520813,-0.2117834836244583,0.9998733401298523
33,6,0.4820094704627991,0.39683130383491516,-0.2117786407470703,0.99989253282547
33,7,0.4961031973361969,0.39846470952033997,-0.13679319620132446,0.9993066191673279
33,8,0.475039541721344,0.40308383107185364,-0.15805532038211823,0.9998870491981506
33,9,0.495618999004364,0.41891562938690186,-0.18809691071510315,0.9999163746833801
33,10,0.48898378014564514,0.42021843791007996,-0.19399186968803406,0.9999627470970154
33,11,0.5200048685073853,0.45410335063934326,-0.07406364381313324,0.9999585151672363
33,12,0.45357370376586914,0.4685148000717163,-0.11296218633651733,0.999971330165863
33,13,0.5438207387924194,0.5128828883171082,-0.020174020901322365,0.9888516068458557
33,14,0.42280203104019165,0.5313633680343628,-0.09326035529375076,0.9939183592796326
33,15,0.5239561200141907,0.577614963054657,-0.06846983730792999,0.9838242530822754
33,16,0.44362369179725647,0.6006441712379456,-0.13003727793693542,0.9621463418006897
33,17,0.5188183784484863,0.5990379452705383,-0.08562520146369934,0.9607018828392029
33,18,0.44869551062583923,0.6248705387115479,-0.14692041277885437,0.9140281081199646
33,19,0.5143095254898071,0.591464102268219,-0.10850603878498077,0.9604043960571289
33,20,0.4541807174682617,0.6158530116081238,-0.15982785820960999,0.9121370315551758
33,21,0.5144960880279541,0.5845969915390015,-0.07415878772735596,0.9455621838569641
33,22,0.4536999762058258,0.6078013777732849,-0.13501951098442078,0.8927244544029236
33,23,0.5078284740447998,0.6270787715911865,0.019681015983223915,0.9995350241661072
33,24,0.4715650975704193,0.6250291466712952,-0.019754935055971146,0.9998898506164551
33,25,0.503623902797699,0.7340840101242065,0.10099263489246368,0.9676427841186523
33,26,0.4624994695186615,0.7333289384841919,-0.013432720676064491,0.9935460090637207
33,27,0.49492233991622925,0.8343861699104309,0.2139582335948944,0.9772213697433472
33,28,0.4591381549835205,0.8378761410713196,0.06340793520212173,0.9911308884620667
33,29,0.4869753420352936,0.851153552532196,0.2220366895198822,0.9350615739822388
33,30,0.4602808952331543,0.8508891463279724,0.06754802167415619,0.9256428480148315
33,31,0.5142195820808411,0.8626871109008789,0.1698521375656128,0.9698259830474854
33,32,0.4590909481048584,0.8818292617797852,-0.004314702935516834,0.9845747351646423
34,0,0.4922765791416168,0.4035246968269348,-0.2173769474029541,0.9999380707740784
34,1,0.4925631582736969,0.3916341960430145,-0.20825085043907166,0.9997959136962891
34,2,0.49394863843917847,0.39147982001304626,-0.2082274705171585,0.9997339248657227
34,3,0.49541300535202026,0.3913785219192505,-0.20819306373596191,0.9997277855873108
34,4,0.48720860481262207,0.3919046223163605,-0.21279224753379822,0.9998887777328491
34,5,0.484424889087677,0.3921913504600525,-0.2128210812807083,0.9998834133148193
34,6,0.48172420263290405,0.3925325274467468,-0.21282684803009033,0.9999005794525146
34,7,0.49556249380111694,0.3956807851791382,-0.13639508187770844,0.9993631839752197
34,8,0.4748266339302063,0.39910364151000977,-0.15968765318393707,0.9998956322669983
34,9,0.49499550461769104,0.4160382151603699,-0.18888118863105774,0.999923050403595
34,10,0.4883364140987396,0.4169185161590576,-0.19536635279655457,0.9999656081199646
34,11,0.5197818875312805,0.45413899421691895,-0.07392817735671997,0.9999607801437378
34,12,0.45294785499572754,0.468174010515213,-0.11827705800533295,0.9999732971191406
34,13,0.5365065932273865,0.5242217779159546,-0.026400327682495117,0.9880561828613281
34,14,0.42669931054115295,0.5423330068588257,-0.10219931602478027,0.9941442608833313
34,15,0.5240210890769958,0.5958091020584106,-0.09405221045017242,0.9839568138122559
34,16,0.44110140204429626,0.6143509149551392,-0.14044833183288574,0.9634937047958374
34,17,0.5203355550765991,0.6190746426582336,-0.11360412836074829,0.9617078900337219
34,18,0.44425448775291443,0.6409547924995422,-0.1580137014389038,0.9174884557723999
34,19,0.5163562297821045,0.612463653087616,-0.13562215864658356,0.961529552936554
34,20,0.4500918388366699,0.6350687146186829,-0.17376747727394104,0.9157832264900208
34,21,0.5158652663230896,0.6049804091453552,-0.10326766967773438,0.9474117755889893
34,22,0.4506908357143402,0.6254814863204956,-0.1467709243297577,0.8971518278121948
34,23,0.5068033933639526,0.6293788552284241,0.023443426936864853,0.9995635151863098
34,24,0.47127294540405273,0.629071831703186,-0.02353379875421524,0.9998952746391296
34,25,0.5023491978645325,0.7363433241844177,0.10940970480442047,0.9683605432510376
34,26,0.4625001847743988,0.738265335559845,-0.015278883278369904,0.993887722492218
34,27,0.4944261610507965,0.8338000774383545,0.22521889209747314,0.9782139658927917
34,28,0.4565405249595642,0.8460543155670166,0.06192631274461746,0.9914605617523193
34,29,0.48688268661499023,0.8506894707679749,0.233480766415596,0.9382292628288269
34,30,0.45573896169662476,0.8598678708076477,0.06601177901029587,0.9257551431655884
34,31,0.5145188570022583,0.8626518845558167,0.1810896247625351,0.9713640213012695
34,32,0.45945796370506287,0.8930427432060242,-0.008006477728486061,0.9849278330802917
35,0,0.49211710691452026,0.4008309245109558,-0.2264639139175415,0.9999424815177917
35,1,0.4923533797264099,0.38917794823646545,-0.2176852971315384,0.9998102784156799
35,2,0.49371156096458435,0.3891241252422333,-0.2176627218723297,0.9997538924217224
35,3,0.4951590597629547,0.38915151357650757,-0.21762719750404358,0.999746561050415
35,4,0.4870758652687073,0.38924139738082886,-0.2237192839384079,0.9998958110809326
35,5,0.48430052399635315,0.3894900381565094,-0.22375686466693878,0.999891459941864
35,6,0.4815531373023987,0.3898186981678009,-0.2237739861011505,0.9999064207077026
35,7,0.49490779638290405,0.39368897676467896,-0.1452096551656723,0.9994044303894043
35,8,0.4744897484779358,0.3966253995895386,-0.1755116879940033,0.9999018311500549
35,9,0.4946044981479645,0.4137991964817047,-0.19737660884857178,0.999927818775177
35,10,0.48806291818618774,0.41461265087127686,-0.20587976276874542,0.999967634677887
35,11,0.51836097240448,0.4541894197463989,-0.0753680020570755,0.9999615550041199
35,12,0.4524298310279846,0.46798402070999146,-0.1371966302394867,0.9999749660491943
35,13,0.5313692688941956,0.5284009575843811,-0.026284461840987206,0.9864211082458496
35,14,0.4316949248313904,0.5529525279998779,-0.12224111706018448,0.9944418668746948
35,15,0.5264216065406799,0.6057819128036499,-0.08767183870077133,0.9836779236793518
35,16,0.43915900588035583,0.6307708621025085,-0.15391090512275696,0.9656274914741516
35,17,0.5275098085403442,0.6297698020935059,-0.10325118154287338,0.9617437124252319
35,18,0.44019728899002075,0.6565927267074585,-0.17028985917568207,0.9222341775894165
35,19,0.5230603814125061,0.6273771524429321,-0.13209384679794312,0.9618494510650635
35,20,0.4468185007572174,0.6541575789451599,-0.18640579283237457,0.9207493662834167
35,21,0.5208896398544312,0.6189920902252197,-0.09923223406076431,0.9485579133033752
35,22,0.44797176122665405,0.6464411020278931,-0.16013343632221222,0.9031571745872498
35,23,0.5051248073577881,0.6315064430236816,0.02738242782652378,0.9995830059051514
35,24,0.47086820006370544,0.6330018639564514,-0.027498751878738403,0.9998973608016968
35,25,0.500702440738678,0.738559901714325,0.11525288969278336,0.9681206345558167
35,26,0.4625597894191742,0.7413562536239624,-0.015281816013157368,0.9940950274467468
35,27,0.4943483769893646,0.8336600661277771,0.23241475224494934,0.9788175225257874
35,28,0.45453590154647827,0.8510066270828247,0.06250549107789993,0.9916565418243408
35,29,0.4869404733181,0.8498347997665405,0.24101988971233368,0.9405497908592224
35,30,0.4525400698184967,0.8642550110816956,0.0666927844285965,0.9249071478843689
35,31,0.5146045684814453,0.8634852766990662,0.19015878438949585,0.9726366996765137
35,32,0.4611191153526306,0.8988463282585144,-0.008606748655438423,0.9851279258728027
36,0,0.4915076196193695,0.39824438095092773,-0.2005961835384369,0.9999474883079529
36,1,0.49182868003845215,0.38710492849349976,-0.1937750279903412,0.9998264908790588
36,2,0.49323663115501404,0.3872116804122925,-0.19373148679733276,0.9997754693031311
36,3,0.4947238862514496,0.3873370289802551,-0.19366905093193054,0.9997683763504028
36,4,0.48646801710128784,0.3869345784187317,-0.20070357620716095,0.9999042749404907
36,5,0.48368850350379944,0.3871784508228302,-0.20073001086711884,0.9999005794525146
36,6,0.48081183433532715,0.3874105215072632,-0.20074662566184998,0.9999138116836548
36,7,0.4942680299282074,0.39206060767173767,-0.142462819814682,0.9994545578956604
36,8,0.47351035475730896,0.39396777749061584,-0.16087673604488373,0.9999091029167175
36,9,0.4938901960849762,0.41183269023895264,-0.1769658476114273,0.9999337792396545
36,10,0.4872073233127594,0.4125971496105194,-0.1871379315853119,0.9999701976776123
36,11,0.5174322724342346,0.4547345042228699,-0.07248691469430923,0.9999632835388184
36,12,0.45112332701683044,0.46754375100135803,-0.12497899681329727,0.9999761581420898
36,13,0.5280243158340454,0.5367774367332458,-0.024895766749978065,0.986238420009613
36,14,0.43481913208961487,0.560486912727356,-0.1135522723197937,0.9947317838668823
36,15,0.5299960374832153,0.6134140491485596,-0.07452287524938583,0.9847046136856079
36,16,0.43755626678466797,0.6377387046813965,-0.14107070863246918,0.9680780172348022
36,17,0.5342210531234741,0.6393232941627502,-0.08801271766424179,0.9642728567123413
36,18,0.43590694665908813,0.6643598079681396,-0.15722861886024475,0.9278013706207275
36,19,0.5290625691413879,0.638056755065918,-0.11080519109964371,0.9644715189933777
36,20,0.4436720013618469,0.662938117980957,-0.1709565818309784,0.9265139102935791
36,21,0.5255606174468994,0.6300232410430908,-0.0843428522348404,0.9522887468338013
36,22,0.4454732835292816,0.6547600030899048,-0.14656470715999603,0.9102815985679626
36,23,0.5043693780899048,0.6333618760108948,0.024918096140027046,0.9996058344841003
36,24,0.4696443974971771,0.6357342004776001,-0.02502090111374855,0.9998999238014221
36,25,0.4996907114982605,0.7388966083526611,0.10561641305685043,0.969050407409668
36,26,0.4621061384677887,0.7420262694358826,0.011117859743535519,0.9943311810493469
36,27,0.49430862069129944,0.8332675695419312,0.21092772483825684,0.9796155691146851
36,28,0.45319947600364685,0.8525934815406799,0.08713649958372116,0.9918960332870483
36,29,0.48717838525772095,0.848303496837616,0.21882319450378418,0.9425849318504333
36,30,0.45160359144210815,0.8647982478141785,0.09163672477006912,0.9243781566619873
36,31,0.5145970582962036,0.8634986281394958,0.17475242912769318,0.9739198088645935
36,32,0.4612862467765808,0.8994235396385193,0.0285646915435791,0.9852651357650757
37,0,0.49122968316078186,0.39771488308906555,-0.21003420650959015,0.9999517202377319
37,1,0.49155154824256897,0.3864530026912689,-0.20234759151935577,0.9998398423194885
37,2,0.4929629862308502,0.3866022825241089,-0.20230796933174133,0.9997935891151428
37,3,0.4944116175174713,0.38670870661735535,-0.2022523432970047,0.9997860193252563
37,4,0.486158549785614,0.3861643075942993,-0.2092823088169098,0.9999109506607056
37,5,0.4834591746330261,0.38626742362976074,-0.20930950343608856,0.999907910823822
37,6,0.48043856024742126,0.38640883564949036,-0.2093188762664795,0.9999192953109741
37,7,0.49352049827575684,0.3913053274154663,-0.13884584605693817,0.999496579170227
37,8,0.4727494716644287,0.39252543449401855,-0.16937586665153503,0.9999147057533264
37,9,0.49347829818725586,0.4113014340400696,-0.18394342064857483,0.9999387860298157
37,10,0.48675188422203064,0.41200798749923706,-0.1937771439552307,0.9999722838401794
37,11,0.5158620476722717,0.4555608034133911,-0.07545975595712662,0.999964714050293
37,12,0.44944801926612854,0.46716058254241943,-0.13349373638629913,0.9999772310256958
37,13,0.526129424571991,0.5403632521629333,-0.02491811476647854,0.9860761165618896
37,14,0.435556024312973,0.5624990463256836,-0.11832313239574432,0.9949705600738525
37,15,0.5304785966873169,0.6146227121353149,-0.07489059120416641,0.9855465888977051
37,16,0.43573421239852905,0.6385105848312378,-0.1456444412469864,0.9703012704849243
37,17,0.5353516340255737,0.640555202960968,-0.08874993026256561,0.9663475751876831
37,18,0.432910293340683,0.6656129360198975,-0.1616729348897934,0.9329021573066711
37,19,0.5306854248046875,0.6400852799415588,-0.11097695678472519,0.9666430950164795
37,20,0.4403592050075531,0.6644653081893921,-0.17883671820163727,0.9317966103553772
37,21,0.5267577171325684,0.6314001679420471,-0.0845789685845375,0.9554437398910522
37,22,0.4426587224006653,0.6559450626373291,-0.15270046889781952,0.9167780876159668
37,23,0.5031322240829468,0.6345250606536865,0.023658212274312973,0.9996262788772583
37,24,0.4679955840110779,0.6373902559280396,-0.023750100284814835,0.9999019503593445
37,25,0.4986843466758728,0.7396091818809509,0.1088775172829628,0.9708352088928223
37,26,0.4604640603065491,0.7429136633872986,0.017000753432512283,0.9946685433387756
37,27,0.4942983090877533,0.833314836025238,0.22456738352775574,0.9807907342910767
37,28,0.45251601934432983,0.8546355962753296,0.10863572359085083,0.9923217296600342
37,29,0.48751014471054077,0.8481485843658447,0.23307593166828156,0.9453926086425781
37,30,0.45136499404907227,0.8661141991615295,0.11419911682605743,0.9264457821846008
37,31,0.5147602558135986,0.8641875982284546,0.1841813623905182,0.9755046963691711
37,32,0.4609980583190918,0.8992490172386169,0.04523324966430664,0.9858283400535583
38,0,0.4912536144256592,0.3968115448951721,-0.2134471833705902,0.999954342842102
38,1,0.4915285110473633,0.3856394588947296,-0.20582151412963867,0.9998468160629272
38,2,0.4929323196411133,0.38573747873306274,-0.20578458905220032,0.9998045563697815
38,3,0.49432381987571716,0.385789155960083,-0.20573076605796814,0.9997950196266174
38,4,0.4861728250980377,0.3854178488254547,-0.2141617089509964,0.9999135136604309
38,5,0.4834566116333008,0.3854958117008209,-0.21418845653533936,0.9999114871025085
38,6,0.48045629262924194,0.38560205698013306,-0.2142006903886795,0.9999206066131592
38,7,0.49275293946266174,0.39079636335372925,-0.13918033242225647,0.9995205402374268
38,8,0.4723958969116211,0.3917456865310669,-0.17942915856838226,0.9999155402183533
38,9,0.49336713552474976,0.41055580973625183,-0.18621385097503662,0.999941885471344
38,10,0.4867766797542572,0.41140031814575195,-0.1977977305650711,0.9999732971191406
38,11,0.5141423344612122,0.45648446679115295,-0.07750202715396881,0.9999654293060303
38,12,0.44810420274734497,0.4665108919143677,-0.1416516900062561,0.9999778270721436
38,13,0.5254467725753784,0.5424237847328186,-0.02406754530966282,0.9852818250656128
38,14,0.4360358715057373,0.5624353289604187,-0.12407354265451431,0.9951058030128479
38,15,0.5310937762260437,0.6144927144050598,-0.07489369064569473,0.9858576059341431
38,16,0.4346509873867035,0.6400458216667175,-0.14958679676055908,0.9720640778541565
38,17,0.5350250601768494,0.6406526565551758,-0.08906131982803345,0.9673314690589905
38,18,0.4313676953315735,0.6664832830429077,-0.16574504971504211,0.9371631741523743
38,19,0.5305484533309937,0.6394530534744263,-0.11147399246692657,0.9678001999855042
38,20,0.4382317066192627,0.665947437286377,-0.18474651873111725,0.9362406730651855
38,21,0.5270718336105347,0.6304906010627747,-0.08485427498817444,0.9574311971664429
38,22,0.44070902466773987,0.6577149033546448,-0.15743166208267212,0.9222103357315063
38,23,0.5021084547042847,0.6366240978240967,0.022784113883972168,0.999640703201294
38,24,0.46676284074783325,0.6394962668418884,-0.022866932675242424,0.9999015927314758
38,25,0.4981786608695984,0.7399560809135437,0.11483724415302277,0.9724491834640503
38,26,0.45868903398513794,0.7421651482582092,0.02500668168067932,0.9949252009391785
38,27,0.49428266286849976,0.8332551717758179,0.23976846039295197,0.9818201661109924
38,28,0.4516352117061615,0.8544711470603943,0.12854225933551788,0.9926272034645081
38,29,0.48811930418014526,0.8479706048965454,0.24924953281879425,0.9477224349975586
38,30,0.45067834854125977,0.8660761713981628,0.13523733615875244,0.9279441833496094
38,31,0.5147672295570374,0.8645095229148865,0.19795820116996765,0.976952850818634
38,32,0.46049538254737854,0.8979024291038513,0.06494402885437012,0.9862299561500549
39,0,0.4911145567893982,0.39635607600212097,-0.21124505996704102,0.9999567270278931
39,1,0.49148687720298767,0.3849804699420929,-0.20308002829551697,0.999853253364563
39,2,0.4929003119468689,0.3850306272506714,-0.20304688811302185,0.9998142123222351
39,3,0.4942900538444519,0.38508638739585876,-0.20299866795539856,0.9998025298118591
39,4,0.48600974678993225,0.3848608732223511,-0.21070551872253418,0.9999160170555115
39,5,0.4831560552120209,0.38496652245521545,-0.21072836220264435,0.9999147057533264
39,6,0.48007482290267944,0.3851023316383362,-0.21073909103870392,0.9999220371246338
39,7,0.4926244616508484,0.39056700468063354,-0.13510188460350037,0.9995396733283997
39,8,0.47162097692489624,0.3915550112724304,-0.1724230945110321,0.9999167919158936
39,9,0.49323374032974243,0.41009458899497986,-0.18372295796871185,0.9999445676803589
39,10,0.4866062104701996,0.4110209047794342,-0.1943095624446869,0.9999743700027466
39,11,0.5130745768547058,0.45817703008651733,-0.07543960958719254,0.9999657273292542
39,12,0.44701117277145386,0.4649665057659149,-0.13420900702476501,0.9999786615371704
39,13,0.5247782468795776,0.5434502959251404,-0.01994100958108902,0.9842355251312256
39,14,0.43534940481185913,0.5602027773857117,-0.11715725809335709,0.9952375888824463
39,15,0.531262993812561,0.6142802834510803,-0.07455842196941376,0.9860211610794067
39,16,0.43511146306991577,0.6375645399093628,-0.14617297053337097,0.9737703800201416
39,17,0.5342814326286316,0.639146089553833,-0.08966135233640671,0.9681463837623596
39,18,0.4325663149356842,0.6651439666748047,-0.16314294934272766,0.9412308931350708
39,19,0.5302530527114868,0.6376467347145081,-0.11201520264148712,0.9687371253967285
39,20,0.43905767798423767,0.6640797853469849,-0.1818406879901886,0.9404619336128235
39,21,0.5273516774177551,0.628903865814209,-0.0848272293806076,0.9591103792190552
39,22,0.44132915139198303,0.6554908752441406,-0.1538947969675064,0.9273900985717773
39,23,0.5007308125495911,0.6381986141204834,0.02224043384194374,0.999660074710846
39,24,0.4642915725708008,0.64081871509552,-0.02231648378074169,0.9999049305915833
39,25,0.49760380387306213,0.7402287125587463,0.11906880140304565,0.974139392375946
39,26,0.4569163918495178,0.7422535419464111,0.02468123659491539,0.995197057723999
39,27,0.4942731261253357,0.8334522843360901,0.24983544647693634,0.9829033613204956
39,28,0.4514048099517822,0.8555869460105896,0.12746992707252502,0.9929777383804321
39,29,0.48850589990615845,0.8480759263038635,0.2599319815635681,0.9498618841171265
39,30,0.45073312520980835,0.8678438067436218,0.13402460515499115,0.9299997687339783
39,31,0.5149244070053101,0.86482173204422,0.20815615355968475,0.9783950448036194
39,32,0.45971933007240295,0.8970767259597778,0.06317269802093506,0.9867743849754333
40,0,0.4904494881629944,0.3961137533187866,-0.21158847212791443,0.9999589920043945
40,1,0.4908072054386139,0.38451439142227173,-0.2033778727054596,0.9998591542243958
40,2,0.49224957823753357,0.38450953364372253,-0.20334458351135254,0.9998229146003723
40,3,0.4935764670372009,0.384527325630188,-0.20329327881336212,0.9998099207878113
40,4,0.4852927625179291,0.3845129609107971,-0.21122725307941437,0.9999182224273682
40,5,0.4823857843875885,0.38462570309638977,-0.21124431490898132,0.9999173283576965
40,6,0.47929826378822327,0.3847827911376953,-0.21125511825084686,0.9999228715896606
40,7,0.49131840467453003,0.39004436135292053,-0.13456252217292786,0.9995612502098083
40,8,0.4705143868923187,0.39103636145591736,-0.17285113036632538,0.9999171495437622
40,9,0.49228230118751526,0.40987658500671387,-0.18366530537605286,0.9999476671218872
40,10,0.4857798218727112,0.4108494520187378,-0.19450868666172028,0.9999754428863525
40,11,0.5111671686172485,0.4583791494369507,-0.075065478682518,0.9999672174453735
40,12,0.4454697072505951,0.4637131094932556,-0.13449393212795258,0.9999790191650391
40,13,0.5242752432823181,0.543075680732727,-0.02091369964182377,0.9844532608985901
40,14,0.43489861488342285,0.5583296418190002,-0.11845984309911728,0.9953188300132751
40,15,0.5317322015762329,0.6131908893585205,-0.07598699629306793,0.9867796897888184
40,16,0.4354284703731537,0.638451337814331,-0.15080615878105164,0.975260317325592
40,17,0.5339285135269165,0.637471079826355,-0.09111323207616806,0.9699408411979675
40,18,0.4340316355228424,0.6661238074302673,-0.16943278908729553,0.9448617696762085
40,19,0.5298792123794556,0.6355931162834167,-0.11514665931463242,0.9705772995948792
40,20,0.44041958451271057,0.6636607646942139,-0.18850266933441162,0.9442167282104492
40,21,0.5273802876472473,0.6266183853149414,-0.08532526344060898,0.9617016911506653
40,22,0.4423362612724304,0.6549599170684814,-0.1588209718465805,0.9319954514503479
40,23,0.49912112951278687,0.6394385099411011,0.021503932774066925,0.9996753931045532
40,24,0.4622126519680023,0.6427810788154602,-0.021577658131718636,0.9999051690101624
40,25,0.4968810975551605,0.7407511472702026,0.11625294387340546,0.9756147265434265
40,26,0.45474115014076233,0.7433007955551147,0.03733787685632706,0.995399534702301
40,27,0.4938589930534363,0.8335726261138916,0.2462022751569748,0.9837533831596375
40,28,0.45051151514053345,0.8549357056617737,0.14795035123825073,0.9932013750076294
40,29,0.4885481894016266,0.8480931520462036,0.256188303232193,0.9514106512069702
40,30,0.4502298831939697,0.8671467900276184,0.15531063079833984,0.9315332174301147
40,31,0.5149317979812622,0.8651368618011475,0.2028021514415741,0.9795669317245483
40,32,0.4595556855201721,0.8974345922470093,0.08543325960636139,0.9870535731315613
41,0,0.48984265327453613,0.3953283429145813,-0.21135087311267853,0.9999611973762512
41,1,0.4901948869228363,0.38362976908683777,-0.20272402465343475,0.9998655915260315
41,2,0.4915637969970703,0.3836607336997986,-0.20269235968589783,0.9998318552970886
41,3,0.4928126931190491,0.3837175667285919,-0.20264005661010742,0.9998176693916321
41,4,0.48468512296676636,0.3835064768791199,-0.21076421439647675,0.9999210834503174
41,5,0.48162180185317993,0.3835943937301636,-0.21077759563922882,0.9999204277992249
41,6,0.47846031188964844,0.38367632031440735,-0.21078641712665558,0.9999245405197144
41,7,0.49015742540359497,0.3894630968570709,-0.13328087329864502,0.9995819330215454
41,8,0.46919766068458557,0.3898966908454895,-0.1721971035003662,0.9999184608459473
41,9,0.49154868721961975,0.409389466047287,-0.18314625322818756,0.999950647354126
41,10,0.4852074682712555,0.41017985343933105,-0.1942698210477829,0.999976634979248
41,11,0.5091426968574524,0.4583723247051239,-0.07447472214698792,0.999968409538269
41,12,0.4431682527065277,0.4634750485420227,-0.1330464482307434,0.9999791383743286
41,13,0.5233105421066284,0.541675329208374,-0.02663726732134819,0.9847617149353027
41,14,0.4343905448913574,0.5582937598228455,-0.11847017705440521,0.9954465627670288
41,15,0.5319042205810547,0.6106812357902527,-0.09986098110675812,0.9875863194465637
41,16,0.4364713132381439,0.6387443542480469,-0.15399226546287537,0.9768204092979431
41,17,0.5339331030845642,0.6348097324371338,-0.11986704170703888,0.9718369841575623
41,18,0.4347822070121765,0.6677249073982239,-0.1737118512392044,0.9485287666320801
41,19,0.5299389362335205,0.6326900720596313,-0.1426679641008377,0.9724903702735901
41,20,0.4412553310394287,0.664230227470398,-0.1921749711036682,0.9479712247848511
41,21,0.5275754928588867,0.6236897706985474,-0.11043299734592438,0.9643165469169617
41,22,0.44360557198524475,0.6557131409645081,-0.161662295460701,0.9365662932395935
41,23,0.4971718192100525,0.6405191421508789,0.020400328561663628,0.999686062335968
41,24,0.46057790517807007,0.6444342136383057,-0.020465362817049026,0.9999033808708191
41,25,0.4956084191799164,0.7423730492591858,0.11416268348693848,0.9769279360771179
41,26,0.45343589782714844,0.7440768480300903,0.04091974347829819,0.9955556988716125
41,27,0.49371853470802307,0.8341939449310303,0.24369990825653076,0.9844669103622437
41,28,0.4503183364868164,0.855567991733551,0.1531933844089508,0.9933561086654663
41,29,0.48872828483581543,0.8482224941253662,0.2535848915576935,0.9526516795158386
41,30,0.45024538040161133,0.8684119582176208,0.1605772078037262,0.9327765107154846
41,31,0.5149613618850708,0.866153359413147,0.20013806223869324,0.9805473685264587
41,32,0.459381103515625,0.8973060846328735,0.09051479399204254,0.9871899485588074
42,0,0.4895896315574646,0.3948529064655304,-0.22093169391155243,0.9999611973762512
42,1,0.48972058296203613,0.3829604387283325,-0.21127331256866455,0.9998641014099121
42,2,0.49092555046081543,0.3830074369907379,-0.2112528532743454,0.9998316764831543
42,3,0.49203062057495117,0.3830697238445282,-0.21120472252368927,0.9998146891593933
42,4,0.48442912101745605,0.3829467296600342,-0.22037220001220703,0.999918520450592
42,5,0.48151224851608276,0.38306164741516113,-0.22038456797599792,0.9999181628227234
42,6,0.4783104956150055,0.3831695020198822,-0.22040390968322754,0.9999203681945801
42,7,0.4888364374637604,0.3888225555419922,-0.13673873245716095,0.9995790123939514
42,8,0.4684872627258301,0.3892698884010315,-0.1800844520330429,0.9999129176139832
42,9,0.491253137588501,0.4090704917907715,-0.19076591730117798,0.9999507665634155
42,10,0.48504525423049927,0.4099128842353821,-0.2032221555709839,0.9999763369560242
42,11,0.5082100629806519,0.4584139883518219,-0.07554040849208832,0.9999677538871765
42,12,0.44202756881713867,0.46279463171958923,-0.13912062346935272,0.9999781250953674
42,13,0.5221448540687561,0.5412818789482117,-0.029168691486120224,0.9842936992645264
42,14,0.43339377641677856,0.5577526092529297,-0.1265636682510376,0.9955224990844727
42,15,0.5318385362625122,0.6100385189056396,-0.10667721927165985,0.9879098534584045
42,16,0.437691867351532,0.636528730392456,-0.16832682490348816,0.978068470954895
42,17,0.5338245630264282,0.6340973377227783,-0.12822304666042328,0.9727876782417297
42,18,0.43636083602905273,0.6655312776565552,-0.19042424857616425,0.9515296816825867
42,19,0.5302545428276062,0.6325277090072632,-0.15164045989513397,0.9735234379768372
42,20,0.4430101811885834,0.6617044806480408,-0.2090124636888504,0.9510363936424255
42,21,0.5281155109405518,0.623436450958252,-0.11791348457336426,0.9658819437026978
42,22,0.4454294741153717,0.6532686948776245,-0.1761174350976944,0.9402157068252563
42,23,0.4959649443626404,0.6411883234977722,0.02029002085328102,0.9996883273124695
42,24,0.4596051275730133,0.6452166438102722,-0.020357754081487656,0.9998952746391296
42,25,0.4948888421058655,0.7429731488227844,0.11937476694583893,0.977755606174469
42,26,0.4527752995491028,0.7448313236236572,0.05623509734869003,0.9955995082855225
42,27,0.49302878975868225,0.8337868452072144,0.25617319345474243,0.9847607612609863
42,28,0.4502069354057312,0.8542044758796692,0.19006754457950592,0.9933211207389832
42,29,0.48865288496017456,0.8478552103042603,0.26685529947280884,0.9534026384353638
42,30,0.4498487114906311,0.867152750492096,0.1998114436864853,0.9332266449928284
42,31,0.5147274732589722,0.8658211827278137,0.210832878947258,0.9811596870422363
42,32,0.45901522040367126,0.8963531255722046,0.12795612215995789,0.9869855642318726
43,0,0.4887431263923645,0.39462190866470337,-0.2203415334224701,0.9999614357948303
43,1,0.48885005712509155,0.38289639353752136,-0.21018461883068085,0.999864935874939
43,2,0.489969402551651,0.38295868039131165,-0.2101636826992035,0.9998335242271423
43,3,0.4910179078578949,0.3830547630786896,-0.210114985704422,0.9998144507408142
43,4,0.48364347219467163,0.38284555077552795,-0.2196454107761383,0.9999181032180786
43,5,0.4808112680912018,0.382975310087204,-0.21965666115283966,0.9999179840087891
43,6,0.4775125980377197,0.3830671012401581,-0.21967466175556183,0.9999188780784607
43,7,0.4876991808414459,0.388874888420105,-0.1355389505624771,0.9995772838592529
43,8,0.4675557017326355,0.3891045153141022,-0.18056830763816833,0.9999104142189026
43,9,0.49024105072021484,0.40889838337898254,-0.19026419520378113,0.9999510049819946
43,10,0.4842531681060791,0.4096950888633728,-0.20329312980175018,0.999976396560669
43,11,0.5065851807594299,0.4598475992679596,-0.07506522536277771,0.9999662041664124
43,12,0.4408970773220062,0.46276775002479553,-0.14378534257411957,0.9999774098396301
43,13,0.5208345651626587,0.5415142774581909,-0.030120309442281723,0.9828219413757324
43,14,0.43196091055870056,0.5572249889373779,-0.13648159801959991,0.9955878257751465
43,15,0.531669020652771,0.6091276407241821,-0.11166427284479141,0.9878185391426086
43,16,0.4387196898460388,0.6352717280387878,-0.1788908988237381,0.9792118668556213
43,17,0.5335995554924011,0.6332003474235535,-0.13395869731903076,0.9730197787284851
43,18,0.4378783702850342,0.6634601950645447,-0.20160284638404846,0.9543017148971558
43,19,0.5302173495292664,0.6318806409835815,-0.15671132504940033,0.9738734364509583
43,20,0.4450882375240326,0.6594997048377991,-0.219075009226799,0.9538413286209106
43,21,0.5280757546424866,0.622714638710022,-0.12299804389476776,0.9666322469711304
43,22,0.4472567141056061,0.6511411666870117,-0.18616747856140137,0.943488359451294
43,23,0.4941590428352356,0.6418710350990295,0.021071787923574448,0.9996928572654724
43,24,0.45869454741477966,0.6454347968101501,-0.021138429641723633,0.9998887777328491
43,25,0.49374961853027344,0.742821991443634,0.12445473670959473,0.9776797890663147
43,26,0.45182353258132935,0.7442150712013245,0.059204500168561935,0.9954990744590759
43,27,0.49261075258255005,0.8330889940261841,0.2604708671569824,0.984640896320343
43,28,0.4497421681880951,0.8538998961448669,0.19580581784248352,0.9931113719940186
43,29,0.48845916986465454,0.8472496271133423,0.2711898684501648,0.9536051750183105
43,30,0.44907912611961365,0.866995096206665,0.205998495221138,0.9328259229660034
43,31,0.5146048665046692,0.8655427694320679,0.21718290448188782,0.9814608097076416
43,32,0.45856913924217224,0.8960780501365662,0.13630232214927673,0.9865248203277588
44,0,0.48780685663223267,0.3947768211364746,-0.22270219027996063,0.9999620318412781
44,1,0.4879149794578552,0.3830527067184448,-0.21218180656433105,0.9998668432235718
44,2,0.4890175461769104,0.3831046521663666,-0.21216145157814026,0.9998359680175781
44,3,0.4900708794593811,0.3831900656223297,-0.21211504936218262,0.9998155236244202
44,4,0.48261985182762146,0.3830180764198303,-0.22170908749103546,0.9999188184738159
44,5,0.4797438681125641,0.383151113986969,-0.22171786427497864,0.9999186396598816
44,6,0.47629842162132263,0.3832594156265259,-0.22173599898815155,0.9999187588691711
44,7,0.4868850111961365,0.3889501690864563,-0.13584618270397186,0.9995777606964111
44,8,0.46639639139175415,0.3893345296382904,-0.1812760978937149,0.9999096989631653
44,9,0.4893360137939453,0.40898123383522034,-0.1921333372592926,0.9999514222145081
44,10,0.4831942617893219,0.4097825288772583,-0.2051950991153717,0.9999766945838928
44,11,0.504973292350769,0.46045973896980286,-0.07465332001447678,0.9999647736549377
44,12,0.43999767303466797,0.46276816725730896,-0.1437264084815979,0.9999765753746033
44,13,0.5198267102241516,0.5412212610244751,-0.029970353469252586,0.9815071225166321
44,14,0.4304801821708679,0.5568270683288574,-0.13659948110580444,0.9956100583076477
44,15,0.5315735936164856,0.6084312796592712,-0.10759574174880981,0.9877472519874573
44,16,0.4393365979194641,0.6346836686134338,-0.17903082072734833,0.9801002144813538
44,17,0.5334625840187073,0.6325512528419495,-0.12933015823364258,0.9732518792152405
44,18,0.43903428316116333,0.6624492406845093,-0.20158736407756805,0.9565396904945374
44,19,0.5301967263221741,0.6316455006599426,-0.1517069935798645,0.9742079377174377
44,20,0.4466211795806885,0.6582434773445129,-0.21898701786994934,0.9561052322387695
44,21,0.5280166268348694,0.6224179267883301,-0.11861596256494522,0.9673566222190857
44,22,0.4484556317329407,0.6498925089836121,-0.18620887398719788,0.9461404085159302
44,23,0.49298134446144104,0.6427372694015503,0.021187346428632736,0.9996974468231201
44,24,0.45779332518577576,0.6461927890777588,-0.021252039819955826,0.9998817443847656
44,25,0.49288398027420044,0.7439424991607666,0.12455779314041138,0.9778308272361755
44,26,0.4505615234375,0.7451185584068298,0.0650741457939148,0.9954467415809631
44,27,0.4924801290035248,0.8330773115158081,0.2591550350189209,0.9845969080924988
44,28,0.4492645859718323,0.8531240820884705,0.20464161038398743,0.9929640293121338
44,29,0.4884319305419922,0.8472371697425842,0.26982685923576355,0.9539385437965393
44,30,0.4480951726436615,0.866241991519928,0.21538302302360535,0.932780921459198
44,31,0.5145920515060425,0.8653779029846191,0.21633513271808624,0.9818039536476135
44,32,0.4579704701900482,0.8955703973770142,0.1471436768770218,0.986201822757721
45,0,0.48657307028770447,0.3948897421360016,-0.22540509700775146,0.9999628067016602
45,1,0.4865542948246002,0.3831663429737091,-0.21428737044334412,0.9998696446418762
45,2,0.48760563135147095,0.3832108676433563,-0.2142687290906906,0.9998398423194885
45,3,0.4886336922645569,0.383288711309433,-0.21422362327575684,0.9998184442520142
45,4,0.481279194355011,0.3831367790699005,-0.2242306023836136,0.9999199509620667
45,5,0.4784676432609558,0.3832675814628601,-0.22424201667308807,0.9999198913574219
45,6,0.4749368131160736,0.38338810205459595,-0.22425885498523712,0.9999189376831055
45,7,0.485307514667511,0.38898205757141113,-0.13604579865932465,0.9995779991149902
45,8,0.46522340178489685,0.38950175046920776,-0.18376493453979492,0.9999091625213623
45,9,0.48821601271629333,0.4090377688407898,-0.19433444738388062,0.9999516606330872
45,10,0.481989324092865,0.4098495841026306,-0.20805327594280243,0.9999768137931824
45,11,0.5032800436019897,0.4607287645339966,-0.07443408668041229,0.9999633431434631
45,12,0.43914595246315,0.4626463055610657,-0.1481713503599167,0.9999758005142212
45,13,0.5181393027305603,0.541139543056488,-0.03078937530517578,0.980381190776825
45,14,0.429435670375824,0.5566277503967285,-0.14408530294895172,0.9956681728363037
45,15,0.531114935874939,0.6079558730125427,-0.11316122114658356,0.9877631068229675
45,16,0.4397056996822357,0.6346773505210876,-0.18552064895629883,0.9809154868125916
45,17,0.5333119630813599,0.632388710975647,-0.1359834522008896,0.9735300540924072
45,18,0.439767986536026,0.6620020866394043,-0.20880362391471863,0.9585142135620117
45,19,0.5299540758132935,0.6320520639419556,-0.15922074019908905,0.9745994806289673
45,20,0.44756969809532166,0.6576208472251892,-0.2253531664609909,0.9581006765365601
45,21,0.527776837348938,0.6224279403686523,-0.12482842057943344,0.9680817723274231
45,22,0.4491361081600189,0.6492515802383423,-0.1923157274723053,0.9484089016914368
45,23,0.49226659536361694,0.6424137949943542,0.02370978705585003,0.9997057318687439
45,24,0.4576266407966614,0.6458418965339661,-0.023773033171892166,0.9998792409896851
45,25,0.4922890067100525,0.7448050379753113,0.13266390562057495,0.9773799777030945
45,26,0.4501698613166809,0.7454824447631836,0.05829760432243347,0.9953835010528564
45,27,0.49212032556533813,0.8330609798431396,0.2703208029270172,0.9843230843544006
45,28,0.4487133026123047,0.8526806235313416,0.19571545720100403,0.992856502532959
45,29,0.48817139863967896,0.8472492694854736,0.28126925230026245,0.9547269344329834
45,30,0.4476643204689026,0.8657585382461548,0.2061479389667511,0.9327137470245361
45,31,0.514468789100647,0.8651320338249207,0.22744381427764893,0.9819000363349915
45,32,0.4575752317905426,0.8954609632492065,0.1349090039730072,0.9858738780021667
46,0,0.48609018325805664,0.3948665261268616,-0.22446581721305847,0.999962329864502
46,1,0.4858338236808777,0.3832378387451172,-0.21385249495506287,0.9998675584793091
46,2,0.4868523180484772,0.3832884132862091,-0.2138340026140213,0.9998376965522766
46,3,0.487802118062973,0.383367121219635,-0.21378526091575623,0.9998151063919067
46,4,0.4808174967765808,0.38322731852531433,-0.22170689702033997,0.9999186992645264
46,5,0.4781343340873718,0.3833613097667694,-0.22172048687934875,0.9999188780784607
46,6,0.47482484579086304,0.3834843039512634,-0.22173574566841125,0.9999175071716309
46,7,0.48414984345436096,0.38904881477355957,-0.13587400317192078,0.9995665550231934
46,8,0.46536701917648315,0.3893566429615021,-0.18584734201431274,0.9999068379402161
46,9,0.4874873757362366,0.40886032581329346,-0.19387434422969818,0.9999502301216125
46,10,0.4815058708190918,0.40969496965408325,-0.20548279583454132,0.999976396560669
46,11,0.502286434173584,0.46104779839515686,-0.07123933732509613,0.9999590516090393
46,12,0.43885740637779236,0.4618922770023346,-0.1543090045452118,0.9999756217002869
46,13,0.5156350135803223,0.5414102673530579,-0.01732790842652321,0.9768986105918884
46,14,0.4291437268257141,0.5563499927520752,-0.14862795174121857,0.9957748651504517
46,15,0.5280737280845642,0.6076852083206177,-0.08229272067546844,0.9864088892936707
46,16,0.439767450094223,0.6344603896141052,-0.18354929983615875,0.9818328619003296
46,17,0.5318400263786316,0.6320958137512207,-0.10088108479976654,0.9714201092720032
46,18,0.4400143027305603,0.6618030667304993,-0.20541290938854218,0.9605962634086609
46,19,0.5293540954589844,0.6320146322250366,-0.12455795705318451,0.9727791547775269
46,20,0.44772857427597046,0.6573038101196289,-0.2212163656949997,0.9601836204528809
46,21,0.5266704559326172,0.6222072839736938,-0.09385434538125992,0.9663447141647339
46,22,0.44923123717308044,0.6488685011863708,-0.18988299369812012,0.9507309794425964
46,23,0.4912225604057312,0.6421402096748352,0.02513112500309944,0.9997079968452454
46,24,0.4567340016365051,0.6456162333488464,-0.02519904635846615,0.9998753070831299
46,25,0.49185553193092346,0.7446481585502625,0.12894198298454285,0.977175235748291
46,26,0.45020490884780884,0.7459493279457092,0.05424319952726364,0.9953321218490601
46,27,0.4921177923679352,0.8331056237220764,0.26207369565963745,0.9841855764389038
46,28,0.448741614818573,0.8523820638656616,0.18983687460422516,0.9927783608436584
46,29,0.4881795048713684,0.8472948670387268,0.2725427448749542,0.9547783732414246
46,30,0.4475049376487732,0.8657357096672058,0.20010478794574738,0.9322220087051392
46,31,0.5145006775856018,0.8651936650276184,0.21877995133399963,0.9821787476539612
46,32,0.4575813412666321,0.8950510025024414,0.12926062941551208,0.9857696294784546
47,0,0.4852687418460846,0.39481332898139954,-0.21453805267810822,0.9999638199806213
47,1,0.48500657081604004,0.3832041025161743,-0.20340406894683838,0.9998726844787598
47,2,0.48602670431137085,0.3832688629627228,-0.20338137447834015,0.9998435378074646
47,3,0.4870128631591797,0.383360892534256,-0.20333433151245117,0.9998210072517395
47,4,0.47983890771865845,0.3831982910633087,-0.2139376401901245,0.999921977519989
47,5,0.47718438506126404,0.3833327293395996,-0.21394643187522888,0.9999220371246338
47,6,0.4737475514411926,0.38346701860427856,-0.21396200358867645,0.9999204874038696
47,7,0.4834025800228119,0.3891027271747589,-0.12643571197986603,0.9995769262313843
47,8,0.4641880989074707,0.3893283009529114,-0.18328629434108734,0.9999101758003235
47,9,0.4866730272769928,0.4087909758090973,-0.18413135409355164,0.9999513626098633
47,10,0.48052769899368286,0.4096720814704895,-0.19888339936733246,0.9999771118164062
47,11,0.5009042620658875,0.4613859951496124,-0.06096038967370987,0.999955952167511
47,12,0.438060998916626,0.46162286400794983,-0.14879432320594788,0.9999757409095764
47,13,0.5129320025444031,0.5420054793357849,-0.004432561341673136,0.9731985330581665
47,14,0.4287426471710205,0.5562326312065125,-0.14143158495426178,0.9958099722862244
47,15,0.5245696306228638,0.6075610518455505,-0.06533448398113251,0.9854179620742798
47,16,0.43971842527389526,0.6347255110740662,-0.17715927958488464,0.9825747013092041
47,17,0.5294479727745056,0.6319200992584229,-0.08285108953714371,0.9700695872306824
47,18,0.44001859426498413,0.6625114679336548,-0.19827532768249512,0.9623857140541077
47,19,0.5274826884269714,0.6318345069885254,-0.10637359321117401,0.9716223478317261
47,20,0.44773197174072266,0.657708466053009,-0.21447987854480743,0.9619782567024231
47,21,0.5242172479629517,0.62215656042099,-0.07663097232580185,0.9653320908546448
47,22,0.44923415780067444,0.6491677761077881,-0.18372032046318054,0.9527974724769592
47,23,0.4906133711338043,0.641960084438324,0.025861769914627075,0.9997110962867737
47,24,0.4561517834663391,0.6455610990524292,-0.025929996743798256,0.9998728632926941
47,25,0.4917389452457428,0.7446396946907043,0.12514200806617737,0.9774095416069031
47,26,0.45007067918777466,0.748252272605896,0.049863845109939575,0.9953615665435791
47,27,0.4921138882637024,0.8335334062576294,0.25718170404434204,0.984314501285553
47,28,0.4489046633243561,0.8536943197250366,0.17962241172790527,0.992843747138977
47,29,0.4880661070346832,0.8475860357284546,0.26768749952316284,0.955738365650177
47,30,0.4477934241294861,0.8675476312637329,0.18926958739757538,0.9327757954597473
47,31,0.5145617723464966,0.8655365705490112,0.2128562182188034,0.9825835227966309
47,32,0.45758944749832153,0.8951075077056885,0.11946072429418564,0.9858733415603638
48,0,0.48451146483421326,0.3939107656478882,-0.2122654914855957,0.9999632835388184
48,1,0.48408761620521545,0.38234949111938477,-0.20075730979442596,0.9998714327812195
48,2,0.4851451516151428,0.3824368417263031,-0.20073993504047394,0.9998422265052795
48,3,0.486126571893692,0.38258475065231323,-0.2006971389055252,0.9998186230659485
48,4,0.47901320457458496,0.3822769224643707,-0.21181006729602814,0.9999207258224487
48,5,0.47634297609329224,0.3824547231197357,-0.21182028949260712,0.9999208450317383
48,6,0.47300904989242554,0.3826438784599304,-0.2118421494960785,0.999918520450592
48,7,0.4823421537876129,0.38881373405456543,-0.12306641042232513,0.9995613694190979
48,8,0.46368807554244995,0.3887104392051697,-0.1807365119457245,0.9999070167541504
48,9,0.485879510641098,0.40784305334091187,-0.18166930973529816,0.9999495148658752
48,10,0.47979751229286194,0.4085715711116791,-0.19701579213142395,0.999976396560669
48,11,0.5002899765968323,0.4614197611808777,-0.05854327604174614,0.9999511241912842
48,12,0.4379656910896301,0.4611020088195801,-0.14700818061828613,0.9999745488166809
48,13,0.5110554099082947,0.5430258512496948,-0.009562076069414616,0.9687728881835938
48,14,0.4287232458591461,0.5563545227050781,-0.14260950684547424,0.9957754611968994
48,15,0.5217244625091553,0.6092734336853027,-0.07547396421432495,0.9842695593833923
48,16,0.43972325325012207,0.6357383131980896,-0.1790352314710617,0.9829754829406738
48,17,0.5263092517852783,0.6333889961242676,-0.09355618804693222,0.9685111045837402
48,18,0.44000524282455444,0.6635389924049377,-0.2010962963104248,0.9635261297225952
48,19,0.5238878726959229,0.6334372162818909,-0.11562992632389069,0.9702669382095337
48,20,0.4477314054965973,0.6587992310523987,-0.21696507930755615,0.9631165266036987
48,21,0.5204451084136963,0.6238986849784851,-0.08610789477825165,0.9639378190040588
48,22,0.4492579400539398,0.6502126455307007,-0.18548229336738586,0.9540306925773621
48,23,0.49044719338417053,0.6418837308883667,0.027298185974359512,0.9997082948684692
48,24,0.45619168877601624,0.6457244157791138,-0.027364511042833328,0.9998663663864136
48,25,0.4915251135826111,0.7444520592689514,0.12477302551269531,0.9768056273460388
48,26,0.4503495693206787,0.7477566003799438,0.049180734902620316,0.9952054619789124
48,27,0.49211564660072327,0.8335883021354675,0.2547028660774231,0.9838981628417969
48,28,0.44881120324134827,0.8535768389701843,0.1812189817428589,0.9926428198814392
48,29,0.4880502223968506,0.8476781249046326,0.26490849256515503,0.9558281302452087
48,30,0.44705909490585327,0.8683983087539673,0.19116374850273132,0.9314860701560974
48,31,0.5146505832672119,0.865390956401825,0.2116023600101471,0.982549786567688
48,32,0.45755258202552795,0.8943509459495544,0.12113220989704132,0.9855279326438904
49,0,0.48342737555503845,0.3932250142097473,-0.20510134100914001,0.9999649524688721
49,1,0.483299195766449,0.381528377532959,-0.1935659497976303,0.9998773336410522
49,2,0.48451003432273865,0.3815934360027313,-0.19354364275932312,0.9998493790626526
49,3,0.4856237769126892,0.3817557990550995,-0.19349291920661926,0.999826192855835
49,4,0.4778464436531067,0.3815254271030426,-0.20446209609508514,0.9999240040779114
49,5,0.47490835189819336,0.3817198872566223,-0.2044675648212433,0.9999241232872009
49,6,0.4713969826698303,0.3820250630378723,-0.20447993278503418,0.9999215006828308
49,7,0.4821248948574066,0.3884779214859009,-0.11615897715091705,0.9995762705802917
49,8,0.46223410964012146,0.38839343190193176,-0.17037144303321838,0.9999101758003235
49,9,0.4849882125854492,0.4072461724281311,-0.17464569211006165,0.9999513626098633
49,10,0.47862106561660767,0.40807756781578064,-0.18971994519233704,0.9999772906303406
49,11,0.49985504150390625,0.46140360832214355,-0.05400184541940689,0.9999505281448364
49,12,0.43746891617774963,0.4606410562992096,-0.14253565669059753,0.9999745488166809
49,13,0.5098527073860168,0.5432361960411072,-0.006339630577713251,0.966182291507721
49,14,0.42874234914779663,0.5565736293792725,-0.1409262716770172,0.995789647102356
49,15,0.5184661746025085,0.6114760041236877,-0.07386264204978943,0.9839541912078857
49,16,0.4396595060825348,0.6365490555763245,-0.17656761407852173,0.9834827184677124
49,17,0.5220783948898315,0.6352600455284119,-0.09331903606653214,0.9683146476745605
49,18,0.43976911902427673,0.6644217371940613,-0.19791442155838013,0.9648637771606445
49,19,0.5183101892471313,0.634646475315094,-0.11588154733181,0.9701187014579773
49,20,0.44761496782302856,0.6597873568534851,-0.21398064494132996,0.9644716382026672
49,21,0.5154842138290405,0.6259245276451111,-0.08480238914489746,0.9639031887054443
49,22,0.4492543637752533,0.6511315107345581,-0.18309932947158813,0.9556639790534973
49,23,0.4905993342399597,0.6417728662490845,0.027036573737859726,0.9997150897979736
49,24,0.456263929605484,0.6456688642501831,-0.027103057131171227,0.9998664855957031
49,25,0.49097973108291626,0.743463397026062,0.12517240643501282,0.9771170020103455
49,26,0.45050740242004395,0.7479182481765747,0.04896111041307449,0.9951775074005127
49,27,0.4921201169490814,0.8335302472114563,0.2546207010746002,0.9839932918548584
49,28,0.44890451431274414,0.853429913520813,0.1779947280883789,0.9926199913024902
49,29,0.48808279633522034,0.8476767539978027,0.2648029625415802,0.956195056438446
49,30,0.4471774697303772,0.8680797815322876,0.18758681416511536,0.9312750697135925
49,31,0.5145644545555115,0.8653993606567383,0.21288049221038818,0.9828461408615112
49,32,0.45759814977645874,0.8942616581916809,0.11844299733638763,0.9854778051376343
50,0,0.4826269745826721,0.3924042880535126,-0.1943131536245346,0.9999672770500183
50,1,0.4824376702308655,0.38070106506347656,-0.1831565797328949,0.9998856782913208
50,2,0.4836863875389099,0.38076168298721313,-0.18312619626522064,0.9998595118522644
50,3,0.48478540778160095,0.3809199929237366,-0.18306855857372284,0.9998374581336975
50,4,0.47707420587539673,0.3807348608970642,-0.1939990520477295,0.9999289512634277
50,5,0.4741559624671936,0.38094279170036316,-0.19400040805339813,0.9999290704727173
50,6,0.47074049711227417,0.3812342882156372,-0.19400107860565186,0.9999263286590576
50,7,0.4812549650669098,0.38792628049850464,-0.10814212262630463,0.9996020793914795
50,8,0.46182236075401306,0.38772982358932495,-0.1611771285533905,0.9999157190322876
50,9,0.4841999113559723,0.4063758850097656,-0.1648501753807068,0.9999544620513916
50,10,0.47797340154647827,0.4072219729423523,-0.17981934547424316,0.99997878074646
50,11,0.49964529275894165,0.4613919258117676,-0.048912398517131805,0.9999520182609558
50,12,0.4370063841342926,0.4604797661304474,-0.13766540586948395,0.9999754428863525
50,13,0.50986248254776,0.5431299209594727,-0.0034726213198155165,0.9648594856262207
50,14,0.4286618232727051,0.5565365552902222,-0.13917040824890137,0.9959129691123962
50,15,0.5156522393226624,0.6132324934005737,-0.0701202005147934,0.9841464161872864
50,16,0.43924766778945923,0.6368842124938965,-0.17072680592536926,0.9842603802680969
50,17,0.5183256268501282,0.6370553374290466,-0.08968405425548553,0.9689311385154724
50,18,0.4391363263130188,0.6647138595581055,-0.19240722060203552,0.9666367769241333
50,19,0.5143990516662598,0.6357868909835815,-0.11198302358388901,0.9706883430480957
50,20,0.4470866620540619,0.6601647138595581,-0.20747168362140656,0.9662665724754333
50,21,0.5120808482170105,0.6273459792137146,-0.08079130947589874,0.9646599888801575
50,22,0.4489379823207855,0.6516162753105164,-0.17678646743297577,0.9578350186347961
50,23,0.49072879552841187,0.6415572762489319,0.02767731249332428,0.9997295141220093
50,24,0.4560001492500305,0.6456106305122375,-0.02775469794869423,0.999872624874115
50,25,0.4903745651245117,0.742128849029541,0.1283661276102066,0.977292001247406
50,26,0.45051464438438416,0.7476975321769714,0.0440574549138546,0.9951927065849304
50,27,0.49212226271629333,0.8334559798240662,0.25673383474349976,0.9841505885124207
50,28,0.44897475838661194,0.8534432053565979,0.15870437026023865,0.9926852583885193
50,29,0.4881356358528137,0.8476818799972534,0.2670014500617981,0.9567688703536987
50,30,0.4472528100013733,0.867901086807251,0.16694439947605133,0.9316999912261963
50,31,0.5145608186721802,0.8653958439826965,0.218581885099411,0.983169674873352
50,32,0.4576427936553955,0.894203782081604,0.10065405070781708,0.9855848550796509
51,0,0.4812557101249695,0.3921588957309723,-0.19885095953941345,0.9999696016311646
51,1,0.4814062714576721,0.38054102659225464,-0.1879032552242279,0.9998939037322998
51,2,0.4827880263328552,0.3806057274341583,-0.18787342309951782,0.9998693466186523
51,3,0.48405665159225464,0.38074687123298645,-0.1878191977739334,0.9998483657836914
51,4,0.4756547510623932,0.38059794902801514,-0.1982637196779251,0.9999340176582336
51,5,0.4726024270057678,0.38081127405166626,-0.19826984405517578,0.999934196472168
51,6,0.4690932333469391,0.3811355233192444,-0.1982736587524414,0.9999315142631531
51,7,0.481082022190094,0.38775262236595154,-0.11219984292984009,0.9996253848075867
51,8,0.4604663848876953,0.38767141103744507,-0.16309571266174316,0.9999217391014099
51,9,0.48332351446151733,0.4059906005859375,-0.1691417247056961,0.999957263469696
51,10,0.47662001848220825,0.40699517726898193,-0.1834840327501297,0.9999802112579346
51,11,0.4992627203464508,0.4609403908252716,-0.049693264067173004,0.9999527335166931
51,12,0.4368133544921875,0.46016842126846313,-0.13779984414577484,0.999976634979248
51,13,0.509550929069519,0.542728066444397,6.520182796521112e-05,0.962323784828186
51,14,0.4284857213497162,0.5562459826469421,-0.13790899515151978,0.9960729479789734
51,15,0.5130907297134399,0.6138293743133545,-0.06076626107096672,0.9836912751197815
51,16,0.4391137659549713,0.6367546319961548,-0.1705401986837387,0.9849938750267029
51,17,0.5152386426925659,0.638570249080658,-0.0792098268866539,0.9684022068977356
51,18,0.43896985054016113,0.6646013259887695,-0.1921241581439972,0.9682199954986572
51,19,0.5116326808929443,0.637208878993988,-0.10143901407718658,0.9701685309410095
51,20,0.44700321555137634,0.66004878282547,-0.20729319751262665,0.9678715467453003
51,21,0.5095175504684448,0.6288041472434998,-0.07120205461978912,0.9641527533531189
51,22,0.4489264488220215,0.6514997482299805,-0.17671680450439453,0.9597652554512024
51,23,0.49078160524368286,0.6406466364860535,0.02919207140803337,0.9997434616088867
51,24,0.4561457633972168,0.6448630690574646,-0.02929118648171425,0.9998790621757507
51,25,0.49002179503440857,0.740752100944519,0.13024218380451202,0.977263331413269
51,26,0.4505978226661682,0.7475286722183228,0.03527066111564636,0.9951930642127991
51,27,0.4921245574951172,0.8334563374519348,0.2570585310459137,0.9842408895492554
51,28,0.4490039348602295,0.8533920049667358,0.14557123184204102,0.9927175045013428
51,29,0.4881625175476074,0.8477393388748169,0.2671990692615509,0.9573553204536438
51,30,0.4473723769187927,0.8676348924636841,0.15353050827980042,0.9313855767250061
51,31,0.5145688056945801,0.8654349446296692,0.21924205124378204,0.9833762049674988
51,32,0.4576595425605774,0.8941209316253662,0.08636555820703506,0.9856298565864563
52,0,0.4806612432003021,0.391754686832428,-0.2009574919939041,0.9999718070030212
52,1,0.48082250356674194,0.38029056787490845,-0.19013193249702454,0.9999019503593445
52,2,0.48224806785583496,0.38038647174835205,-0.19010314345359802,0.9998789429664612
52,3,0.48357701301574707,0.38054144382476807,-0.19005097448825836,0.9998591542243958
52,4,0.4749659597873688,0.38031184673309326,-0.20025542378425598,0.9999390244483948
52,5,0.4718756675720215,0.38053715229034424,-0.20026323199272156,0.9999392628669739
52,6,0.46824970841407776,0.3808864653110504,-0.20027141273021698,0.9999368190765381
52,7,0.4808948040008545,0.3876439034938812,-0.11455266177654266,0.999649703502655
52,8,0.4596180021762848,0.38757285475730896,-0.1636282503604889,0.9999279379844666
52,9,0.4829787611961365,0.40561020374298096,-0.17121990025043488,0.9999601244926453
52,10,0.4761083722114563,0.4066304564476013,-0.18516100943088531,0.999981701374054
52,11,0.4990214407444,0.46073484420776367,-0.05049682781100273,0.9999526143074036
52,12,0.436424195766449,0.45997557044029236,-0.143128901720047,0.9999780058860779
52,13,0.508597195148468,0.5426458120346069,0.003121038665995002,0.9573079943656921
52,14,0.42842817306518555,0.556195855140686,-0.14331898093223572,0.9962395429611206
52,15,0.5120176076889038,0.6142353415489197,-0.051452815532684326,0.9823358654975891
52,16,0.4390333592891693,0.6366413831710815,-0.17447054386138916,0.9856969118118286
52,17,0.5138911604881287,0.6393594741821289,-0.06804914772510529,0.9666222333908081
52,18,0.43884801864624023,0.6644976139068604,-0.19558119773864746,0.9697372913360596
52,19,0.5103417634963989,0.6379575729370117,-0.09035412222146988,0.9684476256370544
52,20,0.4469376504421234,0.6599711775779724,-0.2094179391860962,0.9694019556045532
52,21,0.5084157586097717,0.6299327611923218,-0.06177421659231186,0.9623134732246399
52,22,0.4489096701145172,0.6514407396316528,-0.17985442280769348,0.9615816473960876
52,23,0.49081650376319885,0.6394646167755127,0.030534526333212852,0.9997565746307373
52,24,0.45618730783462524,0.6441655158996582,-0.030646413564682007,0.9998856782913208
52,25,0.48982515931129456,0.7400686740875244,0.13156355917453766,0.9775627255439758
52,26,0.4506279528141022,0.7475106716156006,0.02997938171029091,0.9952914118766785
52,27,0.49215269088745117,0.8334634304046631,0.25650662183761597,0.9845649600028992
52,28,0.4491070806980133,0.8533018231391907,0.13675737380981445,0.9928731918334961
52,29,0.4881795048713684,0.8477281332015991,0.2665083110332489,0.9580180644989014
52,30,0.4477020800113678,0.8675088882446289,0.14445620775222778,0.9315745830535889
52,31,0.514573872089386,0.8660498857498169,0.21925672888755798,0.9837629795074463
52,32,0.4580007493495941,0.8950797915458679,0.07804889976978302,0.9859066605567932
53,0,0.4799284040927887,0.39127036929130554,-0.19742551445960999,0.9999740123748779
53,1,0.4801064431667328,0.37990206480026245,-0.1860617995262146,0.9999098181724548
53,2,0.48154416680336,0.3800184428691864,-0.18602409958839417,0.9998884201049805
53,3,0.48289576172828674,0.3801913857460022,-0.18596763908863068,0.9998698830604553
53,4,0.47424572706222534,0.37991583347320557,-0.1968258023262024,0.9999439716339111
53,5,0.47114840149879456,0.38013941049575806,-0.19683316349983215,0.9999442100524902
53,6,0.46751028299331665,0.3805067241191864,-0.19683030247688293,0.9999419450759888
53,7,0.4803657531738281,0.387468546628952,-0.11000777781009674,0.9996744394302368
53,8,0.45893383026123047,0.3873462677001953,-0.16227516531944275,0.9999339580535889
53,9,0.48238053917884827,0.4051584005355835,-0.16772803664207458,0.9999629855155945
53,10,0.4754478335380554,0.40614327788352966,-0.18255724012851715,0.9999831318855286
53,11,0.49828559160232544,0.4607018828392029,-0.04473681375384331,0.999952495098114
53,12,0.43619656562805176,0.459911048412323,-0.14281050860881805,0.9999792575836182
53,13,0.5080198049545288,0.542512059211731,0.00848785787820816,0.9522340297698975
53,14,0.42827099561691284,0.5561648607254028,-0.1436486542224884,0.9964026212692261
53,15,0.511860728263855,0.613934338092804,-0.04692614823579788,0.9813538789749146
53,16,0.43902426958084106,0.6365983486175537,-0.17506039142608643,0.9864275455474854
53,17,0.513786792755127,0.6390060186386108,-0.06372390687465668,0.9654428362846375
53,18,0.4387649595737457,0.6644847989082336,-0.1961209923028946,0.971295952796936
53,19,0.5100760459899902,0.6376305222511292,-0.08584968000650406,0.9673054218292236
53,20,0.4469138979911804,0.659944474697113,-0.2095477283000946,0.9709665775299072
53,21,0.508115828037262,0.62962806224823,-0.05730169266462326,0.9611244201660156
53,22,0.44891032576560974,0.651464581489563,-0.1802286058664322,0.9634581804275513
53,23,0.4905324876308441,0.639406144618988,0.032340820878744125,0.9997686147689819
53,24,0.45623716711997986,0.6441147327423096,-0.03245680406689644,0.9998915791511536
53,25,0.48973092436790466,0.7393224239349365,0.1319817304611206,0.9774535894393921
53,26,0.45067882537841797,0.7474135756492615,0.028945904225111008,0.9953452348709106
53,27,0.4921867251396179,0.8334618210792542,0.2558925449848175,0.9846816062927246
53,28,0.44920462369918823,0.8532540202140808,0.1363537609577179,0.9929834604263306
53,29,0.48819097876548767,0.8477295637130737,0.2659962475299835,0.9587928056716919
53,30,0.447845995426178,0.8673925399780273,0.14424332976341248,0.9318971633911133
53,31,0.5146141648292542,0.8660661578178406,0.21922817826271057,0.984009325504303
53,32,0.45819607377052307,0.8952707052230835,0.07946129143238068,0.9860938787460327
54,0,0.4796225130558014,0.3910587728023529,-0.1944187879562378,0.999975860118866
54,1,0.47977781295776367,0.37959086894989014,-0.1833057552576065,0.9999165534973145
54,2,0.4812188744544983,0.3796628713607788,-0.1832697093486786,0.9998965263366699
54,3,0.4825302064418793,0.3798238933086395,-0.18321287631988525,0.9998790621757507
54,4,0.4739304184913635,0.37968015670776367,-0.1942398101091385,0.9999480843544006
54,5,0.47082391381263733,0.3799085319042206,-0.1942455917596817,0.9999483227729797
54,6,0.46724194288253784,0.38025787472724915,-0.19424191117286682,0.9999461770057678
54,7,0.4800204634666443,0.3869869112968445,-0.10839705169200897,0.9996957182884216
54,8,0.45881304144859314,0.38690483570098877,-0.1614905595779419,0.99993896484375
54,9,0.48192936182022095,0.4048284888267517,-0.16502943634986877,0.999965488910675
54,10,0.4750400483608246,0.40588030219078064,-0.1801193207502365,0.9999843835830688
54,11,0.49798113107681274,0.4597773551940918,-0.04541076347231865,0.9999539256095886
54,12,0.43579477071762085,0.459870308637619,-0.14114847779273987,0.9999801516532898
54,13,0.5077611207962036,0.5415051579475403,0.005742860026657581,0.9508508443832397
54,14,0.4279988706111908,0.5561342239379883,-0.14336608350276947,0.9965532422065735
54,15,0.5116140842437744,0.6136793494224548,-0.05296970531344414,0.9816474318504333
54,16,0.43890175223350525,0.6365498900413513,-0.17241857945919037,0.9871439337730408
54,17,0.5136786699295044,0.6386595368385315,-0.07085568457841873,0.9661633968353271
54,18,0.4386911392211914,0.6644032001495361,-0.19307772815227509,0.9728189706802368
54,19,0.5098175406455994,0.6372860670089722,-0.09282352775335312,0.967986524105072
54,20,0.4468843936920166,0.6598668098449707,-0.2063525915145874,0.9725035429000854
54,21,0.507826566696167,0.6295373439788818,-0.06330828368663788,0.9619541764259338
54,22,0.4488920569419861,0.6513885259628296,-0.1773882806301117,0.9653484225273132
54,23,0.4904173016548157,0.6379812955856323,0.03178400546312332,0.9997798204421997
54,24,0.4562840461730957,0.6432847380638123,-0.0318923182785511,0.9998959898948669
54,25,0.489677369594574,0.7386424541473389,0.13044355809688568,0.9776996374130249
54,26,0.4507512152194977,0.7473405599594116,0.03022489883005619,0.9953402876853943
54,27,0.4923543930053711,0.8333083391189575,0.24746575951576233,0.9849251508712769
54,28,0.44934287667274475,0.8532005548477173,0.1404789686203003,0.9930320382118225
54,29,0.4883660674095154,0.8475436568260193,0.2568472921848297,0.9594123363494873
54,30,0.44798916578292847,0.8673203587532043,0.14854322373867035,0.9318373799324036
54,31,0.5146268606185913,0.8663585186004639,0.21241220831871033,0.9843299388885498
54,32,0.4583507180213928,0.8952610492706299,0.08323785662651062,0.9861749410629272
55,0,0.4795820713043213,0.39097967743873596,-0.17379243671894073,0.9999773502349854
55,1,0.47958308458328247,0.37961918115615845,-0.1640166938304901,0.9999220371246338
55,2,0.4809630513191223,0.379693865776062,-0.1639794409275055,0.9999030828475952
55,3,0.4822002351284027,0.3798530101776123,-0.16392549872398376,0.999886691570282
55,4,0.47395047545433044,0.3797016441822052,-0.1743389517068863,0.9999514818191528
55,5,0.4709691107273102,0.37993139028549194,-0.17434176802635193,0.9999516606330872
55,6,0.4674533009529114,0.38026952743530273,-0.17433807253837585,0.9999496936798096
55,7,0.4795556664466858,0.3869944214820862,-0.09691739827394485,0.9997140169143677
55,8,0.4588518738746643,0.3868921399116516,-0.1473735272884369,0.9999430775642395
55,9,0.48186787962913513,0.4047481417655945,-0.14739826321601868,0.9999676942825317
55,10,0.47508248686790466,0.4057667553424835,-0.16165684163570404,0.9999854564666748
55,11,0.4976375699043274,0.45936375856399536,-0.042201392352581024,0.999954342842102
55,12,0.43557867407798767,0.4597635567188263,-0.1308594048023224,0.9999807476997375
55,13,0.5076830387115479,0.5408727526664734,0.0067836083471775055,0.9490835070610046
55,14,0.42785078287124634,0.5561150312423706,-0.1317903697490692,0.9966382384300232
55,15,0.5110566020011902,0.6136204600334167,-0.04321766644716263,0.9816011190414429
55,16,0.43885937333106995,0.6365091800689697,-0.15468952059745789,0.9876044988632202
55,17,0.5128031969070435,0.6384986639022827,-0.059725236147642136,0.9664016962051392
55,18,0.4386514127254486,0.6646096706390381,-0.17342053353786469,0.973878800868988
55,19,0.5088648200035095,0.6362663507461548,-0.07988525927066803,0.9681575298309326
55,20,0.44683995842933655,0.6602553725242615,-0.18599900603294373,0.9735497832298279
55,21,0.5070433616638184,0.6287086606025696,-0.052499085664749146,0.9621685743331909
55,22,0.4488639831542969,0.6518553495407104,-0.15947623550891876,0.9666913151741028
55,23,0.49026480317115784,0.637891411781311,0.03161401301622391,0.9997895359992981
55,24,0.4560019075870514,0.6432403326034546,-0.03171465918421745,0.999899685382843
55,25,0.48973387479782104,0.7386554479598999,0.11822633445262909,0.9780898690223694
55,26,0.4507932662963867,0.7474740743637085,0.030618557706475258,0.9953248500823975
55,27,0.4924229085445404,0.8332933783531189,0.22453033924102783,0.9851409792900085
55,28,0.4495707154273987,0.8531373143196106,0.13954851031303406,0.9930670857429504
55,29,0.4884466528892517,0.8474686741828918,0.23301155865192413,0.9596659541130066
55,30,0.4485712945461273,0.8672083616256714,0.14740413427352905,0.931856095790863
55,31,0.5146506428718567,0.8664548397064209,0.19187285006046295,0.9845260977745056
55,32,0.4585062563419342,0.8952153325080872,0.08510874956846237,0.9861894249916077
56,0,0.4788294732570648,0.3906219005584717,-0.1813005954027176,0.99997878074646
56,1,0.47897735238075256,0.3792981803417206,-0.17094342410564423,0.9999272227287292
56,2,0.4803875982761383,0.3794010877609253,-0.1709079146385193,0.9999093413352966
56,3,0.4816974103450775,0.37957480549812317,-0.170851469039917,0.9998939037322998
56,4,0.473184198141098,0.3793649971485138,-0.1810048669576645,0.9999546408653259
56,5,0.47002023458480835,0.3795996308326721,-0.18100883066654205,0.9999547600746155
56,6,0.4664854109287262,0.37997356057167053,-0.18100644648075104,0.9999528527259827
56,7,0.479219526052475,0.386917382478714,-0.10099977254867554,0.9997309446334839
56,8,0.4579443335533142,0.3868192136287689,-0.15023939311504364,0.9999467134475708
56,9,0.48110508918762207,0.4044117331504822,-0.1538701355457306,0.9999697208404541
56,10,0.4743064343929291,0.40540456771850586,-0.16779538989067078,0.9999864101409912
56,11,0.49722805619239807,0.4592704772949219,-0.04452670365571976,0.9999551773071289
56,12,0.4351787567138672,0.45978954434394836,-0.13123120367527008,0.9999811053276062
56,13,0.5078489184379578,0.5403736233711243,0.0051452950574457645,0.9491678476333618
56,14,0.4277782440185547,0.5566481947898865,-0.13063845038414001,0.9966757297515869
56,15,0.5112736821174622,0.6134172081947327,-0.0499425008893013,0.982020914554596
56,16,0.4388601779937744,0.6373999118804932,-0.15682467818260193,0.9879353046417236
56,17,0.5126920938491821,0.6383134126663208,-0.06691904366016388,0.967252790927887
56,18,0.4386134147644043,0.6655393838882446,-0.17634068429470062,0.974702775478363
56,19,0.5086917281150818,0.6355348825454712,-0.08855615556240082,0.9689432382583618
56,20,0.44682687520980835,0.6608954071998596,-0.1898677796125412,0.974368691444397
56,21,0.5068920850753784,0.6281018257141113,-0.0599815733730793,0.9630677103996277
56,22,0.44886502623558044,0.6526222825050354,-0.16203539073467255,0.9677373766899109
56,23,0.4898580014705658,0.6379342079162598,0.03125273808836937,0.9997966885566711
56,24,0.45580267906188965,0.643282949924469,-0.031350668519735336,0.9999022483825684
56,25,0.48943963646888733,0.7382206320762634,0.11913001537322998,0.9778487086296082
56,26,0.4509291648864746,0.747487485408783,0.0320994034409523,0.9952181577682495
56,27,0.4923970699310303,0.832427978515625,0.23200169205665588,0.9850798845291138
56,28,0.44959887862205505,0.8530871868133545,0.14033296704292297,0.9929914474487305
56,29,0.48839861154556274,0.84721839427948,0.24106661975383759,0.9600641131401062
56,30,0.448566734790802,0.8672629594802856,0.14818140864372253,0.931571364402771
56,31,0.5146429538726807,0.866108775138855,0.19738523662090302,0.9845385551452637
56,32,0.45869478583335876,0.8947700262069702,0.08923890441656113,0.98599773645401
57,0,0.47867465019226074,0.39064228534698486,-0.18459750711917877,0.9999798536300659
57,1,0.4787386953830719,0.37931907176971436,-0.17416763305664062,0.9999312162399292
57,2,0.4801207482814789,0.37942156195640564,-0.1741335690021515,0.9999141097068787
57,3,0.48140081763267517,0.3795941174030304,-0.17407917976379395,0.9998992681503296
57,4,0.47306862473487854,0.3793857991695404,-0.18451781570911407,0.9999570250511169
57,5,0.47000652551651,0.3796185255050659,-0.18452560901641846,0.9999570846557617
57,6,0.4664604067802429,0.3799896538257599,-0.18452636897563934,0.9999551773071289
57,7,0.4789009690284729,0.38692253828048706,-0.10317448526620865,0.9997425079345703
57,8,0.45780691504478455,0.38683021068573,-0.1531568020582199,0.9999493956565857
57,9,0.48096218705177307,0.40442466735839844,-0.1566762775182724,0.9999710917472839
57,10,0.47416552901268005,0.40542349219322205,-0.17094580829143524,0.9999871253967285
57,11,0.4970606863498688,0.45922762155532837,-0.04520422965288162,0.999955415725708
57,12,0.4350498616695404,0.4596211612224579,-0.1322021186351776,0.9999814033508301
57,13,0.5077884197235107,0.540035605430603,-0.0015015127137303352,0.9483193755149841
57,14,0.42760926485061646,0.5567796230316162,-0.1310708224773407,0.9967167973518372
57,15,0.5108987092971802,0.6133190989494324,-0.06475784629583359,0.9821019768714905
57,16,0.4389195442199707,0.6383408308029175,-0.15900994837284088,0.9882173538208008
57,17,0.5119167566299438,0.6379334926605225,-0.08415309339761734,0.9675773978233337
57,18,0.43866848945617676,0.6662992835044861,-0.17892488837242126,0.9753885269165039
57,19,0.5080673694610596,0.6348148584365845,-0.10446135699748993,0.9692264199256897
57,20,0.44685545563697815,0.6615324020385742,-0.19279196858406067,0.9750492572784424
57,21,0.5063550472259521,0.6274814009666443,-0.07435839623212814,0.9633678197860718
57,22,0.4489026963710785,0.6532840728759766,-0.1643715500831604,0.9685676097869873
57,23,0.48938512802124023,0.6378908157348633,0.031002208590507507,0.9998030066490173
57,24,0.45544272661209106,0.6432427167892456,-0.031100716441869736,0.9999046921730042
57,25,0.48913678526878357,0.7383404970169067,0.1197366937994957,0.9776275157928467
57,26,0.451160728931427,0.7475945353507996,0.03236185759305954,0.9951662421226501
57,27,0.4923940598964691,0.8324809670448303,0.23509851098060608,0.9850789308547974
57,28,0.4496976435184479,0.8534549474716187,0.1419898122549057,0.992973268032074
57,29,0.48838868737220764,0.8473646640777588,0.24431249499320984,0.9603844881057739
57,30,0.4485829770565033,0.8676632642745972,0.15001119673252106,0.9312885403633118
57,31,0.5146650075912476,0.8662205934524536,0.19973012804985046,0.9845921397209167
57,32,0.4590269923210144,0.8950414657592773,0.08850977569818497,0.9859253764152527
58,0,0.4780862331390381,0.39024823904037476,-0.18727338314056396,0.9999810457229614
58,1,0.47821301221847534,0.37901684641838074,-0.17655092477798462,0.999935507774353
58,2,0.4796516001224518,0.3791699707508087,-0.17651741206645966,0.9999192953109741
58,3,0.48100751638412476,0.37937453389167786,-0.1764630377292633,0.9999051690101624
58,4,0.4723149240016937,0.37899670004844666,-0.18680673837661743,0.9999596476554871
58,5,0.4690074324607849,0.3792385160923004,-0.18681266903877258,0.9999596476554871
58,6,0.46545910835266113,0.37963202595710754,-0.18681226670742035,0.999957799911499
58,7,0.4785579741001129,0.3868708312511444,-0.10374085605144501,0.9997553825378418
58,8,0.45691362023353577,0.38676172494888306,-0.15346840023994446,0.9999523162841797
58,9,0.48034805059432983,0.4041513204574585,-0.15885020792484283,0.9999726414680481
58,10,0.4733986258506775,0.40511390566825867,-0.17299802601337433,0.9999878406524658
58,11,0.4963877201080322,0.4589914083480835,-0.044886961579322815,0.9999558925628662
58,12,0.4348851144313812,0.4594613015651703,-0.13230445981025696,0.9999815821647644
58,13,0.5073756575584412,0.5393712520599365,-0.002559810411185026,0.9476518034934998
58,14,0.4275718629360199,0.5569553971290588,-0.13110877573490143,0.9967262744903564
58,15,0.510903000831604,0.6132484674453735,-0.07160384953022003,0.9823856353759766
58,16,0.4389570355415344,0.6385771632194519,-0.16016295552253723,0.988447904586792
58,17,0.5116019248962402,0.63771653175354,-0.09232012927532196,0.9681932330131531
58,18,0.43869224190711975,0.6664853692054749,-0.1802569329738617,0.9759920239448547
58,19,0.5076630115509033,0.6343708038330078,-0.1125340610742569,0.969796359539032
58,20,0.4469396471977234,0.6617512702941895,-0.19427703320980072,0.9756521582603455
58,21,0.5060328245162964,0.6271609663963318,-0.08131755143404007,0.9639837741851807
58,22,0.4489310681819916,0.6535396575927734,-0.16558897495269775,0.9692745804786682
58,23,0.489271342754364,0.6378475427627563,0.03101620450615883,0.9998083114624023
58,24,0.4554426670074463,0.6433120965957642,-0.03111964464187622,0.9999069571495056
58,25,0.48909658193588257,0.7383531928062439,0.1223675012588501,0.9769622087478638
58,26,0.45168280601501465,0.7487475275993347,0.032571665942668915,0.9950388669967651
58,27,0.4923950731754303,0.8324310183525085,0.2405574768781662,0.984681248664856
58,28,0.4498979449272156,0.853422999382019,0.14295035600662231,0.9928180575370789
58,29,0.4883740544319153,0.8473482131958008,0.2502202093601227,0.9602764844894409
58,30,0.4485836923122406,0.8676275610923767,0.1510677933692932,0.9304296970367432
58,31,0.5146704912185669,0.8661171793937683,0.20793858170509338,0.9843088388442993
58,32,0.45906132459640503,0.8945623636245728,0.0886976569890976,0.9856179356575012
59,0,0.47789445519447327,0.3901996910572052,-0.1974749118089676,0.9999818801879883
59,1,0.47792965173721313,0.3789750933647156,-0.18580637872219086,0.9999389052391052
59,2,0.479348361492157,0.3791349232196808,-0.1857772022485733,0.9999232888221741
59,3,0.4806601405143738,0.3793356716632843,-0.18572725355625153,0.9999096393585205
59,4,0.4721492826938629,0.37893709540367126,-0.19629694521427155,0.9999617338180542
59,5,0.4689532220363617,0.3791719079017639,-0.19630619883537292,0.9999616742134094
59,6,0.46542471647262573,0.3795486092567444,-0.19631096720695496,0.9999598860740662
59,7,0.4780758321285248,0.38685697317123413,-0.10937070846557617,0.999764084815979
59,8,0.4568617343902588,0.3867434561252594,-0.16048553586006165,0.9999546408653259
59,9,0.48015347123146057,0.40408575534820557,-0.16780194640159607,0.9999735355377197
59,10,0.47325271368026733,0.40504804253578186,-0.18228445947170258,0.999988317489624
59,11,0.4961144030094147,0.4590567350387573,-0.04661979153752327,0.9999545812606812
59,12,0.4346376061439514,0.459516704082489,-0.13882866501808167,0.9999815225601196
59,13,0.5065399408340454,0.5395290851593018,-0.0027805007994174957,0.9456825256347656
59,14,0.42758217453956604,0.5586645603179932,-0.13904032111167908,0.9967341423034668
59,15,0.5106058120727539,0.613361656665802,-0.0704997256398201,0.9820582866668701
59,16,0.43928807973861694,0.6403228044509888,-0.1710098683834076,0.988589346408844
59,17,0.5115062594413757,0.6376457214355469,-0.090451680123806,0.9677307605743408
59,18,0.43920713663101196,0.6680153608322144,-0.19198843836784363,0.9763567447662354
59,19,0.507709801197052,0.6345142126083374,-0.11098314821720123,0.9693669080734253
59,20,0.4472900927066803,0.6629918813705444,-0.20617008209228516,0.9760105013847351
59,21,0.505956768989563,0.6272878646850586,-0.08025950938463211,0.9634491205215454
59,22,0.44912925362586975,0.654857337474823,-0.17645785212516785,0.9696799516677856
59,23,0.48891186714172363,0.6378480195999146,0.031851984560489655,0.9998099207878113
59,24,0.4552339017391205,0.6433047652244568,-0.0319632887840271,0.9999067783355713
59,25,0.4889827370643616,0.7384834289550781,0.12426581233739853,0.9763830900192261
59,26,0.45194393396377563,0.7488486170768738,0.034397512674331665,0.9948961734771729
59,27,0.4924008846282959,0.8324494361877441,0.24337656795978546,0.9844508767127991
59,28,0.45001864433288574,0.8538222312927246,0.15183638036251068,0.9926813244819641
59,29,0.48837655782699585,0.8474024534225464,0.2529747486114502,0.9607661366462708
59,30,0.44887155294418335,0.867945671081543,0.16073453426361084,0.929587185382843
59,31,0.514658510684967,0.8661988973617554,0.20951063930988312,0.9841890335083008
59,32,0.45961886644363403,0.8953658938407898,0.0958852618932724,0.9853445887565613
60,0,0.4777370095252991,0.3901778757572174,-0.2016911506652832,0.9999822378158569
60,1,0.4773992598056793,0.37890204787254333,-0.1904517561197281,0.9999405145645142
60,2,0.4786813259124756,0.37904879450798035,-0.19042566418647766,0.9999251365661621
60,3,0.4798663556575775,0.3792424201965332,-0.1903815120458603,0.9999117255210876
60,4,0.4719524383544922,0.3788960874080658,-0.20181457698345184,0.9999627470970154
60,5,0.4688611924648285,0.3791404366493225,-0.20182672142982483,0.9999626874923706
60,6,0.46540993452072144,0.37952694296836853,-0.20183536410331726,0.9999608397483826
60,7,0.4764920175075531,0.386820524930954,-0.1147541031241417,0.9997663497924805
60,8,0.45673465728759766,0.38674747943878174,-0.1700635701417923,0.9999558329582214
60,9,0.47965002059936523,0.4039950966835022,-0.1720881164073944,0.9999737739562988
60,10,0.47318845987319946,0.4049566984176636,-0.1877031922340393,0.9999884963035583
60,11,0.4951782822608948,0.4594925045967102,-0.04819578677415848,0.9999528527259827
60,12,0.43442997336387634,0.45969158411026,-0.15081052482128143,0.9999816417694092
60,13,0.5053911209106445,0.5406415462493896,-0.0025188911240547895,0.9420353770256042
60,14,0.42764654755592346,0.5600406527519226,-0.1527700126171112,0.9967563152313232
60,15,0.5105002522468567,0.6140209436416626,-0.06591124832630157,0.9811631441116333
60,16,0.43976348638534546,0.6417340040206909,-0.18356245756149292,0.9887484312057495
60,17,0.5116828083992004,0.6384740471839905,-0.08443949371576309,0.9663236141204834
60,18,0.43972721695899963,0.6691302061080933,-0.20527127385139465,0.976722776889801
60,19,0.507887601852417,0.6357095241546631,-0.10603024065494537,0.9681000113487244
60,20,0.44768470525741577,0.6641679406166077,-0.21827423572540283,0.9763609766960144
60,21,0.5060323476791382,0.6284289360046387,-0.07616063952445984,0.961969792842865
60,22,0.4493598937988281,0.6561089158058167,-0.18852780759334564,0.9699541330337524
60,23,0.48868489265441895,0.6378239393234253,0.033370401710271835,0.9998087882995605
60,24,0.4552367627620697,0.6435791254043579,-0.03347880765795708,0.9999056458473206
60,25,0.48881739377975464,0.7382675409317017,0.1309172809123993,0.9752185940742493
60,26,0.4519980549812317,0.7489487528800964,0.035256072878837585,0.9947601556777954
60,27,0.4924064576625824,0.8323907852172852,0.254042387008667,0.9839659333229065
60,28,0.4500553607940674,0.8538169860839844,0.15588396787643433,0.9925633668899536
60,29,0.4883633255958557,0.8473727107048035,0.26399916410446167,0.9612011909484863
60,30,0.4487985670566559,0.8679239749908447,0.16511040925979614,0.9290773272514343
60,31,0.5148511528968811,0.8660725355148315,0.22003142535686493,0.9839942455291748
60,32,0.4598838686943054,0.8952462673187256,0.09959451854228973,0.9851464629173279
61,0,0.4775635600090027,0.39017996191978455,-0.20360998809337616,0.9999821186065674
61,1,0.47719788551330566,0.3788474500179291,-0.1923581063747406,0.9999401569366455
61,2,0.47845086455345154,0.37897393107414246,-0.1923334151506424,0.9999243021011353
61,3,0.4795817732810974,0.3791519105434418,-0.19228972494602203,0.9999103546142578
61,4,0.4717639088630676,0.37888091802597046,-0.20368941128253937,0.9999626278877258
61,5,0.4687322676181793,0.37912702560424805,-0.20370204746723175,0.999962568283081
61,6,0.4653187692165375,0.3795076012611389,-0.20371298491954803,0.9999606609344482
61,7,0.476248562335968,0.38663873076438904,-0.11588887125253677,0.9997574687004089
61,8,0.45665034651756287,0.3866702914237976,-0.17085100710391998,0.9999557733535767
61,9,0.4793916642665863,0.40398263931274414,-0.17359432578086853,0.999972939491272
61,10,0.4730246663093567,0.4049381613731384,-0.1892000436782837,0.9999883770942688
61,11,0.4943369925022125,0.4601708650588989,-0.048331119120121,0.9999492168426514
61,12,0.43406447768211365,0.45971405506134033,-0.1494675874710083,0.999981701374054
61,13,0.5042802095413208,0.5409059524536133,-0.0014359784545376897,0.9370733499526978
61,14,0.4276529848575592,0.560211181640625,-0.1502179205417633,0.9967626333236694
61,15,0.5102798938751221,0.6139516830444336,-0.06258273124694824,0.9794922471046448
61,16,0.4399818480014801,0.6422781348228455,-0.18244190514087677,0.9888479113578796
61,17,0.5118950009346008,0.6384342908859253,-0.08065586537122726,0.9637930989265442
61,18,0.44027161598205566,0.6697325706481934,-0.204228475689888,0.9769673943519592
61,19,0.5081278681755066,0.6360347270965576,-0.10286028683185577,0.9657707810401917
61,20,0.44797372817993164,0.6647348403930664,-0.21774256229400635,0.9766041040420532
61,21,0.5061905384063721,0.6286748051643372,-0.0732104554772377,0.9594020843505859
61,22,0.44947582483291626,0.6568019390106201,-0.1876641809940338,0.9701647162437439
61,23,0.48861679434776306,0.6376795172691345,0.0332774743437767,0.99980628490448
61,24,0.45513996481895447,0.6435744762420654,-0.03338095545768738,0.9999042749404907
61,25,0.48863357305526733,0.7382097840309143,0.1301470696926117,0.9748052954673767
61,26,0.45200905203819275,0.7490454912185669,0.03536907583475113,0.9947035312652588
61,27,0.49243369698524475,0.8323904871940613,0.25312456488609314,0.9837648272514343
61,28,0.45012038946151733,0.8542982339859009,0.15633420646190643,0.9925436973571777
61,29,0.4883855879306793,0.8473691344261169,0.2629307806491852,0.9614840745925903
61,30,0.4489731192588806,0.8682933449745178,0.16539525985717773,0.9289241433143616
61,31,0.51503986120224,0.8660760521888733,0.21766114234924316,0.983954906463623
61,32,0.4601455628871918,0.895795464515686,0.09874569624662399,0.9851413369178772
62,0,0.4775479733943939,0.3898327648639679,-0.1989593207836151,0.9999816417694092
62,1,0.4770374298095703,0.3785134553909302,-0.1878269463777542,0.9999390840530396
62,2,0.47816452383995056,0.37865087389945984,-0.18780671060085297,0.9999224543571472
62,3,0.47916674613952637,0.37883812189102173,-0.18776914477348328,0.9999080300331116
62,4,0.4717086851596832,0.37855178117752075,-0.20032048225402832,0.9999620318412781
62,5,0.4687451720237732,0.3788052499294281,-0.20033152401447296,0.9999619722366333
62,6,0.465383917093277,0.3791497051715851,-0.20034639537334442,0.9999600052833557
62,7,0.47522854804992676,0.3863431215286255,-0.11236928403377533,0.9997481107711792
62,8,0.4566972851753235,0.38607078790664673,-0.1694873720407486,0.9999553561210632
62,9,0.4790918231010437,0.4035910665988922,-0.16918246448040009,0.9999717473983765
62,10,0.4729478359222412,0.40446460247039795,-0.18627962470054626,0.9999880194664001
62,11,0.49278053641319275,0.46055877208709717,-0.04403684660792351,0.999944269657135
62,12,0.43375229835510254,0.4594736695289612,-0.14960382878780365,0.9999814629554749
62,13,0.5027271509170532,0.5410328507423401,0.0072902413085103035,0.9301186800003052
62,14,0.42768430709838867,0.5602404475212097,-0.15258748829364777,0.9967659711837769
62,15,0.5096142888069153,0.6139698624610901,-0.0454198494553566,0.9775126576423645
62,16,0.44047459959983826,0.6424480080604553,-0.18317222595214844,0.9889590740203857
62,17,0.5118921995162964,0.6384616494178772,-0.06156525760889053,0.9608373641967773
62,18,0.4408946931362152,0.6701891422271729,-0.20510637760162354,0.9772254228591919
62,19,0.5082487463951111,0.6364738941192627,-0.08373823761940002,0.9630278944969177
62,20,0.4484323561191559,0.6655241250991821,-0.21781010925769806,0.9768338203430176
62,21,0.506161630153656,0.6290416717529297,-0.055971890687942505,0.9563483595848083
62,22,0.44982409477233887,0.6573024988174438,-0.18811677396297455,0.9703308343887329
62,23,0.4882639944553375,0.6376460194587708,0.033775974065065384,0.9998046159744263
62,24,0.45492666959762573,0.6438360214233398,-0.0338682197034359,0.9999011158943176
62,25,0.4886358678340912,0.738007128238678,0.13009503483772278,0.9743503332138062
62,26,0.45199066400527954,0.7490362524986267,0.04001762717962265,0.9945703744888306
62,27,0.49276548624038696,0.832346498966217,0.2515484094619751,0.983397364616394
62,28,0.450237512588501,0.8542958498001099,0.1680000126361847,0.9924527406692505
62,29,0.48867911100387573,0.8472436666488647,0.261166512966156,0.9618676900863647
62,30,0.4491780698299408,0.8682644963264465,0.17789307236671448,0.9288164973258972
62,31,0.5151957869529724,0.8660613894462585,0.21626517176628113,0.9837880730628967
62,32,0.46032413840293884,0.8959618210792542,0.11253199726343155,0.9850079417228699
63,0,0.47749361395835876,0.38967472314834595,-0.19736067950725555,0.9999815821647644
63,1,0.47698312997817993,0.3783220648765564,-0.1861155778169632,0.9999394416809082
63,2,0.4780782163143158,0.3784802258014679,-0.18609638512134552,0.999922513961792
63,3,0.4790898859500885,0.3786962628364563,-0.18606212735176086,0.9999079704284668
63,4,0.47172608971595764,0.378330260515213,-0.19897252321243286,0.9999622702598572
63,5,0.46880316734313965,0.37858378887176514,-0.1989821344614029,0.9999622106552124
63,6,0.4654473662376404,0.37890663743019104,-0.19899512827396393,0.9999601244926453
63,7,0.47508519887924194,0.38618868589401245,-0.11033140122890472,0.9997453093528748
63,8,0.4567500948905945,0.3854774832725525,-0.1686514914035797,0.9999558329582214
63,9,0.47892093658447266,0.4035325348377228,-0.16743329167366028,0.9999709725379944
63,10,0.472827285528183,0.40430498123168945,-0.18504437804222107,0.9999878406524658
63,11,0.49115878343582153,0.4608197808265686,-0.040563564747571945,0.999940037727356
63,12,0.4335017800331116,0.45838463306427,-0.15023261308670044,0.9999814629554749
63,13,0.5014427900314331,0.5410206913948059,0.011666492559015751,0.9236210584640503
63,14,0.4275657534599304,0.5598465800285339,-0.1554446965456009,0.9968007206916809
63,15,0.5089607238769531,0.6132732629776001,-0.04008669778704643,0.9761516451835632
63,16,0.4414655268192291,0.6423965692520142,-0.18707625567913055,0.9891547560691833
63,17,0.5117558240890503,0.6377992033958435,-0.05610467866063118,0.9587397575378418
63,18,0.4419793486595154,0.6701145172119141,-0.20957283675670624,0.9776034355163574
63,19,0.5082517862319946,0.6358239650726318,-0.07856594771146774,0.9610916972160339
63,20,0.44954222440719604,0.6654209494590759,-0.22126618027687073,0.9771793484687805
63,21,0.50596684217453,0.6280388236045837,-0.05073411390185356,0.9540753960609436
63,22,0.45074576139450073,0.6571576595306396,-0.191622793674469,0.9706245064735413
63,23,0.48763948678970337,0.6371328830718994,0.03482920676469803,0.9998018145561218
63,24,0.45444345474243164,0.6437509059906006,-0.03491169586777687,0.9998977780342102
63,25,0.4885966181755066,0.7370765805244446,0.12923215329647064,0.9734919667243958
63,26,0.45186251401901245,0.7490852475166321,0.039650335907936096,0.9944201707839966
63,27,0.49284395575523376,0.8321303725242615,0.24615518748760223,0.9827563166618347
63,28,0.45029520988464355,0.8542816042900085,0.1646294891834259,0.9923381209373474
63,29,0.4887412190437317,0.8469262719154358,0.2553005814552307,0.9620425701141357
63,30,0.4494006037712097,0.8681193590164185,0.17414411902427673,0.928484320640564
63,31,0.5153865814208984,0.866050124168396,0.21092577278614044,0.9834104180335999
63,32,0.46058955788612366,0.8963168859481812,0.10861048847436905,0.9848189949989319
64,0,0.477532297372818,0.3896685838699341,-0.19205372035503387,0.999981164932251
64,1,0.4770317077636719,0.3783705532550812,-0.18154647946357727,0.9999387264251709
64,2,0.47810426354408264,0.3785814046859741,-0.18152523040771484,0.9999212026596069
64,3,0.4790993630886078,0.37884068489074707,-0.18149371445178986,0.9999064803123474
64,4,0.47177499532699585,0.3783226013183594,-0.1946980357170105,0.9999618530273438
64,5,0.46896371245384216,0.37854358553886414,-0.19470849633216858,0.999961793422699
64,6,0.4658491611480713,0.37881389260292053,-0.19472041726112366,0.9999595284461975
64,7,0.4748186469078064,0.38625603914260864,-0.10819603502750397,0.9997408390045166
64,8,0.45686203241348267,0.3849518597126007,-0.1681373119354248,0.9999556541442871
64,9,0.47885018587112427,0.40361836552619934,-0.1629587560892105,0.9999699592590332
64,10,0.4728277623653412,0.40430352091789246,-0.1809924840927124,0.9999874830245972
64,11,0.48970380425453186,0.46111446619033813,-0.03888840228319168,0.9999346137046814
64,12,0.43336158990859985,0.45677638053894043,-0.15225185453891754,0.9999813437461853
64,13,0.5000802278518677,0.540999710559845,0.01533626951277256,0.9171916842460632
64,14,0.42753076553344727,0.5581764578819275,-0.15797454118728638,0.9968134760856628
64,15,0.5083167552947998,0.612159788608551,-0.03119036555290222,0.9745298027992249
64,16,0.44242024421691895,0.6420423984527588,-0.1863977313041687,0.9892669916152954
64,17,0.5116351842880249,0.63654625415802,-0.04573195055127144,0.9562100768089294
64,18,0.4428062438964844,0.6696764230728149,-0.20838883519172668,0.9778386950492859
64,19,0.5082182884216309,0.6345314383506775,-0.06868582963943481,0.9587620496749878
64,20,0.4504026770591736,0.6651371717453003,-0.22011029720306396,0.9773843288421631
64,21,0.5057816505432129,0.6266425848007202,-0.041904546320438385,0.9514229893684387
64,22,0.451444536447525,0.6569128036499023,-0.19092220067977905,0.9707493782043457
64,23,0.48698291182518005,0.636614203453064,0.03528716415166855,0.9997949004173279
64,24,0.45400577783584595,0.6435508728027344,-0.03536013513803482,0.999893069267273
64,25,0.48860135674476624,0.7361570596694946,0.12520155310630798,0.9730667471885681
64,26,0.4515262544155121,0.749745786190033,0.037940122187137604,0.9943305253982544
64,27,0.49293676018714905,0.8317418694496155,0.23800595104694366,0.982241153717041
64,28,0.4503084123134613,0.8542705178260803,0.16144493222236633,0.9922987818717957
64,29,0.4887448251247406,0.8463901281356812,0.24681541323661804,0.9623302817344666
64,30,0.4494554400444031,0.8680574297904968,0.17081062495708466,0.928569495677948
64,31,0.5153872966766357,0.8657674789428711,0.20304568111896515,0.9830486178398132
64,32,0.4606337547302246,0.8959776163101196,0.10579409450292587,0.9847018718719482
65,0,0.4777015745639801,0.38982251286506653,-0.18396028876304626,0.9999793171882629
65,1,0.47709670662879944,0.3787899911403656,-0.17421071231365204,0.9999337792396545
65,2,0.47813302278518677,0.3790746331214905,-0.17419299483299255,0.9999147057533264
65,3,0.4791550040245056,0.3793751895427704,-0.17416372895240784,0.9998990297317505
65,4,0.47226065397262573,0.3784293830394745,-0.1874285638332367,0.9999585151672363
65,5,0.46973395347595215,0.378573477268219,-0.1874350607395172,0.9999583959579468
65,6,0.46691766381263733,0.3788130581378937,-0.18744681775569916,0.9999556541442871
65,7,0.47474732995033264,0.38640111684799194,-0.10406005382537842,0.9997225999832153
65,8,0.45753389596939087,0.3846413493156433,-0.1668461114168167,0.999951958656311
65,9,0.47889643907546997,0.40395504236221313,-0.15592080354690552,0.9999669194221497
65,10,0.47286278009414673,0.40437936782836914,-0.17401793599128723,0.9999861717224121
65,11,0.48807820677757263,0.4615187644958496,-0.036671511828899384,0.9999274015426636
65,12,0.43329834938049316,0.45561277866363525,-0.1518028825521469,0.9999808669090271
65,13,0.4988185465335846,0.540984570980072,0.016011828556656837,0.9074174165725708
65,14,0.42763763666152954,0.5573891997337341,-0.1571759134531021,0.9967340230941772
65,15,0.5073586106300354,0.6104193329811096,-0.029757410287857056,0.9714127779006958
65,16,0.4443264603614807,0.642005443572998,-0.18480448424816132,0.9891142845153809
65,17,0.5111342668533325,0.634325385093689,-0.04382449761033058,0.9515864849090576
65,18,0.4444302022457123,0.6694744229316711,-0.2064990997314453,0.9776614904403687
65,19,0.5079344511032104,0.632544994354248,-0.06641342490911484,0.9544563889503479
65,20,0.45180851221084595,0.6650963425636292,-0.21847987174987793,0.977165699005127
65,21,0.5052977800369263,0.6247416734695435,-0.0403631366789341,0.9465906023979187
65,22,0.4525882303714752,0.6568847298622131,-0.18942642211914062,0.970310628414154
65,23,0.4856816828250885,0.6364501714706421,0.03532414883375168,0.9997800588607788
65,24,0.4529719948768616,0.6433541178703308,-0.035389743745326996,0.9998830556869507
65,25,0.4886045455932617,0.7359044551849365,0.12144146859645844,0.9721552729606628
65,26,0.45111075043678284,0.7499554753303528,0.03690054267644882,0.994172215461731
65,27,0.49287906289100647,0.8311468362808228,0.23051908612251282,0.9813699722290039
65,28,0.45031994581222534,0.8540641665458679,0.1577097326517105,0.9921334981918335
65,29,0.48845577239990234,0.8457744121551514,0.23899142444133759,0.9621530175209045
65,30,0.4494646489620209,0.8672372698783875,0.166707843542099,0.9283458590507507
65,31,0.515427827835083,0.8654310703277588,0.19588667154312134,0.982465922832489
65,32,0.46070313453674316,0.8953193426132202,0.10335566103458405,0.9844387769699097
66,0,0.47896677255630493,0.39119285345077515,-0.16577455401420593,0.9999767541885376
66,1,0.47808846831321716,0.3804853558540344,-0.15832439064979553,0.9999259114265442
66,2,0.478844553232193,0.3808324933052063,-0.15830294787883759,0.9999051094055176
66,3,0.4796036183834076,0.3811797797679901,-0.158265620470047,0.9998891949653625
66,4,0.4739992022514343,0.37976565957069397,-0.17297087609767914,0.9999534487724304
66,5,0.471799373626709,0.3795827627182007,-0.17297308146953583,0.9999526739120483
66,6,0.46939152479171753,0.37945228815078735,-0.17298933863639832,0.9999492168426514
66,7,0.47481465339660645,0.3871951103210449,-0.09690114110708237,0.9997021555900574
66,8,0.4591604173183441,0.3846396505832672,-0.1662740409374237,0.9999446868896484
66,9,0.47908979654312134,0.40499505400657654,-0.14041832089424133,0.9999635219573975
66,10,0.4735642969608307,0.40501144528388977,-0.16037403047084808,0.9999845027923584
66,11,0.4866582751274109,0.46291494369506836,-0.03605600446462631,0.9999238848686218
66,12,0.4332144856452942,0.45537254214286804,-0.15326939523220062,0.9999808669090271
66,13,0.49702590703964233,0.5416980385780334,0.015206316486001015,0.8986766934394836
66,14,0.4277361333370209,0.5569060444831848,-0.15790927410125732,0.9966041445732117
66,15,0.5064038038253784,0.6104270815849304,-0.03083263896405697,0.9685899019241333
66,16,0.44655680656433105,0.6419236063957214,-0.18225029110908508,0.9890079498291016
66,17,0.51047682762146,0.6337747573852539,-0.04419955238699913,0.9473608732223511
66,18,0.4472026228904724,0.6690620183944702,-0.202091783285141,0.9776370525360107
66,19,0.5077717900276184,0.6315418481826782,-0.06641153991222382,0.9505605697631836
66,20,0.4543403685092926,0.6644156575202942,-0.21234245598316193,0.9771016240119934
66,21,0.5049355030059814,0.6239504814147949,-0.041294924914836884,0.9422823190689087
66,22,0.4548642635345459,0.6563094258308411,-0.1859387457370758,0.9699978232383728
66,23,0.48511791229248047,0.6356688737869263,0.03517629951238632,0.999750554561615
66,24,0.45247745513916016,0.6433491706848145,-0.03524456173181534,0.9998674392700195
66,25,0.488610178232193,0.7351491451263428,0.12173120677471161,0.9709389805793762
66,26,0.4510806202888489,0.7509010434150696,0.03811132162809372,0.9938265681266785
66,27,0.49145564436912537,0.8278608322143555,0.23205868899822235,0.9800722599029541
66,28,0.4511624872684479,0.8541211485862732,0.15818330645561218,0.9918166995048523
66,29,0.4862315058708191,0.8434209227561951,0.24079301953315735,0.9616551399230957
66,30,0.4503476619720459,0.866881251335144,0.1670950949192047,0.9283179044723511
66,31,0.5149921774864197,0.8603937029838562,0.19823892414569855,0.9818378686904907
66,32,0.46081972122192383,0.8953049778938293,0.10451497882604599,0.9840918183326721
67,0,0.48037418723106384,0.39504024386405945,-0.15640248358249664,0.9999713897705078
67,1,0.47976526618003845,0.3843368589878082,-0.1490672528743744,0.9999102354049683
67,2,0.48020830750465393,0.3847176730632782,-0.1490464061498642,0.9998866319656372
67,3,0.4806493818759918,0.3851359486579895,-0.14900963008403778,0.999870240688324
67,4,0.4763983190059662,0.38341495394706726,-0.16475090384483337,0.99994295835495
67,5,0.47420820593833923,0.383121520280838,-0.16474753618240356,0.9999406933784485
67,6,0.47168952226638794,0.38268181681632996,-0.16477108001708984,0.9999358057975769
67,7,0.47489818930625916,0.3899286091327667,-0.08988309651613235,0.9996625185012817
67,8,0.46066704392433167,0.3857220411300659,-0.1648799180984497,0.9999282360076904
67,9,0.4794524312019348,0.4082169532775879,-0.13168802857398987,0.9999551177024841
67,10,0.4744738042354584,0.4077969789505005,-0.15300345420837402,0.9999804496765137
67,11,0.4849061071872711,0.4646369218826294,-0.031029313802719116,0.9999186396598816
67,12,0.4333040118217468,0.454934686422348,-0.15565770864486694,0.9999803900718689
67,13,0.49603700637817383,0.5422829985618591,0.016764383763074875,0.8863762021064758
67,14,0.42828813195228577,0.5527186989784241,-0.16335228085517883,0.9963064789772034
67,15,0.5058456063270569,0.608941376209259,-0.03039308451116085,0.9646725654602051
67,16,0.4490029215812683,0.6396386027336121,-0.1818733811378479,0.9883812665939331
67,17,0.5102013349533081,0.6307818293571472,-0.04343072697520256,0.9419220685958862
67,18,0.45151814818382263,0.6639118194580078,-0.20186495780944824,0.9767689108848572
67,19,0.5077438950538635,0.6281154155731201,-0.06558210402727127,0.945385217666626
67,20,0.4582202434539795,0.6595528721809387,-0.21194784343242645,0.9761276841163635
67,21,0.5047314167022705,0.6206557154655457,-0.04089313745498657,0.9364869594573975
67,22,0.45788127183914185,0.6520165205001831,-0.18567588925361633,0.9682983160018921
67,23,0.4840560853481293,0.6344285607337952,0.03584342449903488,0.9997084140777588
67,24,0.45120471715927124,0.6426274180412292,-0.035889480262994766,0.99985271692276
67,25,0.4886235296726227,0.731396496295929,0.1285182535648346,0.9696988463401794
67,26,0.4509541094303131,0.7503612041473389,0.03025832772254944,0.9936813712120056
67,27,0.4866582751274109,0.8196310997009277,0.24340149760246277,0.9785658121109009
67,28,0.45121321082115173,0.8540484309196472,0.13580408692359924,0.991655707359314
67,29,0.4796789586544037,0.8347651958465576,0.25266197323799133,0.9607994556427002
67,30,0.45036253333091736,0.8658695816993713,0.1429334580898285,0.928750216960907
67,31,0.510248601436615,0.8524505496025085,0.21338310837745667,0.9809897541999817
67,32,0.4610055983066559,0.8939656615257263,0.07915093004703522,0.9839714169502258
68,0,0.4824533462524414,0.39906343817710876,-0.13654711842536926,0.9999655485153198
68,1,0.4818403720855713,0.38890618085861206,-0.13000059127807617,0.9998906850814819
68,2,0.482003390789032,0.38931262493133545,-0.129974827170372,0.999864399433136
68,3,0.48216724395751953,0.3897061347961426,-0.1299426406621933,0.9998477101325989
68,4,0.4791027903556824,0.38768985867500305,-0.1480574905872345,0.9999325275421143
68,5,0.47710680961608887,0.3871684670448303,-0.1480545997619629,0.9999281167984009
68,6,0.4747026860713959,0.3865574300289154,-0.14808045327663422,0.9999219179153442
68,7,0.4754825234413147,0.39319929480552673,-0.0767078697681427,0.9996235370635986
68,8,0.4633839726448059,0.3880913257598877,-0.16196978092193604,0.999911367893219
68,9,0.48059558868408203,0.4114716351032257,-0.11370629072189331,0.99994295835495
68,10,0.47639474272727966,0.410588800907135,-0.13808418810367584,0.999975323677063
68,11,0.48323434591293335,0.4652794599533081,-0.019108789041638374,0.9999145269393921
68,12,0.4342058598995209,0.4536679685115814,-0.16144511103630066,0.9999808073043823
68,13,0.49375277757644653,0.5416848659515381,0.028968175873160362,0.8692054748535156
68,14,0.42830926179885864,0.5444830656051636,-0.1766878068447113,0.9962185025215149
68,15,0.5053595304489136,0.6034665703773499,-0.014757318422198296,0.960425853729248
68,16,0.45310693979263306,0.6316530108451843,-0.18601658940315247,0.9883562922477722
68,17,0.5098124146461487,0.6233655214309692,-0.024323252961039543,0.9365957379341125
68,18,0.45722776651382446,0.6543148756027222,-0.2048979103565216,0.9768765568733215
68,19,0.5076140761375427,0.621675431728363,-0.04617089778184891,0.9403119087219238
68,20,0.4634012281894684,0.6498459577560425,-0.21202656626701355,0.9761330485343933
68,21,0.5044451355934143,0.6148577332496643,-0.02516232803463936,0.9310346841812134
68,22,0.46306461095809937,0.6426264643669128,-0.18787550926208496,0.9677262306213379
68,23,0.4831295609474182,0.6305421590805054,0.039976947009563446,0.9996744990348816
68,24,0.4508402347564697,0.6411643028259277,-0.03999369591474533,0.9998466372489929
68,25,0.4900648593902588,0.7242668867111206,0.1324692666530609,0.9692848324775696
68,26,0.45088380575180054,0.7490019202232361,0.02213888056576252,0.9937485456466675
68,27,0.4809855818748474,0.803956925868988,0.25688645243644714,0.9767158627510071
68,28,0.4512642025947571,0.8532476425170898,0.12500260770320892,0.9918984770774841
68,29,0.47283726930618286,0.8172968626022339,0.2677992284297943,0.9599311947822571
68,30,0.4506496489048004,0.8641200661659241,0.1318110227584839,0.9314224123954773
68,31,0.5027545690536499,0.8403489589691162,0.23648996651172638,0.9803133010864258
68,32,0.4614793658256531,0.8935651183128357,0.06903459876775742,0.9845413565635681
69,0,0.48563820123672485,0.40537622570991516,-0.11602552235126495,0.9999200105667114
69,1,0.48471149802207947,0.39508306980133057,-0.10681972652673721,0.9997482895851135
69,2,0.48456183075904846,0.39526617527008057,-0.10681923478841782,0.9997125267982483
69,3,0.484363317489624,0.39537256956100464,-0.1068163514137268,0.9997033476829529
69,4,0.4825727045536041,0.3940863609313965,-0.1259649097919464,0.9998249411582947
69,5,0.48085108399391174,0.3935058116912842,-0.1259593814611435,0.9998025298118591
69,6,0.47880563139915466,0.3927564322948456,-0.12600062787532806,0.9997845888137817
69,7,0.47658395767211914,0.39736077189445496,-0.04957019165158272,0.9994173049926758
69,8,0.46745237708091736,0.3938150703907013,-0.13832485675811768,0.999728262424469
69,9,0.48273906111717224,0.4169946014881134,-0.0921531468629837,0.9998897910118103
69,10,0.47988182306289673,0.4157860577106476,-0.11761835962533951,0.9999462962150574
69,11,0.48251986503601074,0.4679839611053467,0.006154639646410942,0.9999086260795593
69,12,0.43559256196022034,0.4521019458770752,-0.14895756542682648,0.9999760985374451
69,13,0.49266189336776733,0.5392407178878784,0.04244779422879219,0.8584538102149963
69,14,0.42819541692733765,0.5374480485916138,-0.17199184000492096,0.995959460735321
69,15,0.5048128962516785,0.5931462645530701,-0.014212608337402344,0.95542973279953
69,16,0.45784419775009155,0.6175201535224915,-0.17585909366607666,0.9879345297813416
69,17,0.5090709924697876,0.6113111972808838,-0.02608533762395382,0.9305079579353333
69,18,0.46312108635902405,0.6382119655609131,-0.19438345730304718,0.976185142993927
69,19,0.5068097710609436,0.6096647381782532,-0.046066299080848694,0.934370219707489
69,20,0.4682168960571289,0.6308337450027466,-0.1978466510772705,0.9753174781799316
69,21,0.5037892460823059,0.6038576364517212,-0.024208957329392433,0.9242444634437561
69,22,0.4676411747932434,0.6238217353820801,-0.17588667571544647,0.9657339453697205
69,23,0.48016947507858276,0.6238637566566467,0.041714005172252655,0.9995212554931641
69,24,0.44710874557495117,0.636351466178894,-0.041676443070173264,0.9997449517250061
69,25,0.4951147437095642,0.7109675407409668,0.03651927039027214,0.96987384557724
69,26,0.45083752274513245,0.7473588585853577,-0.03376602381467819,0.9927319884300232
69,27,0.47579288482666016,0.7863765358924866,0.1953759789466858,0.9698623418807983
69,28,0.45123544335365295,0.8538782596588135,0.07397182285785675,0.9914090037345886
69,29,0.465941846370697,0.7931883335113525,0.20938029885292053,0.9506833553314209
69,30,0.4506329894065857,0.8645419478416443,0.08060566335916519,0.9286630153656006
69,31,0.49323350191116333,0.8302379250526428,0.17841024696826935,0.9752131700515747
69,32,0.46185582876205444,0.8935235142707825,0.010952513664960861,0.9840144515037537
70,0,0.4884810447692871,0.41140875220298767,-0.0992780476808548,0.9998615980148315
70,1,0.4876260757446289,0.40167686343193054,-0.08812537789344788,0.999578595161438
70,2,0.4873812794685364,0.4015151858329773,-0.08813928067684174,0.999545156955719
70,3,0.4870229661464691,0.4013006091117859,-0.088144950568676,0.9995524287223816
70,4,0.4856976866722107,0.40056300163269043,-0.10798703134059906,0.9996702075004578
70,5,0.48391127586364746,0.39958903193473816,-0.10797460377216339,0.9996243715286255
70,6,0.48177796602249146,0.3985879719257355,-0.10801514238119125,0.9995856285095215
70,7,0.4785808026790619,0.4019189476966858,-0.02579108253121376,0.9992589950561523
70,8,0.4707523286342621,0.39882341027259827,-0.11567182838916779,0.9994601607322693
70,9,0.4848216474056244,0.422910213470459,-0.07373786717653275,0.9998376369476318
70,10,0.4825356602668762,0.4212327003479004,-0.09975447505712509,0.9999121427536011
70,11,0.482247531414032,0.4683935344219208,0.028733041137456894,0.9999021887779236
70,12,0.43703585863113403,0.4517707824707031,-0.1323484480381012,0.9999664425849915
70,13,0.49079257249832153,0.5346896648406982,0.048854436725378036,0.8458206653594971
70,14,0.42791494727134705,0.5310119986534119,-0.16496145725250244,0.9959889054298401
70,15,0.5042763948440552,0.5781912207603455,-0.019672129303216934,0.950523853302002
70,16,0.4614417552947998,0.600162923336029,-0.16872857511043549,0.9881194233894348
70,17,0.5090957880020142,0.5955870747566223,-0.029521074146032333,0.9257217049598694
70,18,0.4680824279785156,0.6195071935653687,-0.18775682151317596,0.9765594005584717
70,19,0.5068303346633911,0.5955263376235962,-0.05507829785346985,0.9298571348190308
70,20,0.47185826301574707,0.6116867661476135,-0.189995676279068,0.9756591320037842
70,21,0.5038113594055176,0.5911856889724731,-0.030476680025458336,0.9188185334205627
70,22,0.47055044770240784,0.6054176092147827,-0.1681724339723587,0.9653061032295227
70,23,0.4751497209072113,0.6219621300697327,0.04236162081360817,0.9994772672653198
70,24,0.4426993727684021,0.6353797316551208,-0.04228489100933075,0.9996379017829895
70,25,0.4995524287223816,0.6994447708129883,-0.04700850695371628,0.9718246459960938
70,26,0.4508591294288635,0.7473032474517822,-0.03636109083890915,0.9921082258224487
70,27,0.47320693731307983,0.775670051574707,0.10079600661993027,0.9677823781967163
70,28,0.45139384269714355,0.8546965718269348,0.08440621197223663,0.9910604357719421
70,29,0.4632561206817627,0.7798911333084106,0.113960400223732,0.9477717876434326
70,30,0.45027369260787964,0.8648316860198975,0.09230141341686249,0.9279531836509705
70,31,0.48919790983200073,0.8233351111412048,0.07244706898927689,0.9742535948753357
70,32,0.463029682636261,0.8938401937484741,0.021357957273721695,0.9838499426841736
71,0,0.4903486371040344,0.41800457239151,-0.09130170196294785,0.9997308850288391
71,1,0.48987364768981934,0.4084692597389221,-0.08042337745428085,0.9992679357528687
71,2,0.4897191524505615,0.40827763080596924,-0.08044631034135818,0.9992172122001648
71,3,0.4894092082977295,0.40802526473999023,-0.08045774698257446,0.999273419380188
71,4,0.4874334931373596,0.40711677074432373,-0.10023315250873566,0.9994096755981445
71,5,0.48537564277648926,0.4058076739311218,-0.10021853446960449,0.9993079900741577
71,6,0.48313555121421814,0.40439462661743164,-0.10026174783706665,0.9992413520812988
71,7,0.48065677285194397,0.40786659717559814,-0.017747223377227783,0.9989819526672363
71,8,0.4726389944553375,0.40383005142211914,-0.10680761188268661,0.999052107334137
71,9,0.4865949749946594,0.42924225330352783,-0.06563021242618561,0.9997432231903076
71,10,0.48402243852615356,0.42723947763442993,-0.09149502217769623,0.999854326248169
71,11,0.48280248045921326,0.47062745690345764,0.034125640988349915,0.9998757839202881
71,12,0.4384639263153076,0.4518202543258667,-0.12360459566116333,0.9999492168426514
71,13,0.49165278673171997,0.5299656987190247,0.05052995681762695,0.8257626295089722
71,14,0.4273513853549957,0.5206453800201416,-0.1643582284450531,0.9957864880561829
71,15,0.5038385987281799,0.5685218572616577,-0.022158075124025345,0.9393911957740784
71,16,0.46400803327560425,0.5768551230430603,-0.1697694957256317,0.9872788786888123
71,17,0.5083885192871094,0.5825886726379395,-0.03795989230275154,0.9146350026130676
71,18,0.4687720239162445,0.5960350036621094,-0.18924498558044434,0.9752030968666077
71,19,0.506250262260437,0.5819887518882751,-0.05771160125732422,0.9191409349441528
71,20,0.47309422492980957,0.5905916094779968,-0.19506242871284485,0.9741307497024536
71,21,0.5034880638122559,0.5771204829216003,-0.0312560573220253,0.9070179462432861
71,22,0.4722856879234314,0.5845872163772583,-0.171452596783638,0.962186872959137
71,23,0.47378796339035034,0.6220160126686096,0.043372366577386856,0.9993155002593994
71,24,0.4416397213935852,0.6351839303970337,-0.043270278722047806,0.9994451999664307
71,25,0.5021917223930359,0.6957331299781799,-0.01327456347644329,0.9725642800331116
71,26,0.45161542296409607,0.7473294734954834,-0.033247534185647964,0.9913614392280579
71,27,0.47286683320999146,0.7749336361885071,0.13350264728069305,0.9608016610145569
71,28,0.4514319896697998,0.8549402952194214,0.0718996450304985,0.9904823303222656
71,29,0.46262532472610474,0.7824074029922485,0.1464589536190033,0.9399879574775696
71,30,0.45006126165390015,0.8648921251296997,0.07826229184865952,0.9269331097602844
71,31,0.48832106590270996,0.818491518497467,0.10962487757205963,0.9696415662765503
71,32,0.4631245732307434,0.8946073651313782,0.007472111843526363,0.9831721782684326
72,0,0.4917815625667572,0.42465901374816895,-0.0684385746717453,0.9996621608734131
72,1,0.4917391836643219,0.4152566194534302,-0.05795929953455925,0.9991152882575989
72,2,0.4915953576564789,0.4151560068130493,-0.05797199532389641,0.9990443587303162
72,3,0.4913354516029358,0.4150363504886627,-0.05797896534204483,0.9991241693496704
72,4,0.4893721044063568,0.4137703776359558,-0.07733754068613052,0.9993063807487488
72,5,0.48737287521362305,0.41230344772338867,-0.07732611149549484,0.9991859197616577
72,6,0.4851905405521393,0.4106338918209076,-0.07737228274345398,0.9991157054901123
72,7,0.48271816968917847,0.4141215980052948,0.0004657265671994537,0.9988232254981995
72,8,0.47464242577552795,0.40860405564308167,-0.08695124089717865,0.9989220499992371
72,9,0.48777228593826294,0.4355227053165436,-0.04462044686079025,0.9996786713600159
72,10,0.48524704575538635,0.43334871530532837,-0.0700356513261795,0.9998292326927185
72,11,0.4831819534301758,0.4759131968021393,0.045479122549295425,0.9998334646224976
72,12,0.43944257497787476,0.4517227113246918,-0.11000523716211319,0.9999443888664246
72,13,0.49219170212745667,0.5308306217193604,0.057641468942165375,0.7913563847541809
72,14,0.42670732736587524,0.5126970410346985,-0.1626809686422348,0.995632529258728
72,15,0.5035738945007324,0.5655511617660522,-0.018948471173644066,0.9203585386276245
72,16,0.46882468461990356,0.5664132237434387,-0.1713068187236786,0.9867106676101685
72,17,0.5078811049461365,0.5759778618812561,-0.03377772495150566,0.8973135948181152
72,18,0.4727659225463867,0.5839617848396301,-0.1903664916753769,0.9742163419723511
72,19,0.506144642829895,0.5727293491363525,-0.04876495152711868,0.9022921919822693
72,20,0.47883644700050354,0.578277587890625,-0.1918441206216812,0.9729447364807129
72,21,0.5033658742904663,0.569496214389801,-0.027645010501146317,0.8892995119094849
72,22,0.4770508408546448,0.5737168788909912,-0.17205321788787842,0.9596847295761108
72,23,0.4733050465583801,0.622567355632782,0.04390250891447067,0.9991409778594971
72,24,0.4414308965206146,0.6351791620254517,-0.043801210820674896,0.9993124008178711
72,25,0.5037413835525513,0.6956142783164978,-0.007889850065112114,0.9730758666992188
72,26,0.4527604579925537,0.7473834753036499,-0.0340430811047554,0.9906465411186218
72,27,0.472758948802948,0.7735328674316406,0.12713150680065155,0.9529460072517395
72,28,0.4514325261116028,0.8550565242767334,0.05256184935569763,0.9897384643554688
72,29,0.4627649188041687,0.7818512916564941,0.1393098533153534,0.9306214451789856
72,30,0.4494003355503082,0.8651548624038696,0.0575752928853035,0.924732506275177
72,31,0.4875088632106781,0.8179558515548706,0.10841075330972672,0.9638734459877014
72,32,0.46375274658203125,0.8948295712471008,-0.00832471065223217,0.9822001457214355
73,0,0.4927193224430084,0.42801859974861145,-0.08192392438650131,0.9995044469833374
73,1,0.4929972290992737,0.41792815923690796,-0.07117537409067154,0.9988136291503906
73,2,0.49289757013320923,0.41787299513816833,-0.071192666888237,0.9987120032310486
73,3,0.49269381165504456,0.4178178906440735,-0.07120466977357864,0.9988384246826172
73,4,0.49057307839393616,0.4164269268512726,-0.08949485421180725,0.9990651607513428
73,5,0.4885956346988678,0.4150477647781372,-0.0894874557852745,0.998895525932312
73,6,0.48644715547561646,0.41334888339042664,-0.08953379839658737,0.9988124966621399
73,7,0.484128475189209,0.41661545634269714,-0.010438477620482445,0.9984846711158752
73,8,0.47615036368370056,0.4109196960926056,-0.09306701272726059,0.9985716342926025
73,9,0.48859506845474243,0.43867138028144836,-0.05736512690782547,0.99959796667099
73,10,0.48611798882484436,0.43621617555618286,-0.08138985931873322,0.9997916221618652
73,11,0.4832420349121094,0.4777698814868927,0.027398714795708656,0.9997993111610413
73,12,0.4405989646911621,0.4513964354991913,-0.11070382595062256,0.999931812286377
73,13,0.4923827648162842,0.5293290615081787,0.0030751738231629133,0.7746474742889404
73,14,0.4261454641819,0.508870542049408,-0.16788378357887268,0.9953156113624573
73,15,0.5032793283462524,0.5605340600013733,-0.1130974292755127,0.9102486371994019
73,16,0.46905383467674255,0.5618257522583008,-0.19488850235939026,0.9855349063873291
73,17,0.5068898797035217,0.5691882371902466,-0.13702258467674255,0.8889508247375488
73,18,0.47396793961524963,0.579009473323822,-0.2160440981388092,0.9724456667900085
73,19,0.5044189691543579,0.5646056532859802,-0.14749157428741455,0.8939583897590637
73,20,0.48054417967796326,0.5728394985198975,-0.21384158730506897,0.9709473848342896
73,21,0.5016286969184875,0.5604743957519531,-0.12118417024612427,0.8800131678581238
73,22,0.4796218276023865,0.5670939087867737,-0.19351842999458313,0.9560819268226624
73,23,0.47267183661460876,0.6231062412261963,0.04346400871872902,0.9989034533500671
73,24,0.4413468837738037,0.6353510618209839,-0.04330771416425705,0.9991113543510437
73,25,0.5022688508033752,0.699559211730957,-0.006020811852067709,0.9722998738288879
73,26,0.4533001780509949,0.7477441430091858,-0.03394227847456932,0.9896132946014404
73,27,0.4733709394931793,0.7785059809684753,0.14079375565052032,0.9422741532325745
73,28,0.45148953795433044,0.8551352620124817,0.06258302927017212,0.9884406924247742
73,29,0.46372073888778687,0.7853765487670898,0.15406343340873718,0.9167847037315369
73,30,0.44928088784217834,0.8651612401008606,0.06870459020137787,0.9198675155639648
73,31,0.4887089729309082,0.8233159184455872,0.12189086526632309,0.9554749727249146
73,32,0.4648943543434143,0.8949791789054871,0.0024307873100042343,0.9800450801849365
74,0,0.4931568503379822,0.4286647439002991,-0.08052804321050644,0.9993288516998291
74,1,0.49368906021118164,0.4186898469924927,-0.06960555911064148,0.9984511137008667
74,2,0.4936594069004059,0.4186907112598419,-0.06962592899799347,0.9983220100402832
74,3,0.4935546815395355,0.41868332028388977,-0.0696411207318306,0.9985090494155884
74,4,0.49115246534347534,0.41697603464126587,-0.08734844624996185,0.998782217502594
74,5,0.4891567826271057,0.41542232036590576,-0.08734159171581268,0.9985597729682922
74,6,0.48704463243484497,0.4135870337486267,-0.08738664537668228,0.9984591603279114
74,7,0.48539337515830994,0.4172761142253876,-0.007353650871664286,0.9980879426002502
74,8,0.4768252968788147,0.4108596742153168,-0.08684517443180084,0.9981668591499329
74,9,0.4890500605106354,0.43923690915107727,-0.05545880272984505,0.9994967579841614
74,10,0.48630547523498535,0.43645232915878296,-0.07860897481441498,0.999734103679657
74,11,0.48342829942703247,0.4784461557865143,0.032384566962718964,0.9997430443763733
74,12,0.4414350986480713,0.45089200139045715,-0.10698938369750977,0.9999204277992249
74,13,0.49280014634132385,0.5290615558624268,0.007440461777150631,0.7550740838050842
74,14,0.4290500283241272,0.5097346901893616,-0.16736873984336853,0.9951071739196777
74,15,0.5030034780502319,0.5594276189804077,-0.10605808347463608,0.8946354985237122
74,16,0.47111159563064575,0.5642691254615784,-0.19049052894115448,0.9843363165855408
74,17,0.5062779188156128,0.5697166323661804,-0.1292269378900528,0.8747033476829529
74,18,0.47601476311683655,0.5818389654159546,-0.21138152480125427,0.9706791043281555
74,19,0.5035028457641602,0.5653883218765259,-0.14036403596401215,0.8800426125526428
74,20,0.48269614577293396,0.5751970410346985,-0.2110935002565384,0.9690127372741699
74,21,0.5006177425384521,0.5609305500984192,-0.11449267715215683,0.8650660514831543
74,22,0.4818274974822998,0.5701445937156677,-0.19165417551994324,0.9525423049926758
74,23,0.4722854495048523,0.6234695911407471,0.043295543640851974,0.9986017942428589
74,24,0.44050392508506775,0.6351167559623718,-0.043198272585868835,0.9988795518875122
74,25,0.501306414604187,0.7018317580223083,-0.023073185235261917,0.9723289608955383
74,26,0.45325684547424316,0.7478855848312378,-0.042703546583652496,0.9893235564231873
74,27,0.4740999639034271,0.7826279401779175,0.10746906697750092,0.9365322589874268
74,28,0.45159903168678284,0.8555986881256104,0.04083097353577614,0.9877224564552307
74,29,0.4649094045162201,0.7905998229980469,0.11878383159637451,0.9102245569229126
74,30,0.4493064880371094,0.8659803867340088,0.04505854845046997,0.9165557026863098
74,31,0.4908362329006195,0.8241257667541504,0.081230029463768,0.9508200287818909
74,32,0.4660840928554535,0.8959713578224182,-0.02559545636177063,0.9787564873695374
75,0,0.49319252371788025,0.4265262484550476,-0.07200447469949722,0.9993020296096802
75,1,0.4938332438468933,0.41689378023147583,-0.061893463134765625,0.9983890056610107
75,2,0.49386048316955566,0.41697564721107483,-0.061917953193187714,0.9982642531394958
75,3,0.49383944272994995,0.4170343279838562,-0.06192658096551895,0.9984608292579651
75,4,0.49122101068496704,0.41474273800849915,-0.07973428070545197,0.9987027645111084
75,5,0.48933273553848267,0.4131423532962799,-0.07971519976854324,0.998457670211792
75,6,0.487313449382782,0.4113868772983551,-0.0797528326511383,0.9983466267585754
75,7,0.4861997663974762,0.41592496633529663,-0.003941683564335108,0.9979933500289917
75,8,0.4771050810813904,0.4091945290565491,-0.0838921070098877,0.9980447292327881
75,9,0.4891844391822815,0.43706682324409485,-0.04844275861978531,0.9994703531265259
75,10,0.48615971207618713,0.43430307507514954,-0.07170680910348892,0.9997103214263916
75,11,0.4836764931678772,0.4788740873336792,0.03580918163061142,0.999733567237854
75,12,0.44156742095947266,0.45075616240501404,-0.10403811931610107,0.9999148845672607
75,13,0.4930991530418396,0.5315182209014893,0.010780682787299156,0.7403069734573364
75,14,0.43411511182785034,0.5146324038505554,-0.13622906804084778,0.9942321181297302
75,15,0.5021708011627197,0.5642573237419128,-0.08387121558189392,0.8826292157173157
75,16,0.47457489371299744,0.568701446056366,-0.1374090015888214,0.9815371632575989
75,17,0.5053635835647583,0.5769381523132324,-0.10585223138332367,0.8624852299690247
75,18,0.4814443588256836,0.5869029760360718,-0.15506379306316376,0.966663658618927
75,19,0.5029119253158569,0.5721998810768127,-0.11834397166967392,0.868198037147522
75,20,0.48677825927734375,0.5800911784172058,-0.15814191102981567,0.9646554589271545
75,21,0.5001010298728943,0.5672577619552612,-0.09261622279882431,0.8524914979934692
75,22,0.4851043224334717,0.5748392939567566,-0.13755561411380768,0.9455825090408325
75,23,0.4718283712863922,0.6237013936042786,0.042243681848049164,0.9983741641044617
75,24,0.43946176767349243,0.6339925527572632,-0.04211504012346268,0.9986880421638489
75,25,0.4985092580318451,0.7043982744216919,0.005809422582387924,0.9706909656524658
75,26,0.45273056626319885,0.7478986978530884,-0.03375741094350815,0.9885552525520325
75,27,0.4745244085788727,0.8001644611358643,0.1336972862482071,0.9338469505310059
75,28,0.4516008794307709,0.8559461236000061,0.05029859021306038,0.9865801930427551
75,29,0.4655913710594177,0.8159884810447693,0.14331316947937012,0.9028332829475403
75,30,0.44942086935043335,0.8667576313018799,0.05459185317158699,0.9103544354438782
75,31,0.4961993098258972,0.8369433879852295,0.0996892899274826,0.948156476020813
75,32,0.46590477228164673,0.8993145227432251,-0.01625405251979828,0.9773411154747009
76,0,0.49365171790122986,0.42481037974357605,-0.06918289512395859,0.999244749546051
76,1,0.49427661299705505,0.41500625014305115,-0.06065905839204788,0.9981945753097534
76,2,0.4942312240600586,0.41507330536842346,-0.06068824604153633,0.998062789440155
76,3,0.4941227436065674,0.4151360094547272,-0.0606890507042408,0.9982819557189941
76,4,0.49188971519470215,0.4129544496536255,-0.08031503856182098,0.9985504150390625
76,5,0.49008697271347046,0.41146227717399597,-0.08029548078775406,0.9982689023017883
76,6,0.488176167011261,0.40983203053474426,-0.08033356815576553,0.9981243014335632
76,7,0.48620519042015076,0.41445669531822205,-0.008420722559094429,0.9975661635398865
76,8,0.47775769233703613,0.4082004427909851,-0.09527049958705902,0.9977856278419495
76,9,0.4894142150878906,0.43548253178596497,-0.04748252406716347,0.9993906021118164
76,10,0.48658204078674316,0.43291473388671875,-0.0732370987534523,0.9996591806411743
76,11,0.482888400554657,0.4783697724342346,0.035938285291194916,0.9997247457504272
76,12,0.4417552351951599,0.4507163465023041,-0.11057715117931366,0.999911904335022
76,13,0.49272045493125916,0.5316635966300964,0.03698338568210602,0.726616621017456
76,14,0.43872156739234924,0.5207797288894653,-0.13800188899040222,0.9932368993759155
76,15,0.5019292235374451,0.5669362545013428,-0.05002675577998161,0.8744884133338928
76,16,0.47397559881210327,0.5749572515487671,-0.13597232103347778,0.9798642992973328
76,17,0.5053654909133911,0.5809086561203003,-0.06914221495389938,0.8529043793678284
76,18,0.4803847670555115,0.5940930843353271,-0.15366409718990326,0.9647341370582581
76,19,0.5030556917190552,0.5767737627029419,-0.08153165876865387,0.8591851592063904
76,20,0.4858815670013428,0.5873033404350281,-0.15943333506584167,0.9625744223594666
76,21,0.5002588629722595,0.5716482996940613,-0.05861744284629822,0.8428513407707214
76,22,0.48431164026260376,0.5815988183021545,-0.1370888650417328,0.9417994022369385
76,23,0.471641480922699,0.6238690614700317,0.04333490505814552,0.9983116984367371
76,24,0.4393766522407532,0.6330080032348633,-0.043243709951639175,0.9985828399658203
76,25,0.49537426233291626,0.7108096480369568,0.05681384354829788,0.9693480134010315
76,26,0.4518889784812927,0.7476887106895447,-0.009436567313969135,0.988431990146637
76,27,0.4748237729072571,0.8199005722999573,0.14376690983772278,0.9348121881484985
76,28,0.4518483281135559,0.8559151291847229,0.06805969029664993,0.9864627122879028
76,29,0.46565723419189453,0.8363662958145142,0.151079922914505,0.9036895036697388
76,30,0.45005789399147034,0.8667534589767456,0.06975898891687393,0.9110201597213745
76,31,0.501108705997467,0.8498371839523315,0.10579055547714233,0.9490723609924316
76,32,0.4658512473106384,0.8994544148445129,0.005322742275893688,0.9775646328926086
77,0,0.4933227598667145,0.42360419034957886,-0.08156552165746689,0.9992266893386841
77,1,0.4939003884792328,0.4138049781322479,-0.07303450256586075,0.9980925917625427
77,2,0.49386096000671387,0.4138912558555603,-0.07305653393268585,0.9979609251022339
77,3,0.4937615990638733,0.4139716327190399,-0.07305201143026352,0.9981867671012878
77,4,0.4915432035923004,0.4118865132331848,-0.09197703003883362,0.9984671473503113
77,5,0.4898048937320709,0.41049888730049133,-0.09196256101131439,0.998166561126709
77,6,0.48792633414268494,0.40901458263397217,-0.09199903905391693,0.9979808330535889
77,7,0.4858807623386383,0.41433975100517273,-0.015056513249874115,0.9972299933433533
77,8,0.477379709482193,0.4071531891822815,-0.10687881708145142,0.9975579380989075
77,9,0.4892117381095886,0.434638649225235,-0.05907166749238968,0.9993420243263245
77,10,0.4863240122795105,0.4322260618209839,-0.08392274379730225,0.9996179938316345
77,11,0.4814743995666504,0.47561272978782654,0.03125575929880142,0.999728262424469
77,12,0.4417645037174225,0.4510599672794342,-0.12360221147537231,0.9999057650566101
77,13,0.49147361516952515,0.5317291021347046,0.03711255267262459,0.7316296696662903
77,14,0.44181767106056213,0.5331659317016602,-0.14145731925964355,0.9915860295295715
77,15,0.5020304918289185,0.571743369102478,-0.03920213133096695,0.8757150769233704
77,16,0.4749860167503357,0.5868823528289795,-0.13915613293647766,0.9775455594062805
77,17,0.5054467916488647,0.5890808701515198,-0.056121598929166794,0.8516981601715088
77,18,0.4807654917240143,0.6014685034751892,-0.15666590631008148,0.9621192812919617
77,19,0.5031769275665283,0.5878481268882751,-0.07042635977268219,0.8583828210830688
77,20,0.48579636216163635,0.5924500823020935,-0.16417846083641052,0.9598513841629028
77,21,0.5004783272743225,0.5814734101295471,-0.047905679792165756,0.8417655229568481
77,22,0.48461800813674927,0.5873487591743469,-0.14099928736686707,0.937252402305603
77,23,0.47136396169662476,0.6237428188323975,0.04318127781152725,0.9982871413230896
77,24,0.4396604895591736,0.6321960687637329,-0.043112557381391525,0.9985073208808899
77,25,0.489929735660553,0.7168189883232117,0.07246364653110504,0.9680109620094299
77,26,0.450359046459198,0.7472485899925232,-0.00041311545646749437,0.9882839918136597
77,27,0.47554391622543335,0.8275359869003296,0.14773645997047424,0.9373592138290405
77,28,0.45186153054237366,0.8554468750953674,0.07900725305080414,0.9866873621940613
77,29,0.4663773477077484,0.8443290591239929,0.15372605621814728,0.9075301885604858
77,30,0.4504174590110779,0.8663399815559387,0.08062299340963364,0.913676917552948
77,31,0.5041846036911011,0.8572067022323608,0.10561645030975342,0.9511381983757019
77,32,0.4649992883205414,0.8993347883224487,0.015830105170607567,0.9781513810157776
78,0,0.49301856756210327,0.42344504594802856,-0.08360160142183304,0.9992666840553284
78,1,0.4934912621974945,0.41326209902763367,-0.07721114903688431,0.9981744289398193
78,2,0.49349039793014526,0.413466215133667,-0.07725463807582855,0.9980461597442627
78,3,0.4934273362159729,0.4136052131652832,-0.07721832394599915,0.9982565641403198
78,4,0.4910401403903961,0.4109879732131958,-0.09751009941101074,0.9985184669494629
78,5,0.48926299810409546,0.40931782126426697,-0.09749426692724228,0.998225748538971
78,6,0.48731622099876404,0.40748485922813416,-0.0975206196308136,0.9980221390724182
78,7,0.4856325685977936,0.4129633903503418,-0.024334868416190147,0.9972141981124878
78,8,0.47681111097335815,0.40372177958488464,-0.1159273162484169,0.9975926280021667
78,9,0.4891424775123596,0.4340735077857971,-0.06296186149120331,0.9993637204170227
78,10,0.48617973923683167,0.431133896112442,-0.08993467688560486,0.99962317943573
78,11,0.4802005887031555,0.4750988483428955,0.02889447845518589,0.9997428059577942
78,12,0.4416984021663666,0.4516930878162384,-0.13179859519004822,0.999905526638031
78,13,0.4899819791316986,0.5365476012229919,0.035792723298072815,0.742662250995636
78,14,0.44252675771713257,0.5395097136497498,-0.14363156259059906,0.98954838514328
78,15,0.5020484328269958,0.586860716342926,-0.03549764305353165,0.8812718987464905
78,16,0.4747823178768158,0.601462721824646,-0.14345043897628784,0.9752230644226074
78,17,0.5059548616409302,0.6064177751541138,-0.05189896747469902,0.8555145859718323
78,18,0.4801509380340576,0.619117796421051,-0.16168467700481415,0.9595580697059631
78,19,0.5039788484573364,0.6055342555046082,-0.06758534908294678,0.862511396408081
78,20,0.4857427477836609,0.6123049855232239,-0.16986875236034393,0.9573409557342529
78,21,0.5011408925056458,0.5996788144111633,-0.044567007571458817,0.8461973667144775
78,22,0.4838419556617737,0.6047643423080444,-0.14571788907051086,0.9335820078849792
78,23,0.4706271290779114,0.624040424823761,0.0445704348385334,0.9983366131782532
78,24,0.43985360860824585,0.6318805813789368,-0.04455658048391342,0.9985179901123047
78,25,0.484428346157074,0.7256397008895874,0.09045539796352386,0.961633026599884
78,26,0.44919413328170776,0.7470105290412903,0.0009823741856962442,0.9872990846633911
78,27,0.4758327603340149,0.8355837464332581,0.16975928843021393,0.9379051327705383
78,28,0.451824814081192,0.8553141951560974,0.09134868532419205,0.9865548014640808
78,29,0.46691179275512695,0.8525986671447754,0.17405876517295837,0.9112268686294556
78,30,0.4504324793815613,0.8671363592147827,0.09573502838611603,0.9160891175270081
78,31,0.5050446391105652,0.8588377237319946,0.12365670502185822,0.9520877599716187
78,32,0.4641692638397217,0.8988739252090454,0.030903685837984085,0.9783903360366821
79,0,0.4928108751773834,0.4215364158153534,-0.10123558342456818,0.9993041753768921
79,1,0.49323517084121704,0.41022059321403503,-0.09475265443325043,0.9982515573501587
79,2,0.4932682514190674,0.4102592468261719,-0.09478218108415604,0.9981330037117004
79,3,0.4932521879673004,0.4103839099407196,-0.09476174414157867,0.9983299970626831
79,4,0.490727961063385,0.40875768661499023,-0.1170509085059166,0.9985827207565308
79,5,0.48894888162612915,0.4074684679508209,-0.11705303192138672,0.9983101487159729
79,6,0.4870271682739258,0.4060992896556854,-0.11708126217126846,0.9980999231338501
79,7,0.4854811131954193,0.41000938415527344,-0.045493025332689285,0.9972242116928101
79,8,0.4764852523803711,0.4023410379886627,-0.14568255841732025,0.9976659417152405
79,9,0.48907333612442017,0.4320530295372009,-0.08056878298521042,0.9993789196014404
79,10,0.4859830439090729,0.42977169156074524,-0.11019235849380493,0.9996234178543091
79,11,0.4791563153266907,0.47418633103370667,0.015475153923034668,0.999753475189209
79,12,0.44162487983703613,0.45497339963912964,-0.16410107910633087,0.9999066591262817
79,13,0.48803719878196716,0.5407600998878479,0.04772470146417618,0.7461501955986023
79,14,0.4470435678958893,0.5526109337806702,-0.17219269275665283,0.9885245561599731
79,15,0.501808226108551,0.5969140529632568,0.0090270871296525,0.8829347491264343
79,16,0.474481999874115,0.619737982749939,-0.1667235791683197,0.9747249484062195
79,17,0.5060046315193176,0.6183604598045349,0.00022225812426768243,0.8535674214363098
79,18,0.47994083166122437,0.6379354000091553,-0.18734070658683777,0.959324300289154
79,19,0.5041324496269226,0.6180509924888611,-0.017725089564919472,0.8614566922187805
79,20,0.4847453236579895,0.6341059803962708,-0.1942366063594818,0.9572004079818726
79,21,0.5011924505233765,0.6110423803329468,-0.0001455535093555227,0.8452886939048767
79,22,0.483114629983902,0.6255162358283997,-0.16878476738929749,0.9327647686004639
79,23,0.47052302956581116,0.6253799200057983,0.048686735332012177,0.9983870387077332
79,24,0.43994784355163574,0.6319806575775146,-0.048724960535764694,0.9985344409942627
79,25,0.4800306260585785,0.7333278059959412,0.11014202982187271,0.952856183052063
79,26,0.4477347433567047,0.7476244568824768,0.005663024727255106,0.9863113164901733
79,27,0.4759630262851715,0.8383208513259888,0.19839933514595032,0.937736451625824
79,28,0.45170989632606506,0.8551915287971497,0.10523439943790436,0.986583411693573
79,29,0.467244952917099,0.855456531047821,0.20423606038093567,0.9138524532318115
79,30,0.4504212737083435,0.8672282099723816,0.1111266240477562,0.9190756678581238
79,31,0.5050235390663147,0.8598921895027161,0.15854468941688538,0.9532381892204285
79,32,0.46364158391952515,0.898845911026001,0.0462663508951664,0.9789386987686157
80,0,0.4923393726348877,0.42028364539146423,-0.13018807768821716,0.9993356466293335
80,1,0.4929855465888977,0.40857934951782227,-0.12349323183298111,0.9983012676239014
80,2,0.49299272894859314,0.4085276424884796,-0.1235143318772316,0.9981894493103027
80,3,0.4929350018501282,0.40859776735305786,-0.1235090121626854,0.9983786344528198
80,4,0.4906543791294098,0.4074375033378601,-0.1455017626285553,0.9986340403556824
80,5,0.48884373903274536,0.40639999508857727,-0.14551734924316406,0.9983854293823242
80,6,0.4868263602256775,0.40525615215301514,-0.14555197954177856,0.998173177242279
80,7,0.4850690960884094,0.4083423614501953,-0.07394687831401825,0.997180700302124
80,8,0.47635746002197266,0.4013917148113251,-0.17399248480796814,0.9977268576622009
80,9,0.48833975195884705,0.4307091236114502,-0.10856884717941284,0.9993911385536194
80,10,0.48563361167907715,0.4289042055606842,-0.13779014348983765,0.9996232986450195
80,11,0.4782037138938904,0.47292912006378174,-0.008113445714116096,0.9997628331184387
80,12,0.4415203630924225,0.4572971761226654,-0.19155940413475037,0.9999098181724548
80,13,0.48767271637916565,0.5461006760597229,0.03676516190171242,0.7538754343986511
80,14,0.44950437545776367,0.5598056316375732,-0.20124855637550354,0.9884131550788879
80,15,0.5015523433685303,0.6086323857307434,-0.007691849954426289,0.8843038082122803
80,16,0.4742617607116699,0.6333549618721008,-0.20110778510570526,0.9753525853157043
80,17,0.5060287714004517,0.6293115615844727,-0.017134251073002815,0.8501695990562439
80,18,0.47926944494247437,0.6520405411720276,-0.2241538017988205,0.9604003429412842
80,19,0.5042471885681152,0.6295658349990845,-0.034631017595529556,0.8590571284294128
80,20,0.484529584646225,0.6490805149078369,-0.23097014427185059,0.9584054946899414
80,21,0.5012122392654419,0.6224913001060486,-0.016739659011363983,0.8431610465049744
80,22,0.4830455780029297,0.6422872543334961,-0.20326510071754456,0.9341403841972351
80,23,0.4695677161216736,0.6253763437271118,0.05016521364450455,0.998451292514801
80,24,0.4393180310726166,0.6311319470405579,-0.05022794008255005,0.998572587966919
80,25,0.4776920676231384,0.7331839799880981,0.11328073590993881,0.9388702511787415
80,26,0.4470575451850891,0.7460755109786987,0.00842592865228653,0.9845645427703857
80,27,0.47610917687416077,0.8389912843704224,0.20569896697998047,0.9337082505226135
80,28,0.4516217112541199,0.8551874756813049,0.11138783395290375,0.9861032366752625
80,29,0.4673364758491516,0.8553940057754517,0.21226760745048523,0.912787139415741
80,30,0.4502479135990143,0.8673567771911621,0.11761776357889175,0.9206622838973999
80,31,0.5052173733711243,0.8603856563568115,0.16778798401355743,0.9524024128913879
80,32,0.46364927291870117,0.8986227512359619,0.05179143697023392,0.9788420796394348
81,0,0.4916958212852478,0.4200379550457001,-0.128192737698555,0.9993653893470764
81,1,0.4925387501716614,0.40854185819625854,-0.12144322693347931,0.9983562231063843
81,2,0.49250441789627075,0.4084585905075073,-0.12146307528018951,0.9982483983039856
81,3,0.4923834800720215,0.40846744179725647,-0.12145978212356567,0.998429536819458
81,4,0.49040859937667847,0.40730634331703186,-0.14230607450008392,0.9986891746520996
81,5,0.4887840747833252,0.4062390625476837,-0.1423206329345703,0.9984580874443054
81,6,0.4867059588432312,0.4050595164299011,-0.1423589289188385,0.9982477426528931
81,7,0.48434168100357056,0.4078117311000824,-0.07214853912591934,0.9971927404403687
81,8,0.4761747419834137,0.40128323435783386,-0.1672402322292328,0.9978001713752747
81,9,0.4875352382659912,0.4305310845375061,-0.10673730075359344,0.9994091391563416
81,10,0.4850428104400635,0.42879635095596313,-0.13441088795661926,0.999628484249115
81,11,0.4782992899417877,0.4728842079639435,-0.009135882370173931,0.9997711777687073
81,12,0.4415016174316406,0.4583531618118286,-0.18425403535366058,0.9999129176139832
81,13,0.48784804344177246,0.551174521446228,0.03386850282549858,0.7637292742729187
81,14,0.45087045431137085,0.559840738773346,-0.19311073422431946,0.9880568385124207
81,15,0.5011924505233765,0.6161050796508789,-0.007062874734401703,0.8868358731269836
81,16,0.4736782908439636,0.6369393467903137,-0.19204501807689667,0.9757423400878906
81,17,0.505626916885376,0.636240541934967,-0.0161055326461792,0.8490740060806274
81,18,0.4787616729736328,0.6576220989227295,-0.21409742534160614,0.9611289501190186
81,19,0.5042678117752075,0.6366069316864014,-0.033837851136922836,0.8586278557777405
81,20,0.4840436577796936,0.654565691947937,-0.22093527019023895,0.9592466354370117
81,21,0.5012659430503845,0.6297304630279541,-0.015950527042150497,0.8429911732673645
81,22,0.48253923654556274,0.6467651128768921,-0.1941457837820053,0.9350700378417969
81,23,0.4691910743713379,0.626585066318512,0.04991292953491211,0.9984956979751587
81,24,0.43931451439857483,0.6312434673309326,-0.04997197538614273,0.9986169338226318
81,25,0.4766480326652527,0.7359611392021179,0.11167867481708527,0.931274950504303
81,26,0.4463050961494446,0.7469882369041443,0.007833506911993027,0.9836848378181458
81,27,0.47596120834350586,0.8400258421897888,0.20586669445037842,0.9323468804359436
81,28,0.45167532563209534,0.8554872274398804,0.10999715328216553,0.9860905408859253
81,29,0.467507928609848,0.8567647933959961,0.2125394344329834,0.9138513207435608
81,30,0.45046019554138184,0.867946982383728,0.1162683367729187,0.9227961897850037
81,31,0.504887044429779,0.8604097366333008,0.16793620586395264,0.9525381326675415
81,32,0.4636479914188385,0.8991544246673584,0.05106077715754509,0.9791592359542847
82,0,0.49105483293533325,0.419405996799469,-0.13527071475982666,0.9993900060653687
82,1,0.4917600154876709,0.4078821837902069,-0.12859168648719788,0.9983948469161987
82,2,0.49173933267593384,0.40772560238838196,-0.1286165863275528,0.9982891082763672
82,3,0.49165186285972595,0.40761539340019226,-0.12861861288547516,0.998465359210968
82,4,0.48983797430992126,0.4068731963634491,-0.14957715570926666,0.9987305402755737
82,5,0.48833465576171875,0.4058302640914917,-0.14959555864334106,0.9985164403915405
82,6,0.48631349205970764,0.40463677048683167,-0.14963634312152863,0.998309314250946
82,7,0.483210951089859,0.40666672587394714,-0.07896562665700912,0.997158408164978
82,8,0.4756529927253723,0.4006699025630951,-0.17452025413513184,0.9978589415550232
82,9,0.4869562089443207,0.4299263060092926,-0.11355644464492798,0.9994240999221802
82,10,0.4845105707645416,0.4285084307193756,-0.14130397140979767,0.999632716178894
82,11,0.47832173109054565,0.4727165102958679,-0.013677489943802357,0.9997783899307251
82,12,0.44155868887901306,0.45961567759513855,-0.19199717044830322,0.9999155402183533
82,13,0.48764950037002563,0.5529699325561523,0.02624395862221718,0.7696480751037598
82,14,0.45174407958984375,0.5623984932899475,-0.20141467452049255,0.9878994226455688
82,15,0.4998558461666107,0.6185103058815002,-0.014972060918807983,0.8869215250015259
82,16,0.4733644127845764,0.6376785635948181,-0.20184652507305145,0.9762760996818542
82,17,0.5037118792533875,0.6387606859207153,-0.025691905990242958,0.8449293971061707
82,18,0.4784175455570221,0.6581664681434631,-0.22546884417533875,0.9620332717895508
82,19,0.5031607151031494,0.6385688185691833,-0.043023113161325455,0.8554002642631531
82,20,0.48366743326187134,0.6553307175636292,-0.23276832699775696,0.9602456092834473
82,21,0.5005093216896057,0.6313334703445435,-0.023988623172044754,0.8398524522781372
82,22,0.4822254180908203,0.6477682590484619,-0.20429345965385437,0.9363279342651367
82,23,0.46905842423439026,0.6268935799598694,0.050050146877765656,0.9985601902008057
82,24,0.43925970792770386,0.6312819719314575,-0.05011354014277458,0.9986702799797058
82,25,0.47595006227493286,0.7363733053207397,0.11519289016723633,0.9212036728858948
82,26,0.4457305371761322,0.74729323387146,0.011265063658356667,0.982170045375824
82,27,0.4758438467979431,0.8389220237731934,0.212117001414299,0.9297562837600708
82,28,0.45167383551597595,0.8554685115814209,0.11953310668468475,0.9857233166694641
82,29,0.4675854742527008,0.8553545475006104,0.21914617717266083,0.9138123393058777
82,30,0.4505404531955719,0.8679161071777344,0.1263877898454666,0.9241176247596741
82,31,0.5048441886901855,0.8602398633956909,0.17467360198497772,0.9522573947906494
82,32,0.46364840865135193,0.8984270691871643,0.06151115149259567,0.9791698455810547
83,0,0.4900272786617279,0.41843271255493164,-0.13334527611732483,0.9994216561317444
83,1,0.4905918538570404,0.407120943069458,-0.12665393948554993,0.9984604120254517
83,2,0.4906364977359772,0.40696197748184204,-0.12667688727378845,0.9983592629432678
83,3,0.49062690138816833,0.40679386258125305,-0.1266760230064392,0.9985280632972717
83,4,0.488485187292099,0.40613311529159546,-0.147026926279068,0.9987879991531372
83,5,0.4869898855686188,0.4051147997379303,-0.14704327285289764,0.9985876679420471
83,6,0.48487377166748047,0.4038650095462799,-0.14708290994167328,0.9983847141265869
83,7,0.4821532368659973,0.4058287441730499,-0.07679826021194458,0.9972161054611206
83,8,0.4747878909111023,0.400205135345459,-0.16967710852622986,0.997940182685852
83,9,0.4860607087612152,0.4289890229701996,-0.11163029819726944,0.9994477033615112
83,10,0.48353856801986694,0.42775315046310425,-0.13859763741493225,0.9996435642242432
83,11,0.47826147079467773,0.4722118675708771,-0.013643105514347553,0.9997876286506653
83,12,0.44156360626220703,0.46027758717536926,-0.18578822910785675,0.9999176859855652
83,13,0.48703503608703613,0.5524495244026184,0.024859873577952385,0.7782828211784363
83,14,0.45017319917678833,0.5620867609977722,-0.19513927400112152,0.9876168966293335
83,15,0.4989917278289795,0.6168226003646851,-0.016498787328600883,0.8900315165519714
83,16,0.47315478324890137,0.6353024244308472,-0.19599369168281555,0.9764682054519653
83,17,0.5025231242179871,0.6371459364891052,-0.027383798733353615,0.8458710312843323
83,18,0.4781230390071869,0.655554473400116,-0.2189701497554779,0.9624363780021667
83,19,0.5019233822822571,0.6369196772575378,-0.04494877904653549,0.8567712306976318
83,20,0.4833577275276184,0.6518888473510742,-0.22616179287433624,0.9607129096984863
83,21,0.4995184540748596,0.6296533346176147,-0.025532474741339684,0.8414505124092102
83,22,0.4820416569709778,0.6445284485816956,-0.19836267828941345,0.9368540644645691
83,23,0.46925967931747437,0.6272050142288208,0.04979175329208374,0.9986159801483154
83,24,0.43929219245910645,0.6313899159431458,-0.04985145106911659,0.9987208843231201
83,25,0.47644877433776855,0.73612380027771,0.11637405306100845,0.915651798248291
83,26,0.4456220269203186,0.7475730180740356,0.012429395690560341,0.981656014919281
83,27,0.4758438467979431,0.8385610580444336,0.2143055647611618,0.9291923642158508
83,28,0.4517034590244293,0.8554583191871643,0.1194305568933487,0.9858155250549316
83,29,0.4677063524723053,0.8542038798332214,0.22142891585826874,0.9151419997215271
83,30,0.4506351947784424,0.8679647445678711,0.12620049715042114,0.9260821342468262
83,31,0.5047621726989746,0.8600100874900818,0.1772082895040512,0.9528424143791199
83,32,0.46359342336654663,0.8983367085456848,0.06134365126490593,0.9795492887496948
84,0,0.48956793546676636,0.41750624775886536,-0.12723477184772491,0.999443769454956
84,1,0.49005359411239624,0.40630391240119934,-0.11998651921749115,0.998505711555481
84,2,0.4901091158390045,0.40613284707069397,-0.12000817060470581,0.9984102249145508
84,3,0.49011850357055664,0.40591078996658325,-0.12000571191310883,0.9985745549201965
84,4,0.48789769411087036,0.40540120005607605,-0.14023754000663757,0.9988237619400024
84,5,0.4864199161529541,0.4044077694416046,-0.14024752378463745,0.9986312985420227
84,6,0.4843617379665375,0.403152734041214,-0.14028528332710266,0.998424768447876
84,7,0.4816576838493347,0.40494710206985474,-0.06900211423635483,0.997244119644165
84,8,0.47434526681900024,0.39969363808631897,-0.1625857800245285,0.9979733824729919
84,9,0.4856712818145752,0.4279463589191437,-0.10515625774860382,0.999458372592926
84,10,0.48312798142433167,0.42689353227615356,-0.1320279836654663,0.9996436834335327
84,11,0.47816768288612366,0.4711907207965851,-0.008841407485306263,0.9997978210449219
84,12,0.4415932595729828,0.4604993164539337,-0.17866206169128418,0.9999176859855652
84,13,0.4865754544734955,0.5520234704017639,0.029120301827788353,0.7852827310562134
84,14,0.44920578598976135,0.5599542856216431,-0.18892168998718262,0.9870880842208862
84,15,0.49854907393455505,0.6130571365356445,-0.007489698939025402,0.8935860395431519
84,16,0.473235547542572,0.6309642195701599,-0.19090136885643005,0.9762341380119324
84,17,0.502354621887207,0.6334487199783325,-0.017644207924604416,0.8482819199562073
84,18,0.4783012866973877,0.6508471965789795,-0.21279609203338623,0.9622280597686768
84,19,0.5014760494232178,0.633016049861908,-0.035394735634326935,0.8593845367431641
84,20,0.48318323493003845,0.646779477596283,-0.21941927075386047,0.9605274796485901
84,21,0.49907994270324707,0.625898540019989,-0.016444208100438118,0.8441429734230042
84,22,0.481928288936615,0.639455258846283,-0.19291076064109802,0.9362121224403381
84,23,0.46938151121139526,0.6274170279502869,0.04947766661643982,0.9986720085144043
84,24,0.43931931257247925,0.6316117644309998,-0.04953227564692497,0.9987585544586182
84,25,0.4773485064506531,0.7373080849647522,0.11500092595815659,0.9118427634239197
84,26,0.44554561376571655,0.7476609349250793,0.01369821559637785,0.9811086654663086
84,27,0.47588592767715454,0.8382301330566406,0.21248912811279297,0.9294682741165161
84,28,0.45171648263931274,0.8546759486198425,0.12287361919879913,0.9858465790748596
84,29,0.46779727935791016,0.8537118434906006,0.21947839856147766,0.9170612692832947
84,30,0.45062169432640076,0.8675717115402222,0.12993936240673065,0.9279138445854187
84,31,0.5047426223754883,0.8601371049880981,0.17447209358215332,0.9537249803543091
84,32,0.46343451738357544,0.8982440233230591,0.06545057892799377,0.9799015522003174
85,0,0.48932409286499023,0.41657838225364685,-0.10678764432668686,0.9993887543678284
85,1,0.4898258149623871,0.4055415987968445,-0.09947169572114944,0.9983047246932983
85,2,0.48988279700279236,0.405400812625885,-0.09950180351734161,0.9982046484947205
85,3,0.48989710211753845,0.4051899313926697,-0.09949935972690582,0.9983983635902405
85,4,0.4876285195350647,0.4045870006084442,-0.11971262842416763,0.9986732006072998
85,5,0.48612159490585327,0.4035396873950958,-0.11971648782491684,0.9984485507011414
85,6,0.48406124114990234,0.4021945893764496,-0.11976423114538193,0.9981960654258728
85,7,0.481456995010376,0.4041704535484314,-0.05019797757267952,0.996671199798584
85,8,0.4740779995918274,0.3987486958503723,-0.14289197325706482,0.9976173043251038
85,9,0.4854356348514557,0.4269978404045105,-0.08559511601924896,0.999370276927948
85,10,0.48285800218582153,0.42584335803985596,-0.11237126588821411,0.9995689988136292
85,11,0.47815194725990295,0.4697708487510681,0.004282139241695404,0.99979168176651
85,12,0.4414784014225006,0.4603637754917145,-0.16108760237693787,0.9999086260795593
85,13,0.4862748682498932,0.5469534397125244,0.040936216711997986,0.7843002080917358
85,14,0.4485474228858948,0.559794008731842,-0.16844883561134338,0.984994113445282
85,15,0.49831074476242065,0.6127746105194092,-0.001948943710885942,0.8901395797729492
85,16,0.47474509477615356,0.6216373443603516,-0.16378092765808105,0.9729862213134766
85,17,0.5019917488098145,0.6322017908096313,-0.0134639423340559,0.8422538638114929
85,18,0.4796196520328522,0.6425511837005615,-0.18374034762382507,0.9583460688591003
85,19,0.5007655024528503,0.6318594813346863,-0.030356038361787796,0.8539600372314453
85,20,0.4847942292690277,0.6373972296714783,-0.19062365591526031,0.9564943313598633
85,21,0.4983430504798889,0.6247661113739014,-0.010728539898991585,0.8386592268943787
85,22,0.48275089263916016,0.6296965479850769,-0.16569121181964874,0.9299485683441162
85,23,0.4694012999534607,0.6270507574081421,0.04925652593374252,0.9986263513565063
85,24,0.4393838942050934,0.6313174366950989,-0.04930591955780983,0.998706579208374
85,25,0.4781419634819031,0.7364476323127747,0.10662331432104111,0.9082686305046082
85,26,0.4456005096435547,0.7475336790084839,0.007861175574362278,0.9803353548049927
85,27,0.47607749700546265,0.8373429179191589,0.1999431997537613,0.9300371408462524
85,28,0.4517231583595276,0.85420161485672,0.10937894880771637,0.9857181906700134
85,29,0.46795135736465454,0.8536354303359985,0.20479416847229004,0.9189253449440002
85,30,0.4508969187736511,0.8674772381782532,0.11558017879724503,0.9284201264381409
85,31,0.5049501657485962,0.8598445653915405,0.1569160521030426,0.9542014002799988
85,32,0.463040292263031,0.8975225687026978,0.05086015537381172,0.979866087436676
86,0,0.4893173277378082,0.41525983810424805,-0.10375304520130157,0.9994156956672668
86,1,0.4898254871368408,0.4044637084007263,-0.09567583352327347,0.9983733892440796
86,2,0.48988237977027893,0.4043726325035095,-0.09569922089576721,0.9982743263244629
86,3,0.4898952543735504,0.4042486846446991,-0.09569073468446732,0.9984574913978577
86,4,0.4876265525817871,0.40352731943130493,-0.11530528217554092,0.9987202882766724
86,5,0.48611506819725037,0.4025930166244507,-0.11529590934515,0.9984979629516602
86,6,0.48406997323036194,0.40134507417678833,-0.11533461511135101,0.9982520937919617
86,7,0.4814838469028473,0.4035815894603729,-0.04187331721186638,0.9967892169952393
86,8,0.4740694463253021,0.3980938792228699,-0.1313617080450058,0.9977023601531982
86,9,0.485440731048584,0.4259689450263977,-0.0810784175992012,0.9993955492973328
86,10,0.48285800218582153,0.42481082677841187,-0.10705845057964325,0.9995884299278259
86,11,0.47823792695999146,0.4697842597961426,0.008951048366725445,0.9997988939285278
86,12,0.44126152992248535,0.4576205015182495,-0.1450718194246292,0.9999088048934937
86,13,0.48626142740249634,0.5455827713012695,0.04049519822001457,0.7759644985198975
86,14,0.4435630440711975,0.5476833581924438,-0.1591762900352478,0.9838393330574036
86,15,0.4983595311641693,0.6017460227012634,-0.02839689515531063,0.8860241174697876
86,16,0.4745032787322998,0.6072129011154175,-0.16153696179389954,0.9699565172195435
86,17,0.501977801322937,0.6221080422401428,-0.04516827315092087,0.8380250334739685
86,18,0.479320228099823,0.6272312998771667,-0.1815997064113617,0.9544923901557922
86,19,0.5006815195083618,0.6198580861091614,-0.061398494988679886,0.8497279286384583
86,20,0.48451319336891174,0.6194986701011658,-0.18867342174053192,0.9522950053215027
86,21,0.49819260835647583,0.6128741502761841,-0.03782041743397713,0.8339204788208008
86,22,0.4826296269893646,0.6118243932723999,-0.16362382471561432,0.9238826036453247
86,23,0.4698165953159332,0.627159059047699,0.04567406326532364,0.9986802339553833
86,24,0.439405620098114,0.6313626766204834,-0.045671090483665466,0.9987393617630005
86,25,0.4850253462791443,0.7278717756271362,0.09169827401638031,0.9140051007270813
86,26,0.4458385109901428,0.7475407719612122,0.01582258753478527,0.9811603426933289
86,27,0.47736939787864685,0.8350456953048706,0.18298667669296265,0.9339627623558044
86,28,0.45174574851989746,0.8525990843772888,0.12409303337335587,0.9861962199211121
86,29,0.46898674964904785,0.8500369787216187,0.18890216946601868,0.9218460321426392
86,30,0.4508740305900574,0.8658690452575684,0.1310257762670517,0.9296494126319885
86,31,0.5052528977394104,0.8596990704536438,0.13910150527954102,0.9565364718437195
86,32,0.46270623803138733,0.8970847129821777,0.06524819880723953,0.9805474877357483
87,0,0.48927950859069824,0.41519585251808167,-0.09671749174594879,0.9993790984153748
87,1,0.48982128500938416,0.4043717384338379,-0.08771438896656036,0.9982556104660034
87,2,0.48988157510757446,0.40432068705558777,-0.0877339094877243,0.9981467127799988
87,3,0.48989540338516235,0.40423697233200073,-0.08772911131381989,0.9983362555503845
87,4,0.4875931739807129,0.4033293128013611,-0.1074630469083786,0.9986262917518616
87,5,0.4860770106315613,0.4023952782154083,-0.10745242983102798,0.9983899593353271
87,6,0.4840524196624756,0.40118467807769775,-0.10749069601297379,0.9981409907341003
87,7,0.4816654622554779,0.4036957323551178,-0.03161903843283653,0.9966378808021545
87,8,0.47403573989868164,0.39808937907218933,-0.12131240218877792,0.9975860714912415
87,9,0.4854435920715332,0.4258982241153717,-0.07336167991161346,0.9993529915809631
87,10,0.48284631967544556,0.4245986044406891,-0.09940702468156815,0.9995691180229187
87,11,0.4782963693141937,0.4697955250740051,0.021918978542089462,0.9997864365577698
87,12,0.441246896982193,0.45521676540374756,-0.14043676853179932,0.9999067783355713
87,13,0.4863015115261078,0.5423117876052856,0.04348492994904518,0.752773642539978
87,14,0.44117650389671326,0.5396046042442322,-0.15792961418628693,0.9832282066345215
87,15,0.4984423518180847,0.5924266576766968,-0.026806805282831192,0.8644065260887146
87,16,0.4745524525642395,0.5929915308952332,-0.15970954298973083,0.9670329689979553
87,17,0.5012959241867065,0.6100901961326599,-0.04212593659758568,0.8172792196273804
87,18,0.48108139634132385,0.6083781123161316,-0.17953087389469147,0.9506024718284607
87,19,0.500072181224823,0.6061007380485535,-0.0585036464035511,0.8288231492042542
87,20,0.48537272214889526,0.6006444096565247,-0.18425557017326355,0.948021411895752
87,21,0.4979376792907715,0.6003459692001343,-0.03606535866856575,0.8126423954963684
87,22,0.48339763283729553,0.5942538380622864,-0.16073808073997498,0.9171703457832336
87,23,0.470256507396698,0.6270166039466858,0.045834966003894806,0.9986157417297363
87,24,0.4394628405570984,0.6313905119895935,-0.045810651034116745,0.998665452003479
87,25,0.4930524230003357,0.7208623290061951,0.06145642325282097,0.9187802672386169
87,26,0.4460940957069397,0.7475407123565674,-0.007052225060760975,0.9816858768463135
87,27,0.47773391008377075,0.8200598955154419,0.1706087738275528,0.9348531365394592
87,28,0.4516121745109558,0.8526223301887512,0.0980319008231163,0.986361563205719
87,29,0.46902528405189514,0.8350713849067688,0.17883118987083435,0.9210179448127747
87,30,0.4505837857723236,0.8658216595649719,0.1046537309885025,0.92872154712677
87,31,0.5045126676559448,0.8561776876449585,0.13450700044631958,0.9568087458610535
87,32,0.46274009346961975,0.8973016738891602,0.036885522305965424,0.9807361364364624
88,0,0.489645779132843,0.4153212308883667,-0.07649488747119904,0.9993276000022888
88,1,0.49007707834243774,0.4047347903251648,-0.06667374074459076,0.9981387853622437
88,2,0.4900962710380554,0.4047665596008301,-0.06669066846370697,0.9980263710021973
88,3,0.490065336227417,0.404758483171463,-0.06669753789901733,0.998228907585144
88,4,0.48785680532455444,0.40361183881759644,-0.08584682643413544,0.9985253214836121
88,5,0.48630204796791077,0.4026940166950226,-0.08583436161279678,0.9982627034187317
88,6,0.48431435227394104,0.4015342593193054,-0.08586867153644562,0.9980204105377197
88,7,0.4818344712257385,0.40473154187202454,-0.010921425186097622,0.996618390083313
88,8,0.47401556372642517,0.39924442768096924,-0.09695655107498169,0.9974567294120789
88,9,0.4858558773994446,0.4259704053401947,-0.05350295826792717,0.9993057250976562
88,10,0.48333272337913513,0.4245942533016205,-0.07849918305873871,0.999544620513916
88,11,0.4791259765625,0.4722229838371277,0.03880210965871811,0.9997508525848389
88,12,0.441251665353775,0.4539268910884857,-0.12142417579889297,0.99989914894104
88,13,0.48801907896995544,0.5414177179336548,0.050728846341371536,0.7208568453788757
88,14,0.4390576481819153,0.5304792523384094,-0.14444513618946075,0.9837901592254639
88,15,0.49826544523239136,0.5830260515213013,-0.025984695181250572,0.8352100849151611
88,16,0.4745892584323883,0.5833936929702759,-0.14256629347801208,0.9663419127464294
88,17,0.500129222869873,0.5978788137435913,-0.040589310228824615,0.7914297580718994
88,18,0.48129644989967346,0.5982927680015564,-0.159554585814476,0.9490743279457092
88,19,0.4989536702632904,0.5933243036270142,-0.05770931765437126,0.8027029633522034
88,20,0.48578470945358276,0.5906053185462952,-0.16030827164649963,0.9462703466415405
88,21,0.4972776472568512,0.5874091386795044,-0.03547736257314682,0.786022961139679
88,22,0.4839545786380768,0.5848983526229858,-0.14161339402198792,0.9139506220817566
88,23,0.47051873803138733,0.6257467269897461,0.04547817260026932,0.9985290169715881
88,24,0.439199298620224,0.63142329454422,-0.045423850417137146,0.9985373616218567
88,25,0.49934253096580505,0.7052332162857056,-0.020793704316020012,0.9249517917633057
88,26,0.4470042586326599,0.747536301612854,-0.032630134373903275,0.9818733930587769
88,27,0.47768670320510864,0.7967458963394165,0.09922141581773758,0.9355552792549133
88,28,0.45154428482055664,0.8524450659751892,0.07259677350521088,0.9861369729042053
88,29,0.4688684046268463,0.8086847066879272,0.10927412658929825,0.9202436804771423
88,30,0.4505833089351654,0.863611102104187,0.07926465570926666,0.9246950745582581
88,31,0.4996620714664459,0.8446466326713562,0.06723614037036896,0.9568196535110474
88,32,0.46287283301353455,0.8972964882850647,0.01184005942195654,0.9803183674812317
89,0,0.48963508009910583,0.41727739572525024,-0.06558690965175629,0.9993259310722351
89,1,0.49007830023765564,0.40729933977127075,-0.054621029645204544,0.9981762170791626
89,2,0.49011102318763733,0.40750744938850403,-0.05463523790240288,0.9980641007423401
89,3,0.49010545015335083,0.4077346920967102,-0.05465203523635864,0.9982699155807495
89,4,0.4878230690956116,0.40564605593681335,-0.07213573902845383,0.9985496401786804
89,5,0.486234575510025,0.4046075940132141,-0.07212375104427338,0.9982806444168091
89,6,0.48421502113342285,0.4033263325691223,-0.07215384393930435,0.998059093952179
89,7,0.4822064936161041,0.40829506516456604,0.003923116717487574,0.9967960715293884
89,8,0.4740048944950104,0.4017500579357147,-0.07386665046215057,0.9975175261497498
89,9,0.4859016537666321,0.4277704060077667,-0.04190193861722946,0.99931800365448
89,10,0.4833122789859772,0.42590951919555664,-0.06452465802431107,0.9995565414428711
89,11,0.4803435802459717,0.4756013751029968,0.04706927016377449,0.9997318387031555
89,12,0.44129711389541626,0.4533270001411438,-0.100311279296875,0.9998956918716431
89,13,0.49007049202919006,0.5410902500152588,0.046585798263549805,0.7015252709388733
89,14,0.4371129870414734,0.5258824825286865,-0.12880095839500427,0.9844629168510437
89,15,0.49779802560806274,0.5756163001060486,-0.04318966716527939,0.8190383911132812
89,16,0.4756275713443756,0.576536238193512,-0.1269998699426651,0.966076672077179
89,17,0.49927741289138794,0.5915311574935913,-0.06112496927380562,0.7791348695755005
89,18,0.48249945044517517,0.5912607312202454,-0.142643541097641,0.9481320977210999
89,19,0.4973698556423187,0.5838344097137451,-0.07314524799585342,0.7897950410842896
89,20,0.486704021692276,0.582867443561554,-0.1421789675951004,0.9451348781585693
89,21,0.4958304464817047,0.5788320899009705,-0.05121375247836113,0.7720791101455688
89,22,0.4848904013633728,0.5778701305389404,-0.1253008097410202,0.9120779633522034
89,23,0.47066622972488403,0.6249426603317261,0.04365700110793114,0.9984978437423706
89,24,0.4391058087348938,0.6314740777015686,-0.04354865103960037,0.9985201358795166
89,25,0.5055981874465942,0.6939672231674194,-0.054430682212114334,0.930643618106842
89,26,0.4477477967739105,0.7486376166343689,-0.042942922562360764,0.9816683530807495
89,27,0.47615236043930054,0.7745728492736816,0.07264934480190277,0.9331244826316833
89,28,0.45155414938926697,0.8524559140205383,0.060765158385038376,0.9854951500892639
89,29,0.46485334634780884,0.7814048528671265,0.08404604345560074,0.9166566133499146
89,30,0.45054078102111816,0.8625267744064331,0.0675734281539917,0.9192513227462769
89,31,0.4913542866706848,0.8263609409332275,0.047892626374959946,0.9541296362876892
89,32,0.4636761546134949,0.8978837132453918,0.0027141552418470383,0.9791759252548218
90,0,0.4894372522830963,0.41986146569252014,-0.07283501327037811,0.999247133731842
90,1,0.49002915620803833,0.4105929136276245,-0.06144667789340019,0.9980666637420654
90,2,0.490093469619751,0.4108913540840149,-0.061468787491321564,0.9979625344276428
90,3,0.4901041090488434,0.41119444370269775,-0.061489999294281006,0.9981898069381714
90,4,0.48769718408584595,0.4084201455116272,-0.07782808691263199,0.9984346628189087
90,5,0.48606985807418823,0.4070983827114105,-0.07781878858804703,0.9981393218040466
90,6,0.4839891791343689,0.40560322999954224,-0.07784964144229889,0.9979210495948792
90,7,0.4823892116546631,0.41149723529815674,-0.0005567017942667007,0.9968189597129822
90,8,0.47399306297302246,0.404183566570282,-0.07249889522790909,0.9973080158233643
90,9,0.4857906699180603,0.4298865795135498,-0.04864656925201416,0.999278724193573
90,10,0.4829885959625244,0.42757466435432434,-0.06977742910385132,0.9995371103286743
90,11,0.48092642426490784,0.4772527515888214,0.039284124970436096,0.9996988773345947
90,12,0.44142112135887146,0.4530527889728546,-0.096695676445961,0.9998822808265686
90,13,0.49093541502952576,0.5397942066192627,0.01778903231024742,0.6904302835464478
90,14,0.43642011284828186,0.5201119184494019,-0.13703760504722595,0.9850918650627136
90,15,0.4966505467891693,0.5691339373588562,-0.09228549897670746,0.808981716632843
90,16,0.4758692681789398,0.5711443424224854,-0.14222769439220428,0.9655259251594543
90,17,0.49752694368362427,0.5829787850379944,-0.11458655446767807,0.7731096148490906
90,18,0.48253995180130005,0.5860157012939453,-0.16037824749946594,0.9470517635345459
90,19,0.4954274594783783,0.5748368501663208,-0.12535710632801056,0.7829859256744385
90,20,0.48664945363998413,0.577799379825592,-0.16310742497444153,0.9438604116439819
90,21,0.4937201142311096,0.5707030296325684,-0.10015594959259033,0.7640262246131897
90,22,0.48496899008750916,0.5733045935630798,-0.1425316035747528,0.9100943207740784
90,23,0.4706879258155823,0.6236018538475037,0.04181307554244995,0.998318612575531
90,24,0.4389055669307709,0.6314785480499268,-0.041657961905002594,0.9983765482902527
90,25,0.5092760324478149,0.6867259740829468,-0.057728301733732224,0.9350250363349915
90,26,0.4496130049228668,0.7480452060699463,-0.0504220612347126,0.981509804725647
90,27,0.4746251702308655,0.7629435062408447,0.06409001350402832,0.9261305332183838
90,28,0.4516263008117676,0.8532863855361938,0.037757739424705505,0.9845265746116638
90,29,0.46236592531204224,0.7711601853370667,0.07499349117279053,0.9082064032554626
90,30,0.4504891335964203,0.8624802231788635,0.04275136813521385,0.9133902192115784
90,31,0.48792123794555664,0.8121316432952881,0.041687920689582825,0.9478267431259155
90,32,0.46440544724464417,0.8979552388191223,-0.022756224498152733,0.9770305156707764
91,0,0.4892962574958801,0.4213654398918152,-0.07916487008333206,0.9991999864578247
91,1,0.48998427391052246,0.41200706362724304,-0.06760644167661667,0.9980176091194153
91,2,0.49007195234298706,0.41233062744140625,-0.06763222813606262,0.9979243278503418
91,3,0.49009957909584045,0.4126434624195099,-0.06765279918909073,0.9981623888015747
91,4,0.4875694811344147,0.4095798432826996,-0.08332009613513947,0.9983696937561035
91,5,0.48587536811828613,0.4081074297428131,-0.08331044018268585,0.998063325881958
91,6,0.48372673988342285,0.406483918428421,-0.08333810418844223,0.9978435635566711
91,7,0.48244577646255493,0.41260993480682373,-0.00495213782414794,0.9968975186347961
91,8,0.4739078879356384,0.4050496518611908,-0.07281680405139923,0.9971554279327393
91,9,0.4856260418891907,0.4316783845424652,-0.054658520966768265,0.9992666244506836
91,10,0.48259687423706055,0.42879003286361694,-0.07494602352380753,0.9995311498641968
91,11,0.4812161922454834,0.4773177206516266,0.033693768084049225,0.9996857047080994
91,12,0.4414156973361969,0.45286983251571655,-0.0931936725974083,0.9998698234558105
91,13,0.49212613701820374,0.5387512445449829,0.003860700177028775,0.6938698887825012
91,14,0.43587273359298706,0.5183272361755371,-0.1369454711675644,0.9856075644493103
91,15,0.4963963031768799,0.5666089057922363,-0.1105957180261612,0.8090759515762329
91,16,0.47574272751808167,0.5689702033996582,-0.14397695660591125,0.9648562073707581
91,17,0.4970223903656006,0.5794037580490112,-0.13462278246879578,0.7756746411323547
91,18,0.48227009177207947,0.5840883851051331,-0.1629389226436615,0.9459855556488037
91,19,0.4945458769798279,0.571353554725647,-0.14515143632888794,0.7847593426704407
91,20,0.4865615963935852,0.5763883590698242,-0.16834375262260437,0.9426342248916626
91,21,0.4929717481136322,0.5676422715187073,-0.11828585714101791,0.7649006247520447
91,22,0.48493367433547974,0.5723317265510559,-0.1446392834186554,0.9082779288291931
91,23,0.4707105755805969,0.6218246221542358,0.04017295688390732,0.9981606602668762
91,24,0.43887439370155334,0.6308823227882385,-0.0400010347366333,0.998253345489502
91,25,0.5102086663246155,0.6837489604949951,-0.05342940613627434,0.9387677907943726
91,26,0.4514501988887787,0.7465484738349915,-0.051000453531742096,0.9815595149993896
91,27,0.47238239645957947,0.7557113766670227,0.07075925171375275,0.9168230295181274
91,28,0.451653391122818,0.8539985418319702,0.028804892674088478,0.9838007092475891
91,29,0.4609149098396301,0.7610124349594116,0.08203905075788498,0.8979008197784424
91,30,0.4502476751804352,0.8625025153160095,0.03295038267970085,0.9086604714393616
91,31,0.483557790517807,0.8040276169776917,0.052035439759492874,0.9399044513702393
91,32,0.4647475779056549,0.8979493975639343,-0.032724589109420776,0.9750232100486755
92,0,0.48929649591445923,0.42123082280158997,-0.07986637204885483,0.9991427659988403
92,1,0.48998409509658813,0.411723792552948,-0.06779206544160843,0.9979718327522278
92,2,0.4900757372379303,0.4120023846626282,-0.06782550364732742,0.9978983402252197
92,3,0.4901100993156433,0.4122660458087921,-0.0678560882806778,0.9981481432914734
92,4,0.48755159974098206,0.4093976318836212,-0.08367346227169037,0.9982841610908508
92,5,0.4858378767967224,0.4079422056674957,-0.08366290479898453,0.9979531168937683
92,6,0.4836695194244385,0.4063398241996765,-0.08368915319442749,0.9977128505706787
92,7,0.4825321137905121,0.4122024178504944,-0.004105669446289539,0.997004508972168
92,8,0.473881334066391,0.40482568740844727,-0.07422742247581482,0.9969331622123718
92,9,0.48568564653396606,0.4315597414970398,-0.05495968461036682,0.9992614388465881
92,10,0.4825966954231262,0.42874374985694885,-0.07542718201875687,0.9995195269584656
92,11,0.48158732056617737,0.4770812690258026,0.03436185419559479,0.9996852874755859
92,12,0.44152599573135376,0.45178791880607605,-0.09326697140932083,0.9998511075973511
92,13,0.49287885427474976,0.5383357405662537,0.007125482894480228,0.6992647051811218
92,14,0.4358261525630951,0.5183925628662109,-0.1340545266866684,0.9856020212173462
92,15,0.4964751601219177,0.5682599544525146,-0.10772550106048584,0.8114597797393799
92,16,0.47475773096084595,0.5716170072555542,-0.14973370730876923,0.9629226922988892
92,17,0.4970088601112366,0.5816006660461426,-0.13147565722465515,0.7798194885253906
92,18,0.4810453951358795,0.5871398448944092,-0.170644611120224,0.9436048269271851
92,19,0.494527667760849,0.57355797290802,-0.1427111178636551,0.7883183360099792
92,20,0.4843977391719818,0.5791395902633667,-0.17255356907844543,0.9401337504386902
92,21,0.4928901791572571,0.569218635559082,-0.11564435809850693,0.7674036026000977
92,22,0.4833180904388428,0.5743129253387451,-0.1498011201620102,0.9046050310134888
92,23,0.4707005023956299,0.6203758120536804,0.0398712158203125,0.9980403780937195
92,24,0.43874359130859375,0.6299899816513062,-0.039695899933576584,0.9981176853179932
92,25,0.5102266073226929,0.6832282543182373,-0.06491338461637497,0.9424870014190674
92,26,0.45242685079574585,0.7462726831436157,-0.05528301000595093,0.9810609817504883
92,27,0.4705684781074524,0.7535400986671448,0.06399264186620712,0.9079294204711914
92,28,0.4516562819480896,0.8543483018875122,0.029852217063307762,0.9826067686080933
92,29,0.45951342582702637,0.7574450969696045,0.07575086504220963,0.888273298740387
92,30,0.449878066778183,0.8625559210777283,0.03454047814011574,0.9024278521537781
92,31,0.48101693391799927,0.8025177121162415,0.04446529597043991,0.9319800734519958
92,32,0.46472811698913574,0.8985610008239746,-0.0321243554353714,0.9725823402404785
93,0,0.4892096519470215,0.4200063943862915,-0.08087977766990662,0.9991912245750427
93,1,0.48992404341697693,0.4102136790752411,-0.06895176321268082,0.9980993270874023
93,2,0.4900370240211487,0.41045692563056946,-0.06898011267185211,0.9980302453041077
93,3,0.4900878965854645,0.41069743037223816,-0.06899917125701904,0.9982644319534302
93,4,0.48741763830184937,0.40798836946487427,-0.08475739508867264,0.9983837008476257
93,5,0.48564666509628296,0.40658438205718994,-0.08474553376436234,0.9980706572532654
93,6,0.48348909616470337,0.4049442708492279,-0.08476957678794861,0.9978440999984741
93,7,0.48250970244407654,0.4106125831604004,-0.0052402992732822895,0.9972272515296936
93,8,0.4737495481967926,0.40314581990242004,-0.07520543783903122,0.997107982635498
93,9,0.4856547713279724,0.4302182197570801,-0.05578947812318802,0.9993100762367249
93,10,0.48248037695884705,0.4274580180644989,-0.07618703693151474,0.9995511174201965
93,11,0.48167091608047485,0.4761805534362793,0.035340797156095505,0.9997037053108215
93,12,0.4416077733039856,0.450126051902771,-0.09484712779521942,0.9998543858528137
93,13,0.4929935038089752,0.5356139540672302,0.013629816472530365,0.7115628123283386
93,14,0.43579596281051636,0.5199558734893799,-0.1316039264202118,0.9862340092658997
93,15,0.4967619478702545,0.5698598027229309,-0.08769568800926208,0.8224390149116516
93,16,0.4731577932834625,0.5756446123123169,-0.15167048573493958,0.9643381834030151
93,17,0.49797552824020386,0.5847691297531128,-0.10960336029529572,0.7925252914428711
93,18,0.47996941208839417,0.591637372970581,-0.1718578040599823,0.9455838799476624
93,19,0.4948808550834656,0.5780408382415771,-0.12226302921772003,0.8003119826316833
93,20,0.4828643202781677,0.5838123559951782,-0.17433732748031616,0.9422249794006348
93,21,0.49305400252342224,0.5730639696121216,-0.09593167901039124,0.7797195911407471
93,22,0.48166483640670776,0.5785167813301086,-0.15187464654445648,0.9079827666282654
93,23,0.4707217812538147,0.6197003126144409,0.04019692912697792,0.9980525970458984
93,24,0.4387580454349518,0.629761278629303,-0.04004041850566864,0.998130738735199
93,25,0.5083544850349426,0.6867008805274963,-0.03869474679231644,0.9458264708518982
93,26,0.4524369239807129,0.746152400970459,-0.049951229244470596,0.9811831712722778
93,27,0.47009772062301636,0.759053647518158,0.09142908453941345,0.9008882641792297
93,28,0.45155924558639526,0.8545024394989014,0.03698187693953514,0.9822417497634888
93,29,0.45948362350463867,0.763459324836731,0.10259813070297241,0.8806024193763733
93,30,0.44926825165748596,0.8626127243041992,0.04203752800822258,0.8996737003326416
93,31,0.4822205603122711,0.8068622946739197,0.06557293981313705,0.9264400005340576
93,32,0.4647255837917328,0.8991261124610901,-0.023135047405958176,0.9718226194381714
94,0,0.4889153838157654,0.41681307554244995,-0.11881108582019806,0.9992519021034241
94,1,0.4896964132785797,0.40660804510116577,-0.10647685825824738,0.9982331395149231
94,2,0.4898785650730133,0.40693143010139465,-0.10649464279413223,0.9981624484062195
94,3,0.48998895287513733,0.4072142243385315,-0.10649625957012177,0.9983739852905273
94,4,0.4869740605354309,0.4041200876235962,-0.12195558845996857,0.9985013604164124
94,5,0.485076367855072,0.4025459289550781,-0.1219499483704567,0.9982126355171204
94,6,0.4828866422176361,0.4006681740283966,-0.12197624146938324,0.9980037808418274
94,7,0.4825056195259094,0.407686322927475,-0.03563791140913963,0.9974178671836853
94,8,0.47312062978744507,0.39872467517852783,-0.10448062419891357,0.9973309636116028
94,9,0.48551145195961,0.42722287774086,-0.09082711488008499,0.9993603825569153
94,10,0.48217183351516724,0.424266517162323,-0.11114379018545151,0.9995859861373901
94,11,0.4816552698612213,0.4750952422618866,0.02578355371952057,0.9997140765190125
94,12,0.4416068196296692,0.448713093996048,-0.1112048402428627,0.9998623132705688
94,13,0.49204593896865845,0.536511242389679,0.037611257284879684,0.7135419845581055
94,14,0.4360729157924652,0.5204278230667114,-0.13643230497837067,0.9866679906845093
94,15,0.4983599781990051,0.5719534158706665,-0.03981883078813553,0.8262149691581726
94,16,0.47171586751937866,0.5817502737045288,-0.15350870788097382,0.9650192260742188
94,17,0.5002206563949585,0.5892935395240784,-0.05570518970489502,0.796504557132721
94,18,0.47720393538475037,0.6007366180419922,-0.17468124628067017,0.9462894201278687
94,19,0.49769511818885803,0.584709107875824,-0.07308948040008545,0.803954541683197
94,20,0.48124805092811584,0.5911591649055481,-0.1788720041513443,0.942946195602417
94,21,0.4959639608860016,0.5799861550331116,-0.049313124269247055,0.7833630442619324
94,22,0.4801768362522125,0.5866698026657104,-0.1546134054660797,0.9093978404998779
94,23,0.4710487723350525,0.6198790073394775,0.0416979044675827,0.9980903267860413
94,24,0.43901100754737854,0.6297879219055176,-0.04156447574496269,0.9981986284255981
94,25,0.5079181790351868,0.6893167495727539,0.00825595110654831,0.9486269950866699
94,26,0.4514189660549164,0.7455965876579285,-0.04577476903796196,0.9821667075157166
94,27,0.4703548550605774,0.7668544054031372,0.15379509329795837,0.9006496071815491
94,28,0.4514317512512207,0.8546885848045349,0.05906921625137329,0.9831267595291138
94,29,0.4601109027862549,0.7732045650482178,0.16637367010116577,0.8810594081878662
94,30,0.4491885304450989,0.8625538945198059,0.06540008634328842,0.9037455320358276
94,31,0.4844779968261719,0.8121848106384277,0.1328185796737671,0.9268026947975159
94,32,0.46457594633102417,0.8990237712860107,-0.006151716224849224,0.9731048941612244
95,0,0.48822903633117676,0.41175684332847595,-0.1325720250606537,0.999315619468689
95,1,0.48882704973220825,0.40166905522346497,-0.12013089656829834,0.9983767867088318
95,2,0.48912161588668823,0.4021114408969879,-0.12014343589544296,0.9983079433441162
95,3,0.4893501400947571,0.40252622961997986,-0.12014146894216537,0.9984960556030273
95,4,0.4859153628349304,0.3992125988006592,-0.13639909029006958,0.9986236095428467
95,5,0.4838380217552185,0.397708922624588,-0.13638879358768463,0.9983595609664917
95,6,0.48163264989852905,0.39607536792755127,-0.13641279935836792,0.998164713382721
95,7,0.4821367859840393,0.4035593569278717,-0.048636484891176224,0.997612476348877
95,8,0.4721604883670807,0.394762247800827,-0.12274666130542755,0.9975560307502747
95,9,0.48523402214050293,0.42256027460098267,-0.10417745262384415,0.9994114637374878
95,10,0.48173779249191284,0.41934624314308167,-0.12575720250606537,0.9996207356452942
95,11,0.48075127601623535,0.4722927212715149,0.016181206330657005,0.9997315406799316
95,12,0.44134679436683655,0.448657363653183,-0.13277825713157654,0.9998694062232971
95,13,0.48914408683776855,0.5372983813285828,0.04421304911375046,0.7213147878646851
95,14,0.4362313151359558,0.5249106287956238,-0.15510638058185577,0.9871500134468079
95,15,0.4993512034416199,0.5819584727287292,-0.019143639132380486,0.8376303911209106
95,16,0.47002705931663513,0.5966476798057556,-0.1712203323841095,0.9661734700202942
95,17,0.5031634569168091,0.6001105308532715,-0.03360782936215401,0.808661937713623
95,18,0.47516950964927673,0.615813672542572,-0.1927933692932129,0.9476922154426575
95,19,0.501993715763092,0.5984681248664856,-0.0525016263127327,0.8156731724739075
95,20,0.47869569063186646,0.6079810857772827,-0.197439506649971,0.9444099068641663
95,21,0.49938035011291504,0.593141496181488,-0.029058780521154404,0.7960795164108276
95,22,0.4778570234775543,0.6027765274047852,-0.17245899140834808,0.9120593667030334
95,23,0.4717043936252594,0.619988739490509,0.04292534664273262,0.9981741309165955
95,24,0.4397619366645813,0.6303020715713501,-0.04281630739569664,0.9983030557632446
95,25,0.5046559572219849,0.6958332657814026,0.05397852137684822,0.9505242109298706
95,26,0.44962888956069946,0.745140016078949,-0.03091203048825264,0.9829714894294739
95,27,0.4720975458621979,0.7732728123664856,0.20595033466815948,0.9004835486412048
95,28,0.45126694440841675,0.8536373376846313,0.07532016932964325,0.9838221073150635
95,29,0.4632042944431305,0.7819415330886841,0.2192058265209198,0.881446897983551
95,30,0.4491867423057556,0.8620773553848267,0.0819263607263565,0.9067339301109314
95,31,0.4908733367919922,0.8178153038024902,0.18746311962604523,0.9267787933349609
95,32,0.4645666480064392,0.8985623121261597,0.011214427649974823,0.9740752577781677
96,0,0.48777031898498535,0.4072585105895996,-0.14964686334133148,0.9993663430213928
96,1,0.48847126960754395,0.39711859822273254,-0.13776955008506775,0.9984805583953857
96,2,0.48880425095558167,0.3976694345474243,-0.1377846896648407,0.998414933681488
96,3,0.48907366394996643,0.3982701301574707,-0.1377778947353363,0.9985756278038025
96,4,0.485520601272583,0.394831120967865,-0.1540522575378418,0.9987081289291382
96,5,0.48346859216690063,0.3936315178871155,-0.15404871106147766,0.9984658360481262
96,6,0.4811582565307617,0.39226478338241577,-0.15408442914485931,0.9982712864875793
96,7,0.48203200101852417,0.40022972226142883,-0.06597001105546951,0.9977310299873352
96,8,0.471484899520874,0.3915870189666748,-0.14090564846992493,0.9977220892906189
96,9,0.4849186837673187,0.41888558864593506,-0.12091914564371109,0.9994526505470276
96,10,0.48125600814819336,0.4162153899669647,-0.1426493376493454,0.9996482729911804
96,11,0.4806196689605713,0.4711567461490631,-0.00043998550972901285,0.9997460246086121
96,12,0.4408043324947357,0.44856566190719604,-0.1480579525232315,0.999875545501709
96,13,0.4883010983467102,0.5395979285240173,0.023309169337153435,0.726534903049469
96,14,0.4367578625679016,0.5342665910720825,-0.16785666346549988,0.9872708320617676
96,15,0.5003712177276611,0.5944439172744751,-0.043331317603588104,0.8466793894767761
96,16,0.46794676780700684,0.612524688243866,-0.18755389750003815,0.9664765000343323
96,17,0.5054450035095215,0.6156039834022522,-0.05978183075785637,0.817901074886322
96,18,0.47061842679977417,0.6352099776268005,-0.21106834709644318,0.9479769468307495
96,19,0.5048695802688599,0.6149018406867981,-0.08419693261384964,0.8246514797210693
96,20,0.47514811158180237,0.6288488507270813,-0.21747703850269318,0.9447181224822998
96,21,0.5016128420829773,0.6079039573669434,-0.05597926303744316,0.805657684803009
96,22,0.4746185839176178,0.620210587978363,-0.18984214961528778,0.9131959080696106
96,23,0.4730684757232666,0.6200599670410156,0.04296104237437248,0.9982360005378723
96,24,0.4413542151451111,0.6308291554450989,-0.0428532138466835,0.9983776211738586
96,25,0.49944448471069336,0.7053273320198059,0.06380168348550797,0.9520387649536133
96,26,0.44821327924728394,0.7450164556503296,-0.012328309938311577,0.9835976362228394
96,27,0.47480136156082153,0.790558934211731,0.20477834343910217,0.903833270072937
96,28,0.4510069489479065,0.8531293272972107,0.10933412611484528,0.9844756126403809
96,29,0.46664562821388245,0.8053560256958008,0.21626253426074982,0.8846024870872498
96,30,0.4489225447177887,0.8623508214950562,0.11697576940059662,0.909044623374939
96,31,0.49710798263549805,0.82984459400177,0.17523060739040375,0.9294553995132446
96,32,0.4642736315727234,0.8981764912605286,0.04357977956533432,0.9750876426696777
97,0,0.48738807439804077,0.40529167652130127,-0.15351977944374084,0.999406099319458
97,1,0.4879000186920166,0.3948073387145996,-0.14449858665466309,0.9985453486442566
97,2,0.4882252812385559,0.3952328860759735,-0.14451146125793457,0.9984803795814514
97,3,0.48848652839660645,0.3957260251045227,-0.14450553059577942,0.9986270666122437
97,4,0.4850061535835266,0.3928786814212799,-0.16225340962409973,0.9987589120864868
97,5,0.48297446966171265,0.3918575346469879,-0.16225692629814148,0.9985300302505493
97,6,0.4806038439273834,0.3906586170196533,-0.16230376064777374,0.9983351826667786
97,7,0.48142537474632263,0.39776521921157837,-0.0807892307639122,0.9977477192878723
97,8,0.4707726538181305,0.39043134450912476,-0.1630813032388687,0.9977945685386658
97,9,0.4847058653831482,0.41703492403030396,-0.12692543864250183,0.9994767904281616
97,10,0.4810100495815277,0.41482415795326233,-0.15073449909687042,0.999663770198822
97,11,0.48046645522117615,0.47033700346946716,-0.013858288526535034,0.9997608065605164
97,12,0.4407517910003662,0.4490518271923065,-0.1669081598520279,0.9998806715011597
97,13,0.48804745078086853,0.5441304445266724,0.022463876754045486,0.7312509417533875
97,14,0.4378613531589508,0.5447067022323608,-0.1783488392829895,0.9872660636901855
97,15,0.5017958283424377,0.6041070818901062,-0.037290047854185104,0.8555459976196289
97,16,0.46368104219436646,0.6282092928886414,-0.19350571930408478,0.9673643708229065
97,17,0.508381724357605,0.6246344447135925,-0.05192747712135315,0.826104462146759
97,18,0.46635445952415466,0.6521403193473816,-0.2161044329404831,0.9491419792175293
97,19,0.508303165435791,0.6242578029632568,-0.07510858029127121,0.8330112099647522
97,20,0.4706028997898102,0.6499003767967224,-0.2248840034008026,0.9459976553916931
97,21,0.5051236152648926,0.6178187727928162,-0.048950087279081345,0.8145546317100525
97,22,0.4708481729030609,0.640496015548706,-0.19661974906921387,0.9154205918312073
97,23,0.47410210967063904,0.6203382015228271,0.043358925729990005,0.9983181357383728
97,24,0.44224435091018677,0.6308388710021973,-0.043287452310323715,0.9984533786773682
97,25,0.4930986762046814,0.7145126461982727,0.07488610595464706,0.9523044228553772
97,26,0.4477817416191101,0.7432994246482849,-0.007691246923059225,0.983830451965332
97,27,0.4778420031070709,0.8071526288986206,0.20281270146369934,0.907903254032135
97,28,0.45077237486839294,0.8530089259147644,0.11254783719778061,0.9848938584327698
97,29,0.47060662508010864,0.8212374448776245,0.21283945441246033,0.8880757093429565
97,30,0.44880080223083496,0.863021194934845,0.12024825811386108,0.9097716212272644
97,31,0.5023381114006042,0.842974066734314,0.16650407016277313,0.9329003095626831
97,32,0.4641614556312561,0.8980809450149536,0.046919070184230804,0.9759987592697144
98,0,0.48642498254776,0.4041307270526886,-0.15794478356838226,0.9994537234306335
98,1,0.4866270422935486,0.39338386058807373,-0.15035003423690796,0.998647153377533
98,2,0.48702502250671387,0.393721342086792,-0.15035729110240936,0.9985844492912292
98,3,0.4873582720756531,0.3940889537334442,-0.15034839510917664,0.9987181425094604
98,4,0.4834744930267334,0.39180174469947815,-0.16864587366580963,0.9988487958908081
98,5,0.481290727853775,0.39096102118492126,-0.16865754127502441,0.9986394643783569
98,6,0.4789404273033142,0.38990354537963867,-0.16869939863681793,0.998456597328186
98,7,0.4802471697330475,0.3962140381336212,-0.09162123501300812,0.9978609085083008
98,8,0.46881142258644104,0.3899650573730469,-0.1759546399116516,0.9979539513587952
98,9,0.4840816855430603,0.4161730110645294,-0.13291886448860168,0.9995129108428955
98,10,0.48008590936660767,0.41457435488700867,-0.15734103322029114,0.9996868968009949
98,11,0.48046427965164185,0.468342125415802,-0.02270849049091339,0.9997768402099609
98,12,0.440573126077652,0.45326894521713257,-0.1825057864189148,0.99988853931427
98,13,0.48808789253234863,0.5447285771369934,0.02232295088469982,0.7403246164321899
98,14,0.44012752175331116,0.5550259351730347,-0.19105064868927002,0.9877455830574036
98,15,0.5022946000099182,0.6105526685714722,-0.02321852371096611,0.8647410273551941
98,16,0.4612411856651306,0.6414852738380432,-0.20335252583026886,0.9691866040229797
98,17,0.5089073181152344,0.6323028802871704,-0.03481776639819145,0.8345312476158142
98,18,0.46124282479286194,0.6672537326812744,-0.22666224837303162,0.9517214894294739
98,19,0.50887131690979,0.6327259540557861,-0.05662058666348457,0.841593325138092
98,20,0.4666043221950531,0.6655807495117188,-0.23684222996234894,0.9487813711166382
98,21,0.505886435508728,0.625812292098999,-0.03387599065899849,0.823787271976471
98,22,0.4680279791355133,0.6559179425239563,-0.20712077617645264,0.9197947382926941
98,23,0.4744892120361328,0.622401237487793,0.04357359930872917,0.9984325766563416
98,24,0.4428807199001312,0.6309300065040588,-0.0435357429087162,0.9985566139221191
98,25,0.4895264208316803,0.7216602563858032,0.10435207933187485,0.9526375532150269
98,26,0.44724512100219727,0.7429924607276917,0.019670557230710983,0.9843528270721436
98,27,0.48147082328796387,0.819551408290863,0.21280603110790253,0.9130405783653259
98,28,0.4507009983062744,0.8531028032302856,0.14225944876670837,0.9855189323425293
98,29,0.47407668828964233,0.8350119590759277,0.22092369198799133,0.893113911151886
98,30,0.44893878698349,0.8640307784080505,0.15063664317131042,0.9124847650527954
98,31,0.5068356990814209,0.8524393439292908,0.17416664958000183,0.9370989799499512
98,32,0.46398234367370605,0.898390531539917,0.08237606287002563,0.9771816730499268
99,0,0.4861152768135071,0.4034821391105652,-0.16191168129444122,0.9994993209838867
99,1,0.4860588014125824,0.39279547333717346,-0.15478917956352234,0.9987517595291138
99,2,0.4864041209220886,0.3930019736289978,-0.15479354560375214,0.9986893534660339
99,3,0.48667365312576294,0.39318081736564636,-0.1547800749540329,0.9988118410110474
99,4,0.482949823141098,0.39141276478767395,-0.17340119183063507,0.9989432692527771
99,5,0.4807303845882416,0.39058130979537964,-0.17341454327106476,0.9987515211105347
99,6,0.4783566892147064,0.3895016610622406,-0.17346040904521942,0.9985841512680054
99,7,0.47899213433265686,0.39511069655418396,-0.09714733809232712,0.9979909658432007
99,8,0.4678007960319519,0.3898353576660156,-0.1830507069826126,0.9981251955032349
99,9,0.48369765281677246,0.41514909267425537,-0.13731031119823456,0.9995497465133667
99,10,0.4796544015407562,0.4141571521759033,-0.16215813159942627,0.9997113347053528
99,11,0.4812551438808441,0.46732017397880554,-0.029911572113633156,0.9997925758361816
99,12,0.4405127465724945,0.45492491126060486,-0.1898948848247528,0.9998976588249207
99,13,0.48867613077163696,0.5460959672927856,0.01382919680327177,0.7482215762138367
99,14,0.44064098596572876,0.5578128695487976,-0.2034204751253128,0.9883480668067932
99,15,0.5023412108421326,0.6157103776931763,-0.03231507167220116,0.8722044825553894
99,16,0.4592258930206299,0.6453515887260437,-0.2177465260028839,0.9710395336151123
99,17,0.508414626121521,0.6376909613609314,-0.04684101417660713,0.840528130531311
99,18,0.45810335874557495,0.6724444031715393,-0.24289338290691376,0.9543123245239258
99,19,0.5081855058670044,0.6384719014167786,-0.06506853550672531,0.8478410840034485
99,20,0.4641936421394348,0.6698372960090637,-0.2529732584953308,0.9515240788459778
99,21,0.5051947832107544,0.6321727633476257,-0.04205150902271271,0.8303391337394714
99,22,0.4658854603767395,0.6603689193725586,-0.2216435968875885,0.9239792227745056
99,23,0.47589248418807983,0.6269010901451111,0.04353814572095871,0.9985636472702026
99,24,0.4449485242366791,0.6317212581634521,-0.04351307079195976,0.9986809492111206
99,25,0.48613834381103516,0.731558084487915,0.13116642832756042,0.9526482820510864
99,26,0.44677266478538513,0.7432124018669128,0.043999649584293365,0.9849917888641357
99,27,0.48465219140052795,0.8281639218330383,0.24399122595787048,0.9181670546531677
99,28,0.4506824016571045,0.8542701005935669,0.17795118689537048,0.9861605763435364
99,29,0.4773317873477936,0.84449303150177,0.2526600658893585,0.8991875052452087
99,30,0.44937604665756226,0.8666502833366394,0.18773861229419708,0.9156991839408875
99,31,0.509847104549408,0.8592021465301514,0.2046021968126297,0.9413339495658875
99,32,0.4634830951690674,0.898719847202301,0.12092626094818115,0.9782880544662476
100,0,0.4857565462589264,0.402471661567688,-0.20795802772045135,0.999541699886322
100,1,0.48543715476989746,0.3914341926574707,-0.19780245423316956,0.998849093914032
100,2,0.48591136932373047,0.39165547490119934,-0.19780902564525604,0.9987859725952148
100,3,0.4863095283508301,0.39182621240615845,-0.19779901206493378,0.9988923668861389
100,4,0.4818337559700012,0.38999348878860474,-0.2116807997226715,0.9990281462669373
100,5,0.4795664846897125,0.38921037316322327,-0.21169999241828918,0.9988548159599304
100,6,0.47702130675315857,0.38828209042549133,-0.21172991394996643,0.9987018704414368
100,7,0.4790093004703522,0.39441171288490295,-0.12450157105922699,0.9980799555778503
100,8,0.46684154868125916,0.38962310552597046,-0.18969064950942993,0.9982848763465881
100,9,0.48366570472717285,0.41466158628463745,-0.1781580150127411,0.9995822310447693
100,10,0.47932857275009155,0.4139523506164551,-0.1968110054731369,0.9997335076332092
100,11,0.4840926229953766,0.466124564409256,-0.045023638755083084,0.999802827835083
100,12,0.4405297636985779,0.45654135942459106,-0.180379718542099,0.9999045133590698
100,13,0.4911845326423645,0.5458741784095764,0.004606975708156824,0.7571222186088562
100,14,0.44093531370162964,0.5600811243057251,-0.18734735250473022,0.9889806509017944
100,15,0.5022366642951965,0.6167310476303101,-0.036911364644765854,0.8788061738014221
100,16,0.4593473970890045,0.6472110748291016,-0.20859062671661377,0.9727181792259216
100,17,0.5082244873046875,0.6399815678596497,-0.04870997369289398,0.8459323644638062
100,18,0.4585752487182617,0.6745980381965637,-0.23279817402362823,0.9565666913986206
100,19,0.5072582960128784,0.6392340064048767,-0.07265149056911469,0.8533651828765869
100,20,0.4632686972618103,0.6716971397399902,-0.24418111145496368,0.9540207386016846
100,21,0.5039769411087036,0.6318411231040955,-0.04724806174635887,0.8363733887672424
100,22,0.4649609625339508,0.6618767380714417,-0.21289853751659393,0.9282268285751343
100,23,0.4770079255104065,0.6291883587837219,0.041378580033779144,0.9986689686775208
100,24,0.4455682635307312,0.6325257420539856,-0.04141604155302048,0.9987829923629761
100,25,0.4833330512046814,0.7358328700065613,0.11346989870071411,0.952122151851654
100,26,0.4467688500881195,0.7442982196807861,0.025919655337929726,0.9853289723396301
100,27,0.4859820008277893,0.8305200338363647,0.22427299618721008,0.9231842160224915
100,28,0.4509011209011078,0.8545407056808472,0.1481313556432724,0.9865522384643555
100,29,0.47938960790634155,0.847234845161438,0.23230096697807312,0.9047808051109314
100,30,0.44984203577041626,0.866966187953949,0.1567239761352539,0.9169580340385437
100,31,0.510124146938324,0.8603147864341736,0.18319393694400787,0.9450117945671082
100,32,0.46261173486709595,0.8987200260162354,0.08820547163486481,0.9790835976600647
101,0,0.4854246973991394,0.40102919936180115,-0.20774929225444794,0.9995772838592529
101,1,0.4847598671913147,0.38987913727760315,-0.1971013844013214,0.9989294409751892
101,2,0.4852784276008606,0.39010459184646606,-0.19711384177207947,0.9988651871681213
101,3,0.48572462797164917,0.3902831971645355,-0.19711078703403473,0.9989571571350098
101,4,0.48107022047042847,0.38887131214141846,-0.21027371287345886,0.9990988969802856
101,5,0.47869953513145447,0.3884023129940033,-0.2102949619293213,0.99894118309021
101,6,0.47602277994155884,0.3878178894519806,-0.21032950282096863,0.9988002181053162
101,7,0.47898778319358826,0.39386075735092163,-0.12205984443426132,0.9981390833854675
101,8,0.466095507144928,0.3899291455745697,-0.18358193337917328,0.9984229803085327
101,9,0.4836649000644684,0.4139102101325989,-0.17746195197105408,0.9996095299720764
101,10,0.47923582792282104,0.41367048025131226,-0.19511918723583221,0.9997520446777344
101,11,0.4869472086429596,0.46611136198043823,-0.04174230247735977,0.9998123049736023
101,12,0.44128936529159546,0.4564141631126404,-0.17429284751415253,0.9999105334281921
101,13,0.49345916509628296,0.5467801094055176,0.0047721778973937035,0.7669814825057983
101,14,0.4398466944694519,0.5579062700271606,-0.18177954852581024,0.9896472096443176
101,15,0.5022047162055969,0.6165733933448792,-0.04449857398867607,0.8857002854347229
101,16,0.45683854818344116,0.6442797183990479,-0.20742857456207275,0.9742292761802673
101,17,0.5081802010536194,0.6396359205245972,-0.05870559811592102,0.8522642254829407
101,18,0.45769649744033813,0.670842707157135,-0.23243753612041473,0.9584694504737854
101,19,0.5067037343978882,0.6383423805236816,-0.08308450877666473,0.8597100377082825
101,20,0.4626237750053406,0.6682524681091309,-0.24319565296173096,0.956092894077301
101,21,0.5032386183738708,0.6303642988204956,-0.05540051311254501,0.8431444764137268
101,22,0.46400728821754456,0.6586951613426208,-0.21159715950489044,0.9317790865898132
101,23,0.4781356453895569,0.6303903460502625,0.040934208780527115,0.9987649917602539
101,24,0.4462619423866272,0.6329129338264465,-0.04097548872232437,0.9988769292831421
101,25,0.482170969247818,0.7379127740859985,0.11641107499599457,0.951083779335022
101,26,0.4464581608772278,0.7460544109344482,0.02610138989984989,0.9858015179634094
101,27,0.4858633875846863,0.8319423198699951,0.23052068054676056,0.927318274974823
101,28,0.45092350244522095,0.8541486263275146,0.15163567662239075,0.9869521260261536
101,29,0.4796668589115143,0.8475887775421143,0.23874132335186005,0.9096972346305847
101,30,0.45031362771987915,0.8667340874671936,0.16056033968925476,0.9186108708381653
101,31,0.5103006362915039,0.861527144908905,0.18754327297210693,0.9481133222579956
101,32,0.4625523090362549,0.8975818157196045,0.09053336083889008,0.9798178672790527
102,0,0.48532429337501526,0.39944249391555786,-0.19766421616077423,0.9996064305305481
102,1,0.48453766107559204,0.38812583684921265,-0.186407208442688,0.9989948868751526
102,2,0.485126256942749,0.3882751166820526,-0.18642506003379822,0.9989300966262817
102,3,0.48562201857566833,0.38843464851379395,-0.18642103672027588,0.9990096092224121
102,4,0.4805959165096283,0.38748618960380554,-0.19859550893306732,0.9991551041603088
102,5,0.4781351089477539,0.38722366094589233,-0.19860725104808807,0.9990093111991882
102,6,0.4752703309059143,0.3868267834186554,-0.19863960146903992,0.9988763928413391
102,7,0.4790554642677307,0.39273783564567566,-0.11177631467580795,0.9981846809387207
102,8,0.4656711220741272,0.390034943819046,-0.17050495743751526,0.9985315203666687
102,9,0.4837828576564789,0.41246116161346436,-0.1680121272802353,0.9996330142021179
102,10,0.4792679250240326,0.4126353859901428,-0.18425309658050537,0.9997666478157043
102,11,0.4909980297088623,0.46578776836395264,-0.03791634738445282,0.9998219013214111
102,12,0.4419035315513611,0.45629510283470154,-0.16725368797779083,0.9999134540557861
102,13,0.4983428120613098,0.546503484249115,0.002882019616663456,0.7817343473434448
102,14,0.4386296272277832,0.5557206273078918,-0.16653509438037872,0.9900903701782227
102,15,0.503240168094635,0.6160555481910706,-0.05512869358062744,0.8939104080200195
102,16,0.4556266665458679,0.641633152961731,-0.20595666766166687,0.9751229286193848
102,17,0.5078606009483337,0.6387736797332764,-0.07284639775753021,0.8610054850578308
102,18,0.45703020691871643,0.6672971248626709,-0.2271748036146164,0.9593324065208435
102,19,0.5065325498580933,0.6372622847557068,-0.09520578384399414,0.8681917190551758
102,20,0.4626663327217102,0.6642923355102539,-0.2345050573348999,0.9570609927177429
102,21,0.5031527876853943,0.6292635798454285,-0.06573978066444397,0.8523096442222595
102,22,0.4640793204307556,0.6553029417991638,-0.2063358724117279,0.9338815808296204
102,23,0.4790976047515869,0.6309845447540283,0.039530061185359955,0.9988468885421753
102,24,0.4466116428375244,0.6330790519714355,-0.03957401216030121,0.998955249786377
102,25,0.4816141128540039,0.7372657656669617,0.11251924932003021,0.9497349858283997
102,26,0.44628557562828064,0.7460826635360718,0.026374319568276405,0.9859695434570312
102,27,0.4854961037635803,0.8325952887535095,0.22484007477760315,0.930929958820343
102,28,0.450944721698761,0.8533838987350464,0.1517302393913269,0.9870038628578186
102,29,0.4790285527706146,0.8483238220214844,0.23276908695697784,0.9139651656150818
102,30,0.4507833421230316,0.8661733865737915,0.16053280234336853,0.9189548492431641
102,31,0.5102925896644592,0.8614323139190674,0.18048933148384094,0.9506659507751465
102,32,0.4623493254184723,0.8958925604820251,0.0901978462934494,0.9800625443458557
103,0,0.48515018820762634,0.3969312310218811,-0.19878128170967102,0.9996370077133179
103,1,0.48424357175827026,0.3856413960456848,-0.18663576245307922,0.9990696310997009
103,2,0.48495417833328247,0.38572371006011963,-0.18665656447410583,0.9990066289901733
103,3,0.48554831743240356,0.3858165442943573,-0.1866573840379715,0.999076783657074
103,4,0.4799746572971344,0.385376513004303,-0.1975516676902771,0.9992188811302185
103,5,0.4772763252258301,0.38536757230758667,-0.19756324589252472,0.9990856647491455
103,6,0.4742226004600525,0.38536572456359863,-0.19759145379066467,0.9989632368087769
103,7,0.479435533285141,0.3907679319381714,-0.10876653343439102,0.9982773661613464
103,8,0.465038537979126,0.3899909257888794,-0.16668470203876495,0.9986521005630493
103,9,0.4840046465396881,0.40956443548202515,-0.16816343367099762,0.9996604323387146
103,10,0.4792870879173279,0.41048842668533325,-0.1826382726430893,0.9997840523719788
103,11,0.49432373046875,0.4652576446533203,-0.035708893090486526,0.9998329877853394
103,12,0.44258037209510803,0.4562152326107025,-0.15210850536823273,0.9999175071716309
103,13,0.5010066628456116,0.5447768568992615,0.003811800153926015,0.7947736978530884
103,14,0.4358718991279602,0.5552842020988464,-0.1569806933403015,0.9905434846878052
103,15,0.5042467713356018,0.6140412092208862,-0.059464942663908005,0.9007041454315186
103,16,0.4547188878059387,0.640267014503479,-0.20513315498828888,0.9755439162254333
103,17,0.5078024864196777,0.6367681622505188,-0.0788264125585556,0.8680011630058289
103,18,0.45644742250442505,0.6651372313499451,-0.22356712818145752,0.959138810634613
103,19,0.5062680840492249,0.6349860429763794,-0.10088615119457245,0.875016987323761
103,20,0.46234264969825745,0.6625580191612244,-0.23100879788398743,0.9568861126899719
103,21,0.5029639005661011,0.6272341012954712,-0.07021903246641159,0.8595288395881653
103,22,0.46315231919288635,0.6541066765785217,-0.20431141555309296,0.9344379305839539
103,23,0.4813213348388672,0.6316484808921814,0.03732188791036606,0.9989349842071533
103,24,0.4490598142147064,0.6336004734039307,-0.03735760226845741,0.9990377426147461
103,25,0.48235884308815,0.7398900389671326,0.11716383695602417,0.9494575262069702
103,26,0.4465416967868805,0.7464336156845093,0.035970307886600494,0.9862247109413147
103,27,0.4856134355068207,0.8347750306129456,0.23742079734802246,0.9345096945762634
103,28,0.45100194215774536,0.8531563878059387,0.1685185730457306,0.9870453476905823
103,29,0.4793763756752014,0.8487550616264343,0.24616830050945282,0.9174939393997192
103,30,0.4510253965854645,0.865647554397583,0.17818738520145416,0.9185470938682556
103,31,0.5098370313644409,0.8639588952064514,0.1900559365749359,0.9531487822532654
103,32,0.462350457906723,0.895116925239563,0.10664105415344238,0.9802533984184265
104,0,0.4851227402687073,0.39512842893600464,-0.20161013305187225,0.9996685981750488
104,1,0.48408055305480957,0.3839608430862427,-0.19010743498802185,0.9991488456726074
104,2,0.4848340153694153,0.3839849829673767,-0.19011330604553223,0.9990894198417664
104,3,0.48547297716140747,0.38401293754577637,-0.19010144472122192,0.9991511106491089
104,4,0.4797917902469635,0.383987694978714,-0.20058274269104004,0.9992864727973938
104,5,0.47707897424697876,0.384138286113739,-0.20059995353221893,0.9991656541824341
104,6,0.4740475118160248,0.38439348340034485,-0.20062386989593506,0.9990541934967041
104,7,0.4797390103340149,0.3894910216331482,-0.11368849128484726,0.998396635055542
104,8,0.46485811471939087,0.3899960517883301,-0.16477267444133759,0.9987729787826538
104,9,0.4843760132789612,0.4077329933643341,-0.1716131716966629,0.9996881484985352
104,10,0.4794355034828186,0.40910688042640686,-0.18561391532421112,0.9998019337654114
104,11,0.496354341506958,0.46513596177101135,-0.03904943913221359,0.9998429417610168
104,12,0.44358763098716736,0.4561313986778259,-0.15211912989616394,0.9999226331710815
104,13,0.5040513873100281,0.5442545413970947,0.0036650672554969788,0.8058098554611206
104,14,0.43463096022605896,0.5544342994689941,-0.1579834669828415,0.9910291433334351
104,15,0.505620002746582,0.6131920218467712,-0.0570630319416523,0.9073371291160583
104,16,0.4532138407230377,0.6406669020652771,-0.20123258233070374,0.9763185977935791
104,17,0.5081297159194946,0.6351739764213562,-0.07541332393884659,0.875258207321167
104,18,0.45469337701797485,0.6661472320556641,-0.22133657336235046,0.9597846865653992
104,19,0.506171464920044,0.6332504153251648,-0.09624191373586655,0.8820499777793884
104,20,0.4610174596309662,0.6634699702262878,-0.22943393886089325,0.9575943946838379
104,21,0.5032790899276733,0.625796377658844,-0.06760231405496597,0.8670207262039185
104,22,0.46136417984962463,0.6548614501953125,-0.20164087414741516,0.9360818266868591
104,23,0.4816839098930359,0.6328871250152588,0.03762022405862808,0.9990093111991882
104,24,0.45077115297317505,0.6349812746047974,-0.037658803164958954,0.999110996723175
104,25,0.4819525182247162,0.7396187782287598,0.11570557206869125,0.946609377861023
104,26,0.4467368721961975,0.7477055191993713,0.029901158064603806,0.9864571690559387
104,27,0.4864560067653656,0.8344517946243286,0.22803083062171936,0.9373283386230469
104,28,0.4513663351535797,0.8534392714500427,0.1544198840856552,0.9871313571929932
104,29,0.48025423288345337,0.8489277362823486,0.23625317215919495,0.920676052570343
104,30,0.45112958550453186,0.8663426637649536,0.16333594918251038,0.9182843565940857
104,31,0.5104875564575195,0.8637802004814148,0.18426890671253204,0.9552174806594849
104,32,0.46239766478538513,0.8956434726715088,0.0938076376914978,0.980478823184967
105,0,0.4851404130458832,0.39402201771736145,-0.20332033932209015,0.9996963739395142
105,1,0.4841293692588806,0.38305774331092834,-0.19129839539527893,0.9992190003395081
105,2,0.48488306999206543,0.3830210268497467,-0.19131065905094147,0.9991622567176819
105,3,0.4855113625526428,0.38295966386795044,-0.19130241870880127,0.9992165565490723
105,4,0.47982972860336304,0.3832889199256897,-0.20180237293243408,0.9993466734886169
105,5,0.4771294593811035,0.3835957944393158,-0.20181997120380402,0.9992367625236511
105,6,0.4741296172142029,0.3840012550354004,-0.20184293389320374,0.9991350769996643
105,7,0.48050791025161743,0.38845303654670715,-0.11330091953277588,0.9985005259513855
105,8,0.46501216292381287,0.3900653123855591,-0.16341029107570648,0.9988809823989868
105,9,0.48494774103164673,0.4065471291542053,-0.172832190990448,0.9997130036354065
105,10,0.47993558645248413,0.4083578884601593,-0.1867738664150238,0.9998177886009216
105,11,0.497917115688324,0.4631386697292328,-0.0383378267288208,0.9998536109924316
105,12,0.4446849822998047,0.4563930928707123,-0.15064866840839386,0.999926745891571
105,13,0.5076041221618652,0.5400290489196777,0.0044732168316841125,0.818700909614563
105,14,0.4334685802459717,0.5536821484565735,-0.15644747018814087,0.9914723038673401
105,15,0.5083648562431335,0.6109412908554077,-0.05715208500623703,0.9142401218414307
105,16,0.45114678144454956,0.6410961151123047,-0.19869385659694672,0.9771063923835754
105,17,0.5092599391937256,0.6340122222900391,-0.07551389187574387,0.8831494450569153
105,18,0.4524221420288086,0.6673639416694641,-0.2204253375530243,0.9604890942573547
105,19,0.5062402486801147,0.6319849491119385,-0.096621073782444,0.8896191120147705
105,20,0.4596404433250427,0.6640930771827698,-0.22998836636543274,0.9583588242530823
105,21,0.5037585496902466,0.6239443421363831,-0.0674317255616188,0.8751145005226135
105,22,0.4599231779575348,0.6553453207015991,-0.20032855868339539,0.937737762928009
105,23,0.4823177754878998,0.6333070993423462,0.037853702902793884,0.9990822672843933
105,24,0.45150989294052124,0.6358177065849304,-0.03789219632744789,0.9991791844367981
105,25,0.48248010873794556,0.7401901483535767,0.11963393539190292,0.9441715478897095
105,26,0.4471900463104248,0.7482731938362122,0.03216613084077835,0.9865509271621704
105,27,0.4870670437812805,0.8347717523574829,0.23502954840660095,0.939670979976654
105,28,0.45157480239868164,0.8533346652984619,0.16070161759853363,0.987101674079895
105,29,0.48089155554771423,0.8491140007972717,0.24343843758106232,0.9234364032745361
105,30,0.4512421488761902,0.8663261532783508,0.17014086246490479,0.9176092147827148
105,31,0.5106614232063293,0.863366961479187,0.1912885457277298,0.9568681120872498
105,32,0.46240273118019104,0.8950398564338684,0.10107845067977905,0.9805302619934082
106,0,0.485156774520874,0.3935815691947937,-0.20494265854358673,0.9997227787971497
106,1,0.4841804504394531,0.3827382028102875,-0.19265779852867126,0.9992860555648804
106,2,0.4848950505256653,0.3826751708984375,-0.19266945123672485,0.9992324709892273
106,3,0.4855878949165344,0.38262277841567993,-0.19265756011009216,0.9992802143096924
106,4,0.4798911511898041,0.3830326795578003,-0.20243489742279053,0.9994037747383118
106,5,0.4771885275840759,0.38341763615608215,-0.2024502009153366,0.9993038773536682
106,6,0.4741457998752594,0.38384366035461426,-0.2024689018726349,0.9992112517356873
106,7,0.48138731718063354,0.38832131028175354,-0.11356090009212494,0.9986082911491394
106,8,0.4650498330593109,0.3900916576385498,-0.16286131739616394,0.9989818930625916
106,9,0.48553067445755005,0.4060342609882355,-0.17418859899044037,0.9997369050979614
106,10,0.48026466369628906,0.40796372294425964,-0.18715423345565796,0.9998329877853394
106,11,0.49952563643455505,0.46239691972732544,-0.04082529619336128,0.999863862991333
106,12,0.44520965218544006,0.4569093585014343,-0.14441636204719543,0.9999305605888367
106,13,0.5103352069854736,0.5373262763023376,-0.00022158215870149434,0.8315494656562805
106,14,0.43325719237327576,0.5530533790588379,-0.1477452516555786,0.9918312430381775
106,15,0.5105440020561218,0.6086393594741821,-0.06820976734161377,0.9208183288574219
106,16,0.4500730633735657,0.6407608985900879,-0.19127188622951508,0.9778496026992798
106,17,0.5106149911880493,0.632666289806366,-0.08860146254301071,0.8908981084823608
106,18,0.45007285475730896,0.6674954891204834,-0.21502821147441864,0.9612357020378113
106,19,0.506608247756958,0.6298876404762268,-0.10984823852777481,0.8970080018043518
106,20,0.457510381937027,0.6640898585319519,-0.2273237407207489,0.959197998046875
106,21,0.5045771598815918,0.621520459651947,-0.0783989205956459,0.8830879330635071
106,22,0.4584376811981201,0.6550858020782471,-0.19540473818778992,0.9395327568054199
106,23,0.4837641716003418,0.6345571875572205,0.03696093708276749,0.9991448521614075
106,24,0.4530092775821686,0.6368508338928223,-0.03701360896229744,0.9992392063140869
106,25,0.4829978346824646,0.7406644821166992,0.1169731616973877,0.9430618286132812
106,26,0.4477275311946869,0.748559832572937,0.032840341329574585,0.9865752458572388
106,27,0.4874839782714844,0.8347609043121338,0.23257406055927277,0.9420763850212097
106,28,0.45178133249282837,0.8531711101531982,0.16168037056922913,0.9868662357330322
106,29,0.4812036454677582,0.8489949703216553,0.24099478125572205,0.9260582327842712
106,30,0.45131540298461914,0.8662585020065308,0.17117740213871002,0.9156447649002075
106,31,0.5108224153518677,0.8636278510093689,0.18879947066307068,0.9583602547645569
106,32,0.46212291717529297,0.8948360681533813,0.10243336111307144,0.9801927208900452
107,0,0.48545771837234497,0.3936012387275696,-0.2016330063343048,0.999746561050415
107,1,0.4843933582305908,0.38264086842536926,-0.18924561142921448,0.9993467926979065
107,2,0.48522406816482544,0.3825656473636627,-0.18925967812538147,0.9992958903312683
107,3,0.4860237240791321,0.38251474499702454,-0.18924464285373688,0.9993377327919006
107,4,0.4799247682094574,0.3830012083053589,-0.19887565076351166,0.9994550347328186
107,5,0.4772546887397766,0.38340213894844055,-0.19888617098331451,0.9993641376495361
107,6,0.4742656648159027,0.3838581144809723,-0.19890598952770233,0.999279797077179
107,7,0.4824543595314026,0.3883301913738251,-0.11019349098205566,0.998705267906189
107,8,0.4650840163230896,0.39013057947158813,-0.1565190851688385,0.9990726113319397
107,9,0.4864194989204407,0.40609613060951233,-0.17087653279304504,0.9997584819793701
107,10,0.48108991980552673,0.40794169902801514,-0.18366917967796326,0.9998466968536377
107,11,0.5010813474655151,0.4619492292404175,-0.03903523087501526,0.9998735785484314
107,12,0.44587475061416626,0.45781272649765015,-0.13557127118110657,0.9999338388442993
107,13,0.5124582648277283,0.5366551876068115,-0.0003378876717761159,0.8423364162445068
107,14,0.43354979157447815,0.5535289645195007,-0.1366681605577469,0.9920456409454346
107,15,0.5128965377807617,0.6072807908058167,-0.07402703166007996,0.9266621470451355
107,16,0.4487076699733734,0.6399920582771301,-0.1805747002363205,0.9785078167915344
107,17,0.5123728513717651,0.6309943199157715,-0.09576146304607391,0.8978995084762573
107,18,0.44814133644104004,0.6663538217544556,-0.20499734580516815,0.9620088338851929
107,19,0.5080487132072449,0.6278272867202759,-0.11719465255737305,0.9036773443222046
107,20,0.4561355710029602,0.6633965969085693,-0.2195165604352951,0.9600934386253357
107,21,0.5064112544059753,0.6198651790618896,-0.08444719761610031,0.8902873396873474
107,22,0.4571360647678375,0.6544957756996155,-0.18631631135940552,0.9413821697235107
107,23,0.48525911569595337,0.636146605014801,0.03596298396587372,0.99920654296875
107,24,0.45470112562179565,0.6387118101119995,-0.0360293872654438,0.9992960095405579
107,25,0.4832390248775482,0.7411078810691833,0.11738266050815582,0.9423667788505554
107,26,0.4482320249080658,0.749943733215332,0.03547212854027748,0.9865061044692993
107,27,0.4873581528663635,0.836122453212738,0.23362210392951965,0.9446502327919006
107,28,0.4518145024776459,0.8529486656188965,0.16715580224990845,0.9865058660507202
107,29,0.48079434037208557,0.8501743078231812,0.24203947186470032,0.9285786151885986
107,30,0.45130497217178345,0.8660677671432495,0.17701244354248047,0.9127224087715149
107,31,0.5105510950088501,0.8643843531608582,0.18863478302955627,0.9599339962005615
107,32,0.4603586196899414,0.8948628902435303,0.10821732133626938,0.9797664880752563
108,0,0.48581498861312866,0.39335113763809204,-0.1994602084159851,0.9997683167457581
108,1,0.48469263315200806,0.3823994994163513,-0.18665854632854462,0.9994027018547058
108,2,0.48566633462905884,0.3823115825653076,-0.18667152523994446,0.9993545413017273
108,3,0.48659834265708923,0.3822455108165741,-0.18665143847465515,0.9993906021118164
108,4,0.47997674345970154,0.382830947637558,-0.19608448445796967,0.9995020627975464
108,5,0.4772971272468567,0.3833027184009552,-0.19609250128269196,0.9994193911552429
108,6,0.47436150908470154,0.3838270902633667,-0.1961120069026947,0.9993425011634827
108,7,0.4835628867149353,0.38813287019729614,-0.10768508911132812,0.9987947940826416
108,8,0.4653015732765198,0.3901539742946625,-0.14801642298698425,0.9991554617881775
108,9,0.48724183440208435,0.4057926535606384,-0.16840580105781555,0.9997777938842773
108,10,0.4818234443664551,0.407797634601593,-0.18101954460144043,0.9998591542243958
108,11,0.5022592544555664,0.4615756869316101,-0.03703439608216286,0.9998820424079895
108,12,0.4468895494937897,0.45814722776412964,-0.12865731120109558,0.9999368190765381
108,13,0.5134676098823547,0.5358209013938904,-0.0051394617184996605,0.8513497114181519
108,14,0.43362003564834595,0.554151713848114,-0.13204845786094666,0.9922655820846558
108,15,0.5152184963226318,0.6068575978279114,-0.09058959782123566,0.9321054816246033
108,16,0.4475080966949463,0.6394666433334351,-0.17630648612976074,0.9792391657829285
108,17,0.5151399970054626,0.6300577521324158,-0.11446366459131241,0.9047004580497742
108,18,0.44689708948135376,0.6660789251327515,-0.20105473697185516,0.9629948139190674
108,19,0.5101596117019653,0.6270877718925476,-0.13573011755943298,0.9101288318634033
108,20,0.45481744408607483,0.6634190678596497,-0.2155488282442093,0.9612108469009399
108,21,0.5085004568099976,0.6193440556526184,-0.10130085796117783,0.8973047733306885
108,22,0.45603030920028687,0.6548141837120056,-0.1822316199541092,0.9435086846351624
108,23,0.4867742657661438,0.6369942426681519,0.03586383908987045,0.9992614388465881
108,24,0.4564473628997803,0.640044093132019,-0.03593429550528526,0.9993482828140259
108,25,0.4834512174129486,0.7413185834884644,0.12131619453430176,0.9413259029388428
108,26,0.44950491189956665,0.7501546144485474,0.03762763738632202,0.9865408539772034
108,27,0.48733630776405334,0.8360450863838196,0.23873253166675568,0.9467136859893799
108,28,0.45185571908950806,0.8528660535812378,0.1685827076435089,0.9862385988235474
108,29,0.48053044080734253,0.8499809503555298,0.2474033087491989,0.9307249784469604
108,30,0.4512997269630432,0.8659858107566833,0.1784554421901703,0.9104459285736084
108,31,0.5103507041931152,0.8645071983337402,0.19531846046447754,0.9611834287643433
108,32,0.459922730922699,0.8952760696411133,0.1102566346526146,0.9793145060539246
109,0,0.48608869314193726,0.39305824041366577,-0.2109382450580597,0.9997894763946533
109,1,0.4850967526435852,0.3820558190345764,-0.19906538724899292,0.999456524848938
109,2,0.48621782660484314,0.3819497525691986,-0.19906173646450043,0.9994116425514221
109,3,0.48727983236312866,0.38185593485832214,-0.19903361797332764,0.9994430541992188
109,4,0.4800923466682434,0.38256826996803284,-0.20782570540905,0.9995477795600891
109,5,0.477388858795166,0.383092999458313,-0.2078426331281662,0.9994732141494751
109,6,0.4743812084197998,0.383670836687088,-0.2078554928302765,0.999403715133667
109,7,0.48474764823913574,0.38767722249031067,-0.12168493121862411,0.998889148235321
109,8,0.46574586629867554,0.39017564058303833,-0.16159172356128693,0.9992349147796631
109,9,0.4877672791481018,0.405370831489563,-0.18101248145103455,0.9997972249984741
109,10,0.4822542071342468,0.40754270553588867,-0.19279125332832336,0.9998717904090881
109,11,0.5031614303588867,0.4603379964828491,-0.052174586802721024,0.9998891353607178
109,12,0.4474690854549408,0.4582652151584625,-0.13819535076618195,0.9999406933784485
109,13,0.5142430067062378,0.5353884696960449,-0.014409469440579414,0.8598781824111938
109,14,0.43408069014549255,0.5565323829650879,-0.13811494410037994,0.9926711320877075
109,15,0.5178218483924866,0.6068319082260132,-0.08697943389415741,0.9370589256286621
109,16,0.44677940011024475,0.6404207348823547,-0.19011005759239197,0.9803161025047302
109,17,0.5181096792221069,0.6299923658370972,-0.10806013643741608,0.9108083248138428
109,18,0.44590210914611816,0.667173445224762,-0.21475231647491455,0.9646387100219727
109,19,0.5132098197937012,0.6269542574882507,-0.12907160818576813,0.9159306883811951
109,20,0.4539429545402527,0.6646072268486023,-0.22881479561328888,0.9629760980606079
109,21,0.5112229585647583,0.6192992925643921,-0.09724430739879608,0.9036329984664917
109,22,0.455378919839859,0.6560055613517761,-0.1959899365901947,0.9463507533073425
109,23,0.4877655506134033,0.6369258165359497,0.035477735102176666,0.9993079304695129
109,24,0.45796018838882446,0.6403288245201111,-0.03556738793849945,0.9993947744369507
109,25,0.48348894715309143,0.7405739426612854,0.12457702308893204,0.9405648708343506
109,26,0.4504513740539551,0.7501092553138733,0.0387536995112896,0.9867489337921143
109,27,0.4873414635658264,0.8355764746665955,0.23856434226036072,0.9487606883049011
109,28,0.45193132758140564,0.8528971076011658,0.16610199213027954,0.986164391040802
109,29,0.48051103949546814,0.8499826788902283,0.2471112757921219,0.9325524568557739
109,30,0.45131635665893555,0.8659417629241943,0.17575356364250183,0.9087039828300476
109,31,0.5101907849311829,0.864396333694458,0.19765861332416534,0.9625293612480164
109,32,0.4600083827972412,0.8956819176673889,0.10871051251888275,0.9790215492248535
110,0,0.4867856502532959,0.392912894487381,-0.20448823273181915,0.99980628490448
110,1,0.4856514036655426,0.3817582130432129,-0.19298478960990906,0.9994986057281494
110,2,0.48676133155822754,0.3816291093826294,-0.1929866522550583,0.9994558095932007
110,3,0.4877861440181732,0.3815222382545471,-0.1929638534784317,0.9994825124740601
110,4,0.48073917627334595,0.3823246955871582,-0.20304632186889648,0.9995841979980469
110,5,0.47806644439697266,0.38285747170448303,-0.20306165516376495,0.9995167851448059
110,6,0.4751637876033783,0.38347747921943665,-0.2030808925628662,0.9994534254074097
110,7,0.48515185713768005,0.387445330619812,-0.11750111728906631,0.998954176902771
110,8,0.4667162299156189,0.3901831805706024,-0.16418269276618958,0.999300479888916
110,9,0.4885207712650299,0.40520477294921875,-0.17491081357002258,0.9998122453689575
110,10,0.48318013548851013,0.40739578008651733,-0.1883586198091507,0.9998816847801208
110,11,0.50395268201828,0.46048828959465027,-0.047875288873910904,0.9998940825462341
110,12,0.44799932837486267,0.4583253264427185,-0.1436101198196411,0.9999435544013977
110,13,0.514241099357605,0.5357016921043396,-0.011431182734668255,0.8652676343917847
110,14,0.4350311756134033,0.5571032762527466,-0.1403963714838028,0.9929777383804321
110,15,0.5194661617279053,0.6067414283752441,-0.08332301676273346,0.9409347772598267
110,16,0.44694527983665466,0.6401451230049133,-0.19166199862957,0.9811639189720154
110,17,0.5211620926856995,0.6298264265060425,-0.10254863649606705,0.9155148863792419
110,18,0.44624757766723633,0.6672177314758301,-0.21612605452537537,0.96595698595047
110,19,0.5175794363021851,0.6268453001976013,-0.1283767819404602,0.9204834699630737
110,20,0.4540848135948181,0.6645635962486267,-0.22985973954200745,0.9643847942352295
110,21,0.5150826573371887,0.61927729845047,-0.09560896456241608,0.9085676074028015
110,22,0.4554976522922516,0.655888557434082,-0.19743672013282776,0.9485335946083069
110,23,0.4885497987270355,0.638301432132721,0.035582274198532104,0.9993491768836975
110,24,0.459153950214386,0.6412096619606018,-0.03566831722855568,0.9994349479675293
110,25,0.4842749536037445,0.7404611110687256,0.1279037892818451,0.9407656192779541
110,26,0.45093458890914917,0.7507575154304504,0.041343457996845245,0.9871506094932556
110,27,0.4873258173465729,0.8352506756782532,0.2477366030216217,0.9509470462799072
110,28,0.45191460847854614,0.8528731465339661,0.173384889960289,0.986329197883606
110,29,0.4808361530303955,0.8496373295783997,0.2569166123867035,0.9344655871391296
110,30,0.4512885510921478,0.8655186295509338,0.18351858854293823,0.9083921313285828
110,31,0.5100795030593872,0.8641374111175537,0.20690219104290009,0.9639829993247986
110,32,0.4599384665489197,0.895632266998291,0.11538640409708023,0.979074239730835
111,0,0.4872380197048187,0.39279916882514954,-0.20228621363639832,0.9998214244842529
111,1,0.48627299070358276,0.3817512094974518,-0.19060364365577698,0.9995360970497131
111,2,0.4874318540096283,0.38164523243904114,-0.19061242043972015,0.9994953870773315
111,3,0.4884938597679138,0.3815540671348572,-0.1906006634235382,0.9995176196098328
111,4,0.48124903440475464,0.3822755217552185,-0.20176836848258972,0.9996165633201599
111,5,0.4785563051700592,0.38279587030410767,-0.20178048312664032,0.9995556473731995
111,6,0.47572818398475647,0.3834027051925659,-0.20179876685142517,0.9994974732398987
111,7,0.48594173789024353,0.38747456669807434,-0.11469823122024536,0.9990102052688599
111,8,0.46775540709495544,0.3901870846748352,-0.1626136153936386,0.9993581771850586
111,9,0.4889170527458191,0.4050551652908325,-0.1723177433013916,0.999825656414032
111,10,0.4835037291049957,0.40723446011543274,-0.18696212768554688,0.9998903274536133
111,11,0.5047147870063782,0.46051374077796936,-0.04521257430315018,0.9998981356620789
111,12,0.4485151767730713,0.458694726228714,-0.1416538655757904,0.9999454617500305
111,13,0.515061616897583,0.5371710658073425,-0.010928576812148094,0.8723227977752686
111,14,0.4364996552467346,0.5573564171791077,-0.14155079424381256,0.9931865930557251
111,15,0.5223239660263062,0.6068277955055237,-0.08115288615226746,0.9450200796127319
111,16,0.44717496633529663,0.6400556564331055,-0.18605950474739075,0.981861412525177
111,17,0.524623453617096,0.6299842596054077,-0.10007216781377792,0.9206516742706299
111,18,0.4464128613471985,0.6668747663497925,-0.20974333584308624,0.9670026898384094
111,19,0.5217667818069458,0.6276546716690063,-0.12188538163900375,0.9254255294799805
111,20,0.45386284589767456,0.6641987562179565,-0.22498612105846405,0.965537428855896
111,21,0.5192349553108215,0.6194994449615479,-0.09159182757139206,0.9140231609344482
111,22,0.4552285671234131,0.6554698348045349,-0.19247764348983765,0.9504173994064331
111,23,0.4903869032859802,0.6383447051048279,0.03539721667766571,0.9993798136711121
111,24,0.46082034707069397,0.6413952112197876,-0.0354851558804512,0.9994670748710632
111,25,0.4853948950767517,0.7401044368743896,0.12521716952323914,0.9414963126182556
111,26,0.4519910216331482,0.7507222294807434,0.03940045088529587,0.987464189529419
111,27,0.48723965883255005,0.8347579836845398,0.2452784776687622,0.9530396461486816
111,28,0.4519128203392029,0.8526256084442139,0.17026427388191223,0.9864242672920227
111,29,0.48097261786460876,0.8492447137832642,0.2543502449989319,0.9361701011657715
111,30,0.45094648003578186,0.8644102215766907,0.18013633787631989,0.9073143005371094
111,31,0.5099963545799255,0.8641026616096497,0.2033078670501709,0.965307354927063
111,32,0.45982494950294495,0.8955541849136353,0.11114905029535294,0.9790419936180115
112,0,0.48795709013938904,0.3925195336341858,-0.18988288938999176,0.9998326301574707
112,1,0.48691946268081665,0.38153204321861267,-0.17991656064987183,0.9995629787445068
112,2,0.4879881739616394,0.3814171254634857,-0.17991407215595245,0.999523937702179
112,3,0.4889551103115082,0.38128840923309326,-0.17989179491996765,0.9995424747467041
112,4,0.48212432861328125,0.3821181058883667,-0.19181659817695618,0.9996405243873596
112,5,0.479445219039917,0.3826856017112732,-0.19183066487312317,0.9995853304862976
112,6,0.4766879975795746,0.3833286166191101,-0.191859170794487,0.9995308518409729
112,7,0.4861973822116852,0.3870892822742462,-0.11012023687362671,0.99904865026474
112,8,0.469044029712677,0.390194833278656,-0.16215457022190094,0.9994029998779297
112,9,0.48937830328941345,0.40485039353370667,-0.16204437613487244,0.9998350143432617
112,10,0.4842122495174408,0.4070228040218353,-0.17788615822792053,0.9998960494995117
112,11,0.5051312446594238,0.460612952709198,-0.042590782046318054,0.9998998045921326
112,12,0.44976550340652466,0.45825374126434326,-0.14373140037059784,0.9999467730522156
112,13,0.5154942274093628,0.5376669764518738,0.0044367751106619835,0.8764507174491882
112,14,0.43885889649391174,0.5567865371704102,-0.14204634726047516,0.9933472871780396
112,15,0.523565411567688,0.6067856550216675,-0.05662206560373306,0.9479432106018066
112,16,0.44764986634254456,0.6388059258460999,-0.18478932976722717,0.9823373556137085
112,17,0.5267890691757202,0.6301157474517822,-0.07297734171152115,0.924079179763794
112,18,0.4470144808292389,0.6666879057884216,-0.20786182582378387,0.9676933884620667
112,19,0.524201512336731,0.6284720301628113,-0.0972236841917038,0.9287806749343872
112,20,0.4543226361274719,0.6639253497123718,-0.22243866324424744,0.9662801027297974
112,21,0.5213209986686707,0.6197425127029419,-0.06808552891016006,0.9177214503288269
112,22,0.4556554853916168,0.6552460193634033,-0.1909138560295105,0.951566755771637
112,23,0.49178409576416016,0.6382383704185486,0.03596464544534683,0.9994037747383118
112,24,0.46215367317199707,0.6413058638572693,-0.036048807203769684,0.9994951486587524
112,25,0.4866209626197815,0.739908754825592,0.12505343556404114,0.9425987601280212
112,26,0.45295611023902893,0.7506173849105835,0.03849666565656662,0.9880396723747253
112,27,0.48736053705215454,0.8347091674804688,0.24404463171958923,0.9551400542259216
112,28,0.4517502784729004,0.8526254296302795,0.16574157774448395,0.9868906140327454
112,29,0.4814688265323639,0.8490987420082092,0.2530493140220642,0.9382981061935425
112,30,0.44996610283851624,0.8644139766693115,0.17531666159629822,0.9081422090530396
112,31,0.5100148916244507,0.8651944398880005,0.2028486281633377,0.9667255878448486
112,32,0.4597746729850769,0.895548403263092,0.10527016967535019,0.9795017838478088
113,0,0.4883121848106384,0.392404168844223,-0.18682189285755157,0.9998445510864258
113,1,0.4874337613582611,0.3814241588115692,-0.1766587495803833,0.9995921850204468
113,2,0.48856067657470703,0.38132068514823914,-0.17665238678455353,0.9995551705360413
113,3,0.4895867705345154,0.38120129704475403,-0.17662321031093597,0.9995698928833008
113,4,0.48251214623451233,0.3820265829563141,-0.18759271502494812,0.9996658563613892
113,5,0.4798368811607361,0.38260477781295776,-0.1876055896282196,0.9996162056922913
113,6,0.4770975112915039,0.3832584321498871,-0.18763160705566406,0.9995655417442322
113,7,0.48709040880203247,0.38695448637008667,-0.10618637502193451,0.9990959763526917
113,8,0.46969467401504517,0.39019906520843506,-0.15595975518226624,0.9994491934776306
113,9,0.48982080817222595,0.40470242500305176,-0.15877898037433624,0.999845564365387
113,10,0.48452797532081604,0.406934529542923,-0.1734238564968109,0.9999027252197266
113,11,0.5062905550003052,0.46074727177619934,-0.03880423307418823,0.9999017715454102
113,12,0.4502527117729187,0.45819199085235596,-0.13972023129463196,0.9999484419822693
113,13,0.5169582366943359,0.5379659533500671,0.011593129485845566,0.8815449476242065
113,14,0.4399232864379883,0.5554892420768738,-0.14028099179267883,0.9934999942779541
113,15,0.5249146223068237,0.6067314743995667,-0.050310809165239334,0.9508602023124695
113,16,0.4477236270904541,0.6362783908843994,-0.17915771901607513,0.9827355742454529
113,17,0.528303325176239,0.6300621628761292,-0.06704131513834,0.9276431798934937
113,18,0.44728121161460876,0.6649916768074036,-0.20184247195720673,0.9682632684707642
113,19,0.5260597467422485,0.6286524534225464,-0.09123151749372482,0.9322258234024048
113,20,0.45459985733032227,0.6622037291526794,-0.21611425280570984,0.9668989181518555
113,21,0.5230845212936401,0.619724452495575,-0.06176934391260147,0.9215512871742249
113,22,0.45589423179626465,0.6527272462844849,-0.1851191371679306,0.9526013731956482
113,23,0.49322643876075745,0.6381090879440308,0.036007873713970184,0.9994266629219055
113,24,0.46312302350997925,0.6412356495857239,-0.03608909994363785,0.9995218515396118
113,25,0.4873153269290924,0.7399394512176514,0.1230195015668869,0.9442758560180664
113,26,0.45378509163856506,0.7501089572906494,0.0353853777050972,0.988656222820282
113,27,0.4873920977115631,0.8351051211357117,0.2417508065700531,0.957485020160675
113,28,0.45170092582702637,0.8527454137802124,0.15610094368457794,0.9874183535575867
113,29,0.48179006576538086,0.8493579626083374,0.2508052885532379,0.9407470226287842
113,30,0.4497317671775818,0.864632248878479,0.16486893594264984,0.9096652269363403
113,31,0.5100753903388977,0.8657212853431702,0.20115163922309875,0.9682786464691162
113,32,0.4596725106239319,0.895527720451355,0.09397540241479874,0.9800812005996704
114,0,0.48831480741500854,0.3923597037792206,-0.18715830147266388,0.9998570084571838
114,1,0.4876050353050232,0.381365031003952,-0.1770058572292328,0.9996237754821777
114,2,0.48879846930503845,0.38125890493392944,-0.17700305581092834,0.9995892643928528
114,3,0.48990726470947266,0.3811438977718353,-0.1769789457321167,0.9996009469032288
114,4,0.48253607749938965,0.38198041915893555,-0.1877535581588745,0.9996922016143799
114,5,0.47987985610961914,0.3825407326221466,-0.18776613473892212,0.9996474981307983
114,6,0.4771077036857605,0.38320109248161316,-0.18779131770133972,0.999600887298584
114,7,0.48792776465415955,0.3869211971759796,-0.10528795421123505,0.9991534352302551
114,8,0.46983852982521057,0.39019775390625,-0.14703552424907684,0.999495267868042
114,9,0.48990145325660706,0.4046792685985565,-0.15918833017349243,0.9998569488525391
114,10,0.4844819903373718,0.4069015383720398,-0.17313595116138458,0.9999099373817444
114,11,0.5075165033340454,0.4608785808086395,-0.03659116476774216,0.9999050498008728
114,12,0.45074263215065,0.4580252468585968,-0.12959125638008118,0.999950647354126
114,13,0.5181107521057129,0.5386306643486023,0.011365469545125961,0.8878219127655029
114,14,0.44064563512802124,0.5554561614990234,-0.13134899735450745,0.9936389327049255
114,15,0.5261221528053284,0.6066957116127014,-0.05395495146512985,0.9540056586265564
114,16,0.44833284616470337,0.6348205208778381,-0.17495132982730865,0.9831477403640747
114,17,0.5296478271484375,0.6302642226219177,-0.07158159464597702,0.9317006468772888
114,18,0.4479835033416748,0.6632611751556396,-0.1982506662607193,0.9688449501991272
114,19,0.5271914601325989,0.6290374994277954,-0.09451644867658615,0.9360976219177246
114,20,0.4552369713783264,0.6602501273155212,-0.2128511220216751,0.967551589012146
114,21,0.524174690246582,0.6198542714118958,-0.06512071192264557,0.925851583480835
114,22,0.4564792215824127,0.6505169868469238,-0.1811133474111557,0.9537346363067627
114,23,0.49409574270248413,0.6380152106285095,0.0357552096247673,0.9994532465934753
114,24,0.4637865126132965,0.6411734819412231,-0.03583287447690964,0.9995510578155518
114,25,0.48810315132141113,0.7398937940597534,0.12201477587223053,0.9463168382644653
114,26,0.45432358980178833,0.7491308450698853,0.031765032559633255,0.9893239736557007
114,27,0.4876402020454407,0.8349645137786865,0.24099013209342957,0.9599531292915344
114,28,0.45171284675598145,0.8528109192848206,0.14896050095558167,0.9879928231239319
114,29,0.48248904943466187,0.8491642475128174,0.24989943206310272,0.9432035088539124
114,30,0.44973960518836975,0.8646509647369385,0.1573171764612198,0.9111320972442627
114,31,0.5100451707839966,0.8658862709999084,0.19934041798114777,0.9698753356933594
114,32,0.4596649706363678,0.8955740332603455,0.08429781347513199,0.9807393550872803
115,0,0.488837867975235,0.39178574085235596,-0.1870548576116562,0.9998679161071777
115,1,0.4881882667541504,0.3810691833496094,-0.1764250099658966,0.9996514320373535
115,2,0.48935896158218384,0.3809913992881775,-0.17642034590244293,0.9996190071105957
115,3,0.4904722571372986,0.38089659810066223,-0.17639127373695374,0.9996280074119568
115,4,0.4831081032752991,0.3816913068294525,-0.18631747364997864,0.9997156858444214
115,5,0.4805106222629547,0.3822394609451294,-0.18633055686950684,0.9996755123138428
115,6,0.4777015745639801,0.382909893989563,-0.1863567978143692,0.9996324777603149
115,7,0.488411009311676,0.3866882622241974,-0.10373033583164215,0.9992035627365112
115,8,0.47046178579330444,0.3900255560874939,-0.14616583287715912,0.9995364546775818
115,9,0.4905410706996918,0.4041287302970886,-0.15873923897743225,0.9998670220375061
115,10,0.48493295907974243,0.4063451588153839,-0.17182236909866333,0.9999163746833801
115,11,0.5080053210258484,0.4609623849391937,-0.03514805808663368,0.9999073147773743
115,12,0.45151787996292114,0.45770347118377686,-0.13125796616077423,0.9999524354934692
115,13,0.5190979242324829,0.5386852025985718,0.011792978271842003,0.8932660818099976
115,14,0.4413551390171051,0.5547682642936707,-0.13453397154808044,0.9938111901283264
115,15,0.5267978310585022,0.6063217520713806,-0.053454309701919556,0.956802487373352
115,16,0.44902467727661133,0.6335706114768982,-0.1756645292043686,0.9836187958717346
115,17,0.5303617715835571,0.6302192807197571,-0.07133083045482635,0.9352648854255676
115,18,0.44860538840293884,0.6617688536643982,-0.19893291592597961,0.9695327877998352
115,19,0.5276777148246765,0.6289829015731812,-0.09478510916233063,0.9394952058792114
115,20,0.45582419633865356,0.6587300300598145,-0.21321289241313934,0.9682936072349548
115,21,0.524665355682373,0.61982262134552,-0.06469392031431198,0.9296401143074036
115,22,0.4570772051811218,0.6489812731742859,-0.18163016438484192,0.9549084901809692
115,23,0.4946887493133545,0.6377629041671753,0.03578897565603256,0.9994732141494751
115,24,0.46449214220046997,0.640754759311676,-0.03586529940366745,0.9995763301849365
115,25,0.4890914857387543,0.7397513389587402,0.12219961732625961,0.948137104511261
115,26,0.4548250138759613,0.7477847337722778,0.027428532019257545,0.9899437427520752
115,27,0.4878394603729248,0.8348330855369568,0.24183981120586395,0.962151288986206
115,28,0.4517090916633606,0.8528000116348267,0.14125116169452667,0.9885391592979431
115,29,0.48281678557395935,0.8490381836891174,0.25072142481803894,0.9454540014266968
115,30,0.4497426450252533,0.8646603226661682,0.14922736585140228,0.9126560091972351
115,31,0.5100471377372742,0.8658025860786438,0.19954778254032135,0.9713154435157776
115,32,0.45964688062667847,0.8956682085990906,0.07652740925550461,0.9813774824142456
116,0,0.4889656603336334,0.39177823066711426,-0.18722636997699738,0.9998779296875
116,1,0.4885326027870178,0.3810444176197052,-0.1762411743402481,0.9996768832206726
116,2,0.489758163690567,0.3809775412082672,-0.17623761296272278,0.9996463656425476
116,3,0.49093231558799744,0.3808995187282562,-0.17620719969272614,0.9996530413627625
116,4,0.4833259582519531,0.3816200792789459,-0.185385599732399,0.9997369050979614
116,5,0.48076286911964417,0.3821291923522949,-0.18539823591709137,0.9997007250785828
116,6,0.4778902530670166,0.3827701508998871,-0.18542519211769104,0.9996610283851624
116,7,0.48912662267684937,0.3867003619670868,-0.10193897783756256,0.9992501139640808
116,8,0.4707108438014984,0.38992711901664734,-0.14225900173187256,0.9995738863945007
116,9,0.49075475335121155,0.4041655361652374,-0.15847136080265045,0.9998764395713806
116,10,0.4849877953529358,0.4063178300857544,-0.17063120007514954,0.9999223947525024
116,11,0.5084823966026306,0.4610060751438141,-0.03352418169379234,0.9999105930328369
116,12,0.4517781138420105,0.4574354290962219,-0.12555137276649475,0.9999539256095886
116,13,0.5196568965911865,0.5384398102760315,0.011748705059289932,0.8995823860168457
116,14,0.4415202736854553,0.5544477701187134,-0.12887103855609894,0.9939960837364197
116,15,0.5275606513023376,0.6059809923171997,-0.054788440465927124,0.9598341584205627
116,16,0.4498063623905182,0.633179247379303,-0.17199024558067322,0.9841054081916809
116,17,0.5306062698364258,0.630133330821991,-0.07297025620937347,0.9393059015274048
116,18,0.44951844215393066,0.661290168762207,-0.1952243149280548,0.970217227935791
116,19,0.5278397798538208,0.6289032101631165,-0.09612969309091568,0.9433211088180542
116,20,0.4564970135688782,0.658218264579773,-0.20954890549182892,0.9690334796905518
116,21,0.525091290473938,0.6196359395980835,-0.06595901399850845,0.9339231848716736
116,22,0.45775264501571655,0.6485928297042847,-0.17792581021785736,0.9561185240745544
116,23,0.4949016571044922,0.637668788433075,0.03524882718920708,0.9994920492172241
116,24,0.4644586145877838,0.6404832005500793,-0.03531723469495773,0.9995972514152527
116,25,0.48976391553878784,0.7396860122680664,0.11796072870492935,0.9500553011894226
116,26,0.454948753118515,0.7476098537445068,0.026440218091011047,0.9904742240905762
116,27,0.48799166083335876,0.834903359413147,0.23421795666217804,0.9641788005828857
116,28,0.45169323682785034,0.8528317213058472,0.14078399538993835,0.9889711141586304
116,29,0.48277735710144043,0.848955512046814,0.2425336390733719,0.9474871754646301
116,30,0.4497474133968353,0.864886462688446,0.1487625390291214,0.9135362505912781
116,31,0.5100323557853699,0.8658451437950134,0.1890900433063507,0.9726029634475708
116,32,0.4596564769744873,0.8959583640098572,0.07584600150585175,0.9818404316902161
117,0,0.4890283942222595,0.3917149007320404,-0.18680620193481445,0.9998879432678223
117,1,0.4887831211090088,0.38099342584609985,-0.17538896203041077,0.9997025728225708
117,2,0.4900825619697571,0.38094422221183777,-0.1753843128681183,0.9996740221977234
117,3,0.4913301467895508,0.3808843791484833,-0.1753522902727127,0.9996787905693054
117,4,0.4834420680999756,0.3815099596977234,-0.18409837782382965,0.9997581243515015
117,5,0.48087841272354126,0.3819768726825714,-0.18410897254943848,0.9997256398200989
117,6,0.4779547154903412,0.38259392976760864,-0.18413041532039642,0.9996891021728516
117,7,0.4898056089878082,0.3867103159427643,-0.09911017119884491,0.9993001818656921
117,8,0.47079259157180786,0.38982704281806946,-0.13917848467826843,0.9996102452278137
117,9,0.49090319871902466,0.4041803181171417,-0.1574041247367859,0.9998857975006104
117,10,0.4850004315376282,0.4062689542770386,-0.16906626522541046,0.9999284148216248
117,11,0.5088236331939697,0.4608333706855774,-0.028926381841301918,0.9999147653579712
117,12,0.45207780599594116,0.4569632112979889,-0.123183473944664,0.9999558925628662
117,13,0.5205250978469849,0.5374169945716858,0.01647672988474369,0.9048795104026794
117,14,0.44170433282852173,0.5526606440544128,-0.12761619687080383,0.9941937327384949
117,15,0.5276271104812622,0.6055943965911865,-0.04892457649111748,0.9625625610351562
117,16,0.4503838121891022,0.6325898766517639,-0.17150750756263733,0.9846155643463135
117,17,0.5305840969085693,0.630047619342804,-0.06709964573383331,0.9429606795310974
117,18,0.449937105178833,0.6606749892234802,-0.19492551684379578,0.9709823727607727
117,19,0.5273639559745789,0.6288897395133972,-0.09086393564939499,0.9467645287513733
117,20,0.4568507671356201,0.6576237678527832,-0.20890894532203674,0.9698625206947327
117,21,0.5246312022209167,0.6195369958877563,-0.060086291283369064,0.9377588629722595
117,22,0.458132266998291,0.6479636430740356,-0.17727138102054596,0.9574012756347656
117,23,0.495443195104599,0.6372138261795044,0.035233136266469955,0.9995140433311462
117,24,0.4648343622684479,0.6399677991867065,-0.03529895469546318,0.9996208548545837
117,25,0.49079909920692444,0.7390913963317871,0.11783786118030548,0.9519051909446716
117,26,0.455680787563324,0.7467493414878845,0.01904914900660515,0.990996778011322
117,27,0.4880954623222351,0.8348556756973267,0.23334555327892303,0.966037929058075
117,28,0.45175701379776,0.8527774214744568,0.12371398508548737,0.9894236922264099
117,29,0.48283761739730835,0.8488907814025879,0.24159522354602814,0.949130117893219
117,30,0.4497672915458679,0.8648921251296997,0.13067805767059326,0.9144585132598877
117,31,0.5100405812263489,0.8658439517021179,0.18879756331443787,0.9737598896026611
117,32,0.4598103165626526,0.8959684371948242,0.0581330731511116,0.9823796153068542
118,0,0.48986777663230896,0.39173173904418945,-0.18642601370811462,0.9998951554298401
118,1,0.4894721508026123,0.3809727430343628,-0.17517808079719543,0.9997199177742004
118,2,0.4907194972038269,0.3809247314929962,-0.17517349123954773,0.9996928572654724
118,3,0.49189814925193787,0.3808753490447998,-0.17514249682426453,0.9996947646141052
118,4,0.484305202960968,0.3814529776573181,-0.18423470854759216,0.9997730255126953
118,5,0.481731116771698,0.38192176818847656,-0.18424496054649353,0.9997439980506897
118,6,0.478830486536026,0.3825213611125946,-0.18426690995693207,0.9997093677520752
118,7,0.48997169733047485,0.3867180645465851,-0.09942791610956192,0.9993292689323425
118,8,0.47118669748306274,0.38980868458747864,-0.14178067445755005,0.9996375441551208
118,9,0.49165597558021545,0.40420934557914734,-0.1570291817188263,0.9998922944068909
118,10,0.4858309328556061,0.4062698781490326,-0.16924743354320526,0.999932587146759
118,11,0.5093157887458801,0.460238516330719,-0.029702480882406235,0.9999181032180786
118,12,0.4520553946495056,0.4569332003593445,-0.1255030632019043,0.9999570846557617
118,13,0.5215181112289429,0.5372341871261597,0.01682155393064022,0.9099823832511902
118,14,0.4417684078216553,0.5513099431991577,-0.12845566868782043,0.9943327307701111
118,15,0.5286116600036621,0.605759859085083,-0.04731052368879318,0.9649358987808228
118,16,0.45039382576942444,0.6319350600242615,-0.16999465227127075,0.984841525554657
118,17,0.5312187671661377,0.6302115321159363,-0.06511305272579193,0.9460865259170532
118,18,0.4499806761741638,0.6600509881973267,-0.1929992288351059,0.9712868332862854
118,19,0.5276352167129517,0.6290484666824341,-0.08954953402280807,0.9497230648994446
118,20,0.45691031217575073,0.6565766334533691,-0.2075560986995697,0.9702239632606506
118,21,0.5251123309135437,0.6200065016746521,-0.0586300790309906,0.9411001205444336
118,22,0.45815443992614746,0.6471556425094604,-0.1759662926197052,0.9579916000366211
118,23,0.49610933661460876,0.6369001865386963,0.034994229674339294,0.999534547328949
118,24,0.46505555510520935,0.6393939256668091,-0.03504978492856026,0.9996448755264282
118,25,0.4915982186794281,0.7390528917312622,0.11950027942657471,0.9538882374763489
118,26,0.45573878288269043,0.7458353042602539,0.010104610584676266,0.9915557503700256
118,27,0.4882887303829193,0.8349474668502808,0.2393096387386322,0.9678646922111511
118,28,0.4517454206943512,0.8527793288230896,0.1078200489282608,0.9899507164955139
118,29,0.4829433560371399,0.8489631414413452,0.24803213775157928,0.9509949684143066
118,30,0.44979992508888245,0.8650522828102112,0.11392456293106079,0.9165109395980835
118,31,0.5101950764656067,0.8664399981498718,0.19545140862464905,0.9748759865760803
118,32,0.4597870707511902,0.8963512182235718,0.03969668224453926,0.9830291867256165
119,0,0.48989948630332947,0.3919285237789154,-0.19518864154815674,0.9999030232429504
119,1,0.48963481187820435,0.3811534345149994,-0.1841021627187729,0.9997390508651733
119,2,0.49095672369003296,0.38111573457717896,-0.18409313261508942,0.9997134804725647
119,3,0.49221768975257874,0.38109418749809265,-0.18405601382255554,0.9997128844261169
119,4,0.48434513807296753,0.38158559799194336,-0.19131293892860413,0.9997889399528503
119,5,0.481779009103775,0.3820517361164093,-0.1913231909275055,0.999763011932373
119,6,0.4788190424442291,0.38265320658683777,-0.19134056568145752,0.9997307062149048
119,7,0.490800678730011,0.38706740736961365,-0.10656611621379852,0.9993637800216675
119,8,0.47121867537498474,0.38995110988616943,-0.14313142001628876,0.9996650218963623
119,9,0.491837739944458,0.4045916199684143,-0.16490136086940765,0.9998990893363953
119,10,0.48581451177597046,0.40659835934638977,-0.17477932572364807,0.9999369978904724
119,11,0.5101438164710999,0.4601672291755676,-0.035942841321229935,0.9999220967292786
119,12,0.4521557688713074,0.45690473914146423,-0.12148723751306534,0.9999585747718811
119,13,0.5223681926727295,0.5372559428215027,0.010797237977385521,0.9155307412147522
119,14,0.441780149936676,0.5506802201271057,-0.11921987682580948,0.9944226741790771
119,15,0.5292478799819946,0.6057538986206055,-0.05791700631380081,0.9673319458961487
119,16,0.4504266679286957,0.63188236951828,-0.16569627821445465,0.984984278678894
119,17,0.5312747955322266,0.6301806569099426,-0.0771813914179802,0.9493447542190552
119,18,0.4497905671596527,0.660046398639679,-0.18856440484523773,0.9714334607124329
119,19,0.5274361371994019,0.629027247428894,-0.10162637382745743,0.9527780413627625
119,20,0.4568321108818054,0.6565085053443909,-0.20432710647583008,0.9704396724700928
119,21,0.5250763893127441,0.6199986338615417,-0.06914520263671875,0.9445329904556274
119,22,0.45819997787475586,0.6471633911132812,-0.17223162949085236,0.958551287651062
119,23,0.49687686562538147,0.636873185634613,0.03260624781250954,0.9995550513267517
119,24,0.46534886956214905,0.6389957070350647,-0.03265787288546562,0.9996664524078369
119,25,0.49234265089035034,0.7391552329063416,0.11735930293798447,0.9558661580085754
119,26,0.45579761266708374,0.7452380061149597,0.01308482326567173,0.992031991481781
119,27,0.48845380544662476,0.8351394534111023,0.23583698272705078,0.9695509076118469
119,28,0.4516914486885071,0.8527625799179077,0.11511172354221344,0.9903618693351746
119,29,0.4830319881439209,0.8489466309547424,0.24425144493579865,0.9524149894714355
119,30,0.44980645179748535,0.8650221824645996,0.12163230031728745,0.9179073572158813
119,31,0.5102389454841614,0.8668979406356812,0.18930593132972717,0.9758610129356384
119,32,0.4597519040107727,0.8965383768081665,0.04727441444993019,0.9834941625595093
120,0,0.489877849817276,0.3919479250907898,-0.1917853057384491,0.999910831451416
120,1,0.48965731263160706,0.3811698853969574,-0.18144485354423523,0.9997586011886597
120,2,0.49100595712661743,0.38113102316856384,-0.1814272701740265,0.9997348189353943
120,3,0.4923134744167328,0.3811045289039612,-0.18138541281223297,0.9997326731681824
120,4,0.4843571186065674,0.3815974295139313,-0.18739446997642517,0.9998050332069397
120,5,0.4817700982093811,0.38206031918525696,-0.18740442395210266,0.9997819662094116
120,6,0.4788018763065338,0.3826576769351959,-0.18741393089294434,0.9997519850730896
120,7,0.4911941587924957,0.38711822032928467,-0.10610251128673553,0.999405562877655
120,8,0.4712584614753723,0.38997820019721985,-0.13888996839523315,0.9996922612190247
120,9,0.4919511675834656,0.4047723412513733,-0.1624750792980194,0.9999065399169922
120,10,0.4858151078224182,0.40670084953308105,-0.17102032899856567,0.9999416470527649
120,11,0.5108161568641663,0.46018680930137634,-0.035980455577373505,0.9999259114265442
120,12,0.4521652162075043,0.45689746737480164,-0.11591821908950806,0.9999603629112244
120,13,0.5231685042381287,0.5372656583786011,0.011040233075618744,0.9209365844726562
120,14,0.44178104400634766,0.5502845644950867,-0.11232409626245499,0.9945330023765564
120,15,0.5300078988075256,0.6058833003044128,-0.051518745720386505,0.9695463180541992
120,16,0.4503801763057709,0.6314617991447449,-0.15536239743232727,0.9851284623146057
120,17,0.5316253900527954,0.6301794648170471,-0.06867392361164093,0.9523372650146484
120,18,0.4491775929927826,0.6597825288772583,-0.17684775590896606,0.9715442061424255
120,19,0.5276113152503967,0.6289989948272705,-0.09270340949296951,0.9555803537368774
120,20,0.4562912881374359,0.6561774611473083,-0.19209332764148712,0.9706090092658997
120,21,0.5254298448562622,0.6201186180114746,-0.06230388209223747,0.9477144479751587
120,22,0.4581047594547272,0.6468979120254517,-0.16171790659427643,0.9590763449668884
120,23,0.49746984243392944,0.6367341876029968,0.030638912692666054,0.9995745420455933
120,24,0.4657045304775238,0.638525664806366,-0.030689934268593788,0.9996870756149292
120,25,0.49268215894699097,0.7392949461936951,0.11004801094532013,0.9580033421516418
120,26,0.4557821750640869,0.7450997829437256,0.010582717135548592,0.9924994111061096
120,27,0.48851409554481506,0.8353623151779175,0.2211388796567917,0.9712154269218445
120,28,0.45162433385849,0.8528293967247009,0.10433109849691391,0.9907883405685425
120,29,0.4830336570739746,0.84905606508255,0.2288862019777298,0.953846275806427
120,30,0.44981247186660767,0.8651697039604187,0.10996992886066437,0.9193891882896423
120,31,0.5102335810661316,0.8673193454742432,0.17486511170864105,0.9768314361572266
120,32,0.4597015976905823,0.8968172073364258,0.036431945860385895,0.983991801738739
121,0,0.48985910415649414,0.3920966386795044,-0.19278225302696228,0.9999173283576965
121,1,0.4896480143070221,0.38124293088912964,-0.18241964280605316,0.9997742176055908
121,2,0.4910063147544861,0.381214439868927,-0.18240492045879364,0.9997520446777344
121,3,0.49234431982040405,0.3812049329280853,-0.18236680328845978,0.9997479915618896
121,4,0.4843519330024719,0.38168054819107056,-0.18821248412132263,0.9998177886009216
121,5,0.4817585051059723,0.38215526938438416,-0.18822258710861206,0.9997972846031189
121,6,0.47879213094711304,0.38279640674591064,-0.18823322653770447,0.9997689127922058
121,7,0.49142974615097046,0.38728031516075134,-0.10716582834720612,0.9994367361068726
121,8,0.47128790616989136,0.3901866376399994,-0.1395663022994995,0.9997139573097229
121,9,0.4920162558555603,0.4050673246383667,-0.16336794197559357,0.9999122023582458
121,10,0.48580965399742126,0.4069656431674957,-0.17140744626522064,0.9999451041221619
121,11,0.5112661123275757,0.4602035880088806,-0.03838620334863663,0.9999293684959412
121,12,0.4522852301597595,0.456889271736145,-0.11448515951633453,0.9999614953994751
121,13,0.5236446857452393,0.537680447101593,0.007773123681545258,0.9259845018386841
121,14,0.44174322485923767,0.5501853823661804,-0.11002669483423233,0.9945378303527832
121,15,0.5306680202484131,0.6065536141395569,-0.055701352655887604,0.9716067910194397
121,16,0.45009031891822815,0.6314781904220581,-0.153781920671463,0.9849558472633362
121,17,0.5321844816207886,0.6305655241012573,-0.07318753004074097,0.9551594257354736
121,18,0.4485852122306824,0.659818708896637,-0.17536915838718414,0.9710828065872192
121,19,0.5279993414878845,0.6291843056678772,-0.09780081361532211,0.9582306742668152
121,20,0.4554569125175476,0.6563420295715332,-0.19105912744998932,0.9702134728431702
121,21,0.5258966088294983,0.6206139326095581,-0.06665895134210587,0.9507124423980713
121,22,0.4575202465057373,0.6471347212791443,-0.16038347780704498,0.9588778018951416
121,23,0.4978078007698059,0.6367046236991882,0.029186517000198364,0.9995918869972229
121,24,0.4656834006309509,0.6383531093597412,-0.029234206303954124,0.9997062087059021
121,25,0.49287277460098267,0.7399258017539978,0.1097247451543808,0.9602107405662537
121,26,0.45578670501708984,0.7450643181800842,0.010610973462462425,0.9929531812667847
121,27,0.4886319041252136,0.8354328870773315,0.22395530343055725,0.972850501537323
121,28,0.45162272453308105,0.8528627753257751,0.10565704107284546,0.991218090057373
121,29,0.4832831025123596,0.8490594029426575,0.23204489052295685,0.9551775455474854
121,30,0.44994038343429565,0.8652684688568115,0.11137710511684418,0.9209746718406677
121,31,0.5102362632751465,0.867449939250946,0.17726477980613708,0.9777821898460388
121,32,0.4594147205352783,0.8968064785003662,0.036206986755132675,0.9845031499862671
122,0,0.4898444712162018,0.39219385385513306,-0.19852511584758759,0.999923825263977
122,1,0.489631325006485,0.3812556862831116,-0.18795441091060638,0.999790608882904
122,2,0.49099254608154297,0.38122761249542236,-0.1879432499408722,0.9997699856758118
122,3,0.49238213896751404,0.3812182545661926,-0.18790706992149353,0.9997649788856506
122,4,0.484322726726532,0.3817164897918701,-0.1929219365119934,0.999830961227417
122,5,0.48164767026901245,0.38221126794815063,-0.1929333657026291,0.9998125433921814
122,6,0.4787313938140869,0.3828914761543274,-0.1929497867822647,0.9997860789299011
122,7,0.4918704926967621,0.38729313015937805,-0.11191259324550629,0.9994717240333557
122,8,0.4712976813316345,0.3903447389602661,-0.14027440547943115,0.9997354745864868
122,9,0.4920433461666107,0.40527233481407166,-0.16884687542915344,0.9999182820320129
122,10,0.48579272627830505,0.40727725625038147,-0.1756993681192398,0.9999487996101379
122,11,0.5120143294334412,0.460360586643219,-0.043388765305280685,0.9999330043792725
122,12,0.4523831903934479,0.4569425880908966,-0.11450829356908798,0.9999629855155945
122,13,0.5239262580871582,0.5399771928787231,-0.00023973954375833273,0.930619478225708
122,14,0.4417206645011902,0.5501891374588013,-0.11021707952022552,0.9944621324539185
122,15,0.5319469571113586,0.6081975102424622,-0.06904453039169312,0.9734935760498047
122,16,0.4496806561946869,0.6315256953239441,-0.1566956788301468,0.9846103191375732
122,17,0.5333291888237,0.6329115629196167,-0.08808326721191406,0.9578180313110352
122,18,0.44789329171180725,0.6603479385375977,-0.17869123816490173,0.9704256057739258
122,19,0.5293204188346863,0.6313356757164001,-0.11271350085735321,0.9607241749763489
122,20,0.4547477662563324,0.6568198800086975,-0.19473788142204285,0.969628632068634
122,21,0.5272995233535767,0.6229078769683838,-0.08025107532739639,0.953524649143219
122,22,0.457003653049469,0.6476853489875793,-0.16351525485515594,0.9584594368934631
122,23,0.4979304373264313,0.6369930505752563,0.02871880494058132,0.9996083378791809
122,24,0.4656587541103363,0.6384881734848022,-0.02877260372042656,0.9997233152389526
122,25,0.49290257692337036,0.7408589124679565,0.11059439182281494,0.9619803428649902
122,26,0.4558265805244446,0.7450710535049438,0.012036149390041828,0.9933603405952454
122,27,0.4886370301246643,0.8355705142021179,0.22493624687194824,0.9742365479469299
122,28,0.45157432556152344,0.8529028296470642,0.11304905265569687,0.9915500283241272
122,29,0.48328787088394165,0.8490808010101318,0.23304656147956848,0.9563078284263611
122,30,0.4499431252479553,0.8654266595840454,0.11945322901010513,0.922041654586792
122,31,0.5102320909500122,0.8677483201026917,0.17983625829219818,0.978557288646698
122,32,0.4594024121761322,0.8968167901039124,0.04510458558797836,0.9848382472991943
123,0,0.4898455739021301,0.3925708830356598,-0.20413458347320557,0.9999297857284546
123,1,0.48969516158103943,0.38135239481925964,-0.19385389983654022,0.9998053908348083
123,2,0.49106264114379883,0.38130682706832886,-0.19383858144283295,0.9997860193252563
123,3,0.492499440908432,0.3812880516052246,-0.19380047917366028,0.999779999256134
123,4,0.4843648076057434,0.3818538784980774,-0.19862563908100128,0.999843180179596
123,5,0.4816528856754303,0.3823543190956116,-0.19863952696323395,0.9998266696929932
123,6,0.47873789072036743,0.3830685615539551,-0.19865694642066956,0.9998020529747009
123,7,0.4921255111694336,0.38731274008750916,-0.11913184821605682,0.9995031356811523
123,8,0.471358060836792,0.39050382375717163,-0.14306485652923584,0.9997552037239075
123,9,0.4920816421508789,0.40576857328414917,-0.1748986393213272,0.999923825263977
123,10,0.4858008325099945,0.4077398478984833,-0.1815774142742157,0.9999522566795349
123,11,0.5123962759971619,0.46046018600463867,-0.052408915013074875,0.9999356865882874
123,12,0.45244431495666504,0.4570261538028717,-0.11645378172397614,0.9999640583992004
123,13,0.5241116881370544,0.5416675806045532,-0.008096141740679741,0.9353103041648865
123,14,0.4417453408241272,0.5512988567352295,-0.11231975257396698,0.9944202303886414
123,15,0.5325316786766052,0.6095759272575378,-0.0737927109003067,0.9753606915473938
123,16,0.4495145380496979,0.6326980590820312,-0.15879949927330017,0.984341025352478
123,17,0.5342699289321899,0.634856641292572,-0.09256677329540253,0.9604684114456177
123,18,0.44778531789779663,0.6621132493019104,-0.18070974946022034,0.9699184894561768
123,19,0.5305670499801636,0.6335896253585815,-0.11653914302587509,0.963204562664032
123,20,0.45465946197509766,0.6593537926673889,-0.19674761593341827,0.9691846966743469
123,21,0.5283955931663513,0.6248666644096375,-0.08465349674224854,0.9563530683517456
123,22,0.45693716406822205,0.6506347060203552,-0.1655835658311844,0.9582746028900146
123,23,0.4981866478919983,0.6377342939376831,0.026432311162352562,0.9996194243431091
123,24,0.4657447338104248,0.6393085718154907,-0.026487553492188454,0.9997378587722778
123,25,0.492899090051651,0.7411417365074158,0.11114255338907242,0.9639855623245239
123,26,0.45585864782333374,0.7455506920814514,0.020091740414500237,0.9937476515769958
123,27,0.4885885715484619,0.8355010151863098,0.23003697395324707,0.9755770564079285
123,28,0.45144516229629517,0.8531323671340942,0.1228112131357193,0.991884708404541
123,29,0.4832760691642761,0.8489075303077698,0.23889246582984924,0.9575883746147156
123,30,0.44994616508483887,0.8656264543533325,0.12932629883289337,0.9236592650413513
123,31,0.5100577473640442,0.867641031742096,0.18444719910621643,0.9792691469192505
123,32,0.45876044034957886,0.8969699144363403,0.05428541824221611,0.9851171374320984
124,0,0.48983603715896606,0.3929121196269989,-0.21367105841636658,0.9999344944953918
124,1,0.48968705534935,0.3814014494419098,-0.20358021557331085,0.9998162984848022
124,2,0.4910550117492676,0.38134482502937317,-0.20356476306915283,0.9997979998588562
124,3,0.4925003945827484,0.38131746649742126,-0.20352892577648163,0.9997907280921936
124,4,0.4843594431877136,0.3819285035133362,-0.2088690549135208,0.9998522400856018
124,5,0.48161977529525757,0.3824285864830017,-0.20889000594615936,0.9998376965522766
124,6,0.478689968585968,0.3831588625907898,-0.20891062915325165,0.9998144507408142
124,7,0.49212774634361267,0.3873244524002075,-0.12849624454975128,0.9995248317718506
124,8,0.47134262323379517,0.39060264825820923,-0.1544373482465744,0.9997708201408386
124,9,0.4920700490474701,0.4062350392341614,-0.18414489924907684,0.9999278783798218
124,10,0.4857902526855469,0.40832045674324036,-0.19155104458332062,0.9999547004699707
124,11,0.5124273896217346,0.46050500869750977,-0.05969330668449402,0.9999368786811829
124,12,0.452420175075531,0.4575614929199219,-0.12280158698558807,0.9999646544456482
124,13,0.5240098237991333,0.5430276393890381,-0.012888370081782341,0.9390627145767212
124,14,0.44183579087257385,0.5533373951911926,-0.11352594196796417,0.994458019733429
124,15,0.5325397849082947,0.6124269962310791,-0.07586272805929184,0.9767992496490479
124,16,0.44902801513671875,0.6342352032661438,-0.16246959567070007,0.984322190284729
124,17,0.5351532101631165,0.6378760933876038,-0.09390722960233688,0.9623875617980957
124,18,0.4470859169960022,0.6634837985038757,-0.183855339884758,0.9697320461273193
124,19,0.5317977666854858,0.6374943852424622,-0.11801794916391373,0.9650192260742188
124,20,0.4539394974708557,0.661104142665863,-0.20088700950145721,0.9690405130386353
124,21,0.529224693775177,0.6293030977249146,-0.08685146272182465,0.9584208130836487
124,22,0.456295907497406,0.6529300212860107,-0.1698492467403412,0.9584013223648071
124,23,0.49843859672546387,0.6380037665367126,0.026069143787026405,0.9996261596679688
124,24,0.46592336893081665,0.6397644281387329,-0.026124289259314537,0.9997460246086121
124,25,0.49296173453330994,0.74141526222229,0.11026182025671005,0.9654114246368408
124,26,0.4558442533016205,0.7457068562507629,0.031113609671592712,0.994024395942688
124,27,0.48853063583374023,0.8355809450149536,0.22976037859916687,0.9765236377716064
124,28,0.4513775706291199,0.8532012701034546,0.14738282561302185,0.9920915961265564
124,29,0.4830065667629242,0.8490560054779053,0.23855993151664734,0.9582663774490356
124,30,0.44995084404945374,0.8656011819839478,0.15540830790996552,0.9244599342346191
124,31,0.5100656747817993,0.8676157593727112,0.18329742550849915,0.9797649383544922
124,32,0.45866960287094116,0.8969987034797668,0.08100145310163498,0.9852254390716553
125,0,0.4898168444633484,0.39304062724113464,-0.21304002404212952,0.9999393820762634
125,1,0.4896945059299469,0.38148418068885803,-0.20287004113197327,0.9998283386230469
125,2,0.49111008644104004,0.38142332434654236,-0.20285198092460632,0.9998112916946411
125,3,0.49261823296546936,0.38139262795448303,-0.2028120756149292,0.9998030066490173
125,4,0.4843214154243469,0.3820449113845825,-0.20824889838695526,0.9998620748519897
125,5,0.4814985394477844,0.3825737535953522,-0.20826956629753113,0.9998493790626526
125,6,0.47852954268455505,0.38336434960365295,-0.20828580856323242,0.9998275637626648
125,7,0.4925076961517334,0.3873465955257416,-0.1276252567768097,0.9995512366294861
125,8,0.4713364541530609,0.3909286856651306,-0.15438003838062286,0.999787449836731
125,9,0.4920977056026459,0.4063566327095032,-0.18349097669124603,0.9999324083328247
125,10,0.4857679307460785,0.40855488181114197,-0.19106923043727875,0.9999575018882751
125,11,0.5128998160362244,0.46062809228897095,-0.0582771971821785,0.9999387860298157
125,12,0.45244717597961426,0.4576174318790436,-0.12287598848342896,0.9999660849571228
125,13,0.5240135192871094,0.5436445474624634,-0.009758269414305687,0.9426581263542175
125,14,0.4419962763786316,0.5544910430908203,-0.11474635452032089,0.9945713877677917
125,15,0.5322108268737793,0.6142046451568604,-0.07246521860361099,0.9781268239021301
125,16,0.44846439361572266,0.6349357962608337,-0.16204367578029633,0.9845571517944336
125,17,0.5350720286369324,0.6396198272705078,-0.09089620411396027,0.9641624093055725
125,18,0.4464029371738434,0.6637012958526611,-0.1833334118127823,0.9700120091438293
125,19,0.5317959189414978,0.639139711856842,-0.11478158086538315,0.9666891694068909
125,20,0.4531494081020355,0.6611833572387695,-0.20012183487415314,0.9693713784217834
125,21,0.5290635228157043,0.6309208273887634,-0.08347035199403763,0.9603391289710999
125,22,0.4555343985557556,0.6532756686210632,-0.16930721700191498,0.9590813517570496
125,23,0.4989212453365326,0.6380753517150879,0.025784378871321678,0.9996368885040283
125,24,0.466055303812027,0.6398597955703735,-0.025842677801847458,0.9997568726539612
125,25,0.4933294653892517,0.7413079738616943,0.10841991752386093,0.9668470025062561
125,26,0.4558425843715668,0.7458040714263916,0.029108818620443344,0.994305431842804
125,27,0.4885297417640686,0.835571825504303,0.22671937942504883,0.9774847626686096
125,28,0.4513477385044098,0.8532198667526245,0.14146926999092102,0.9923076033592224
125,29,0.48300185799598694,0.8491040468215942,0.23523452877998352,0.9589459896087646
125,30,0.4499994218349457,0.8655847907066345,0.14902722835540771,0.925207257270813
125,31,0.5100634694099426,0.8675850629806519,0.17908072471618652,0.9802945256233215
125,32,0.4586765170097351,0.8970233201980591,0.07485897839069366,0.9854065775871277
126,0,0.4897436499595642,0.3933553397655487,-0.21072742342948914,0.9999438524246216
126,1,0.489685595035553,0.38156527280807495,-0.19971542060375214,0.9998393058776855
126,2,0.4911053776741028,0.38149234652519226,-0.1997038722038269,0.9998236298561096
126,3,0.49261274933815,0.3814513683319092,-0.19967226684093475,0.999814510345459
126,4,0.4842376112937927,0.3822166323661804,-0.20778098702430725,0.9998708963394165
126,5,0.4813348650932312,0.3828273415565491,-0.20779547095298767,0.9998597502708435
126,6,0.4783920645713806,0.3836657702922821,-0.20782437920570374,0.999839186668396
126,7,0.49254173040390015,0.3873831033706665,-0.12377116829156876,0.9995762705802917
126,8,0.47131338715553284,0.39128783345222473,-0.1495237946510315,0.9998022317886353
126,9,0.49209165573120117,0.40680286288261414,-0.18064157664775848,0.9999366998672485
126,10,0.4856225848197937,0.40908369421958923,-0.18990319967269897,0.9999601244926453
126,11,0.5136256217956543,0.4606514871120453,-0.0556197389960289,0.9999415874481201
126,12,0.4524330496788025,0.45809081196784973,-0.11585386842489243,0.999967634677887
126,13,0.5239461064338684,0.5437799096107483,-0.009965741075575352,0.9463160037994385
126,14,0.44210943579673767,0.5561710000038147,-0.10490725934505463,0.9946457743644714
126,15,0.5314507484436035,0.6160656809806824,-0.07453840970993042,0.9794822335243225
126,16,0.44773921370506287,0.6354094743728638,-0.1501828134059906,0.9847297072410583
126,17,0.535037636756897,0.6411139369010925,-0.0927368700504303,0.9660781621932983
126,18,0.445870965719223,0.6637668013572693,-0.17079372704029083,0.970199465751648
126,19,0.5315032601356506,0.6404646635055542,-0.11682586371898651,0.9684826135635376
126,20,0.45211467146873474,0.6612393856048584,-0.18775184452533722,0.9696372151374817
126,21,0.5282639265060425,0.6320525407791138,-0.08555831760168076,0.9624049663543701
126,22,0.45456257462501526,0.6535581350326538,-0.15753425657749176,0.959712564945221
126,23,0.49954113364219666,0.6380549669265747,0.024393340572714806,0.9996465444564819
126,24,0.46624404191970825,0.6398661732673645,-0.024446668103337288,0.9997687339782715
126,25,0.4940517842769623,0.7403154373168945,0.10229858011007309,0.9685090780258179
126,26,0.45595067739486694,0.7457559108734131,0.018187357112765312,0.994576632976532
126,27,0.48859962821006775,0.8354775905609131,0.2173270285129547,0.9785367250442505
126,28,0.4513247013092041,0.8534004092216492,0.1169252023100853,0.9925428628921509
126,29,0.4830244183540344,0.8490980267524719,0.22538578510284424,0.9595707058906555
126,30,0.4500192701816559,0.8656696081161499,0.12283587455749512,0.9258912205696106
126,31,0.5100933313369751,0.867516815662384,0.16818742454051971,0.980880081653595
126,32,0.458737850189209,0.8972938656806946,0.046548761427402496,0.9856671690940857
127,0,0.48958516120910645,0.3933650553226471,-0.2110472470521927,0.9999477863311768
127,1,0.48966073989868164,0.3815813660621643,-0.20045499503612518,0.9998491406440735
127,2,0.49109965562820435,0.3815098702907562,-0.20044681429862976,0.9998348355293274
127,3,0.49262720346450806,0.38147011399269104,-0.20040912926197052,0.9998249411582947
127,4,0.48402872681617737,0.3822411894798279,-0.2064986228942871,0.9998784065246582
127,5,0.48097723722457886,0.38289162516593933,-0.20651745796203613,0.9998688101768494
127,6,0.4780462682247162,0.38379064202308655,-0.20653991401195526,0.9998491406440735
127,7,0.49273592233657837,0.38737499713897705,-0.12438976764678955,0.9995974898338318
127,8,0.4711938500404358,0.3914724886417389,-0.14962798357009888,0.999815046787262
127,9,0.4920831620693207,0.4067971408367157,-0.18109722435474396,0.9999405145645142
127,10,0.485381543636322,0.4091137647628784,-0.18898120522499084,0.9999625086784363
127,11,0.5143452882766724,0.4603000283241272,-0.05666135996580124,0.9999449849128723
127,12,0.4524213373661041,0.4581250846385956,-0.11618836224079132,0.9999691247940063
127,13,0.5241833329200745,0.5437251329421997,-0.014175157062709332,0.949881374835968
127,14,0.44212213158607483,0.5574780702590942,-0.10595832020044327,0.9946914315223694
127,15,0.530166745185852,0.616449236869812,-0.08486010134220123,0.9808546304702759
127,16,0.44679468870162964,0.6361059546470642,-0.1532282531261444,0.9847922921180725
127,17,0.5337480902671814,0.640825629234314,-0.10452128946781158,0.9681018590927124
127,18,0.44524550437927246,0.6638199687004089,-0.17443588376045227,0.9702627658843994
127,19,0.5291661024093628,0.6398637890815735,-0.12817886471748352,0.9703680276870728
127,20,0.4513482451438904,0.6613330245018005,-0.19126883149147034,0.9698041677474976
127,21,0.5261470079421997,0.6314886808395386,-0.0956403985619545,0.9645664691925049
127,22,0.4537279009819031,0.6537960171699524,-0.1605178564786911,0.960205614566803
127,23,0.5000333189964294,0.6376381516456604,0.02491210214793682,0.9996599555015564
127,24,0.46653738617897034,0.6395173668861389,-0.024965280666947365,0.9997811317443848
127,25,0.49462780356407166,0.7397493124008179,0.10359740257263184,0.9695461392402649
127,26,0.4564293324947357,0.7450498938560486,0.005320462863892317,0.9947829842567444
127,27,0.48868411779403687,0.8347340226173401,0.22170019149780273,0.9793034195899963
127,28,0.45132189989089966,0.853080689907074,0.09908569604158401,0.9926401972770691
127,29,0.4830551743507385,0.8482716679573059,0.2298765927553177,0.9598375558853149
127,30,0.44992929697036743,0.8649393916130066,0.10455264896154404,0.9251892566680908
127,31,0.5101537108421326,0.8667046427726746,0.17044425010681152,0.9812489151954651
127,32,0.45887917280197144,0.8972811102867126,0.02663598023355007,0.9857370853424072
128,0,0.48946085572242737,0.39343202114105225,-0.20928561687469482,0.9999515414237976
128,1,0.4896273612976074,0.38183915615081787,-0.19853843748569489,0.9998586773872375
128,2,0.4910895824432373,0.38177773356437683,-0.19852957129478455,0.999845564365387
128,3,0.492622435092926,0.3817318379878998,-0.19849252700805664,0.999835193157196
128,4,0.48391789197921753,0.38255995512008667,-0.20548629760742188,0.9998860955238342
128,5,0.4808444082736969,0.3832985758781433,-0.2054980993270874,0.9998778700828552
128,6,0.47794562578201294,0.38420674204826355,-0.20552273094654083,0.9998593330383301
128,7,0.49276766180992126,0.3875173032283783,-0.1234685629606247,0.9996194243431091
128,8,0.47119036316871643,0.3920844495296478,-0.1471703201532364,0.9998279213905334
128,9,0.4920787215232849,0.40684378147125244,-0.1793384552001953,0.9999442100524902
128,10,0.48525652289390564,0.4091533124446869,-0.18888017535209656,0.9999648332595825
128,11,0.5152097940444946,0.45983362197875977,-0.057324402034282684,0.9999477863311768
128,12,0.4524116516113281,0.45821383595466614,-0.11247418820858002,0.9999707937240601
128,13,0.5253756046295166,0.5431166887283325,-0.015018997713923454,0.9531434178352356
128,14,0.4421177804470062,0.5574416518211365,-0.1000208631157875,0.9948017001152039
128,15,0.5295813083648682,0.6162492632865906,-0.08181416243314743,0.9819428324699402
128,16,0.4460034966468811,0.635615348815918,-0.1452585905790329,0.9849530458450317
128,17,0.5322587490081787,0.6404715180397034,-0.10041683912277222,0.9696089029312134
128,18,0.4444597363471985,0.6628057956695557,-0.16483554244041443,0.9704231023788452
128,19,0.5270265936851501,0.6397521495819092,-0.12363383919000626,0.9717694520950317
128,20,0.4505217969417572,0.6604546308517456,-0.182088702917099,0.9700509905815125
128,21,0.5245954394340515,0.631162703037262,-0.0922580435872078,0.9661664366722107
128,22,0.4527694284915924,0.6531205773353577,-0.15257880091667175,0.9607818126678467
128,23,0.5007604956626892,0.6373476386070251,0.02453550323843956,0.9996700286865234
128,24,0.46690601110458374,0.6389300227165222,-0.02459345944225788,0.9997915625572205
128,25,0.495098352432251,0.7392098307609558,0.09795830398797989,0.9707157611846924
128,26,0.4573136866092682,0.7439932823181152,0.0031890731770545244,0.9949837923049927
128,27,0.4888375401496887,0.8345509767532349,0.206732839345932,0.9801186919212341
128,28,0.45137709379196167,0.852963924407959,0.09194255620241165,0.9927412867546082
128,29,0.483120858669281,0.8479435443878174,0.21416175365447998,0.9603140950202942
128,30,0.449932336807251,0.864622950553894,0.09698793292045593,0.9245440363883972
128,31,0.5102167725563049,0.8666909337043762,0.15811456739902496,0.9816803932189941
128,32,0.45895153284072876,0.8973312973976135,0.02165764570236206,0.9857826232910156
129,0,0.4892667829990387,0.39411598443984985,-0.20834466814994812,0.9999556541442871
129,1,0.48950377106666565,0.3826267123222351,-0.19746696949005127,0.9998704791069031
129,2,0.4910059869289398,0.38245582580566406,-0.19745798408985138,0.999858558177948
129,3,0.49257946014404297,0.3822917938232422,-0.19742144644260406,0.9998486638069153
129,4,0.48372507095336914,0.38365262746810913,-0.20534315705299377,0.9998955130577087
129,5,0.4806864857673645,0.38450783491134644,-0.2053598165512085,0.9998882412910461
129,6,0.47780314087867737,0.38549068570137024,-0.20537185668945312,0.9998711347579956
129,7,0.4927908480167389,0.3876735270023346,-0.12293094396591187,0.9996498823165894
129,8,0.4711860120296478,0.39361900091171265,-0.14509209990501404,0.9998427033424377
129,9,0.4919992983341217,0.40728288888931274,-0.17833885550498962,0.9999488592147827
129,10,0.4851166307926178,0.409538596868515,-0.18783961236476898,0.9999677538871765
129,11,0.5160924196243286,0.4591221809387207,-0.05779643729329109,0.9999517202377319
129,12,0.4524235129356384,0.45891478657722473,-0.11211042106151581,0.9999728202819824
129,13,0.52666836977005,0.5428475141525269,-0.02066471055150032,0.9565101861953735
129,14,0.44174107909202576,0.5573640465736389,-0.10117514431476593,0.9949747920036316
129,15,0.5289375185966492,0.6162694692611694,-0.09086667746305466,0.9831923842430115
129,16,0.4447745680809021,0.6335498690605164,-0.14624854922294617,0.9852436184883118
129,17,0.5293153524398804,0.640277087688446,-0.11072192341089249,0.9715059399604797
129,18,0.44388332962989807,0.6611554026603699,-0.1659865379333496,0.9708678722381592
129,19,0.5245941877365112,0.6377310752868652,-0.13207754492759705,0.9735170602798462
129,20,0.44951575994491577,0.6588379144668579,-0.18291227519512177,0.9705610275268555
129,21,0.5228739976882935,0.6299520134925842,-0.10042575746774673,0.968158483505249
129,22,0.4516323506832123,0.6515195369720459,-0.1533714234828949,0.9616500735282898
129,23,0.5011923313140869,0.6369240283966064,0.02464057132601738,0.9996880292892456
129,24,0.4670948386192322,0.6381205320358276,-0.024691427126526833,0.9998053908348083
129,25,0.4954914450645447,0.7388967871665955,0.0999901071190834,0.9714288115501404
129,26,0.45807480812072754,0.7428653240203857,-0.00442716758698225,0.9951708316802979
129,27,0.4888392984867096,0.8345262408256531,0.2071894109249115,0.980873703956604
129,28,0.4514633119106293,0.8529679775238037,0.07554025202989578,0.9928748607635498
129,29,0.483035147190094,0.8479428887367249,0.21460478007793427,0.9610960483551025
129,30,0.44993606209754944,0.8646602034568787,0.07994489371776581,0.9242036938667297
129,31,0.5103652477264404,0.8667437434196472,0.1616603136062622,0.9820950031280518
129,32,0.4590727686882019,0.8985690474510193,0.006252610124647617,0.9858920574188232
130,0,0.4888710379600525,0.3951740264892578,-0.21416489779949188,0.9999595284461975
130,1,0.4891299605369568,0.3834835886955261,-0.2047046422958374,0.9998816847801208
130,2,0.4906279146671295,0.38319095969200134,-0.2046860158443451,0.999870777130127
130,3,0.49222326278686523,0.38285496830940247,-0.2046463042497635,0.9998615384101868
130,4,0.48313769698143005,0.38503775000572205,-0.2086470127105713,0.9999045729637146
130,5,0.48020458221435547,0.3860417604446411,-0.208669513463974,0.9998980164527893
130,6,0.4774227738380432,0.38729941844940186,-0.20867571234703064,0.9998824596405029
130,7,0.49277257919311523,0.3878844380378723,-0.1322626769542694,0.9996792078018188
130,8,0.47116050124168396,0.39539098739624023,-0.14755187928676605,0.9998566508293152
130,9,0.4918152391910553,0.40782082080841064,-0.1853613704442978,0.9999532699584961
130,10,0.4847950041294098,0.41007742285728455,-0.19072024524211884,0.999970555305481
130,11,0.5168716907501221,0.45829254388809204,-0.06979753077030182,0.9999553561210632
130,12,0.45252281427383423,0.4596102833747864,-0.11313603818416595,0.9999747276306152
130,13,0.5275164246559143,0.5423835515975952,-0.038131408393383026,0.9597500562667847
130,14,0.4411501884460449,0.5573543310165405,-0.1023852676153183,0.9951177835464478
130,15,0.5269110798835754,0.6156452298164368,-0.11033838987350464,0.9842819571495056
130,16,0.4445844292640686,0.6322640776634216,-0.1485028862953186,0.9852036833763123
130,17,0.5251282453536987,0.6387996077537537,-0.13170675933361053,0.9731079339981079
130,18,0.4439612030982971,0.6586165428161621,-0.16861529648303986,0.9706266522407532
130,19,0.5208486318588257,0.6346405148506165,-0.15195295214653015,0.9749780893325806
130,20,0.4496248662471771,0.6559818387031555,-0.18511053919792175,0.9703708291053772
130,21,0.5198737382888794,0.6273475885391235,-0.11930222809314728,0.9697847366333008
130,22,0.4515482485294342,0.6489132642745972,-0.15548405051231384,0.9616531133651733
130,23,0.5020326972007751,0.6358938813209534,0.024274926632642746,0.9997020363807678
130,24,0.4676286578178406,0.6367557644844055,-0.02433403581380844,0.9998178482055664
130,25,0.4955228865146637,0.7396583557128906,0.09976868331432343,0.972122311592102
130,26,0.45918354392051697,0.7424942255020142,-0.00396965816617012,0.9953587651252747
130,27,0.4888336658477783,0.8345420956611633,0.2069815844297409,0.9815241098403931
130,28,0.4517661929130554,0.8529806137084961,0.0761708915233612,0.992993175983429
130,29,0.4830155372619629,0.8479824662208557,0.2145046889781952,0.9616478681564331
130,30,0.45034852623939514,0.8647404313087463,0.08063452690839767,0.9236369729042053
130,31,0.5102308988571167,0.8667595982551575,0.16165456175804138,0.9824512004852295
130,32,0.45933008193969727,0.8986730575561523,0.006895538419485092,0.9859562516212463
131,0,0.48831790685653687,0.3968428671360016,-0.21209409832954407,0.9999629259109497
131,1,0.48863548040390015,0.38503798842430115,-0.202416330575943,0.9998915791511536
131,2,0.49022889137268066,0.3846214711666107,-0.20239976048469543,0.9998816251754761
131,3,0.4917791485786438,0.38418707251548767,-0.20236007869243622,0.9998728632926941
131,4,0.48244935274124146,0.3871386647224426,-0.20742782950401306,0.9999125599861145
131,5,0.47970032691955566,0.3884131610393524,-0.20744621753692627,0.9999067187309265
131,6,0.47706684470176697,0.3899223208427429,-0.20746266841888428,0.99989253282547
131,7,0.49276089668273926,0.38870689272880554,-0.12946537137031555,0.9997045993804932
131,8,0.47115373611450195,0.39783787727355957,-0.14518669247627258,0.9998691082000732
131,9,0.4916592538356781,0.4088349938392639,-0.183188796043396,0.9999570846557617
131,10,0.48441243171691895,0.411354660987854,-0.18981397151947021,0.9999729990959167
131,11,0.5177363157272339,0.4580010175704956,-0.06549261510372162,0.999958336353302
131,12,0.4525606036186218,0.46119606494903564,-0.10953366756439209,0.9999765157699585
131,13,0.5294815897941589,0.5415879487991333,-0.030113348737359047,0.962057888507843
131,14,0.43892234563827515,0.5533677339553833,-0.09626355022192001,0.995211124420166
131,15,0.524363100528717,0.6119565963745117,-0.09915131330490112,0.9847625494003296
131,16,0.44430476427078247,0.6231629252433777,-0.1408965289592743,0.9845924377441406
131,17,0.521219789981842,0.6353984475135803,-0.11925923824310303,0.9736520051956177
131,18,0.44406017661094666,0.6501718163490295,-0.1590714007616043,0.9693527817726135
131,19,0.5168002843856812,0.6294273138046265,-0.13986529409885406,0.9754133820533752
131,20,0.449798583984375,0.6459143757820129,-0.1739007532596588,0.9691184163093567
131,21,0.5163818597793579,0.6221341490745544,-0.10818785429000854,0.9700979590415955
131,22,0.45156121253967285,0.6370648145675659,-0.1469632387161255,0.9602804780006409
131,23,0.5025781393051147,0.6333014369010925,0.024388816207647324,0.9997128844261169
131,24,0.46831411123275757,0.6323717832565308,-0.024445410817861557,0.9998310208320618
131,25,0.49554958939552307,0.7394804954528809,0.09528040140867233,0.9714977741241455
131,26,0.4612129330635071,0.7404177188873291,-0.039841894060373306,0.9954651594161987
131,27,0.48881596326828003,0.8346729874610901,0.1981918066740036,0.9819537997245789
131,28,0.45281681418418884,0.8529719114303589,0.013423584401607513,0.9930787682533264
131,29,0.48270076513290405,0.848348081111908,0.20509329438209534,0.9616280198097229
131,30,0.45148569345474243,0.8647006750106812,0.014915935695171356,0.9216869473457336
131,31,0.5097459554672241,0.867146372795105,0.15374872088432312,0.9824796915054321
131,32,0.4598332345485687,0.899431586265564,-0.061778753995895386,0.9860163927078247
132,0,0.4881892204284668,0.40202099084854126,-0.22559699416160583,0.9999656677246094
132,1,0.488356351852417,0.3896379768848419,-0.21742179989814758,0.9998999238014221
132,2,0.48991823196411133,0.3889106810092926,-0.21739253401756287,0.9998907446861267
132,3,0.491403192281723,0.3881582021713257,-0.2173616588115692,0.9998824000358582
132,4,0.48233017325401306,0.39268413186073303,-0.2194032371044159,0.9999193549156189
132,5,0.4796873927116394,0.3939366638660431,-0.21943406760692596,0.9999140501022339
132,6,0.4770672917366028,0.395476371049881,-0.2194375991821289,0.9999011158943176
132,7,0.4926742911338806,0.3920601010322571,-0.14648039638996124,0.9997275471687317
132,8,0.4712212085723877,0.40327149629592896,-0.155635267496109,0.9998797178268433
132,9,0.49165254831314087,0.41326549649238586,-0.19717925786972046,0.9999603033065796
132,10,0.48443907499313354,0.4163013994693756,-0.20016121864318848,0.9999749660491943
132,11,0.5190726518630981,0.45801714062690735,-0.08254138380289078,0.9999610781669617
132,12,0.4526996612548828,0.4632061719894409,-0.11064127832651138,0.9999778270721436
132,13,0.5326617360115051,0.5397565960884094,-0.04264919087290764,0.9649304747581482
132,14,0.4342675805091858,0.5449308753013611,-0.09375394880771637,0.995286226272583
132,15,0.5224960446357727,0.6050466299057007,-0.10329282283782959,0.9853519797325134
132,16,0.44356441497802734,0.6156008243560791,-0.13477107882499695,0.9832117557525635
132,17,0.5191762447357178,0.6276720762252808,-0.12231060117483139,0.9742138981819153
132,18,0.44425034523010254,0.6401342153549194,-0.1516055315732956,0.9660255312919617
132,19,0.5144298672676086,0.6199372410774231,-0.14076846837997437,0.9758584499359131
132,20,0.44984525442123413,0.6332391500473022,-0.1655353307723999,0.9657843708992004
132,21,0.5141093730926514,0.6127434968948364,-0.110681913793087,0.9703380465507507
132,22,0.45151153206825256,0.6254286170005798,-0.14041447639465332,0.9564721584320068
132,23,0.5034737586975098,0.6315253973007202,0.021357476711273193,0.9997172355651855
132,24,0.46881571412086487,0.629690945148468,-0.021412169560790062,0.9998408555984497
132,25,0.49643778800964355,0.737758994102478,0.07981610298156738,0.9709056615829468
132,26,0.4625549912452698,0.7373810410499573,-0.03322216123342514,0.9953834414482117
132,27,0.4887465536594391,0.8348305821418762,0.1802295595407486,0.9819724559783936
132,28,0.4550839066505432,0.8521356582641602,0.03132643923163414,0.9929238557815552
132,29,0.48248642683029175,0.8489560484886169,0.18690505623817444,0.9607450366020203
132,30,0.4546454846858978,0.8646627068519592,0.0341457799077034,0.9187233448028564
132,31,0.5079892873764038,0.8670257329940796,0.13172070682048798,0.9819839596748352
132,32,0.4599934220314026,0.8989444375038147,-0.04199270159006119,0.9856038093566895
133,0,0.48724842071533203,0.40717196464538574,-0.22352464497089386,0.9999644756317139
133,1,0.48722878098487854,0.3947659730911255,-0.2147330343723297,0.999897837638855
133,2,0.4888802170753479,0.39371463656425476,-0.2146800458431244,0.9998887777328491
133,3,0.49048981070518494,0.3926352560520172,-0.21460886299610138,0.9998784065246582
133,4,0.48146605491638184,0.39803001284599304,-0.2140403538942337,0.9999194741249084
133,5,0.4789907932281494,0.39945369958877563,-0.21409526467323303,0.9999150037765503
133,6,0.47657856345176697,0.4009176790714264,-0.2141025960445404,0.9999028444290161
133,7,0.49221235513687134,0.3958519399166107,-0.1396407186985016,0.9997166991233826
133,8,0.47126078605651855,0.4075261354446411,-0.14346787333488464,0.9998829960823059
133,9,0.4914933145046234,0.4176156222820282,-0.19694983959197998,0.9999586939811707
133,10,0.4841085970401764,0.4206814169883728,-0.1920178234577179,0.99997478723526
133,11,0.5195335745811462,0.4580426812171936,-0.07460818439722061,0.9999621510505676
133,12,0.45304006338119507,0.4669518768787384,-0.09800853580236435,0.99997878074646
133,13,0.5362497568130493,0.534398078918457,-0.03851417824625969,0.9671911597251892
133,14,0.42857789993286133,0.5366387367248535,-0.08383767306804657,0.9951702356338501
133,15,0.5202689170837402,0.5965415239334106,-0.09896475076675415,0.9848675727844238
133,16,0.4436716139316559,0.6029588580131531,-0.1313290297985077,0.9804172515869141
133,17,0.5169321298599243,0.6175943613052368,-0.1179528459906578,0.9728759527206421
133,18,0.4457924962043762,0.6278098821640015,-0.14856798946857452,0.9600276350975037
133,19,0.5121633410453796,0.6093147397041321,-0.13857032358646393,0.9744307398796082
133,20,0.45084062218666077,0.6195117831230164,-0.15991634130477905,0.9596113562583923
133,21,0.5118078589439392,0.6030279994010925,-0.1065642461180687,0.9679578542709351
133,22,0.45153385400772095,0.6119040846824646,-0.1358199566602707,0.948986828327179
133,23,0.5042154788970947,0.6301611661911011,0.02141430415213108,0.9996925592422485
133,24,0.46956509351730347,0.6267573833465576,-0.021445859223604202,0.9998433589935303
133,25,0.498649537563324,0.7316495180130005,0.06256391108036041,0.965754508972168
133,26,0.467233806848526,0.7189031839370728,-0.09462233632802963,0.9948698282241821
133,27,0.4886585772037506,0.8347922563552856,0.14593522250652313,0.9797689318656921
133,28,0.4569774270057678,0.8374873399734497,-0.05817067623138428,0.9924357533454895
133,29,0.48205631971359253,0.8497331142425537,0.15047934651374817,0.9572728276252747
133,30,0.4569106101989746,0.8514745831489563,-0.05827024579048157,0.9141430258750916
133,31,0.5079779028892517,0.8656684756278992,0.0949593111872673,0.9789727330207825
133,32,0.45923399925231934,0.8789046406745911,-0.1399030238389969,0.9847879409790039
134,0,0.4869750142097473,0.4110366404056549,-0.21359607577323914,0.99994957447052
134,1,0.4866737723350525,0.398855984210968,-0.20519885420799255,0.9998454451560974
134,2,0.48828524351119995,0.3977733552455902,-0.2051829993724823,0.9998286962509155
134,3,0.48991674184799194,0.3966369330883026,-0.2051902711391449,0.9998108148574829
134,4,0.4810759127140045,0.40212950110435486,-0.20603644847869873,0.9998881816864014
134,5,0.47862687706947327,0.4035467505455017,-0.2060946673154831,0.9998868107795715
134,6,0.4762662351131439,0.40495774149894714,-0.20610404014587402,0.9998765587806702
134,7,0.49156227707862854,0.39949658513069153,-0.1318807601928711,0.9995561838150024
134,8,0.47125548124313354,0.41100645065307617,-0.1405075043439865,0.9998670816421509
134,9,0.49139079451560974,0.4211019277572632,-0.1850357949733734,0.999941885471344
134,10,0.484022319316864,0.42422956228256226,-0.18469272553920746,0.9999664425849915
134,11,0.5192661285400391,0.45791587233543396,-0.06667990982532501,0.9999631643295288
134,12,0.45297035574913025,0.4701332449913025,-0.09970808029174805,0.9999783635139465
134,13,0.5409448742866516,0.5214906930923462,-0.03435475751757622,0.9689254760742188
134,14,0.42456260323524475,0.528791606426239,-0.08888114988803864,0.995273768901825
134,15,0.5200119614601135,0.57887202501297,-0.09586548805236816,0.9842134714126587
134,16,0.44375109672546387,0.5860999822616577,-0.1461399644613266,0.9788869619369507
134,17,0.515422523021698,0.5993121862411499,-0.11379162222146988,0.9707836508750916
134,18,0.4476650357246399,0.6086234450340271,-0.16421391069889069,0.9555209279060364
134,19,0.510083019733429,0.5925744771957397,-0.12425098568201065,0.9722785949707031
134,20,0.45257291197776794,0.6026419997215271,-0.16291360557079315,0.9547798037528992
134,21,0.5104034543037415,0.5863375067710876,-0.09909479320049286,0.9648527503013611
134,22,0.4521830677986145,0.5960298180580139,-0.14711789786815643,0.94310063123703
134,23,0.5055424571037292,0.6266393661499023,0.021265897899866104,0.9996917247772217
134,24,0.47030943632125854,0.6222951412200928,-0.021275531500577927,0.9998425245285034
134,25,0.5013433694839478,0.7302930355072021,0.02273200824856758,0.9627803564071655
134,26,0.47164231538772583,0.7036305069923401,-0.1262187510728836,0.9943967461585999
134,27,0.4886710047721863,0.8361756205558777,0.11706963926553726,0.97785484790802
134,28,0.4592924118041992,0.8044558167457581,-0.02603067085146904,0.9902437329292297
134,29,0.4817546010017395,0.8524128198623657,0.12313006073236465,0.9518188834190369
134,30,0.45849546790122986,0.8118569254875183,-0.018417583778500557,0.9067139625549316
134,31,0.507876992225647,0.8653385639190674,0.06933927536010742,0.9760885834693909
134,32,0.45924097299575806,0.8499436974525452,-0.08206163346767426,0.982329249382019
135,0,0.48613280057907104,0.4177071154117584,-0.21323701739311218,0.9999288320541382
135,1,0.48590001463890076,0.40575501322746277,-0.20466753840446472,0.9997866153717041
135,2,0.48764529824256897,0.4046803414821625,-0.20465442538261414,0.9997625350952148
135,3,0.4893260896205902,0.4033969044685364,-0.20466025173664093,0.9997395277023315
135,4,0.48013585805892944,0.40849652886390686,-0.20660030841827393,0.9998452663421631
135,5,0.4777611792087555,0.40962862968444824,-0.20665355026721954,0.9998431205749512
135,6,0.4753202497959137,0.4110800325870514,-0.20666798949241638,0.9998341798782349
135,7,0.49104055762290955,0.4045524597167969,-0.13165120780467987,0.9993937611579895
135,8,0.4707179665565491,0.4163109362125397,-0.14143957197666168,0.9998410940170288
135,9,0.49085384607315063,0.42718836665153503,-0.18435198068618774,0.9999262094497681
135,10,0.4833855628967285,0.43131908774375916,-0.1848180592060089,0.9999538064002991
135,11,0.519128680229187,0.457478791475296,-0.06024843454360962,0.9999645352363586
135,12,0.45284098386764526,0.471676766872406,-0.10037010908126831,0.9999744296073914
135,13,0.5444556474685669,0.5118564367294312,-0.03205220773816109,0.9707217812538147
135,14,0.4196864664554596,0.5220330953598022,-0.09050915390253067,0.9955260157585144
135,15,0.5192709565162659,0.5667942762374878,-0.10283513367176056,0.9839107990264893
135,16,0.4435129165649414,0.5753682255744934,-0.13727812469005585,0.9771852493286133
135,17,0.5136850476264954,0.5856755375862122,-0.12317690998315811,0.969372034072876
135,18,0.44911980628967285,0.5946820378303528,-0.15467602014541626,0.9496683478355408
135,19,0.5083276629447937,0.5791852474212646,-0.132330983877182,0.9708557724952698
135,20,0.4536682665348053,0.5875765085220337,-0.16054657101631165,0.9485723376274109
135,21,0.5089937448501587,0.5730776190757751,-0.10673880577087402,0.9624863266944885
135,22,0.4524807035923004,0.5807466506958008,-0.13917389512062073,0.9358265995979309
135,23,0.5062907934188843,0.624756395816803,0.02157370001077652,0.9997038841247559
135,24,0.47112053632736206,0.62083500623703,-0.021589817479252815,0.9998247027397156
135,25,0.5027512311935425,0.7307265996932983,0.004335841629654169,0.9615519046783447
135,26,0.4725331664085388,0.7117847800254822,-0.07953788340091705,0.9935504198074341
135,27,0.48868146538734436,0.8362197875976562,0.10380806028842926,0.9760875701904297
135,28,0.4608754515647888,0.7846541404724121,0.1262408345937729,0.9801798462867737
135,29,0.48146095871925354,0.8528084754943848,0.11123026907444,0.9473398327827454
135,30,0.4594142436981201,0.7873689532279968,0.1437266767024994,0.8824326395988464
135,31,0.5073283314704895,0.8653208613395691,0.05917653441429138,0.9740486145019531
135,32,0.4591086804866791,0.8362565040588379,0.10546958446502686,0.9703241586685181
136,0,0.4847956597805023,0.42288631200790405,-0.21340441703796387,0.9999217987060547
136,1,0.4848482608795166,0.41074198484420776,-0.20498502254486084,0.9997649788856506
136,2,0.4867092967033386,0.40949708223342896,-0.20497921109199524,0.9997382164001465
136,3,0.4883914887905121,0.40828555822372437,-0.20499244332313538,0.9997131824493408
136,4,0.47885507345199585,0.41427749395370483,-0.20689153671264648,0.9998253583908081
136,5,0.476477712392807,0.41574305295944214,-0.20694079995155334,0.9998215436935425
136,6,0.4740152359008789,0.4171580374240875,-0.20695272088050842,0.999815046787262
136,7,0.4902400076389313,0.4083234965801239,-0.1311074048280716,0.99934983253479
136,8,0.4699048101902008,0.42078080773353577,-0.14007218182086945,0.999835729598999
136,9,0.4898780286312103,0.43188828229904175,-0.18382760882377625,0.9999229907989502
136,10,0.48211994767189026,0.43654000759124756,-0.18484067916870117,0.99994957447052
136,11,0.5188794732093811,0.45738980174064636,-0.06026877835392952,0.9999672174453735
136,12,0.4527347683906555,0.47212350368499756,-0.09101776778697968,0.9999740123748779
136,13,0.547400176525116,0.5069673657417297,-0.054382793605327606,0.9728286862373352
136,14,0.41833987832069397,0.5207650661468506,-0.08251593261957169,0.9957419633865356
136,15,0.5182870626449585,0.5592381358146667,-0.1550130546092987,0.9842610955238342
136,16,0.4428890645503998,0.5707852244377136,-0.13305304944515228,0.9754332304000854
136,17,0.5128054022789001,0.5780787467956543,-0.1798592507839203,0.9692615866661072
136,18,0.4496179223060608,0.5892860889434814,-0.15123629570007324,0.9441269636154175
136,19,0.5071237683296204,0.5714942812919617,-0.1871347725391388,0.9706302881240845
136,20,0.454172283411026,0.5813136696815491,-0.15793254971504211,0.9427393078804016
136,21,0.5074136257171631,0.5653844475746155,-0.15875396132469177,0.961651086807251
136,22,0.45258647203445435,0.5753777623176575,-0.1351594626903534,0.9291130900382996
136,23,0.5067622065544128,0.6226605772972107,0.019496645778417587,0.9997209906578064
136,24,0.471203476190567,0.6182272434234619,-0.019505241885781288,0.9998244047164917
136,25,0.502812385559082,0.7309823632240295,0.004425491206347942,0.961086630821228
136,26,0.47328418493270874,0.7130388617515564,-0.10612638294696808,0.9935077428817749
136,27,0.4882284104824066,0.8362075090408325,0.12554499506950378,0.9753839373588562
136,28,0.4635632038116455,0.7650996446609497,0.08777575939893723,0.9705739617347717
136,29,0.4809396266937256,0.8527568578720093,0.13512340188026428,0.9433221817016602
136,30,0.4629175662994385,0.758963942527771,0.10443989187479019,0.8640078902244568
136,31,0.5069183111190796,0.8652373552322388,0.0853612944483757,0.972528874874115
136,32,0.4603995382785797,0.8145131468772888,0.07010205090045929,0.9594770073890686
137,0,0.484108030796051,0.4241034984588623,-0.21906885504722595,0.99992436170578
137,1,0.4841441512107849,0.41186341643333435,-0.20989441871643066,0.9997727274894714
137,2,0.4860498905181885,0.4104854464530945,-0.20989859104156494,0.9997478127479553
137,3,0.4876934587955475,0.4093487560749054,-0.20992334187030792,0.999723494052887
137,4,0.4779997766017914,0.4159674644470215,-0.2116958200931549,0.9998295307159424
137,5,0.4755774140357971,0.41753458976745605,-0.21173934638500214,0.9998260140419006
137,6,0.4730876386165619,0.41894564032554626,-0.2117387056350708,0.9998199939727783
137,7,0.4894903302192688,0.40931642055511475,-0.13120244443416595,0.9993770718574524
137,8,0.4691310524940491,0.42206883430480957,-0.14059391617774963,0.9998447299003601
137,9,0.48927879333496094,0.43304282426834106,-0.1869100034236908,0.9999263286590576
137,10,0.48148107528686523,0.43834105134010315,-0.18862126767635345,0.9999507665634155
137,11,0.5184796452522278,0.4572671353816986,-0.06025948002934456,0.9999700784683228
137,12,0.4527260363101959,0.4729500710964203,-0.08952946960926056,0.9999747276306152
137,13,0.5485271215438843,0.5053650140762329,-0.06358350813388824,0.9748356342315674
137,14,0.4186304211616516,0.5204899907112122,-0.07742640376091003,0.9959555864334106
137,15,0.5181751847267151,0.5554978847503662,-0.17602194845676422,0.9849433302879333
137,16,0.44292062520980835,0.5694522857666016,-0.1277575045824051,0.9740852117538452
137,17,0.5130335092544556,0.5741668343544006,-0.20234446227550507,0.9700048565864563
137,18,0.45008859038352966,0.5886021256446838,-0.14583545923233032,0.9396387934684753
137,19,0.5073056221008301,0.567187488079071,-0.20979604125022888,0.9712695479393005
137,20,0.4548439085483551,0.5810078382492065,-0.1530655473470688,0.9379925727844238
137,21,0.5073763132095337,0.5613374710083008,-0.1801053136587143,0.9618718028068542
137,22,0.4531821310520172,0.5748131275177002,-0.1299503594636917,0.923358678817749
137,23,0.5071994066238403,0.6213906407356262,0.019491057842969894,0.9997424483299255
137,24,0.4717656970024109,0.6163040399551392,-0.019506162032485008,0.9998342394828796
137,25,0.5031077265739441,0.7307345271110535,0.019290732219815254,0.9609251618385315
137,26,0.475210040807724,0.7117629051208496,-0.14711710810661316,0.9938554167747498
137,27,0.4882144331932068,0.8360121846199036,0.14252902567386627,0.9759140014648438
137,28,0.46488553285598755,0.7533489465713501,0.05062917619943619,0.9643921256065369
137,29,0.4809475541114807,0.8525755405426025,0.15039107203483582,0.9420681595802307
137,30,0.464229017496109,0.7460726499557495,0.07710514962673187,0.8531985878944397
137,31,0.5066882371902466,0.8652021884918213,0.08712347596883774,0.9726077318191528
137,32,0.46198564767837524,0.8078250288963318,0.04005295783281326,0.9532608389854431
138,0,0.4838608205318451,0.42375877499580383,-0.22081002593040466,0.9999201893806458
138,1,0.48356741666793823,0.41170528531074524,-0.21200044453144073,0.9997598528862
138,2,0.48536938428878784,0.41034135222435,-0.21199989318847656,0.999733567237854
138,3,0.4869198799133301,0.40902355313301086,-0.212016299366951,0.9997079968452454
138,4,0.4777083396911621,0.4153357148170471,-0.21420376002788544,0.9998175501823425
138,5,0.47530221939086914,0.4168238341808319,-0.2142513245344162,0.9998133778572083
138,6,0.47284746170043945,0.4183640778064728,-0.2142626941204071,0.9998085498809814
138,7,0.48840147256851196,0.4092124104499817,-0.13331468403339386,0.9993505477905273
138,8,0.4687689244747162,0.42199888825416565,-0.1433442234992981,0.9998434782028198
138,9,0.48877912759780884,0.43262404203414917,-0.18866899609565735,0.9999258518218994
138,10,0.48121729493141174,0.43773502111434937,-0.19125394523143768,0.9999492168426514
138,11,0.5182000398635864,0.4562198221683502,-0.06036513298749924,0.9999722838401794
138,12,0.4527226984500885,0.4736897647380829,-0.09350305795669556,0.99997478723526
138,13,0.5477941036224365,0.5063145160675049,-0.05794434994459152,0.9765859842300415
138,14,0.4192512631416321,0.5210036635398865,-0.08231603354215622,0.9961585402488708
138,15,0.5177597403526306,0.5558016300201416,-0.16141237318515778,0.9854680895805359
138,16,0.4429343640804291,0.572600245475769,-0.13143594563007355,0.9737313985824585
138,17,0.5126586556434631,0.5748968720436096,-0.1862477958202362,0.9705138206481934
138,18,0.4506832957267761,0.591623067855835,-0.14982068538665771,0.9379616379737854
138,19,0.5065387487411499,0.5681952834129333,-0.19410370290279388,0.9716602563858032
138,20,0.45553523302078247,0.5840206742286682,-0.15861299633979797,0.9361712336540222
138,21,0.506469190120697,0.5619296431541443,-0.16541053354740143,0.9619525074958801
138,22,0.4538768231868744,0.5772409439086914,-0.1345187872648239,0.9210547208786011
138,23,0.5077368021011353,0.6214949488639832,0.019705284386873245,0.9997559785842896
138,24,0.47260236740112305,0.6167157292366028,-0.019725779071450233,0.9998337030410767
138,25,0.5028691291809082,0.7307935953140259,0.009906242601573467,0.9603082537651062
138,26,0.4757528305053711,0.7127089500427246,-0.1104564219713211,0.9937735199928284
138,27,0.48801255226135254,0.8362131714820862,0.1282605528831482,0.9756138920783997
138,28,0.46560487151145935,0.7655586004257202,0.07102622091770172,0.9587067365646362
138,29,0.48084330558776855,0.8526418805122375,0.1374044269323349,0.9407190084457397
138,30,0.4649922251701355,0.7628189921379089,0.09099718183279037,0.8424537777900696
138,31,0.5066589117050171,0.8652781248092651,0.08516880869865417,0.9721032381057739
138,32,0.4641527235507965,0.815584123134613,0.055672891438007355,0.9475628137588501
139,0,0.48397669196128845,0.4221034646034241,-0.22442379593849182,0.9998978972434998
139,1,0.48369160294532776,0.41011738777160645,-0.2170499563217163,0.9997082352638245
139,2,0.4854188859462738,0.4088154137134552,-0.2170393019914627,0.9996745586395264
139,3,0.4868946671485901,0.4075005352497101,-0.21704387664794922,0.9996464252471924
139,4,0.47784385085105896,0.4134424924850464,-0.2197447270154953,0.9997744560241699
139,5,0.47538310289382935,0.4147292375564575,-0.21979007124900818,0.999767005443573
139,6,0.47288450598716736,0.41614314913749695,-0.219817116856575,0.999764084815979
139,7,0.4881412982940674,0.40809890627861023,-0.14185568690299988,0.9992285370826721
139,8,0.468805730342865,0.4203079640865326,-0.15447597205638885,0.999809980392456
139,9,0.48881441354751587,0.4312380850315094,-0.19307656586170197,0.9999155402183533
139,10,0.481636106967926,0.43593084812164307,-0.19644799828529358,0.9999401569366455
139,11,0.518119752407074,0.4537934958934784,-0.06831668317317963,0.999973475933075
139,12,0.45271724462509155,0.4741419553756714,-0.10257013142108917,0.9999718070030212
139,13,0.5460430383682251,0.508347749710083,-0.05151818320155144,0.9775823354721069
139,14,0.42068973183631897,0.5224132537841797,-0.08543509989976883,0.9962290525436401
139,15,0.5180198550224304,0.5601988434791565,-0.1426534205675125,0.9852054715156555
139,16,0.44295674562454224,0.5781059861183167,-0.1315186321735382,0.9724608063697815
139,17,0.5132927298545837,0.5796191692352295,-0.16540870070457458,0.9697785377502441
139,18,0.4509197771549225,0.5983957648277283,-0.15118345618247986,0.935016393661499
139,19,0.5071814656257629,0.5732548236846924,-0.17682814598083496,0.970863401889801
139,20,0.4557199478149414,0.5913853049278259,-0.15950624644756317,0.9332099556922913
139,21,0.507053792476654,0.5667615532875061,-0.14810265600681305,0.9606919288635254
139,22,0.4541751742362976,0.5845631957054138,-0.1352083534002304,0.91771399974823
139,23,0.5085519552230835,0.6210916042327881,0.019931932911276817,0.9997554421424866
139,24,0.4739292562007904,0.6174967885017395,-0.019956190139055252,0.9997998476028442
139,25,0.5031740665435791,0.7306278944015503,0.009778703562915325,0.9598212242126465
139,26,0.4758389890193939,0.7140935063362122,-0.02294459566473961,0.9925256967544556
139,27,0.4880802631378174,0.8359782099723816,0.11482955515384674,0.9746546149253845
139,28,0.4660569131374359,0.779147744178772,0.1504456251859665,0.9533186554908752
139,29,0.48139744997024536,0.8514900207519531,0.1224321722984314,0.937568724155426
139,30,0.464933305978775,0.7794256210327148,0.1659492701292038,0.8267107009887695
139,31,0.5064467191696167,0.8647499680519104,0.06599678099155426,0.9712031483650208
139,32,0.46546226739883423,0.8276695013046265,0.12134774774312973,0.9414229393005371
140,0,0.48431000113487244,0.420953631401062,-0.2293493002653122,0.999898374080658
140,1,0.4837768077850342,0.4090755879878998,-0.22165171802043915,0.9997138381004333
140,2,0.4855082035064697,0.40802547335624695,-0.22165504097938538,0.9996809959411621
140,3,0.4869844317436218,0.40710005164146423,-0.22166283428668976,0.9996516108512878
140,4,0.47790294885635376,0.41217389702796936,-0.22335955500602722,0.9997771382331848
140,5,0.47541937232017517,0.4134545624256134,-0.22340230643749237,0.999769926071167
140,6,0.47291651368141174,0.4148658215999603,-0.2234213650226593,0.9997673034667969
140,7,0.48820701241493225,0.407378613948822,-0.14709194004535675,0.9992529153823853
140,8,0.4688345491886139,0.4194192588329315,-0.15560808777809143,0.9998139142990112
140,9,0.4889436364173889,0.43040740489959717,-0.19852133095264435,0.999916672706604
140,10,0.4822666049003601,0.43482834100723267,-0.20067043602466583,0.9999417066574097
140,11,0.5183678865432739,0.4528874158859253,-0.07679648697376251,0.9999747276306152
140,12,0.4528496265411377,0.4742068350315094,-0.1024874895811081,0.9999722838401794
140,13,0.5440932512283325,0.5112539529800415,-0.055061280727386475,0.9784708619117737
140,14,0.42377036809921265,0.5316650867462158,-0.08503422886133194,0.9960596561431885
140,15,0.5180070996284485,0.5606153607368469,-0.13656648993492126,0.9847700595855713
140,16,0.44415730237960815,0.5903246402740479,-0.13171622157096863,0.9707433581352234
140,17,0.5135018825531006,0.5816828608512878,-0.15898658335208893,0.9687127470970154
140,18,0.45107513666152954,0.6124908924102783,-0.1515306532382965,0.9319096207618713
140,19,0.5074260830879211,0.5762501358985901,-0.1708882451057434,0.9696418046951294
140,20,0.45585164427757263,0.6032706499099731,-0.1622825562953949,0.9301726222038269
140,21,0.5073274374008179,0.5702908039093018,-0.14195376634597778,0.9589104652404785
140,22,0.45454058051109314,0.5956507921218872,-0.13679683208465576,0.9143819808959961
140,23,0.5086777806282043,0.6212263107299805,0.01955741085112095,0.9997400641441345
140,24,0.47428885102272034,0.6179800033569336,-0.019558357074856758,0.9997949600219727
140,25,0.5038951635360718,0.7281712293624878,0.016645217314362526,0.9568867087364197
140,26,0.4762434959411621,0.7108281254768372,-0.08078693598508835,0.9919964075088501
140,27,0.48803824186325073,0.8329952955245972,0.12628278136253357,0.9730178713798523
140,28,0.4666714668273926,0.7866513729095459,0.016354963183403015,0.9554674029350281
140,29,0.4814036786556244,0.8489227890968323,0.13382992148399353,0.9330131411552429
140,30,0.4652369022369385,0.8008500933647156,0.023086290806531906,0.8281362652778625
140,31,0.5063148736953735,0.8642060160636902,0.07746999710798264,0.9689657688140869
140,32,0.46558743715286255,0.8309488892555237,-0.047613922506570816,0.9437681436538696
141,0,0.4848230481147766,0.4206971824169159,-0.24552664160728455,0.9999034404754639
141,1,0.4838797450065613,0.40867477655410767,-0.23944661021232605,0.9997244477272034
141,2,0.485592782497406,0.40726158022880554,-0.23946349322795868,0.9996972680091858
141,3,0.4870661199092865,0.4060758352279663,-0.23949062824249268,0.9996683597564697
141,4,0.4781897962093353,0.41181209683418274,-0.23982283473014832,0.9997811317443848
141,5,0.47574400901794434,0.41301804780960083,-0.23988087475299835,0.9997756481170654
141,6,0.473316490650177,0.41447094082832336,-0.2399134337902069,0.9997691512107849
141,7,0.4883456826210022,0.40598374605178833,-0.1705310195684433,0.9992979168891907
141,8,0.46914559602737427,0.41915473341941833,-0.17263437807559967,0.9998145699501038
141,9,0.4893856942653656,0.4300764799118042,-0.2167814075946808,0.9999200105667114
141,10,0.48304811120033264,0.4342157542705536,-0.21729759871959686,0.9999435544013977
141,11,0.5190772414207458,0.45234522223472595,-0.10257545858621597,0.9999761581420898
141,12,0.45348992943763733,0.4739648103713989,-0.11218857765197754,0.9999725222587585
141,13,0.5376193523406982,0.5249417424201965,-0.07741895318031311,0.9798660278320312
141,14,0.4317533075809479,0.541503369808197,-0.08390738070011139,0.9960100054740906
141,15,0.5162002444267273,0.5814930200576782,-0.14281821250915527,0.985114574432373
141,16,0.44488468766212463,0.6059513688087463,-0.12721693515777588,0.9702795743942261
141,17,0.5133913159370422,0.6037572026252747,-0.16173583269119263,0.9692198038101196
141,18,0.4511079788208008,0.6315819621086121,-0.14153710007667542,0.9314578771591187
141,19,0.5073471069335938,0.5987750291824341,-0.1757585108280182,0.9700537919998169
141,20,0.45590299367904663,0.6236385703086853,-0.15456561744213104,0.9298213720321655
141,21,0.5067168474197388,0.5918062925338745,-0.14827021956443787,0.9591794013977051
141,22,0.4548218250274658,0.6143478751182556,-0.13228625059127808,0.9138007760047913
141,23,0.508499801158905,0.6137217879295349,0.01939353160560131,0.9997329115867615
141,24,0.4742201864719391,0.6122618913650513,-0.019405663013458252,0.9997953772544861
141,25,0.5040804147720337,0.7264463901519775,0.002923902589827776,0.9504780769348145
141,26,0.4816310405731201,0.7104253768920898,-0.10059573501348495,0.9913467168807983
141,27,0.4877771735191345,0.8322303891181946,0.09375003725290298,0.9707098007202148
141,28,0.4662798345088959,0.8093642592430115,-0.04195757210254669,0.9583714008331299
141,29,0.4813523292541504,0.8475639224052429,0.09863211959600449,0.9280814528465271
141,30,0.46483975648880005,0.8216823935508728,-0.04002237319946289,0.8311978578567505
141,31,0.5056798458099365,0.8641993999481201,0.04058482125401497,0.9664347767829895
141,32,0.4652765691280365,0.8489881157875061,-0.11642007529735565,0.947224497795105
142,0,0.4849104881286621,0.4187220633029938,-0.29576608538627625,0.9999101758003235
142,1,0.4840218424797058,0.4061145782470703,-0.2888548970222473,0.9997434020042419
142,2,0.48569267988204956,0.4046032726764679,-0.2888593375682831,0.999718964099884
142,3,0.4871949553489685,0.40315327048301697,-0.28886890411376953,0.9996920824050903
142,4,0.47833409905433655,0.4094916880130768,-0.2888200283050537,0.9997950196266174
142,5,0.4759051203727722,0.41076478362083435,-0.28887230157852173,0.9997891187667847
142,6,0.4735127091407776,0.41238611936569214,-0.28890460729599,0.9997820258140564
142,7,0.4885641932487488,0.4037456810474396,-0.20982661843299866,0.9993501305580139
142,8,0.46952590346336365,0.4169887900352478,-0.2103120982646942,0.9998201727867126
142,9,0.48955410718917847,0.42818683385849,-0.26290929317474365,0.9999243021011353
142,10,0.483098566532135,0.4332754909992218,-0.262965589761734,0.999946117401123
142,11,0.5194018483161926,0.4511783719062805,-0.1292591691017151,0.9999774694442749
142,12,0.4542320668697357,0.4736359119415283,-0.13851043581962585,0.9999733567237854
142,13,0.5322650074958801,0.5318797826766968,-0.09210604429244995,0.9808845520019531
142,14,0.4397754669189453,0.5526127219200134,-0.10174515098333359,0.9954653382301331
142,15,0.5163434743881226,0.6002846956253052,-0.1606138050556183,0.9853366613388062
142,16,0.44615286588668823,0.6268866062164307,-0.1544807106256485,0.9685368537902832
142,17,0.5135622620582581,0.6219173669815063,-0.18237610161304474,0.9694673418998718
142,18,0.4510778784751892,0.6525654196739197,-0.17259877920150757,0.9289352297782898
142,19,0.5076639652252197,0.6179950833320618,-0.20336540043354034,0.9703822135925293
142,20,0.4558717608451843,0.6476243138313293,-0.19288130104541779,0.9277713894844055
142,21,0.5070390701293945,0.6123256087303162,-0.1688345968723297,0.9595823884010315
142,22,0.4550851881504059,0.6383070349693298,-0.1626514047384262,0.9110881090164185
142,23,0.50851970911026,0.6139983534812927,0.018631288781762123,0.9997081160545349
142,24,0.4747287631034851,0.6141977310180664,-0.018629122525453568,0.9997940063476562
142,25,0.5039041042327881,0.7283343076705933,0.0426957830786705,0.9503476023674011
142,26,0.47979289293289185,0.7190922498703003,-0.054812587797641754,0.9914995431900024
142,27,0.48792991042137146,0.8322862386703491,0.16919882595539093,0.9704685807228088
142,28,0.46605437994003296,0.8318967223167419,0.013045556843280792,0.961406409740448
142,29,0.48125529289245605,0.8470308184623718,0.1772693246603012,0.9283567070960999
142,30,0.4652932286262512,0.8453031182289124,0.021414533257484436,0.8354113698005676
142,31,0.5053237676620483,0.8641941547393799,0.10919209569692612,0.9664509892463684
142,32,0.46530064940452576,0.8774877190589905,-0.05566581338644028,0.9505966901779175
143,0,0.4850696921348572,0.41736915707588196,-0.2897281348705292,0.9999164342880249
143,1,0.48435625433921814,0.4047548174858093,-0.28290697932243347,0.9997603297233582
143,2,0.4860249161720276,0.4032513201236725,-0.2829057574272156,0.999738335609436
143,3,0.4876408576965332,0.4017767608165741,-0.2829079329967499,0.9997133016586304
143,4,0.4786609709262848,0.4089173674583435,-0.2834870219230652,0.9998075366020203
143,5,0.47628769278526306,0.4104934632778168,-0.2835431396961212,0.9998021125793457
143,6,0.4739185869693756,0.4122666120529175,-0.2835763990879059,0.9997949600219727
143,7,0.48929452896118164,0.4026549458503723,-0.2077217549085617,0.9993935823440552
143,8,0.4702812731266022,0.4169372022151947,-0.21103470027446747,0.9998255968093872
143,9,0.4899665415287018,0.42698928713798523,-0.2586077153682709,0.9999279379844666
143,10,0.4832243025302887,0.43270546197891235,-0.2594684958457947,0.9999481439590454
143,11,0.5201915502548218,0.45130378007888794,-0.13009513914585114,0.9999775886535645
143,12,0.45553717017173767,0.4746543765068054,-0.14630690217018127,0.9999725818634033
143,13,0.5299060344696045,0.5356339812278748,-0.08840452134609222,0.9814311861991882
143,14,0.4462165832519531,0.5645123720169067,-0.11185663938522339,0.9952698945999146
143,15,0.5169059038162231,0.6099937558174133,-0.14956501126289368,0.9854475855827332
143,16,0.44630783796310425,0.6401910781860352,-0.15536490082740784,0.968890905380249
143,17,0.5153183937072754,0.6313973069190979,-0.1743336021900177,0.9695332646369934
143,18,0.45069870352745056,0.664949357509613,-0.1718798279762268,0.9298791289329529
143,19,0.5093939304351807,0.6273446679115295,-0.18811355531215668,0.9705541729927063
143,20,0.4549936354160309,0.6612906455993652,-0.19018281996250153,0.929071307182312
143,21,0.5081577301025391,0.6212827563285828,-0.15645962953567505,0.95998615026474
143,22,0.4548551142215729,0.6527873873710632,-0.16265621781349182,0.9128350019454956
143,23,0.5084320902824402,0.6153476238250732,0.01767071709036827,0.9996880292892456
143,24,0.47470593452453613,0.6143171787261963,-0.017699461430311203,0.9997841715812683
143,25,0.5037925839424133,0.72938072681427,0.03997257351875305,0.9491438865661621
143,26,0.4786813259124756,0.7235506772994995,-0.036902666091918945,0.9909873604774475
143,27,0.4879351258277893,0.8320802450180054,0.1632518321275711,0.9698567986488342
143,28,0.4662174582481384,0.8381738662719727,0.03216620907187462,0.9635010957717896
143,29,0.4812556803226471,0.8460328578948975,0.1727500557899475,0.9268820285797119
143,30,0.46541595458984375,0.8510597348213196,0.027544572949409485,0.8349282741546631
143,31,0.505105197429657,0.8642012476921082,0.10079780966043472,0.9659433364868164
143,32,0.4666050374507904,0.8830513954162598,-0.03254348784685135,0.9525861144065857
144,0,0.4853598475456238,0.41663414239883423,-0.26884788274765015,0.9999217391014099
144,1,0.48488759994506836,0.404141366481781,-0.26255786418914795,0.9997732043266296
144,2,0.4865354001522064,0.4025624990463257,-0.26255327463150024,0.9997533559799194
144,3,0.48813167214393616,0.40107643604278564,-0.26255059242248535,0.9997293949127197
144,4,0.47904857993125916,0.40887582302093506,-0.26344743371009827,0.9998167753219604
144,5,0.4767397344112396,0.41037681698799133,-0.263493150472641,0.9998118281364441
144,6,0.4744884967803955,0.4121117889881134,-0.2635185122489929,0.9998037815093994
144,7,0.49017804861068726,0.40198835730552673,-0.19046209752559662,0.9994270205497742
144,8,0.47125548124313354,0.416597843170166,-0.19507163763046265,0.9998270273208618
144,9,0.4903315603733063,0.4259098768234253,-0.2385750561952591,0.9999312162399292
144,10,0.48333603143692017,0.43208229541778564,-0.23986919224262238,0.9999498128890991
144,11,0.5211322903633118,0.45139360427856445,-0.1153368204832077,0.9999781847000122
144,12,0.4566020965576172,0.4747863709926605,-0.1351970136165619,0.9999728202819824
144,13,0.5300002098083496,0.5378710627555847,-0.07887722551822662,0.9821467399597168
144,14,0.44998201727867126,0.5674474835395813,-0.10645381361246109,0.9949172139167786
144,15,0.5184845328330994,0.6126894354820251,-0.1264185607433319,0.9859327077865601
144,16,0.44687986373901367,0.6420869827270508,-0.14905071258544922,0.968891441822052
144,17,0.5183990597724915,0.6362663507461548,-0.1441667079925537,0.9703989624977112
144,18,0.4496299624443054,0.6667742729187012,-0.16385619342327118,0.9306531548500061
144,19,0.5123238563537598,0.6330337524414062,-0.16412858664989471,0.9714699387550354
144,20,0.45386719703674316,0.664085328578949,-0.1884179711341858,0.9301617741584778
144,21,0.510495126247406,0.6274420022964478,-0.13430726528167725,0.961361289024353
144,22,0.4545556604862213,0.6557301878929138,-0.16002145409584045,0.9143122434616089
144,23,0.5085819959640503,0.619385302066803,0.016975628212094307,0.9996786713600159
144,24,0.4749948978424072,0.6195574402809143,-0.01702246442437172,0.9997842907905579
144,25,0.5036008954048157,0.7337980270385742,0.05401340872049332,0.9502912163734436
144,26,0.4785080552101135,0.7310401201248169,-0.02246934175491333,0.9911004304885864
144,27,0.48850488662719727,0.8317487239837646,0.17155759036540985,0.9702714681625366
144,28,0.46607524156570435,0.8393139243125916,0.057774364948272705,0.9658251404762268
144,29,0.48132139444351196,0.8450668454170227,0.1798773854970932,0.927883505821228
144,30,0.4651722311973572,0.8515356183052063,0.05965977907180786,0.8384413719177246
144,31,0.5046073198318481,0.8642181158065796,0.12041597068309784,0.966523289680481
144,32,0.46730154752731323,0.883743941783905,-0.01842273585498333,0.954995334148407
145,0,0.48580798506736755,0.41559740900993347,-0.2696910798549652,0.9999255537986755
145,1,0.48556262254714966,0.4032014310359955,-0.26364296674728394,0.9997827410697937
145,2,0.48718953132629395,0.40164676308631897,-0.2636396884918213,0.9997645020484924
145,3,0.48885393142700195,0.4001768231391907,-0.26363644003868103,0.9997417330741882
145,4,0.47971779108047485,0.4078439474105835,-0.26409873366355896,0.9998222589492798
145,5,0.4773945212364197,0.40948718786239624,-0.2641407251358032,0.9998167753219604
145,6,0.47511786222457886,0.41138797998428345,-0.2641695439815521,0.9998080730438232
145,7,0.49102044105529785,0.4012588858604431,-0.1900075227022171,0.9994564652442932
145,8,0.47190913558006287,0.41639167070388794,-0.19294968247413635,0.9998224973678589
145,9,0.49088817834854126,0.42459380626678467,-0.23882611095905304,0.9999332427978516
145,10,0.48363953828811646,0.4300820231437683,-0.23954729735851288,0.9999498724937439
145,11,0.521899938583374,0.45196443796157837,-0.11535082757472992,0.9999781250953674
145,12,0.45696038007736206,0.4747445285320282,-0.13115039467811584,0.9999715685844421
145,13,0.5308481454849243,0.5399460196495056,-0.07451106607913971,0.9827885627746582
145,14,0.4499496817588806,0.5642001628875732,-0.10592703521251678,0.9943017959594727
145,15,0.5201074481010437,0.612426221370697,-0.13048802316188812,0.9861136674880981
145,16,0.44771748781204224,0.6394166946411133,-0.14791074395179749,0.9678681492805481
145,17,0.5200169086456299,0.6360577940940857,-0.14903193712234497,0.9706810116767883
145,18,0.4496382772922516,0.6633371114730835,-0.16453292965888977,0.9296260476112366
145,19,0.5142394304275513,0.6324816942214966,-0.17354902625083923,0.9718282222747803
145,20,0.4539031982421875,0.6598381996154785,-0.1859513223171234,0.9294470548629761
145,21,0.5124686360359192,0.6261577606201172,-0.14026162028312683,0.9619969725608826
145,22,0.454723596572876,0.6518170237541199,-0.15698762238025665,0.9136689901351929
145,23,0.5090265870094299,0.6207945346832275,0.015139305964112282,0.9996552467346191
145,24,0.4751361906528473,0.6214619874954224,-0.015170074999332428,0.9997654557228088
145,25,0.5035730600357056,0.7347157597541809,0.050608403980731964,0.9520958662033081
145,26,0.4780596196651459,0.7311890721321106,-0.002034140285104513,0.9910948872566223
145,27,0.488417387008667,0.8317378759384155,0.16432258486747742,0.9705374836921692
145,28,0.46632570028305054,0.8398775458335876,0.10828641802072525,0.9677678346633911
145,29,0.4812502861022949,0.8444139957427979,0.17270198464393616,0.9289430379867554
145,30,0.46559983491897583,0.8506931066513062,0.11519423872232437,0.8407731652259827
145,31,0.5045017600059509,0.86417555809021,0.1116415411233902,0.967037558555603
145,32,0.4670502245426178,0.8849292397499084,0.03632190451025963,0.9568207859992981
146,0,0.48623013496398926,0.41497722268104553,-0.2692576050758362,0.999925434589386
146,1,0.4863061010837555,0.4025649130344391,-0.2630411386489868,0.9997826218605042
146,2,0.4880181849002838,0.40104031562805176,-0.2630400061607361,0.9997643828392029
146,3,0.4897820055484772,0.39965298771858215,-0.26303550601005554,0.9997408390045166
146,4,0.48035508394241333,0.40713873505592346,-0.2637680768966675,0.9998213648796082
146,5,0.4779790937900543,0.40882986783981323,-0.2638136148452759,0.9998152852058411
146,6,0.4756883680820465,0.4107944369316101,-0.26385170221328735,0.9998075366020203
146,7,0.49207544326782227,0.4010234773159027,-0.1885976791381836,0.9994577765464783
146,8,0.4725183844566345,0.41627421975135803,-0.19271527230739594,0.9998161792755127
146,9,0.49149829149246216,0.42385461926460266,-0.2380824089050293,0.9999319314956665
146,10,0.4838607907295227,0.4289233386516571,-0.23912778496742249,0.9999492764472961
146,11,0.5228568315505981,0.45250317454338074,-0.11227975785732269,0.9999764561653137
146,12,0.457061767578125,0.4738369286060333,-0.13412512838840485,0.9999718070030212
146,13,0.5310980081558228,0.5414513945579529,-0.07284516096115112,0.9821341037750244
146,14,0.44817495346069336,0.5615414381027222,-0.10981647670269012,0.9938784241676331
146,15,0.5212358236312866,0.6091883778572083,-0.13858088850975037,0.9840751886367798
146,16,0.4505558907985687,0.6330707669258118,-0.16383850574493408,0.9663159847259521
146,17,0.5211089253425598,0.6323412656784058,-0.1599683165550232,0.9674882292747498
146,18,0.4527188241481781,0.6572179198265076,-0.18443000316619873,0.9277868270874023
146,19,0.5153826475143433,0.6285209059715271,-0.18295449018478394,0.9688176512718201
146,20,0.4579058587551117,0.6526811122894287,-0.20319557189941406,0.9278196692466736
146,21,0.5135966539382935,0.6219053864479065,-0.14837810397148132,0.9586964845657349
146,22,0.45867809653282166,0.6447059512138367,-0.17176826298236847,0.9117749333381653
146,23,0.5092613697052002,0.6230568885803223,0.015474255196750164,0.999627411365509
146,24,0.47506824135780334,0.6230176091194153,-0.015509176068007946,0.9997572898864746
146,25,0.5034984350204468,0.7346636652946472,0.05259014293551445,0.9522363543510437
146,26,0.4778682589530945,0.7301234602928162,-0.01564262993633747,0.9910417795181274
146,27,0.48849207162857056,0.8314817547798157,0.1777883619070053,0.9701844453811646
146,28,0.4664072096347809,0.8366098403930664,0.09127184748649597,0.9693923592567444
146,29,0.4812888205051422,0.8437175154685974,0.186554953455925,0.928674042224884
146,30,0.46588563919067383,0.8470240235328674,0.09813298285007477,0.8434194922447205
146,31,0.504506528377533,0.8639923930168152,0.1229587197303772,0.9668323993682861
146,32,0.466907262802124,0.8824543356895447,0.019755924120545387,0.9583854079246521
147,0,0.4867583215236664,0.41469329595565796,-0.2938826084136963,0.9999275207519531
147,1,0.4869820177555084,0.4022570252418518,-0.28716227412223816,0.9997924566268921
147,2,0.48874998092651367,0.4007588326931,-0.28715628385543823,0.9997745156288147
147,3,0.49057379364967346,0.3994056284427643,-0.28716692328453064,0.9997519254684448
147,4,0.4809759557247162,0.4068181812763214,-0.28725719451904297,0.9998288750648499
147,5,0.4786006808280945,0.4085714519023895,-0.2873108685016632,0.9998221397399902
147,6,0.4763382077217102,0.4105831980705261,-0.287338525056839,0.9998157620429993
147,7,0.4930040240287781,0.4009416401386261,-0.21060308814048767,0.9994882345199585
147,8,0.4729989171028137,0.41616714000701904,-0.21155568957328796,0.999823272228241
147,9,0.4921039640903473,0.42354148626327515,-0.2623026371002197,0.9999348521232605
147,10,0.4842223525047302,0.42824825644493103,-0.2624052166938782,0.9999516010284424
147,11,0.5238455533981323,0.45516523718833923,-0.1334221214056015,0.9999759197235107
147,12,0.4570314884185791,0.47339412569999695,-0.14997868239879608,0.9999721646308899
147,13,0.5337080955505371,0.5404047966003418,-0.10497244447469711,0.9825592637062073
147,14,0.4467151165008545,0.5578119158744812,-0.1273517608642578,0.9936668872833252
147,15,0.521517276763916,0.6066609025001526,-0.18370592594146729,0.9820356369018555
147,16,0.4526634216308594,0.6241297125816345,-0.18675963580608368,0.963855504989624
147,17,0.520825982093811,0.6295060515403748,-0.20939359068870544,0.9632846713066101
147,18,0.4554448127746582,0.6478256583213806,-0.20934395492076874,0.9229608178138733
147,19,0.5152140855789185,0.6256177425384521,-0.22898848354816437,0.9646134376525879
147,20,0.46161770820617676,0.6404908299446106,-0.22643956542015076,0.9228774309158325
147,21,0.5137161016464233,0.6195732355117798,-0.19238492846488953,0.953668475151062
147,22,0.4619982838630676,0.6328489184379578,-0.19410821795463562,0.9061349630355835
147,23,0.5092379450798035,0.6242607235908508,0.014716495759785175,0.999615490436554
147,24,0.47501516342163086,0.6232946515083313,-0.014709909446537495,0.9997513294219971
147,25,0.5034684538841248,0.7333914637565613,0.04385234788060188,0.9529044032096863
147,26,0.47517305612564087,0.7294356226921082,-0.014213775284588337,0.9907689094543457
147,27,0.4885466694831848,0.8313097357749939,0.16914255917072296,0.9698861241340637
147,28,0.46648159623146057,0.8353797197341919,0.10834483057260513,0.9707805514335632
147,29,0.4813247323036194,0.8438159227371216,0.17754872143268585,0.9283753633499146
147,30,0.46720439195632935,0.8437976241111755,0.1163729876279831,0.846704363822937
147,31,0.5042099356651306,0.8639899492263794,0.11594482511281967,0.9661962389945984
147,32,0.46570926904678345,0.881219744682312,0.03348584845662117,0.9596927762031555
148,0,0.48733025789260864,0.4150976836681366,-0.2791360318660736,0.9999240636825562
148,1,0.48750385642051697,0.402602881193161,-0.2724946141242981,0.9997867345809937
148,2,0.4892300069332123,0.40111243724823,-0.27248644828796387,0.9997663497924805
148,3,0.49102216958999634,0.39973941445350647,-0.272491991519928,0.9997434020042419
148,4,0.48151105642318726,0.40708011388778687,-0.2731053829193115,0.999825119972229
148,5,0.4791802763938904,0.4087807536125183,-0.273155152797699,0.9998180866241455
148,6,0.47692543268203735,0.4106743633747101,-0.27318075299263,0.9998122453689575
148,7,0.493399441242218,0.40121227502822876,-0.19780997931957245,0.9994818568229675
148,8,0.47347959876060486,0.4160107374191284,-0.20113906264305115,0.9998205900192261
148,9,0.49254193902015686,0.423936128616333,-0.24804946780204773,0.9999337792396545
148,10,0.4847049117088318,0.42843297123908997,-0.24893589317798615,0.9999508261680603
148,11,0.5241261720657349,0.45537328720092773,-0.12152570486068726,0.9999757409095764
148,12,0.45702633261680603,0.4723896086215973,-0.14239877462387085,0.9999716877937317
148,13,0.5395500659942627,0.5360067486763,-0.09820830821990967,0.9836316108703613
148,14,0.4400663375854492,0.5440970063209534,-0.12077122926712036,0.9935569167137146
148,15,0.5219594836235046,0.5997612476348877,-0.14140282571315765,0.9820520877838135
148,16,0.4527438282966614,0.6035044193267822,-0.17326200008392334,0.9610707759857178
148,17,0.5207052230834961,0.6221387386322021,-0.16116079688072205,0.9625276923179626
148,18,0.4565597474575043,0.6262105107307434,-0.19308239221572876,0.9170070290565491
148,19,0.5150645971298218,0.6161390542984009,-0.1760873943567276,0.9637739062309265
148,20,0.46265730261802673,0.6191349625587463,-0.2086888998746872,0.9165815711021423
148,21,0.5136271119117737,0.609721839427948,-0.1469009816646576,0.9524495601654053
148,22,0.46264347434043884,0.6124022603034973,-0.17957279086112976,0.898758590221405
148,23,0.5092524290084839,0.6233961582183838,0.015016555786132812,0.9995811581611633
148,24,0.47499942779541016,0.6217716932296753,-0.015012751333415508,0.9997115731239319
148,25,0.5034743547439575,0.7282829284667969,0.029136130586266518,0.9505440592765808
148,26,0.47360220551490784,0.7247804999351501,-0.023542370647192,0.9897493720054626
148,27,0.4887939989566803,0.8313202857971191,0.127577543258667,0.9682165384292603
148,28,0.4667999744415283,0.8138042688369751,0.09062762558460236,0.9708377122879028
148,29,0.4813252091407776,0.8444798588752747,0.13316676020622253,0.9270417094230652
148,30,0.46742382645606995,0.8389802575111389,0.09847895801067352,0.846834659576416
148,31,0.504644513130188,0.86311936378479,0.06857512891292572,0.9639653563499451
148,32,0.4656214714050293,0.8552282452583313,0.02166951820254326,0.959044337272644
149,0,0.48822513222694397,0.4179414212703705,-0.26693323254585266,0.9999129772186279
149,1,0.48846548795700073,0.40509796142578125,-0.2622503638267517,0.9997650384902954
149,2,0.4902363717556,0.403584361076355,-0.26221662759780884,0.9997379183769226
149,3,0.49206218123435974,0.4020242989063263,-0.2622275650501251,0.9997138977050781
149,4,0.48232364654541016,0.4092027544975281,-0.26435860991477966,0.9998132586479187
149,5,0.47980254888534546,0.41089436411857605,-0.26442453265190125,0.9998014569282532
149,6,0.47737497091293335,0.4126461446285248,-0.2644613981246948,0.9997952580451965
149,7,0.49416786432266235,0.40277862548828125,-0.18971964716911316,0.9994150996208191
149,8,0.47365379333496094,0.41677939891815186,-0.20048341155052185,0.9998053312301636
149,9,0.49340638518333435,0.4272910952568054,-0.23523202538490295,0.9999262094497681
149,10,0.4855595529079437,0.4322023093700409,-0.23764169216156006,0.9999445080757141
149,11,0.5240011215209961,0.45537564158439636,-0.10776698589324951,0.9999752044677734
149,12,0.4570145010948181,0.47236624360084534,-0.13899005949497223,0.9999679923057556
149,13,0.5450862646102905,0.5253849029541016,-0.06624524295330048,0.9840801358222961
149,14,0.43315568566322327,0.5320484638214111,-0.12105590105056763,0.9937731027603149
149,15,0.5220595002174377,0.5835338830947876,-0.11769610643386841,0.9818367958068848
149,16,0.45273691415786743,0.5852447748184204,-0.16840514540672302,0.9599949717521667
149,17,0.520093560218811,0.6051262021064758,-0.13741959631443024,0.9616970419883728
149,18,0.45833295583724976,0.6079617142677307,-0.18726830184459686,0.9138179421424866
149,19,0.5142723917961121,0.5978540778160095,-0.15111394226551056,0.9629345536231995
149,20,0.46391797065734863,0.6025196313858032,-0.20262889564037323,0.9130765795707703
149,21,0.5134499669075012,0.591131329536438,-0.12275292724370956,0.951023519039154
149,22,0.4633132517337799,0.5960785746574402,-0.17405276000499725,0.8945855498313904
149,23,0.5095392465591431,0.6234070062637329,0.015257105231285095,0.9996033310890198
149,24,0.47514885663986206,0.621378481388092,-0.015222017653286457,0.9996968507766724
149,25,0.5039327144622803,0.7281937599182129,0.006099561229348183,0.9516844749450684
149,26,0.47292056679725647,0.7246865034103394,0.04059513285756111,0.9877312779426575
149,27,0.48880138993263245,0.8325017094612122,0.0876629427075386,0.9678435325622559
149,28,0.46666064858436584,0.7819939255714417,0.23863215744495392,0.9591934084892273
149,29,0.48077958822250366,0.8477914333343506,0.0932086929678917,0.9284695386886597
149,30,0.467384397983551,0.7887986302375793,0.2566062808036804,0.8290468454360962
149,31,0.5049086213111877,0.8631270527839661,0.03350723534822464,0.963932454586029
149,32,0.4642806053161621,0.8297876715660095,0.2153201401233673,0.9448475241661072
150,0,0.48821425437927246,0.4206814169883728,-0.24967677891254425,0.9999027848243713
150,1,0.4885326027870178,0.40783819556236267,-0.24249021708965302,0.9997280240058899
150,2,0.4903220236301422,0.4064379334449768,-0.2424836903810501,0.9996991753578186
150,3,0.49220728874206543,0.4050682783126831,-0.242512509226799,0.99967360496521
150,4,0.48230066895484924,0.4124193787574768,-0.24371644854545593,0.9997860789299011
150,5,0.47978639602661133,0.4140520691871643,-0.2437736541032791,0.9997737407684326
150,6,0.4773574471473694,0.4155540466308594,-0.24378719925880432,0.9997709393501282
150,7,0.49446097016334534,0.4053368866443634,-0.16595283150672913,0.9993283152580261
150,8,0.4736574590206146,0.41862866282463074,-0.17270800471305847,0.9997974038124084
150,9,0.4934375286102295,0.42989760637283325,-0.21768386662006378,0.9999141693115234
150,10,0.4855470061302185,0.4349203407764435,-0.2193029820919037,0.9999345541000366
150,11,0.5238805413246155,0.45532605051994324,-0.08904619514942169,0.9999764561653137
150,12,0.4571434557437897,0.4723510444164276,-0.11524288356304169,0.9999669790267944
150,13,0.5485090017318726,0.514879584312439,-0.06225962191820145,0.9849212765693665
150,14,0.4282577633857727,0.525192379951477,-0.10573072731494904,0.9939701557159424
150,15,0.5220358371734619,0.5698748826980591,-0.11886666715145111,0.9823698401451111
150,16,0.4524778425693512,0.5753551721572876,-0.1583215296268463,0.9575286507606506
150,17,0.5189611315727234,0.59003746509552,-0.13857543468475342,0.9619555473327637
150,18,0.45963072776794434,0.5929065942764282,-0.17730481922626495,0.9061330556869507
150,19,0.5129064321517944,0.5828567743301392,-0.16102316975593567,0.9631536602973938
150,20,0.46449169516563416,0.5855792164802551,-0.18367795646190643,0.9049401879310608
150,21,0.5126131176948547,0.5767396092414856,-0.12908145785331726,0.9507532715797424
150,22,0.4633079469203949,0.579556941986084,-0.16026875376701355,0.8859288096427917
150,23,0.50997394323349,0.6198227405548096,0.015442920848727226,0.9996257424354553
150,24,0.4751547873020172,0.6158264875411987,-0.015411880798637867,0.9997112154960632
150,25,0.5039219856262207,0.7282973527908325,0.01503763347864151,0.9494209289550781
150,26,0.473456472158432,0.6974095106124878,-0.14048954844474792,0.9880416393280029
150,27,0.48821449279785156,0.8333790898323059,0.11335043609142303,0.9676599502563477
150,28,0.4669627249240875,0.745563268661499,0.04822029918432236,0.9484608173370361
150,29,0.48059916496276855,0.8494947552680969,0.11716711521148682,0.9261055588722229
150,30,0.4673539996147156,0.7415775656700134,0.06821130961179733,0.8181084990501404
150,31,0.5050325989723206,0.863133430480957,0.06339491903781891,0.9626933336257935
150,32,0.46439534425735474,0.7968872785568237,0.050115298479795456,0.9341315627098083
151,0,0.4876302182674408,0.4226827919483185,-0.23469415307044983,0.9999083280563354
151,1,0.48829665780067444,0.4101334512233734,-0.22646677494049072,0.999741792678833
151,2,0.4901864528656006,0.4085489511489868,-0.22646720707416534,0.9997140169143677
151,3,0.4921688139438629,0.407230406999588,-0.22648966312408447,0.9996896982192993
151,4,0.48185959458351135,0.41454941034317017,-0.2278207242488861,0.9997974038124084
151,5,0.47942644357681274,0.41600972414016724,-0.22788389027118683,0.9997866749763489
151,6,0.47712311148643494,0.41733473539352417,-0.22789466381072998,0.9997851252555847
151,7,0.4943889081478119,0.4077082872390747,-0.14769408106803894,0.9993584752082825
151,8,0.4736440181732178,0.42041274905204773,-0.15513792634010315,0.9998129606246948
151,9,0.4931982159614563,0.4314303994178772,-0.2023497074842453,0.9999191761016846
151,10,0.48509424924850464,0.4368385374546051,-0.20428717136383057,0.9999386668205261
151,11,0.5235905647277832,0.4557342529296875,-0.07273069769144058,0.9999781847000122
151,12,0.4571341574192047,0.4724358916282654,-0.10348711907863617,0.9999690055847168
151,13,0.5492158532142639,0.5102002024650574,-0.06743402779102325,0.9855912327766418
151,14,0.4246801733970642,0.5210927724838257,-0.10547588765621185,0.9942880868911743
151,15,0.5220105648040771,0.5597648024559021,-0.1715128868818283,0.9826561808586121
151,16,0.4523797035217285,0.565316915512085,-0.1669933944940567,0.9572445750236511
151,17,0.5181367993354797,0.5794404149055481,-0.19661840796470642,0.9620872139930725
151,18,0.4592921733856201,0.5827516913414001,-0.18790078163146973,0.9039925932884216
151,19,0.5120479464530945,0.5728592872619629,-0.20550832152366638,0.9632124304771423
151,20,0.46421152353286743,0.5746306777000427,-0.19292642176151276,0.9024629592895508
151,21,0.5119690299034119,0.5670686960220337,-0.17628541588783264,0.9502062797546387
151,22,0.4630914330482483,0.568930983543396,-0.16869065165519714,0.8828437328338623
151,23,0.5101192593574524,0.6199318170547485,0.01569998264312744,0.9996570348739624
151,24,0.4751438498497009,0.6125916242599487,-0.015677589923143387,0.9997353553771973
151,25,0.5042548179626465,0.7284821271896362,0.013615238480269909,0.9508886337280273
151,26,0.4743821620941162,0.6801467537879944,-0.19438907504081726,0.9890032410621643
151,27,0.4882164001464844,0.8345762491226196,0.12363117933273315,0.9694846868515015
151,28,0.466884046792984,0.7402413487434387,-0.02130850777029991,0.9474707841873169
151,29,0.4807327687740326,0.8500143885612488,0.1298457235097885,0.9278120398521423
151,30,0.4668002128601074,0.7374764084815979,-0.0032848832197487354,0.8203119039535522
151,31,0.5059531927108765,0.8639620542526245,0.0654173195362091,0.9643131494522095
151,32,0.4643968641757965,0.7914097309112549,-0.0334131233394146,0.9342511296272278
152,0,0.4876278340816498,0.42371827363967896,-0.2285747081041336,0.9999077320098877
152,1,0.4882734417915344,0.41142043471336365,-0.22052684426307678,0.9997364282608032
152,2,0.49016016721725464,0.41008880734443665,-0.22053265571594238,0.9997078776359558
152,3,0.4921247065067291,0.40887975692749023,-0.2205594778060913,0.9996852278709412
152,4,0.48185816407203674,0.41528260707855225,-0.2218489646911621,0.9997934699058533
152,5,0.47943252325057983,0.41671139001846313,-0.22190289199352264,0.9997829794883728
152,6,0.4771140217781067,0.4180396497249603,-0.2219109833240509,0.9997842907905579
152,7,0.4943332076072693,0.40933606028556824,-0.1436135172843933,0.9993498921394348
152,8,0.47361430525779724,0.4214943051338196,-0.15082325041294098,0.999820351600647
152,9,0.4931805729866028,0.43262046575546265,-0.19692224264144897,0.9999201893806458
152,10,0.48508772253990173,0.43760278820991516,-0.19879797101020813,0.9999399185180664
152,11,0.522698163986206,0.45572429895401,-0.0740310400724411,0.9999797344207764
152,12,0.4571428894996643,0.47252827882766724,-0.09507127106189728,0.9999698400497437
152,13,0.5513689517974854,0.5067493319511414,-0.07518946379423141,0.9863778948783875
152,14,0.42228060960769653,0.517784059047699,-0.0873294547200203,0.9945764541625977
152,15,0.5218607187271118,0.5545543432235718,-0.18149332702159882,0.9832180738449097
152,16,0.4523182809352875,0.56193608045578,-0.14010514318943024,0.9560196995735168
152,17,0.5171526670455933,0.5734926462173462,-0.20688322186470032,0.9628309011459351
152,18,0.458916574716568,0.5800244808197021,-0.15873084962368011,0.8997260928153992
152,19,0.5111634731292725,0.5666131973266602,-0.21397188305854797,0.9638342261314392
152,20,0.464028924703598,0.571626603603363,-0.16417431831359863,0.8977954983711243
152,21,0.5112701654434204,0.5609607100486755,-0.18514657020568848,0.9503920674324036
152,22,0.4630770683288574,0.565952718257904,-0.14153210818767548,0.8773981928825378
152,23,0.5105649828910828,0.6192874312400818,0.015578706748783588,0.9996833205223083
152,24,0.4758231043815613,0.611607015132904,-0.01555672287940979,0.9997535347938538
152,25,0.504259467124939,0.7286001443862915,0.013928093016147614,0.9513755440711975
152,26,0.4759353697299957,0.6779495477676392,-0.17215459048748016,0.9896571636199951
152,27,0.4882170259952545,0.8348134160041809,0.12447354942560196,0.9707573652267456
152,28,0.4668363034725189,0.7338194847106934,0.00034620455699041486,0.9435595273971558
152,29,0.48092833161354065,0.8499917984008789,0.13229891657829285,0.9282101392745972
152,30,0.466726690530777,0.7297037839889526,0.018008237704634666,0.8193997740745544
152,31,0.5063948035240173,0.8643214106559753,0.0734042227268219,0.965280294418335
152,32,0.4644621014595032,0.7857286334037781,-0.012996472418308258,0.931348979473114
153,0,0.48762935400009155,0.4239546060562134,-0.22849062085151672,0.9999127984046936
153,1,0.4882534444332123,0.4116096496582031,-0.22009488940238953,0.9997496604919434
153,2,0.4901469647884369,0.4102804958820343,-0.2200966775417328,0.9997223019599915
153,3,0.4920850396156311,0.40912485122680664,-0.22011864185333252,0.9997014403343201
153,4,0.48185262084007263,0.41543781757354736,-0.22181446850299835,0.9998037815093994
153,5,0.4794282913208008,0.4169263541698456,-0.22186529636383057,0.9997937083244324
153,6,0.47710537910461426,0.4182819426059723,-0.221872478723526,0.9997958540916443
153,7,0.49429330229759216,0.4094349443912506,-0.14059719443321228,0.999380886554718
153,8,0.4735964238643646,0.4217490255832672,-0.14967676997184753,0.9998332858085632
153,9,0.49315541982650757,0.4329257011413574,-0.1958703249692917,0.9999246001243591
153,10,0.4850838780403137,0.4379289448261261,-0.19826695322990417,0.999943196773529
153,11,0.522275984287262,0.455599844455719,-0.0673176720738411,0.9999812245368958
153,12,0.457179456949234,0.47260910272598267,-0.09536174684762955,0.9999710917472839
153,13,0.5505186915397644,0.5065711140632629,-0.07242955267429352,0.986871063709259
153,14,0.4222196936607361,0.5184479355812073,-0.08649948984384537,0.9948492050170898
153,15,0.5216013193130493,0.5538052320480347,-0.17694291472434998,0.9835116863250732
153,16,0.4517783522605896,0.5653769969940186,-0.1391257345676422,0.9542705416679382
153,17,0.5165733098983765,0.5730936527252197,-0.20183375477790833,0.9631409645080566
153,18,0.45876961946487427,0.5839698910713196,-0.1575317084789276,0.894351601600647
153,19,0.5104991793632507,0.5658948421478271,-0.210017591714859,0.9640710353851318
153,20,0.4638279974460602,0.5757043361663818,-0.1647988259792328,0.8920146226882935
153,21,0.5105912089347839,0.5602003335952759,-0.18115133047103882,0.9500624537467957
153,22,0.46286541223526,0.569421112537384,-0.14136463403701782,0.8709197044372559
153,23,0.5107301473617554,0.6192262172698975,0.01589384116232395,0.9997079372406006
153,24,0.47613486647605896,0.6114695072174072,-0.015873614698648453,0.9997700452804565
153,25,0.5039869546890259,0.7294159531593323,0.009924656711518764,0.9522254467010498
153,26,0.47581952810287476,0.6860939860343933,-0.16562648117542267,0.9903303980827332
153,27,0.4882506728172302,0.835131824016571,0.11207094043493271,0.9721911549568176
153,28,0.4669373631477356,0.740096390247345,0.016671646386384964,0.9400602579116821
153,29,0.4810630679130554,0.8508850932121277,0.11952564865350723,0.9298572540283203
153,30,0.46659618616104126,0.7359887957572937,0.03498834744095802,0.8180977702140808
153,31,0.5065146088600159,0.8645171523094177,0.06501413136720657,0.9666284918785095
153,32,0.46506085991859436,0.7896437048912048,0.0035783033818006516,0.9286114573478699
154,0,0.4875781536102295,0.4238574206829071,-0.23390249907970428,0.9999104142189026
154,1,0.4882332682609558,0.4114203155040741,-0.22673282027244568,0.9997433423995972
154,2,0.49013304710388184,0.41008830070495605,-0.2267311066389084,0.9997149109840393
154,3,0.49207577109336853,0.4089420437812805,-0.2267402708530426,0.9996955394744873
154,4,0.48183488845825195,0.41507938504219055,-0.2276565581560135,0.9997982978820801
154,5,0.47942525148391724,0.4162614643573761,-0.2277033030986786,0.9997870326042175
154,6,0.4770932197570801,0.4175371825695038,-0.22770771384239197,0.9997913241386414
154,7,0.49426549673080444,0.4093257486820221,-0.1499299854040146,0.9993655681610107
154,8,0.47357377409935,0.4212709963321686,-0.15731677412986755,0.9998353123664856
154,9,0.49306684732437134,0.43286487460136414,-0.2028816044330597,0.9999244213104248
154,10,0.48500385880470276,0.437793105840683,-0.20441022515296936,0.9999420046806335
154,11,0.5222043991088867,0.45531442761421204,-0.0745360255241394,0.9999821186065674
154,12,0.45707768201828003,0.4726002514362335,-0.1010032445192337,0.9999710321426392
154,13,0.5496073961257935,0.5086374878883362,-0.06543978303670883,0.9869264960289001
154,14,0.42380842566490173,0.5204684138298035,-0.08931846916675568,0.9949851036071777
154,15,0.5215873718261719,0.5571177005767822,-0.17273208498954773,0.9827792048454285
154,16,0.45167845487594604,0.5705753564834595,-0.14115187525749207,0.9507439136505127
154,17,0.5160872340202332,0.5766538977622986,-0.1971045434474945,0.9614911079406738
154,18,0.45857080817222595,0.5899979472160339,-0.15835976600646973,0.8862124085426331
154,19,0.5099999308586121,0.569507360458374,-0.20923754572868347,0.9624209403991699
154,20,0.46364378929138184,0.5828725695610046,-0.1695290505886078,0.8835191130638123
154,21,0.5101990103721619,0.5634387731552124,-0.1782742738723755,0.9473323225975037
154,22,0.46273699402809143,0.5764397978782654,-0.14508308470249176,0.861756443977356
154,23,0.5108304619789124,0.6190712451934814,0.01756134442985058,0.999727725982666
154,24,0.47619348764419556,0.6119798421859741,-0.017549093812704086,0.9997771978378296
154,25,0.5038173794746399,0.7300288677215576,0.01131364330649376,0.9517019391059875
154,26,0.4757607877254486,0.688925564289093,-0.1365451216697693,0.9903013110160828
154,27,0.48819199204444885,0.8356437683105469,0.11806356906890869,0.9724859595298767
154,28,0.46696871519088745,0.7425073385238647,0.09807566553354263,0.9303973317146301
154,29,0.4810032248497009,0.8512760400772095,0.12433679401874542,0.9292794466018677
154,30,0.466643750667572,0.7389123439788818,0.11961773782968521,0.806414008140564
154,31,0.5065301060676575,0.8656604290008545,0.06755664199590683,0.9668996930122375
154,32,0.4650907516479492,0.7926232814788818,0.09283916652202606,0.920076847076416
155,0,0.4889066815376282,0.42169591784477234,-0.24385777115821838,0.9998924732208252
155,1,0.48861926794052124,0.40864425897598267,-0.23613694310188293,0.9997032284736633
155,2,0.4903120994567871,0.40717417001724243,-0.23611661791801453,0.9996731281280518
155,3,0.49209117889404297,0.4057803750038147,-0.23612074553966522,0.9996523857116699
155,4,0.4826958179473877,0.4123467206954956,-0.2392103374004364,0.9997678399085999
155,5,0.48033517599105835,0.413290798664093,-0.2392762452363968,0.999753475189209
155,6,0.4779452383518219,0.41448280215263367,-0.23931583762168884,0.9997566938400269
155,7,0.4941786229610443,0.4067307412624359,-0.1581999957561493,0.9992709755897522
155,8,0.47359544038772583,0.41896501183509827,-0.17334623634815216,0.9998073577880859
155,9,0.4934374690055847,0.43090346455574036,-0.21207329630851746,0.9999141097068787
155,10,0.48635774850845337,0.4356168508529663,-0.21619883179664612,0.9999306797981262
155,11,0.5221110582351685,0.4543994069099426,-0.08121372014284134,0.9999813437461853
155,12,0.45686841011047363,0.47277212142944336,-0.11990948021411896,0.9999641180038452
155,13,0.5491393804550171,0.5100597143173218,-0.057139236479997635,0.986725389957428
155,14,0.42424243688583374,0.5245187878608704,-0.09890434890985489,0.9950758218765259
155,15,0.5214993953704834,0.5606544613838196,-0.13009174168109894,0.9819700121879578
155,16,0.45163488388061523,0.578539252281189,-0.14456981420516968,0.9480851292610168
155,17,0.5159441232681274,0.5805642604827881,-0.1500340849161148,0.9598843455314636
155,18,0.458550363779068,0.6000169515609741,-0.1626727283000946,0.8806840777397156
155,19,0.5099033117294312,0.5737518072128296,-0.1640998274087906,0.9608951807022095
155,20,0.46339479088783264,0.5912253856658936,-0.1734548956155777,0.8780063986778259
155,21,0.5101803541183472,0.5675932765007019,-0.1356479972600937,0.9451828002929688
155,22,0.4623772203922272,0.5858458876609802,-0.14831838011741638,0.8557432889938354
155,23,0.5108237266540527,0.619062066078186,0.017627546563744545,0.9997355937957764
155,24,0.47632351517677307,0.6130480170249939,-0.017611270770430565,0.9997542500495911
155,25,0.503230094909668,0.730193018913269,0.007670572958886623,0.9530401825904846
155,26,0.47540998458862305,0.7146426439285278,-0.0049827308394014835,0.9886693954467773
155,27,0.4881906509399414,0.8361063599586487,0.1008828654885292,0.9721679091453552
155,28,0.46683797240257263,0.7536994814872742,0.20514197647571564,0.9111804366111755
155,29,0.4812346398830414,0.8513734340667725,0.10725186765193939,0.9272330403327942
155,30,0.4666292071342468,0.7456327676773071,0.22458049654960632,0.7730299830436707
155,31,0.506667971611023,0.8658158779144287,0.04669548198580742,0.9666510224342346
155,32,0.4652300775051117,0.797756552696228,0.18955394625663757,0.9004012942314148
156,0,0.4894431233406067,0.4162227511405945,-0.24953949451446533,0.9998903274536133
156,1,0.48881930112838745,0.4030405282974243,-0.24161946773529053,0.99970543384552
156,2,0.4904173016548157,0.40171360969543457,-0.24160254001617432,0.999675452709198
156,3,0.49210238456726074,0.40060779452323914,-0.2415998876094818,0.9996538758277893
156,4,0.48304909467697144,0.40682142972946167,-0.2439008504152298,0.9997662901878357
156,5,0.48077458143234253,0.40813568234443665,-0.2439531832933426,0.9997513890266418
156,6,0.47832751274108887,0.40970972180366516,-0.24398918449878693,0.9997543096542358
156,7,0.4941580295562744,0.402829110622406,-0.16501423716545105,0.9992851614952087
156,8,0.47364673018455505,0.41530218720436096,-0.17601695656776428,0.9998053312301636
156,9,0.4936886429786682,0.42629876732826233,-0.21830861270427704,0.9999149441719055
156,10,0.48697108030319214,0.43031200766563416,-0.22127196192741394,0.9999313354492188
156,11,0.5222928524017334,0.45419469475746155,-0.09117619693279266,0.9999814033508301
156,12,0.45686691999435425,0.4718415141105652,-0.12294022738933563,0.999963641166687
156,13,0.5460420846939087,0.5177758932113647,-0.05903133749961853,0.9866189360618591
156,14,0.42808809876441956,0.528371274471283,-0.10044100135564804,0.9949905872344971
156,15,0.521331787109375,0.5735443830490112,-0.13698068261146545,0.9814090132713318
156,16,0.4504363536834717,0.5930563807487488,-0.14825980365276337,0.947221040725708
156,17,0.5159270763397217,0.595560610294342,-0.1583397090435028,0.9590904712677002
156,18,0.455913245677948,0.6155564785003662,-0.1671624481678009,0.8797197937965393
156,19,0.5099239945411682,0.5872206091880798,-0.17192915081977844,0.9600158333778381
156,20,0.4612495005130768,0.6077753901481628,-0.1821856051683426,0.8770655989646912
156,21,0.5101706385612488,0.5810244083404541,-0.14263473451137543,0.9441067576408386
156,22,0.4603586196899414,0.600506067276001,-0.15443584322929382,0.8550827503204346
156,23,0.5106645822525024,0.6190870404243469,0.01813485473394394,0.9997344613075256
156,24,0.47631725668907166,0.6130902767181396,-0.018122704699635506,0.999745786190033
156,25,0.5032278895378113,0.7288228273391724,0.01005147397518158,0.9516321420669556
156,26,0.47502484917640686,0.7157524228096008,-0.02955438755452633,0.9879852533340454
156,27,0.4882845878601074,0.8360008001327515,0.11867980659008026,0.9709373116493225
156,28,0.4666626453399658,0.7859360575675964,0.13279876112937927,0.9141713976860046
156,29,0.48185890913009644,0.8510161638259888,0.12571194767951965,0.9243936538696289
156,30,0.4664645791053772,0.788497269153595,0.14710769057273865,0.771081268787384
156,31,0.5066400170326233,0.8655296564102173,0.05880657583475113,0.965349555015564
156,32,0.46490389108657837,0.8258143067359924,0.10094574838876724,0.9026165008544922
157,0,0.489592969417572,0.4122276306152344,-0.2746860086917877,0.9998907446861267
157,1,0.4892164170742035,0.39950963854789734,-0.26644188165664673,0.999710202217102
157,2,0.4908619821071625,0.3983539044857025,-0.266446977853775,0.999681830406189
157,3,0.49248385429382324,0.39748963713645935,-0.2664608955383301,0.9996597170829773
157,4,0.48358097672462463,0.4028072655200958,-0.268035888671875,0.9997678399085999
157,5,0.4812617897987366,0.4040507972240448,-0.2680894732475281,0.999753475189209
157,6,0.47882309556007385,0.40569815039634705,-0.26811790466308594,0.9997559785842896
157,7,0.4944162964820862,0.40042051672935486,-0.18912847340106964,0.9992993474006653
157,8,0.4742721617221832,0.4120916724205017,-0.19706150889396667,0.999800980091095
157,9,0.4938497543334961,0.4227636158466339,-0.24319985508918762,0.9999139904975891
157,10,0.4870005249977112,0.42631974816322327,-0.24534106254577637,0.9999316930770874
157,11,0.522973358631134,0.4542941749095917,-0.1183689683675766,0.9999806880950928
157,12,0.4568844735622406,0.4718260169029236,-0.13972291350364685,0.9999634027481079
157,13,0.5398029088973999,0.5305999517440796,-0.09244205802679062,0.9859501719474792
157,14,0.4347265660762787,0.5423108339309692,-0.11829479783773422,0.9944954514503479
157,15,0.5213786363601685,0.5888094305992126,-0.167838454246521,0.9799656271934509
157,16,0.4496132433414459,0.6123780012130737,-0.16922220587730408,0.9435345530509949
157,17,0.5169888138771057,0.6107687950134277,-0.19093723595142365,0.9568611979484558
157,18,0.453602135181427,0.6378889083862305,-0.1886853128671646,0.8745688796043396
157,19,0.5114240646362305,0.6038933396339417,-0.20782475173473358,0.957895040512085
157,20,0.4585390090942383,0.6328747272491455,-0.20501311123371124,0.8722959160804749
157,21,0.511064887046814,0.5974195003509521,-0.1751277893781662,0.9416792988777161
157,22,0.45845943689346313,0.6249970197677612,-0.1761332005262375,0.8500721454620361
157,23,0.5102493762969971,0.6199475526809692,0.018314724788069725,0.9997167587280273
157,24,0.476060688495636,0.6142825484275818,-0.018307171761989594,0.9997425079345703
157,25,0.503081202507019,0.7285845279693604,0.027627456933259964,0.947067379951477
157,26,0.4753808081150055,0.7183835506439209,-0.053070317953825,0.9873619079589844
157,27,0.48828840255737305,0.8353040814399719,0.15111953020095825,0.9686911106109619
157,28,0.465259850025177,0.803755521774292,0.05303550511598587,0.9199953079223633
157,29,0.4818108081817627,0.8505765199661255,0.15915699303150177,0.9200443029403687
157,30,0.4646267890930176,0.8116156458854675,0.059957750141620636,0.7761572599411011
157,31,0.5063685178756714,0.8651288151741028,0.0940493792295456,0.9630502462387085
157,32,0.46219271421432495,0.8482251763343811,-0.018274638801813126,0.9086031317710876
158,0,0.49029237031936646,0.4070563316345215,-0.25244632363319397,0.9998990893363953
158,1,0.4898788332939148,0.3950363099575043,-0.24441590905189514,0.9997315406799316
158,2,0.4915240705013275,0.39434361457824707,-0.24441823363304138,0.9997057318687439
158,3,0.4931599497795105,0.39371025562286377,-0.24440336227416992,0.9996853470802307
158,4,0.4842988848686218,0.39772969484329224,-0.24536743760108948,0.9997842311859131
158,5,0.48184674978256226,0.3991867005825043,-0.2453964501619339,0.9997708201408386
158,6,0.47937101125717163,0.4008115530014038,-0.24541397392749786,0.9997721910476685
158,7,0.4946664869785309,0.3971412777900696,-0.18035638332366943,0.999349057674408
158,8,0.4747115969657898,0.40834999084472656,-0.18533766269683838,0.9998100996017456
158,9,0.4944223463535309,0.4177221655845642,-0.22671136260032654,0.9999197125434875
158,10,0.48740410804748535,0.42119792103767395,-0.22818493843078613,0.9999362230300903
158,11,0.5230817794799805,0.45417848229408264,-0.10916435718536377,0.9999810457229614
158,12,0.4569425582885742,0.47171926498413086,-0.13455091416835785,0.9999645948410034
158,13,0.5356932282447815,0.5349054932594299,-0.09026706963777542,0.9861714839935303
158,14,0.44062623381614685,0.5512656569480896,-0.10897817462682724,0.9941354990005493
158,15,0.5228917002677917,0.6066505312919617,-0.133246511220932,0.9808553457260132
158,16,0.4478034973144531,0.6280772089958191,-0.14562754333019257,0.9436066746711731
158,17,0.5200909376144409,0.6294717788696289,-0.15209998190402985,0.9587999582290649
158,18,0.44975796341896057,0.6537452936172485,-0.1612207591533661,0.8763253688812256
158,19,0.5150266885757446,0.6237136721611023,-0.17017731070518494,0.9598526358604431
158,20,0.4547043740749359,0.6503373384475708,-0.17954254150390625,0.874404788017273
158,21,0.5143116116523743,0.6162500977516174,-0.1403971016407013,0.9445568919181824
158,22,0.4554522633552551,0.6421679854393005,-0.15328970551490784,0.8528964519500732
158,23,0.509548008441925,0.6209892630577087,0.018481221050024033,0.9997212290763855
158,24,0.475433886051178,0.6176663041114807,-0.018494833260774612,0.9997544884681702
158,25,0.5018086433410645,0.7290617823600769,0.059554457664489746,0.9448794722557068
158,26,0.474814236164093,0.7207808494567871,-0.029977193102240562,0.9873821139335632
158,27,0.4884849190711975,0.8331481218338013,0.16245099902153015,0.9681263566017151
158,28,0.46290865540504456,0.8229803442955017,0.05489958077669144,0.9260258078575134
158,29,0.48170939087867737,0.8489243388175964,0.16912007331848145,0.9209893941879272
158,30,0.4621226191520691,0.8367883563041687,0.059840328991413116,0.782802939414978
158,31,0.506441593170166,0.8637795448303223,0.11272206157445908,0.9629371762275696
158,32,0.4618397355079651,0.8676839470863342,-0.013495792634785175,0.9145731329917908
159,0,0.4907771944999695,0.4033055901527405,-0.255821168422699,0.9999070167541504
159,1,0.4905371069908142,0.3918014466762543,-0.24751706421375275,0.9997503757476807
159,2,0.4922492504119873,0.39138826727867126,-0.24751636385917664,0.999727189540863
159,3,0.493888795375824,0.39101919531822205,-0.24749629199504852,0.9997074007987976
159,4,0.4849199652671814,0.39358600974082947,-0.24922652542591095,0.9997991323471069
159,5,0.482422411441803,0.3948376476764679,-0.2492646425962448,0.9997875690460205
159,6,0.4798858165740967,0.3964505195617676,-0.24928303062915802,0.9997876286506653
159,7,0.4951203763484955,0.39514097571372986,-0.17810791730880737,0.9993854761123657
159,8,0.4751460552215576,0.40480294823646545,-0.18756285309791565,0.9998185038566589
159,9,0.4948144555091858,0.41474008560180664,-0.22819070518016815,0.999923586845398
159,10,0.4875982701778412,0.4172958433628082,-0.23085932433605194,0.9999398589134216
159,11,0.523059070110321,0.45439910888671875,-0.10862851142883301,0.999980628490448
159,12,0.45694246888160706,0.47171562910079956,-0.1377047300338745,0.9999665021896362
159,13,0.5327171087265015,0.5374670624732971,-0.0857054740190506,0.9859715700149536
159,14,0.44588541984558105,0.5621668696403503,-0.11219289153814316,0.9940003156661987
159,15,0.5274264216423035,0.6119300127029419,-0.13055920600891113,0.9812250137329102
159,16,0.44526663422584534,0.6381028890609741,-0.14636564254760742,0.9455906748771667
159,17,0.52938312292099,0.6372446417808533,-0.14814499020576477,0.9595508575439453
159,18,0.44397497177124023,0.6632382869720459,-0.1641334593296051,0.8811807632446289
159,19,0.5243344902992249,0.6347147226333618,-0.16770325601100922,0.9607649445533752
159,20,0.4496273994445801,0.6621134281158447,-0.1830139458179474,0.8797471523284912
159,21,0.5218870043754578,0.6282638907432556,-0.13867034018039703,0.9463382959365845
159,22,0.4514393210411072,0.6532172560691833,-0.15563735365867615,0.8590807914733887
159,23,0.5088348984718323,0.6225079298019409,0.02012406662106514,0.9997161030769348
159,24,0.4745822846889496,0.621190071105957,-0.02019667439162731,0.9997646808624268
159,25,0.5011327862739563,0.7300816178321838,0.07954913377761841,0.942753791809082
159,26,0.47384515404701233,0.723709762096405,-0.03604985773563385,0.9877406358718872
159,27,0.48903322219848633,0.8331161737442017,0.18064680695533752,0.96795254945755
159,28,0.4609087407588959,0.8348132371902466,0.036844395101070404,0.9318986535072327
159,29,0.48159950971603394,0.8486082553863525,0.18699845671653748,0.9219471216201782
159,30,0.4592949450016022,0.8480431437492371,0.03991130739450455,0.7896388173103333
159,31,0.507480800151825,0.8638523817062378,0.12949201464653015,0.9634650349617004
159,32,0.4625486433506012,0.878914475440979,-0.039203014224767685,0.9206875562667847
160,0,0.4909825325012207,0.40155893564224243,-0.2439776360988617,0.9999150633811951
160,1,0.4908638000488281,0.3898219168186188,-0.23579172790050507,0.9997701644897461
160,2,0.49256759881973267,0.38936516642570496,-0.23577961325645447,0.9997494220733643
160,3,0.4941217005252838,0.3889492452144623,-0.2357482612133026,0.99973064661026
160,4,0.4852421283721924,0.3917974829673767,-0.2381996214389801,0.9998146891593933
160,5,0.4827013611793518,0.3930375874042511,-0.23823626339435577,0.999804675579071
160,6,0.4801937937736511,0.3946135640144348,-0.2382529228925705,0.9998037219047546
160,7,0.49522122740745544,0.39353761076927185,-0.16664010286331177,0.9994292259216309
160,8,0.4753744602203369,0.4029493033885956,-0.18102295696735382,0.9998286366462708
160,9,0.4948813319206238,0.4133700132369995,-0.21637292206287384,0.9999288320541382
160,10,0.48763179779052734,0.4157983958721161,-0.22022466361522675,0.9999440312385559
160,11,0.5230469107627869,0.4553245007991791,-0.09971094131469727,0.9999812245368958
160,12,0.45715388655662537,0.47116363048553467,-0.13404184579849243,0.9999684691429138
160,13,0.5317338705062866,0.542048454284668,-0.053405217826366425,0.986472487449646
160,14,0.4481123089790344,0.5619213581085205,-0.10890918970108032,0.9939102530479431
160,15,0.532038152217865,0.6189498901367188,-0.10214121639728546,0.9825096130371094
160,16,0.44354182481765747,0.6393766403198242,-0.14125855267047882,0.9486185312271118
160,17,0.5363143682479858,0.6451920866966248,-0.1168857216835022,0.9621803164482117
160,18,0.43997088074684143,0.6648851633071899,-0.15670496225357056,0.8881595134735107
160,19,0.530414879322052,0.6440101861953735,-0.1380394995212555,0.9634034037590027
160,20,0.445183664560318,0.6649294495582581,-0.17756208777427673,0.8871273398399353
160,21,0.5272714495658875,0.6373010277748108,-0.11085345596075058,0.9501211643218994
160,22,0.44807738065719604,0.6556373834609985,-0.1501990705728531,0.8676015138626099
160,23,0.5086738467216492,0.6257827877998352,0.020638566464185715,0.9997218251228333
160,24,0.47445550560951233,0.6251543164253235,-0.020732644945383072,0.9997787475585938
160,25,0.5007482767105103,0.7332475185394287,0.08751948177814484,0.9449428915977478
160,26,0.4717869758605957,0.727893590927124,-0.03259168565273285,0.9885166883468628
160,27,0.489043653011322,0.8329082727432251,0.19884639978408813,0.9693697094917297
160,28,0.4596704840660095,0.8422490358352661,0.03733152896165848,0.9379269480705261
160,29,0.4815961420536041,0.8469527363777161,0.2063109129667282,0.9248715043067932
160,30,0.4573970437049866,0.85411536693573,0.04036887362599373,0.7999362349510193
160,31,0.507390022277832,0.8638554811477661,0.15089431405067444,0.9652731418609619
160,32,0.46323761343955994,0.8876752257347107,-0.03710092604160309,0.9272409081459045
161,0,0.49142521619796753,0.3982563316822052,-0.24402785301208496,0.999922513961792
161,1,0.4914620518684387,0.3861991763114929,-0.23576104640960693,0.9997889995574951
161,2,0.49309319257736206,0.3858395516872406,-0.23574650287628174,0.9997703433036804
161,3,0.49455660581588745,0.3856101930141449,-0.2357170283794403,0.9997527599334717
161,4,0.48576050996780396,0.3880934715270996,-0.23823504149913788,0.9998295903205872
161,5,0.48312535881996155,0.3894648551940918,-0.23827533423900604,0.99982088804245
161,6,0.4805493950843811,0.3910546898841858,-0.2382952868938446,0.999819278717041
161,7,0.4956055283546448,0.39127838611602783,-0.16535943746566772,0.999472975730896
161,8,0.47555121779441833,0.4001590609550476,-0.18075093626976013,0.9998395442962646
161,9,0.49507832527160645,0.411371648311615,-0.2159343659877777,0.9999340772628784
161,10,0.4878568649291992,0.4138052761554718,-0.21986126899719238,0.9999481439590454
161,11,0.5230363011360168,0.4566108286380768,-0.09854556620121002,0.9999812841415405
161,12,0.4571700990200043,0.4704250693321228,-0.13352277874946594,0.9999703764915466
161,13,0.531917929649353,0.544614851474762,-0.051408398896455765,0.9867229461669922
161,14,0.4485696852207184,0.5617209672927856,-0.10876065492630005,0.9937731623649597
161,15,0.5349878072738647,0.6197715997695923,-0.1052045226097107,0.98348468542099
161,16,0.4433630406856537,0.6384808421134949,-0.14377740025520325,0.9512569308280945
161,17,0.5390676856040955,0.6461938619613647,-0.12061353772878647,0.9642078876495361
161,18,0.43879255652427673,0.6626588702201843,-0.15975888073444366,0.8944981694221497
161,19,0.5333574414253235,0.6449654698371887,-0.1422937512397766,0.9654726982116699
161,20,0.4430810809135437,0.6631276607513428,-0.1779896765947342,0.8938474059104919
161,21,0.5302423238754272,0.638124942779541,-0.11427080631256104,0.9531952142715454
161,22,0.4465567171573639,0.6546562314033508,-0.15140339732170105,0.8754450082778931
161,23,0.508613646030426,0.6285935044288635,0.021883178502321243,0.9997205138206482
161,24,0.47445958852767944,0.6290595531463623,-0.02199646458029747,0.9997888207435608
161,25,0.5002139210700989,0.7351628541946411,0.08995341509580612,0.9467373490333557
161,26,0.46998247504234314,0.7313459515571594,-0.022285975515842438,0.9892287850379944
161,27,0.48877111077308655,0.8320093750953674,0.20225808024406433,0.9706013798713684
161,28,0.4592890739440918,0.8471677303314209,0.04991282522678375,0.943361222743988
161,29,0.48128408193588257,0.8460017442703247,0.20991630852222443,0.9280158281326294
161,30,0.45650514960289,0.8606234192848206,0.054540038108825684,0.8096724152565002
161,31,0.5074189901351929,0.8638476133346558,0.15600250661373138,0.9670107364654541
161,32,0.46410447359085083,0.8937569260597229,-0.020300941541790962,0.9330944418907166
162,0,0.4914022982120514,0.3949677348136902,-0.23224660754203796,0.9999295473098755
162,1,0.4915710389614105,0.3837732672691345,-0.2232591211795807,0.9998071789741516
162,2,0.49318423867225647,0.38354620337486267,-0.22323551774024963,0.9997904300689697
162,3,0.49465933442115784,0.3834090828895569,-0.22319650650024414,0.9997739195823669
162,4,0.4857366979122162,0.3853320777416229,-0.22620877623558044,0.9998441338539124
162,5,0.48309415578842163,0.3865490257740021,-0.22624747455120087,0.9998365640640259
162,6,0.4805091321468353,0.38804998993873596,-0.22626519203186035,0.9998345971107483
162,7,0.49586158990859985,0.3896651864051819,-0.15274277329444885,0.9995164275169373
162,8,0.47552579641342163,0.3972533345222473,-0.16975408792495728,0.9998517036437988
162,9,0.4950698912143707,0.4088214039802551,-0.2046564519405365,0.9999394416809082
162,10,0.4878288209438324,0.4115455150604248,-0.20921695232391357,0.9999523758888245
162,11,0.5230416655540466,0.4581758379936218,-0.08684277534484863,0.9999812245368958
162,12,0.45716461539268494,0.4695151150226593,-0.13210715353488922,0.9999721646308899
162,13,0.5323041677474976,0.5456327795982361,-0.03905389457941055,0.9869644045829773
162,14,0.4481678605079651,0.5609155297279358,-0.10884829610586166,0.993786633014679
162,15,0.5367951393127441,0.6192419528961182,-0.09391288459300995,0.9844670295715332
162,16,0.4436998963356018,0.6359772682189941,-0.14512841403484344,0.9540113210678101
162,17,0.5406367778778076,0.6450019478797913,-0.10898325592279434,0.9662995934486389
162,18,0.4405183792114258,0.6612160205841064,-0.16149212419986725,0.9009356498718262
162,19,0.5358694195747375,0.6440989375114441,-0.1311526596546173,0.9675736427307129
162,20,0.44534024596214294,0.6616271734237671,-0.1781892627477646,0.9005213379859924
162,21,0.5328930616378784,0.637421190738678,-0.10330802202224731,0.9562475085258484
162,22,0.44806772470474243,0.6527510285377502,-0.15214374661445618,0.8831605315208435
162,23,0.5082425475120544,0.630839467048645,0.02298785001039505,0.9997254014015198
162,24,0.4742748737335205,0.6315898299217224,-0.023107429966330528,0.9998010993003845
162,25,0.49957719445228577,0.7373765110969543,0.09537840634584427,0.949085533618927
162,26,0.46751537919044495,0.7354361414909363,-0.020205538719892502,0.989994466304779
162,27,0.4886084496974945,0.8320260047912598,0.21432721614837646,0.9721231460571289
162,28,0.458709716796875,0.8505625128746033,0.05482543632388115,0.9484196901321411
162,29,0.4812384247779846,0.8459512591362,0.2227449119091034,0.931757926940918
162,30,0.4564889371395111,0.8631268739700317,0.05981109291315079,0.8198861479759216
162,31,0.5072544813156128,0.8640297055244446,0.1700359284877777,0.9688633680343628
162,32,0.4648078382015228,0.8968254923820496,-0.015190167352557182,0.9385568499565125
163,0,0.49146538972854614,0.3931284546852112,-0.2298014909029007,0.9999353885650635
163,1,0.491858571767807,0.3821474313735962,-0.21981391310691833,0.9998220801353455
163,2,0.4934306740760803,0.3819243609905243,-0.21980412304401398,0.9998068809509277
163,3,0.49492210149765015,0.3817487955093384,-0.21977046132087708,0.9997910261154175
163,4,0.485856831073761,0.38362130522727966,-0.2236710786819458,0.9998558163642883
163,5,0.48315128684043884,0.3846314251422882,-0.2237049788236618,0.999849259853363
163,6,0.4805205762386322,0.38586634397506714,-0.22372779250144958,0.9998466968536377
163,7,0.49606651067733765,0.3878450095653534,-0.14666107296943665,0.9995496869087219
163,8,0.4755094647407532,0.39499253034591675,-0.16736282408237457,0.9998607635498047
163,9,0.4951048791408539,0.4071088135242462,-0.20143596827983856,0.9999437928199768
163,10,0.4878090023994446,0.4099890887737274,-0.2071005403995514,0.999955952167511
163,11,0.5229600667953491,0.4588417410850525,-0.08142170310020447,0.9999811053276062
163,12,0.45660242438316345,0.46880674362182617,-0.13119915127754211,0.9999732971191406
163,13,0.5325794219970703,0.5446571111679077,-0.038772568106651306,0.9869405031204224
163,14,0.4469488561153412,0.5612869262695312,-0.1112404316663742,0.9936931729316711
163,15,0.5372503399848938,0.6172627806663513,-0.10484278202056885,0.9853023290634155
163,16,0.44456449151039124,0.6391344666481018,-0.15128286182880402,0.9559081196784973
163,17,0.5406100153923035,0.6426206231117249,-0.12328357994556427,0.9681546688079834
163,18,0.4410720467567444,0.6660383939743042,-0.16980086266994476,0.9057928919792175
163,19,0.5357086062431335,0.6414072513580322,-0.14413917064666748,0.9694213271141052
163,20,0.44630879163742065,0.6645282506942749,-0.1896936595439911,0.9055607914924622
163,21,0.5325956344604492,0.6344172358512878,-0.11410411447286606,0.9588934183120728
163,22,0.448500394821167,0.6545985341072083,-0.15960630774497986,0.8889226913452148
163,23,0.5073462128639221,0.6349620819091797,0.024600891396403313,0.9997338056564331
163,24,0.47301435470581055,0.635502278804779,-0.024715613573789597,0.9998130798339844
163,25,0.49940428137779236,0.7395848035812378,0.11399360746145248,0.9507250189781189
163,26,0.4651543200016022,0.7398149967193604,-0.013603540137410164,0.990631639957428
163,27,0.48861122131347656,0.8319681882858276,0.2468811571598053,0.9731906652450562
163,28,0.457946240901947,0.8487633466720581,0.0712815374135971,0.9527983665466309
163,29,0.48125022649765015,0.84576016664505,0.2567349970340729,0.9346851706504822
163,30,0.4559783339500427,0.8626953959465027,0.0753653421998024,0.8288654685020447
163,31,0.508070170879364,0.8639863729476929,0.20299430191516876,0.970271110534668
163,32,0.4649251103401184,0.8934641480445862,-0.011398280039429665,0.9432604312896729
164,0,0.49147066473960876,0.39177605509757996,-0.22392013669013977,0.9999394416809082
164,1,0.4919653832912445,0.3814883232116699,-0.21363143622875214,0.9998302459716797
164,2,0.49352899193763733,0.3813590109348297,-0.2136184722185135,0.9998158812522888
164,3,0.4950128495693207,0.3812757134437561,-0.213577538728714,0.9997995495796204
164,4,0.48588094115257263,0.38270601630210876,-0.21778659522533417,0.999862551689148
164,5,0.48315519094467163,0.3835844397544861,-0.2178144007921219,0.9998573064804077
164,6,0.48050791025161743,0.38464483618736267,-0.21783891320228577,0.9998539686203003
164,7,0.49608033895492554,0.38752830028533936,-0.14125312864780426,0.9995651245117188
164,8,0.4755002558231354,0.39372432231903076,-0.16270941495895386,0.9998644590377808
164,9,0.49510034918785095,0.40584129095077515,-0.19592833518981934,0.9999464154243469
164,10,0.48779281973838806,0.4085545837879181,-0.20188479125499725,0.999958336353302
164,11,0.5225657820701599,0.4596947431564331,-0.07936261594295502,0.9999791383743286
164,12,0.4557083547115326,0.4677623212337494,-0.13084380328655243,0.9999725818634033
164,13,0.532991886138916,0.5433676242828369,-0.03824811801314354,0.9870635867118835
164,14,0.44600072503089905,0.560119092464447,-0.11462630331516266,0.9937528371810913
164,15,0.5386022925376892,0.6164005398750305,-0.10557389259338379,0.9860600829124451
164,16,0.44917431473731995,0.6377040147781372,-0.16074039041996002,0.9581257700920105
164,17,0.5408868789672852,0.6406574845314026,-0.12515327334403992,0.9697813391685486
164,18,0.4475930333137512,0.6656964421272278,-0.18160788714885712,0.9108415842056274
164,19,0.5365695953369141,0.6395085453987122,-0.14584843814373016,0.9710486531257629
164,20,0.454521507024765,0.6627839207649231,-0.19921645522117615,0.9106118679046631
164,21,0.5339730978012085,0.6319076418876648,-0.1150379329919815,0.9612442255020142
164,22,0.4562329649925232,0.6533272862434387,-0.1683296263217926,0.8947720527648926
164,23,0.5059765577316284,0.6391092538833618,0.02312459982931614,0.9997287392616272
164,24,0.471564382314682,0.6400652527809143,-0.023225296288728714,0.9998098611831665
164,25,0.49891847372055054,0.7402855753898621,0.1025238037109375,0.9529963135719299
164,26,0.4628193974494934,0.7422506809234619,0.030055250972509384,0.9910146594047546
164,27,0.48879069089889526,0.8323608636856079,0.2228194922208786,0.9740686416625977
164,28,0.45692968368530273,0.848757266998291,0.14822103083133698,0.956355631351471
164,29,0.4822230935096741,0.8457717895507812,0.23127377033233643,0.9363977313041687
164,30,0.45545071363449097,0.8600060343742371,0.15623533725738525,0.8355053663253784
164,31,0.5084937214851379,0.8640782833099365,0.1732485294342041,0.9713443517684937
164,32,0.46485185623168945,0.8917832374572754,0.08117710053920746,0.9467544555664062
165,0,0.49129587411880493,0.39122241735458374,-0.21735887229442596,0.9999440908432007
165,1,0.4919372498989105,0.38083747029304504,-0.20726796984672546,0.9998418688774109
165,2,0.49352049827575684,0.38080814480781555,-0.20724253356456757,0.9998279809951782
165,3,0.4950389862060547,0.38085418939590454,-0.20719197392463684,0.9998120069503784
165,4,0.48582297563552856,0.38182637095451355,-0.2113100290298462,0.9998725652694702
165,5,0.4830116331577301,0.38267359137535095,-0.21133005619049072,0.9998679757118225
165,6,0.4803447723388672,0.3837023377418518,-0.21134309470653534,0.9998646974563599
165,7,0.4961180090904236,0.38728833198547363,-0.13473476469516754,0.9995903372764587
165,8,0.4753597378730774,0.3924987316131592,-0.15559889376163483,0.9998733997344971
165,9,0.49500519037246704,0.40524932742118835,-0.18915145099163055,0.9999499917030334
165,10,0.48710161447525024,0.40775632858276367,-0.1949131339788437,0.9999614953994751
165,11,0.5220931172370911,0.4601169228553772,-0.07051058858633041,0.9999781847000122
165,12,0.45537346601486206,0.46478068828582764,-0.12688587605953217,0.9999736547470093
165,13,0.5331157445907593,0.5423778295516968,-0.025760799646377563,0.9871975779533386
165,14,0.44536715745925903,0.5587774515151978,-0.11445944011211395,0.9939945936203003
165,15,0.5410007238388062,0.614526093006134,-0.09058564156293869,0.9867913126945496
165,16,0.45201045274734497,0.63487708568573,-0.16203126311302185,0.9609617590904236
165,17,0.5423671007156372,0.6384742856025696,-0.10981903970241547,0.9713500142097473
165,18,0.45160239934921265,0.6620796918869019,-0.1836961805820465,0.9168736338615417
165,19,0.5378497838973999,0.6368802189826965,-0.13075299561023712,0.9725757241249084
165,20,0.45902571082115173,0.6587116122245789,-0.1994980424642563,0.9166057109832764
165,21,0.5356243252754211,0.6291067600250244,-0.10008662939071655,0.9634439945220947
165,22,0.4605068266391754,0.6496347188949585,-0.16880373656749725,0.9016456604003906
165,23,0.5049547553062439,0.6406042575836182,0.02299668826162815,0.9997330904006958
165,24,0.4703451991081238,0.6416046023368835,-0.023102451115846634,0.9998158812522888
165,25,0.4982738494873047,0.740100622177124,0.11001193523406982,0.9549758434295654
165,26,0.4604435861110687,0.7431374192237854,0.035079263150691986,0.9914657473564148
165,27,0.4890666604042053,0.8325726985931396,0.23380430042743683,0.9748638272285461
165,28,0.45557913184165955,0.8511641025543213,0.15390193462371826,0.9598221778869629
165,29,0.4830358624458313,0.8460701704025269,0.24284255504608154,0.9382303953170776
165,30,0.45468878746032715,0.8634255528450012,0.16233275830745697,0.843963086605072
165,31,0.5088728070259094,0.8651561141014099,0.18663331866264343,0.9723798632621765
165,32,0.46460145711898804,0.893191933631897,0.09017020463943481,0.9503740668296814
166,0,0.49089765548706055,0.39003872871398926,-0.20815587043762207,0.9999479651451111
166,1,0.4918336272239685,0.37994253635406494,-0.19711050391197205,0.9998511075973511
166,2,0.49342650175094604,0.38002777099609375,-0.19709254801273346,0.9998378753662109
166,3,0.4948970377445221,0.38021376729011536,-0.1970420777797699,0.999822199344635
166,4,0.4855782985687256,0.38071712851524353,-0.20116546750068665,0.999880313873291
166,5,0.4827699661254883,0.38155674934387207,-0.20117926597595215,0.9998763203620911
166,6,0.48013824224472046,0.3826063871383667,-0.20118935406208038,0.9998728036880493
166,7,0.4958685338497162,0.38727006316185,-0.1233074888586998,0.9996111392974854
166,8,0.4751867353916168,0.39159858226776123,-0.14376568794250488,0.9998787045478821
166,9,0.4945812225341797,0.4043952226638794,-0.17980167269706726,0.9999529123306274
166,10,0.4864237308502197,0.4063471853733063,-0.1854478418827057,0.9999638199806213
166,11,0.5209846496582031,0.460164338350296,-0.06351887434720993,0.9999777674674988
166,12,0.45471009612083435,0.4639553129673004,-0.11392750591039658,0.9999733567237854
166,13,0.5333240032196045,0.5422762036323547,-0.02435499057173729,0.9877888560295105
166,14,0.44422298669815063,0.555976927280426,-0.10840635001659393,0.9941458106040955
166,15,0.5427225828170776,0.6133978366851807,-0.09548625349998474,0.9877146482467651
166,16,0.4530819356441498,0.6342071294784546,-0.1605876088142395,0.9634631276130676
166,17,0.5438575148582458,0.6371274590492249,-0.11617199331521988,0.9732413291931152
166,18,0.4534546732902527,0.6607786417007446,-0.18123285472393036,0.9221193790435791
166,19,0.5392560958862305,0.6351982951164246,-0.13713115453720093,0.9744167923927307
166,20,0.46076273918151855,0.6578731536865234,-0.19713428616523743,0.9218142628669739
166,21,0.5370474457740784,0.6276863813400269,-0.1052490845322609,0.965960681438446
166,22,0.461813747882843,0.647750973701477,-0.16749414801597595,0.907600998878479
166,23,0.5045274496078491,0.6402566432952881,0.02045324072241783,0.9997305870056152
166,24,0.46983861923217773,0.6413869857788086,-0.020522471517324448,0.9998142123222351
166,25,0.49763017892837524,0.7399340867996216,0.10039128363132477,0.9570192098617554
166,26,0.45910483598709106,0.7426398992538452,0.03778717666864395,0.991716742515564
166,27,0.4892061650753021,0.8325817584991455,0.2224237620830536,0.9754942655563354
166,28,0.45506343245506287,0.8520607948303223,0.16290758550167084,0.9627506732940674
166,29,0.4835387170314789,0.8462576866149902,0.23104694485664368,0.9394250512123108
166,30,0.45456308126449585,0.8656112551689148,0.17155702412128448,0.8502820730209351
166,31,0.508936882019043,0.865714967250824,0.17089706659317017,0.9732077717781067
166,32,0.46440091729164124,0.8934193849563599,0.09566770493984222,0.9533393383026123
167,0,0.49014273285865784,0.38781440258026123,-0.2108147144317627,0.9999509453773499
167,1,0.49138838052749634,0.3786052167415619,-0.2003462016582489,0.9998571872711182
167,2,0.4929540157318115,0.3788191080093384,-0.2003202885389328,0.9998440146446228
167,3,0.4944137632846832,0.3791329264640808,-0.2002726048231125,0.9998279809951782
167,4,0.4851599633693695,0.3790733814239502,-0.20455387234687805,0.9998862743377686
167,5,0.48240017890930176,0.3798152208328247,-0.20457389950752258,0.9998831748962402
167,6,0.4798010289669037,0.3806942403316498,-0.20458607375621796,0.9998795390129089
167,7,0.4953947961330414,0.3867543041706085,-0.12783698737621307,0.9996216297149658
167,8,0.4749014973640442,0.3901525139808655,-0.14883141219615936,0.9998833537101746
167,9,0.4938911497592926,0.4016416668891907,-0.1828044354915619,0.9999545216560364
167,10,0.48572102189064026,0.4032071530818939,-0.18870311975479126,0.999965488910675
167,11,0.5197140574455261,0.460135281085968,-0.06420502066612244,0.9999747276306152
167,12,0.4539499878883362,0.4620792269706726,-0.1154753789305687,0.9999736547470093
167,13,0.5335410833358765,0.5417384505271912,-0.014378313906490803,0.9875348210334778
167,14,0.44249796867370605,0.5525641441345215,-0.11269911378622055,0.9943169355392456
167,15,0.5435056686401367,0.6131723523139954,-0.07015527039766312,0.9880609512329102
167,16,0.45411887764930725,0.6336450576782227,-0.16139282286167145,0.9656316041946411
167,17,0.5450069904327393,0.6369169354438782,-0.08664851635694504,0.9739714860916138
167,18,0.4549500346183777,0.6599486470222473,-0.18250532448291779,0.9266476631164551
167,19,0.5407705307006836,0.6343336701393127,-0.10796306282281876,0.9751636981964111
167,20,0.46234330534935,0.6571555733680725,-0.19713565707206726,0.926245391368866
167,21,0.538544774055481,0.6274345517158508,-0.07965664565563202,0.9671667218208313
167,22,0.463085800409317,0.6464558243751526,-0.16768550872802734,0.9125446081161499
167,23,0.5036591291427612,0.6397837996482849,0.020444950088858604,0.9997247457504272
167,24,0.46867436170578003,0.6406710743904114,-0.020514676347374916,0.9998120069503784
167,25,0.4971591532230377,0.7395660281181335,0.10297966003417969,0.9583535194396973
167,26,0.4579505920410156,0.7422925233840942,0.04114163666963577,0.9920376539230347
167,27,0.48933014273643494,0.8326048851013184,0.22367572784423828,0.9758246541023254
167,28,0.4545184075832367,0.8517967462539673,0.16704583168029785,0.9654327034950256
167,29,0.4836864471435547,0.8463650345802307,0.23230263590812683,0.9403409957885742
167,30,0.45427513122558594,0.8647854328155518,0.17612561583518982,0.8561164140701294
167,31,0.5091491937637329,0.8657688498497009,0.17422029376029968,0.9738040566444397
167,32,0.46430426836013794,0.8929497003555298,0.10341145843267441,0.9560889005661011
168,0,0.489984929561615,0.3863447308540344,-0.2145603597164154,0.9999538660049438
168,1,0.49120014905929565,0.37760671973228455,-0.2038966864347458,0.9998637437820435
168,2,0.49266141653060913,0.37791091203689575,-0.20387068390846252,0.9998506903648376
168,3,0.4940781593322754,0.37830302119255066,-0.20382492244243622,0.9998345971107483
168,4,0.4851074814796448,0.3778895437717438,-0.20876073837280273,0.9998924732208252
168,5,0.4823610782623291,0.3786284625530243,-0.20878295600414276,0.9998900294303894
168,6,0.47977215051651,0.379512757062912,-0.20879682898521423,0.9998863339424133
168,7,0.4948819577693939,0.38625627756118774,-0.13064390420913696,0.999634325504303
168,8,0.4745999872684479,0.38898709416389465,-0.1527596414089203,0.9998886585235596
168,9,0.49356359243392944,0.40021392703056335,-0.18627837300300598,0.9999563097953796
168,10,0.48551663756370544,0.40150871872901917,-0.19286693632602692,0.9999673366546631
168,11,0.5178283452987671,0.4601055085659027,-0.06615208089351654,0.9999719858169556
168,12,0.4529333710670471,0.46130287647247314,-0.1253976821899414,0.9999735951423645
168,13,0.5334101915359497,0.5416053533554077,-0.016846399754285812,0.9872539043426514
168,14,0.4412534832954407,0.5513347387313843,-0.12544074654579163,0.9945197105407715
168,15,0.5434877872467041,0.6124541759490967,-0.07527200877666473,0.9884285926818848
168,16,0.45447438955307007,0.6330958604812622,-0.1724870502948761,0.96774822473526
168,17,0.5454037189483643,0.6364014744758606,-0.09260735660791397,0.9747192859649658
168,18,0.4557715952396393,0.6596064567565918,-0.1946525275707245,0.9310183525085449
168,19,0.5415641069412231,0.6335681676864624,-0.11392273008823395,0.9759337306022644
168,20,0.46313124895095825,0.6555659174919128,-0.20794899761676788,0.9305374026298523
168,21,0.539222776889801,0.6266751885414124,-0.0849626287817955,0.9683789610862732
168,22,0.46362119913101196,0.6448318362236023,-0.17809456586837769,0.9173175692558289
168,23,0.5029979944229126,0.6393939256668091,0.020732667297124863,0.999717652797699
168,24,0.46777835488319397,0.640431821346283,-0.0208034198731184,0.9998087286949158
168,25,0.4962748885154724,0.7393975853919983,0.10813780874013901,0.959600031375885
168,26,0.4572456479072571,0.7415428757667542,0.04484007880091667,0.9923161864280701
168,27,0.489306777715683,0.8326540589332581,0.23192152380943298,0.9761829376220703
168,28,0.4542776942253113,0.852016806602478,0.17336127161979675,0.9678699374198914
168,29,0.48365044593811035,0.8464875221252441,0.24083948135375977,0.9414211511611938
168,30,0.45413026213645935,0.8649458885192871,0.18263700604438782,0.8613005876541138
168,31,0.5092905759811401,0.8659401535987854,0.18293413519859314,0.9744675755500793
168,32,0.46468687057495117,0.8934553265571594,0.10931408405303955,0.9586015343666077
169,0,0.48991259932518005,0.3853454887866974,-0.2158242017030716,0.9999564290046692
169,1,0.491041362285614,0.37692320346832275,-0.2044638842344284,0.999870240688324
169,2,0.49244070053100586,0.3772375285625458,-0.2044442892074585,0.9998573660850525
169,3,0.49384990334510803,0.37762343883514404,-0.20440253615379333,0.9998415112495422
169,4,0.4850989878177643,0.37702813744544983,-0.2102499008178711,0.9998981952667236
169,5,0.482356458902359,0.37761032581329346,-0.21027040481567383,0.9998962879180908
169,6,0.4797484874725342,0.3783850371837616,-0.21028831601142883,0.9998924732208252
169,7,0.4942445158958435,0.38553979992866516,-0.12859103083610535,0.9996464252471924
169,8,0.47425079345703125,0.38780322670936584,-0.15463468432426453,0.9998936057090759
169,9,0.493361234664917,0.3991315960884094,-0.18683777749538422,0.9999578595161438
169,10,0.48546886444091797,0.4000614881515503,-0.1945735216140747,0.9999690055847168
169,11,0.5162351131439209,0.4601443111896515,-0.06164972856640816,0.999969482421875
169,12,0.45213451981544495,0.4604828357696533,-0.13278481364250183,0.9999736547470093
169,13,0.5324394106864929,0.541225790977478,-0.01333696860820055,0.9863080978393555
169,14,0.44017744064331055,0.5506393909454346,-0.1363333761692047,0.9947038888931274
169,15,0.5434237718582153,0.6122166514396667,-0.07864637672901154,0.988623857498169
169,16,0.4546665549278259,0.6323052048683167,-0.1857822835445404,0.969755232334137
169,17,0.5458117127418518,0.6360706090927124,-0.09752433001995087,0.9752196073532104
169,18,0.4562475085258484,0.6585440039634705,-0.20939433574676514,0.9352285265922546
169,19,0.542908251285553,0.6330689191818237,-0.1196703165769577,0.9764902591705322
169,20,0.46342554688453674,0.6547585725784302,-0.22336368262767792,0.9346888661384583
169,21,0.5407654047012329,0.6262831687927246,-0.08911284804344177,0.9692874550819397
169,22,0.46380385756492615,0.6444221138954163,-0.19166815280914307,0.9218664765357971
169,23,0.5018180012702942,0.6397892236709595,0.023939475417137146,0.9997178912162781
169,24,0.4670567512512207,0.6409200429916382,-0.02400936558842659,0.9998085498809814
169,25,0.49558258056640625,0.7393126487731934,0.11811326444149017,0.9597560167312622
169,26,0.4570320248603821,0.7413365840911865,0.04909462481737137,0.9924966096878052
169,27,0.48924344778060913,0.8328316807746887,0.24719461798667908,0.97613924741745
169,28,0.45407843589782715,0.8518053889274597,0.1842217743396759,0.9699290990829468
169,29,0.4834584593772888,0.8469586968421936,0.2567329704761505,0.9425250291824341
169,30,0.45376166701316833,0.864919900894165,0.19421982765197754,0.8654804229736328
169,31,0.5096663236618042,0.866129994392395,0.19962462782859802,0.9749302268028259
169,32,0.46470966935157776,0.8934684991836548,0.12049372494220734,0.9607042670249939
170,0,0.48991188406944275,0.38557133078575134,-0.22018751502037048,0.9999579787254333
170,1,0.49099093675613403,0.3768717348575592,-0.20728321373462677,0.9998732805252075
170,2,0.49236831068992615,0.3771838843822479,-0.20726461708545685,0.9998601078987122
170,3,0.4937686324119568,0.3775779604911804,-0.20722007751464844,0.999843955039978
170,4,0.485090970993042,0.3769231140613556,-0.21630720794200897,0.9999013543128967
170,5,0.48235219717025757,0.3774261176586151,-0.2163197547197342,0.9998998641967773
170,6,0.47974005341529846,0.37818437814712524,-0.2163451462984085,0.9998957514762878
170,7,0.4937332272529602,0.385422021150589,-0.1313842236995697,0.9996474385261536
170,8,0.473886638879776,0.38730287551879883,-0.1675954908132553,0.9998951554298401
170,9,0.49326983094215393,0.3992376923561096,-0.18989737331867218,0.9999582767486572
170,10,0.4854746460914612,0.40002554655075073,-0.20149803161621094,0.9999699592590332
170,11,0.514140248298645,0.4602314531803131,-0.06542129814624786,0.9999666810035706
170,12,0.4513263702392578,0.4596591591835022,-0.14319930970668793,0.9999732375144958
170,13,0.5307507514953613,0.5408403873443604,-0.0172131210565567,0.9850322604179382
170,14,0.4396696090698242,0.5504830479621887,-0.14522020518779755,0.994795024394989
170,15,0.5428069233894348,0.6116415858268738,-0.08336787670850754,0.9886540770530701
170,16,0.4545746445655823,0.6315459609031677,-0.19477874040603638,0.9713558554649353
170,17,0.5455353856086731,0.6354878544807434,-0.10264140367507935,0.9754357933998108
170,18,0.45613178610801697,0.6576659083366394,-0.2187894880771637,0.9387389421463013
170,19,0.5431342720985413,0.633106529712677,-0.12472311407327652,0.9767741560935974
170,20,0.4633476734161377,0.6537665724754333,-0.23380537331104279,0.9381383061408997
170,21,0.5410438776016235,0.6256910562515259,-0.09390368312597275,0.9698602557182312
170,22,0.4636744558811188,0.6437353491783142,-0.2010997235774994,0.925602376461029
170,23,0.5004077553749084,0.6397518515586853,0.024937191978096962,0.9997150897979736
170,24,0.4660409092903137,0.6412230134010315,-0.025005599483847618,0.9998063445091248
170,25,0.4945920407772064,0.7392680048942566,0.12429578602313995,0.960083544254303
170,26,0.4564369320869446,0.7419573664665222,0.05507545918226242,0.9926256537437439
170,27,0.48917245864868164,0.8329228162765503,0.25894755125045776,0.9760133028030396
170,28,0.4539327621459961,0.8509531021118164,0.1967463195323944,0.9717226624488831
170,29,0.4834476411342621,0.8469762206077576,0.26908326148986816,0.943203866481781
170,30,0.45332226157188416,0.8640847206115723,0.20742082595825195,0.8693469762802124
170,31,0.5096472501754761,0.8661292195320129,0.21160855889320374,0.9752761721611023
170,32,0.464709997177124,0.892718493938446,0.13346891105175018,0.9625067114830017
171,0,0.48989230394363403,0.3852422535419464,-0.22085395455360413,0.999958336353302
171,1,0.4908211827278137,0.3764605224132538,-0.20879963040351868,0.9998725056648254
171,2,0.4921519160270691,0.37675148248672485,-0.20878133177757263,0.9998584985733032
171,3,0.4934929311275482,0.3771316409111023,-0.20874015986919403,0.9998419284820557
171,4,0.48506060242652893,0.3765425384044647,-0.2165284901857376,0.9999018907546997
171,5,0.4823415279388428,0.37701675295829773,-0.21653659641742706,0.9999008178710938
171,6,0.47969746589660645,0.3777557909488678,-0.2165648490190506,0.9998963475227356
171,7,0.4928267002105713,0.38502129912376404,-0.1334322690963745,0.999638557434082
171,8,0.47342944145202637,0.38666602969169617,-0.1724352240562439,0.9998929500579834
171,9,0.49298542737960815,0.3986732065677643,-0.19097872078418732,0.9999575614929199
171,10,0.4854656755924225,0.39946815371513367,-0.20221276581287384,0.9999701380729675
171,11,0.5127841234207153,0.46042102575302124,-0.06728477030992508,0.9999625086784363
171,12,0.450207382440567,0.45938190817832947,-0.14782480895519257,0.9999722242355347
171,13,0.5285637974739075,0.5407631993293762,-0.01806095615029335,0.982902467250824
171,14,0.43948450684547424,0.5507185459136963,-0.14897029101848602,0.9947903752326965
171,15,0.5426617860794067,0.6115891933441162,-0.08282911032438278,0.9882668256759644
171,16,0.4544273018836975,0.6311144232749939,-0.1960591822862625,0.9725496172904968
171,17,0.5448564887046814,0.635316789150238,-0.10204748809337616,0.9749303460121155
171,18,0.45589643716812134,0.6571823358535767,-0.21990534663200378,0.94153892993927
171,19,0.5424723029136658,0.6328539252281189,-0.12501636147499084,0.9763911962509155
171,20,0.4630014896392822,0.6532329320907593,-0.23477661609649658,0.9408589005470276
171,21,0.5402448773384094,0.62550288438797,-0.09379713237285614,0.9696294665336609
171,22,0.4633912146091461,0.6433822512626648,-0.20238769054412842,0.9284378290176392
171,23,0.49932247400283813,0.6396307349205017,0.025066867470741272,0.9997075796127319
171,24,0.46521496772766113,0.6413737535476685,-0.025135662406682968,0.9998012781143188
171,25,0.493721067905426,0.7392039895057678,0.1273358166217804,0.9604445695877075
171,26,0.45595988631248474,0.7421694397926331,0.05976489931344986,0.9927122592926025
171,27,0.4890637993812561,0.8329264521598816,0.26364392042160034,0.9758503437042236
171,28,0.45394936203956604,0.8499752283096313,0.2036179006099701,0.9732919931411743
171,29,0.48336201906204224,0.8469910621643066,0.2740640640258789,0.9433706998825073
171,30,0.4534737169742584,0.862606406211853,0.21463322639465332,0.8728512525558472
171,31,0.509512722492218,0.8660946488380432,0.21707972884178162,0.9755616784095764
171,32,0.46471112966537476,0.8918172121047974,0.1420677751302719,0.9640980362892151
172,0,0.49011483788490295,0.3854496479034424,-0.21377281844615936,0.9999548196792603
172,1,0.4908200204372406,0.3765476942062378,-0.20267680287361145,0.9998590350151062
172,2,0.4921486973762512,0.3768185079097748,-0.20266015827655792,0.9998430609703064
172,3,0.49344906210899353,0.37719017267227173,-0.20262666046619415,0.9998242855072021
172,4,0.4851765036582947,0.3766414523124695,-0.21242257952690125,0.9998936057090759
172,5,0.4824927747249603,0.377115935087204,-0.21243491768836975,0.9998931884765625
172,6,0.4798434376716614,0.3778001666069031,-0.2124672830104828,0.9998870491981506
172,7,0.49200668931007385,0.3851322531700134,-0.12812268733978271,0.9995929002761841
172,8,0.4733836054801941,0.38663262128829956,-0.17254340648651123,0.9998800754547119
172,9,0.4929511547088623,0.39886361360549927,-0.1844375729560852,0.9999523162841797
172,10,0.4857887625694275,0.3996465802192688,-0.198088601231575,0.9999675750732422
172,11,0.5114818811416626,0.46133771538734436,-0.06094348430633545,0.9999555945396423
172,12,0.4499436020851135,0.45795390009880066,-0.14931035041809082,0.9999704360961914
172,13,0.5262681245803833,0.5416142344474792,-0.007573881186544895,0.9795221090316772
172,14,0.43886899948120117,0.5499184727668762,-0.15121866762638092,0.9947836995124817
172,15,0.5411701202392578,0.611603856086731,-0.07044675946235657,0.9874968528747559
172,16,0.45427998900413513,0.6308064460754395,-0.19428899884223938,0.9736337661743164
172,17,0.5446909666061401,0.6355899572372437,-0.08867789804935455,0.9737999439239502
172,18,0.4557107090950012,0.6570369601249695,-0.2176390141248703,0.9441184997558594
172,19,0.5417484045028687,0.6341419816017151,-0.11303208768367767,0.975449800491333
172,20,0.46272826194763184,0.6532130241394043,-0.23207005858421326,0.943360447883606
172,21,0.53953617811203,0.626140832901001,-0.08206076174974442,0.9687708020210266
172,22,0.4631706178188324,0.6435403823852539,-0.20034341514110565,0.9309408664703369
172,23,0.49841633439064026,0.639648973941803,0.027242928743362427,0.9996911287307739
172,24,0.464873731136322,0.641938328742981,-0.027297142893075943,0.9997922778129578
172,25,0.49280238151550293,0.7392522096633911,0.12683917582035065,0.9601545333862305
172,26,0.45567208528518677,0.7427974343299866,0.05369625240564346,0.9927484393119812
172,27,0.4888788163661957,0.832975447177887,0.2615278661251068,0.9753175973892212
172,28,0.45399826765060425,0.8497622013092041,0.19467662274837494,0.9747225642204285
172,29,0.4832102656364441,0.8471019268035889,0.2718798518180847,0.943672239780426
172,30,0.453574001789093,0.8622919917106628,0.20535807311534882,0.8763196468353271
172,31,0.5094220042228699,0.8660579919815063,0.21702170372009277,0.9755719304084778
172,32,0.46471887826919556,0.8912062048912048,0.13322284817695618,0.9654892086982727
173,0,0.4886207580566406,0.38553309440612793,-0.21312646567821503,0.9999538660049438
173,1,0.48939257860183716,0.3765682578086853,-0.20216190814971924,0.9998550415039062
173,2,0.4907554090023041,0.376825213432312,-0.20214465260505676,0.99983811378479
173,3,0.4920564591884613,0.37718623876571655,-0.20211000740528107,0.9998171925544739
173,4,0.48368725180625916,0.37675485014915466,-0.21049627661705017,0.9998918175697327
173,5,0.48109498620033264,0.377254456281662,-0.2105126678943634,0.9998922348022461
173,6,0.47851020097732544,0.3779757618904114,-0.21054215729236603,0.999885618686676
173,7,0.4908202588558197,0.38516828417778015,-0.12698189914226532,0.9995689392089844
173,8,0.47261667251586914,0.3867115378379822,-0.1680024117231369,0.9998775124549866
173,9,0.4912327229976654,0.3988628685474396,-0.1837950348854065,0.9999495148658752
173,10,0.4840487539768219,0.3997131288051605,-0.19541709125041962,0.9999667406082153
173,11,0.5102535486221313,0.4623567461967468,-0.05676070973277092,0.999946653842926
173,12,0.4492933750152588,0.4574701488018036,-0.14524318277835846,0.9999703168869019
173,13,0.5236842036247253,0.5425480008125305,-0.003003967460244894,0.9746922850608826
173,14,0.4386049807071686,0.549918532371521,-0.14513073861598969,0.9948134422302246
173,15,0.5350412130355835,0.6119464635848999,-0.06292305886745453,0.9855997562408447
173,16,0.4541739523410797,0.6314345598220825,-0.1899808794260025,0.9746140837669373
173,17,0.5399221181869507,0.6354570388793945,-0.07979270070791245,0.9709550738334656
173,18,0.45556339621543884,0.6580216884613037,-0.21299901604652405,0.946345865726471
173,19,0.5381866097450256,0.6345359683036804,-0.10343456268310547,0.9728565216064453
173,20,0.4625317454338074,0.6542431116104126,-0.2268904447555542,0.9454967379570007
173,21,0.5350345373153687,0.6262046694755554,-0.07406850159168243,0.9660270810127258
173,22,0.4630112648010254,0.6444758176803589,-0.1958116590976715,0.9331218600273132
173,23,0.4969584345817566,0.6399676203727722,0.028266754001379013,0.9996792674064636
173,24,0.4638095796108246,0.6423810124397278,-0.028326544910669327,0.9997875094413757
173,25,0.4921479821205139,0.7392670512199402,0.12328231334686279,0.9598044753074646
173,26,0.4551917612552643,0.743369460105896,0.04791530594229698,0.9928930997848511
173,27,0.48874035477638245,0.8333738446235657,0.2537185847759247,0.9751618504524231
173,28,0.45395025610923767,0.8499975204467773,0.18430373072624207,0.9761407375335693
173,29,0.48313871026039124,0.8473619222640991,0.26352354884147644,0.9441059231758118
173,30,0.4534095823764801,0.8628619909286499,0.19457057118415833,0.8794539570808411
173,31,0.5094166994094849,0.8660423159599304,0.2079997956752777,0.9757530689239502
173,32,0.46473464369773865,0.8909798264503479,0.1220887303352356,0.9669650197029114
174,0,0.48864489793777466,0.385789692401886,-0.19836047291755676,0.9999477863311768
174,1,0.48912477493286133,0.376703679561615,-0.1883377581834793,0.9998334646224976
174,2,0.49032458662986755,0.376931369304657,-0.1883222758769989,0.9998132586479187
174,3,0.49141812324523926,0.37725913524627686,-0.18828889727592468,0.9997885823249817
174,4,0.48361849784851074,0.3769628703594208,-0.19777777791023254,0.9998782873153687
174,5,0.4810574948787689,0.3774808645248413,-0.1977919042110443,0.9998794198036194
174,6,0.47846007347106934,0.378212571144104,-0.19782473146915436,0.9998708367347717
174,7,0.48937249183654785,0.38519880175590515,-0.11703598499298096,0.9994995594024658
174,8,0.47234392166137695,0.38690999150276184,-0.16262032091617584,0.9998588562011719
174,9,0.4907950460910797,0.39907294511795044,-0.17028012871742249,0.999941885471344
174,10,0.48406243324279785,0.4000324308872223,-0.18311019241809845,0.9999626874923706
174,11,0.509305477142334,0.46254491806030273,-0.05062757059931755,0.9999368190765381
174,12,0.44884181022644043,0.45696982741355896,-0.14324672520160675,0.9999685883522034
174,13,0.521358072757721,0.543031632900238,0.003998981323093176,0.9693944454193115
174,14,0.43795084953308105,0.5495603084564209,-0.1426987200975418,0.9948009848594666
174,15,0.5302035212516785,0.6128746271133423,-0.05239967629313469,0.9839578866958618
174,16,0.45367375016212463,0.6315010786056519,-0.18846935033798218,0.9755616784095764
174,17,0.5345080494880676,0.6365941166877747,-0.06879781186580658,0.9685555100440979
174,18,0.45465001463890076,0.6581864953041077,-0.2113509178161621,0.9486095905303955
174,19,0.5318183302879333,0.6361172795295715,-0.09215343743562698,0.9706816673278809
174,20,0.46166926622390747,0.6545431613922119,-0.22571036219596863,0.9476886987686157
174,21,0.528529167175293,0.6274116039276123,-0.06330671906471252,0.963695228099823
174,22,0.46226271986961365,0.6449258327484131,-0.1954043060541153,0.9353801608085632
174,23,0.49605029821395874,0.6399642825126648,0.028629690408706665,0.99965900182724
174,24,0.4633898138999939,0.6426722407341003,-0.028683844953775406,0.999777615070343
174,25,0.49150949716567993,0.7392656803131104,0.12027766555547714,0.959231436252594
174,26,0.45462566614151,0.744274914264679,0.046391259878873825,0.9928041100502014
174,27,0.48853474855422974,0.8333818316459656,0.24899736046791077,0.9744434356689453
174,28,0.4538940489292145,0.8497231602668762,0.1816336065530777,0.9771671295166016
174,29,0.48306527733802795,0.847621738910675,0.25866279006004333,0.9440855979919434
174,30,0.45335522294044495,0.862373411655426,0.19181858003139496,0.8821238279342651
174,31,0.5094741582870483,0.8658830523490906,0.2041414976119995,0.9754694700241089
174,32,0.46465522050857544,0.8905486464500427,0.12105889618396759,0.9679170846939087
175,0,0.4888187348842621,0.3859606385231018,-0.19573692977428436,0.9999350309371948
175,1,0.4891384541988373,0.3768143057823181,-0.18494656682014465,0.9997930526733398
175,2,0.4903411865234375,0.3770269751548767,-0.18494054675102234,0.999768078327179
175,3,0.4914042353630066,0.377339243888855,-0.18491002917289734,0.9997373223304749
175,4,0.483685165643692,0.3770762085914612,-0.19564031064510345,0.9998502731323242
175,5,0.481084406375885,0.37757933139801025,-0.19565315544605255,0.9998512268066406
175,6,0.4784739017486572,0.37826308608055115,-0.1956905722618103,0.9998382925987244
175,7,0.48878034949302673,0.38524720072746277,-0.11165670305490494,0.9993692636489868
175,8,0.47194355726242065,0.3868248462677002,-0.16236814856529236,0.9998214840888977
175,9,0.49080371856689453,0.3992246985435486,-0.16696740686893463,0.9999269843101501
175,10,0.4841828942298889,0.4002537727355957,-0.18140429258346558,0.9999549984931946
175,11,0.5084159970283508,0.4627009630203247,-0.048178620636463165,0.9999278783798218
175,12,0.4480277895927429,0.45688489079475403,-0.14246711134910583,0.999964714050293
175,13,0.519827127456665,0.5431862473487854,-0.0003246004052925855,0.9646647572517395
175,14,0.43709897994995117,0.5495359897613525,-0.14356133341789246,0.9947905540466309
175,15,0.5261361598968506,0.614802896976471,-0.06292860954999924,0.9826245903968811
175,16,0.4530906081199646,0.6317509412765503,-0.186871737241745,0.9763603210449219
175,17,0.5293759107589722,0.6381646394729614,-0.0800473690032959,0.9665413498878479
175,18,0.4537673592567444,0.6583452224731445,-0.20925335586071014,0.9504820108413696
175,19,0.5255162119865417,0.637106716632843,-0.1025635376572609,0.9688817858695984
175,20,0.46101585030555725,0.6546213626861572,-0.2242065668106079,0.9495328664779663
175,21,0.5223419666290283,0.6284031867980957,-0.07348932325839996,0.9617984890937805
175,22,0.4617287218570709,0.6450737118721008,-0.1940583884716034,0.9372999668121338
175,23,0.49583426117897034,0.639987051486969,0.029637014493346214,0.9996393322944641
175,24,0.46312323212623596,0.6427364945411682,-0.02967933751642704,0.9997650384902954
175,25,0.4914315640926361,0.7391413450241089,0.12177058309316635,0.9584323763847351
175,26,0.45450282096862793,0.7445247173309326,0.04713206738233566,0.9924254417419434
175,27,0.4884435534477234,0.8332285284996033,0.2527211606502533,0.9734484553337097
175,28,0.4539307951927185,0.8494804501533508,0.1862335205078125,0.977730929851532
175,29,0.483055055141449,0.847629725933075,0.26275545358657837,0.9438701868057251
175,30,0.4533957540988922,0.8620597720146179,0.19670405983924866,0.883069634437561
175,31,0.5092495679855347,0.8656905293464661,0.20879539847373962,0.9749972224235535
175,32,0.4646690785884857,0.8895775079727173,0.1253199428319931,0.9682873487472534
176,0,0.48881226778030396,0.3860499858856201,-0.19034941494464874,0.999931812286377
176,1,0.4890063405036926,0.37679293751716614,-0.17879614233970642,0.999784529209137
176,2,0.4901522994041443,0.37700003385543823,-0.17879237234592438,0.9997581243515015
176,3,0.4911612570285797,0.3772892355918884,-0.17875966429710388,0.9997259974479675
176,4,0.4836452007293701,0.3770439922809601,-0.18974252045154572,0.9998434782028198
176,5,0.48099517822265625,0.3775695264339447,-0.18975064158439636,0.9998440146446228
176,6,0.4783276617527008,0.3782442808151245,-0.18978483974933624,0.9998292922973633
176,7,0.4882274568080902,0.3851572573184967,-0.10354244709014893,0.9993392825126648
176,8,0.47120195627212524,0.3867279589176178,-0.15610870718955994,0.9998128414154053
176,9,0.4904889464378357,0.39929211139678955,-0.16098827123641968,0.9999235272407532
176,10,0.4841857850551605,0.4003652036190033,-0.17579330503940582,0.9999533891677856
176,11,0.5073980689048767,0.4626885652542114,-0.03866751492023468,0.9999256134033203
176,12,0.4474712908267975,0.4566357433795929,-0.1413787454366684,0.9999639391899109
176,13,0.5183929800987244,0.5431407690048218,0.00517193041741848,0.9609951972961426
176,14,0.4359460771083832,0.5489355325698853,-0.14274586737155914,0.9949089288711548
176,15,0.5225980877876282,0.6166328191757202,-0.06255758553743362,0.9820448756217957
176,16,0.4518727660179138,0.6318111419677734,-0.18561092019081116,0.9775251746177673
176,17,0.5245431661605835,0.6405866146087646,-0.08155912160873413,0.9657577276229858
176,18,0.45255041122436523,0.658750593662262,-0.20772209763526917,0.9529647827148438
176,19,0.519519031047821,0.6384172439575195,-0.10448446124792099,0.9681559205055237
176,20,0.4596773087978363,0.6549183130264282,-0.22269928455352783,0.9520026445388794
176,21,0.5171116590499878,0.6300168633460999,-0.07353470474481583,0.9609985947608948
176,22,0.46056556701660156,0.6452699303627014,-0.1929979920387268,0.9400171637535095
176,23,0.4948694109916687,0.6399465799331665,0.03267183154821396,0.9996373653411865
176,24,0.46247053146362305,0.6426441073417664,-0.03271038830280304,0.9997632503509521
176,25,0.4909670948982239,0.7390224933624268,0.12256965786218643,0.9579957127571106
176,26,0.4541253447532654,0.7450322508811951,0.046368278563022614,0.9923561215400696
176,27,0.48834532499313354,0.8334246873855591,0.25087326765060425,0.9730727672576904
176,28,0.45368656516075134,0.8500930666923523,0.18258686363697052,0.9786794185638428
176,29,0.4829932749271393,0.8480991721153259,0.26065003871917725,0.94464510679245
176,30,0.45284828543663025,0.8631730079650879,0.19278571009635925,0.8854338526725769
176,31,0.5092563033103943,0.8656792640686035,0.20732159912586212,0.9751051068305969
176,32,0.46467581391334534,0.8903989195823669,0.12091143429279327,0.9693304896354675
177,0,0.4883096218109131,0.3861543536186218,-0.193496435880661,0.9999310970306396
177,1,0.48814186453819275,0.3768416941165924,-0.18161532282829285,0.9997848868370056
177,2,0.4892313480377197,0.37704038619995117,-0.18160904943943024,0.9997570514678955
177,3,0.49018946290016174,0.37732231616973877,-0.18157652020454407,0.9997245073318481
177,4,0.4828416407108307,0.37710800766944885,-0.1916424036026001,0.9998435378074646
177,5,0.4801112115383148,0.37763917446136475,-0.19165045022964478,0.9998437762260437
177,6,0.47737088799476624,0.3783077597618103,-0.19168028235435486,0.9998287558555603
177,7,0.4870653748512268,0.38518384099006653,-0.10464243590831757,0.9993286728858948
177,8,0.46984004974365234,0.3867408037185669,-0.15315422415733337,0.9998133182525635
177,9,0.4896446168422699,0.3993871510028839,-0.16363026201725006,0.9999221563339233
177,10,0.4836385250091553,0.4004836082458496,-0.17724540829658508,0.9999533295631409
177,11,0.5065591931343079,0.46270042657852173,-0.038704268634319305,0.9999227523803711
177,12,0.44664931297302246,0.4559483826160431,-0.13885745406150818,0.9999632835388184
177,13,0.5169969797134399,0.5432569980621338,0.003800509963184595,0.9559515118598938
177,14,0.43437886238098145,0.5479167103767395,-0.14173774421215057,0.994996964931488
177,15,0.518954336643219,0.6175552010536194,-0.06423583626747131,0.9810505509376526
177,16,0.45015764236450195,0.631942629814148,-0.18432895839214325,0.9784333109855652
177,17,0.5197933912277222,0.6413727402687073,-0.08393742144107819,0.9644278883934021
177,18,0.45068567991256714,0.6591757535934448,-0.2074531763792038,0.9549630880355835
177,19,0.5149116516113281,0.6388942003250122,-0.10649080574512482,0.9668737649917603
177,20,0.4582326412200928,0.6551135778427124,-0.22062261402606964,0.9539822936058044
177,21,0.5129554867744446,0.6308097839355469,-0.07501302659511566,0.9594888091087341
177,22,0.4593656659126282,0.6454379558563232,-0.19047625362873077,0.9422195553779602
177,23,0.49405136704444885,0.639970600605011,0.03358161821961403,0.9996403455734253
177,24,0.4620351791381836,0.6425701379776001,-0.033627159893512726,0.9997650980949402
177,25,0.4905463755130768,0.7390562891960144,0.12357664108276367,0.957330584526062
177,26,0.453794002532959,0.7457448244094849,0.04473888874053955,0.9922581911087036
177,27,0.48826923966407776,0.8334780335426331,0.25026512145996094,0.9725199341773987
177,28,0.4535561203956604,0.8502441644668579,0.17986387014389038,0.9793687462806702
177,29,0.4829610288143158,0.8483872413635254,0.2600254714488983,0.9451383948326111
177,30,0.45263394713401794,0.863203763961792,0.1900143325328827,0.8867743611335754
177,31,0.5092958211898804,0.8657292127609253,0.20872993767261505,0.9749847054481506
177,32,0.4645967483520508,0.8902132511138916,0.11968451738357544,0.9699937105178833
178,0,0.48817676305770874,0.38661935925483704,-0.19153887033462524,0.9999322295188904
178,1,0.48783522844314575,0.37690043449401855,-0.18015523254871368,0.9997912645339966
178,2,0.4888420104980469,0.3771040141582489,-0.18014469742774963,0.9997634887695312
178,3,0.4897304177284241,0.37739992141723633,-0.18011267483234406,0.9997318983078003
178,4,0.4827560782432556,0.3771381080150604,-0.19117483496665955,0.9998483061790466
178,5,0.48005467653274536,0.3776775300502777,-0.19118377566337585,0.9998483061790466
178,6,0.4772844910621643,0.3783661723136902,-0.19120419025421143,0.9998334646224976
178,7,0.4861910343170166,0.3853771686553955,-0.10521110147237778,0.9993443489074707
178,8,0.46911153197288513,0.3867637515068054,-0.1542072594165802,0.9998186230659485
178,9,0.489298015832901,0.40007132291793823,-0.1622457355260849,0.9999233484268188
178,10,0.4836121201515198,0.4010586738586426,-0.17718468606472015,0.9999545216560364
178,11,0.5054882764816284,0.461891770362854,-0.040994755923748016,0.9999231100082397
178,12,0.4458343982696533,0.4559502899646759,-0.14053089916706085,0.999963104724884
178,13,0.5160053968429565,0.5427468419075012,0.003404096933081746,0.9526297450065613
178,14,0.43321648240089417,0.5478122234344482,-0.1430779993534088,0.9951041340827942
178,15,0.5141114592552185,0.6172224283218384,-0.06107526272535324,0.98058021068573
178,16,0.4483395218849182,0.6329690217971802,-0.18353477120399475,0.9792365431785583
178,17,0.5133631229400635,0.6412895321846008,-0.08074267208576202,0.9638344049453735
178,18,0.44820746779441833,0.6603041887283325,-0.20664134621620178,0.9568232297897339
178,19,0.5081576108932495,0.6387328505516052,-0.10229672491550446,0.9662442803382874
178,20,0.4559360146522522,0.6562731266021729,-0.21850864589214325,0.9558297991752625
178,21,0.5066603422164917,0.6305109262466431,-0.07114461064338684,0.9585666656494141
178,22,0.45754867792129517,0.6469632983207703,-0.1887587606906891,0.9441900253295898
178,23,0.4935784935951233,0.6394272446632385,0.035012345761060715,0.9996466636657715
178,24,0.4614223539829254,0.6425211429595947,-0.03507358580827713,0.9997706413269043
178,25,0.4901585578918457,0.7386418581008911,0.12623177468776703,0.9564416408538818
178,26,0.4537229537963867,0.7455980777740479,0.03589311242103577,0.9921023845672607
178,27,0.488158643245697,0.8334816694259644,0.2495841085910797,0.9719069004058838
178,28,0.4534139633178711,0.8501251935958862,0.15742643177509308,0.9800240993499756
178,29,0.48290595412254333,0.8484874367713928,0.25927215814590454,0.9456183910369873
178,30,0.45248284935951233,0.8630229234695435,0.16659916937351227,0.8881202340126038
178,31,0.5092939734458923,0.8656694293022156,0.21123066544532776,0.9747381210327148
178,32,0.4645770192146301,0.8899538516998291,0.1007690578699112,0.9705353379249573
179,0,0.48698028922080994,0.3867053985595703,-0.17894405126571655,0.9999338984489441
179,1,0.4864024519920349,0.37694743275642395,-0.16761070489883423,0.9997990131378174
179,2,0.48739513754844666,0.37714579701423645,-0.1676030308008194,0.9997718334197998
179,3,0.4882752299308777,0.3774368166923523,-0.1675684005022049,0.999740719795227
179,4,0.48151516914367676,0.37719687819480896,-0.1776704043149948,0.9998536705970764
179,5,0.47878313064575195,0.3777370750904083,-0.17767272889614105,0.9998536705970764
179,6,0.47600293159484863,0.3784247934818268,-0.17768500745296478,0.9998390078544617
179,7,0.4848659038543701,0.3854328691959381,-0.09381411969661713,0.9993665814399719
179,8,0.46767282485961914,0.3868027925491333,-0.14125493168830872,0.9998257160186768
179,9,0.48803696036338806,0.40044209361076355,-0.1502131074666977,0.9999253749847412
179,10,0.48244762420654297,0.4014573395252228,-0.16383376717567444,0.9999560713768005
179,11,0.5045575499534607,0.4618861675262451,-0.03178288787603378,0.9999227523803711
179,12,0.4452652037143707,0.4558067321777344,-0.12900379300117493,0.9999635219573975
179,13,0.514527440071106,0.542728066444397,0.011089864186942577,0.9466092586517334
179,14,0.4323132634162903,0.5467129349708557,-0.13289204239845276,0.9951832890510559
179,15,0.5109118223190308,0.6169615983963013,-0.0503104142844677,0.9790512919425964
179,16,0.44671663641929626,0.6333271265029907,-0.17042776942253113,0.9798545241355896
179,17,0.5094863772392273,0.6411124467849731,-0.06931548565626144,0.961911678314209
179,18,0.44601091742515564,0.6608631014823914,-0.19317929446697235,0.9583240747451782
179,19,0.5042904615402222,0.6385179758071899,-0.09014028310775757,0.9642737507820129
179,20,0.4539774954319,0.6567332148551941,-0.20448395609855652,0.9573023319244385
179,21,0.5029823780059814,0.6303455233573914,-0.05995376035571098,0.9561002850532532
179,22,0.45587706565856934,0.6475732326507568,-0.17515897750854492,0.945824146270752
179,23,0.49266719818115234,0.6393612027168274,0.034893106669187546,0.9996574521064758
179,24,0.46034327149391174,0.6425398588180542,-0.03495465964078903,0.9997790455818176
179,25,0.48982125520706177,0.7383326888084412,0.12495343387126923,0.9567986726760864
179,26,0.4535562992095947,0.7464061379432678,0.032392777502536774,0.9921901226043701
179,27,0.4881467819213867,0.8334860801696777,0.24708786606788635,0.9720708727836609
179,28,0.4534028470516205,0.8505203127861023,0.14775709807872772,0.9808118939399719
179,29,0.4828774333000183,0.8485824465751648,0.25655990839004517,0.9464072585105896
179,30,0.45231351256370544,0.8636928200721741,0.15643247961997986,0.889953076839447
179,31,0.5092716217041016,0.8657723069190979,0.20899033546447754,0.9749447107315063
179,32,0.4645764231681824,0.8895374536514282,0.09187643229961395,0.9713733196258545
180,0,0.4859082102775574,0.3868735432624817,-0.1761578619480133,0.9999333620071411
180,1,0.4853287637233734,0.37710142135620117,-0.16500338912010193,0.9998000264167786
180,2,0.48634329438209534,0.3772915005683899,-0.16499732434749603,0.9997726082801819
180,3,0.48723945021629333,0.3775723874568939,-0.1649654656648636,0.9997413754463196
180,4,0.4802992343902588,0.3773503303527832,-0.17452716827392578,0.9998544454574585
180,5,0.4775922894477844,0.37787896394729614,-0.17453454434871674,0.9998545050621033
180,6,0.4748075604438782,0.37853047251701355,-0.17455418407917023,0.9998397827148438
180,7,0.48386621475219727,0.38559505343437195,-0.09302689880132675,0.9993675947189331
180,8,0.46672964096069336,0.38685429096221924,-0.13827142119407654,0.9998273849487305
180,9,0.4867742657661438,0.40064138174057007,-0.14821037650108337,0.9999256134033203
180,10,0.4810720384120941,0.40177804231643677,-0.16107942163944244,0.9999565482139587
180,11,0.503935694694519,0.46188443899154663,-0.03278319537639618,0.999921441078186
180,12,0.4450210928916931,0.45580750703811646,-0.1256430447101593,0.999963641166687
180,13,0.5133151412010193,0.5430590510368347,0.00886838510632515,0.9417645931243896
180,14,0.43149226903915405,0.5462310314178467,-0.12895122170448303,0.9951817989349365
180,15,0.508236825466156,0.6167623996734619,-0.05220181867480278,0.9776152968406677
180,16,0.44547492265701294,0.6346362829208374,-0.16560305655002594,0.9800594449043274
180,17,0.5060786008834839,0.6411854028701782,-0.07117758691310883,0.9600918292999268
180,18,0.44456854462623596,0.6620244979858398,-0.18808402121067047,0.9590207934379578
180,19,0.500658392906189,0.63814777135849,-0.09142135083675385,0.9624093770980835
180,20,0.45263463258743286,0.6579625606536865,-0.1990387737751007,0.9579377174377441
180,21,0.4995555877685547,0.6303040385246277,-0.06153523176908493,0.9537121057510376
180,22,0.45449066162109375,0.6490039229393005,-0.1701367199420929,0.946457028388977
180,23,0.49224478006362915,0.6392730474472046,0.03471064940094948,0.9996636509895325
180,24,0.46004849672317505,0.6426092386245728,-0.03477431833744049,0.9997867345809937
180,25,0.4893113970756531,0.7384970784187317,0.12403756380081177,0.9567000865936279
180,26,0.45349931716918945,0.7475473284721375,0.024177977815270424,0.9921693205833435
180,27,0.487910658121109,0.8334841132164001,0.24442097544670105,0.971923291683197
180,28,0.4534998834133148,0.8508962988853455,0.13420836627483368,0.981410562992096
180,29,0.48250287771224976,0.8486117124557495,0.2537447512149811,0.9464747905731201
180,30,0.45233625173568726,0.8640486598014832,0.1422543227672577,0.8908737897872925
180,31,0.5089870095252991,0.8657934665679932,0.20814159512519836,0.974880576133728
180,32,0.46483317017555237,0.8899196982383728,0.07693897187709808,0.9720392823219299
181,0,0.48590144515037537,0.3877509534358978,-0.16838867962360382,0.9999210238456726
181,1,0.4851207733154297,0.3776026964187622,-0.1579572707414627,0.9997716546058655
181,2,0.48600608110427856,0.3777722120285034,-0.15796074271202087,0.9997425675392151
181,3,0.48676198720932007,0.37803080677986145,-0.15793897211551666,0.9997102618217468
181,4,0.4803696274757385,0.3777962923049927,-0.16977253556251526,0.9998328685760498
181,5,0.4777042865753174,0.3782637417316437,-0.1697801947593689,0.9998329281806946
181,6,0.4749378263950348,0.3788743317127228,-0.16980810463428497,0.9998156428337097
181,7,0.4826578199863434,0.38613563776016235,-0.08916385471820831,0.999311625957489
181,8,0.4665168225765228,0.3872058093547821,-0.1423255354166031,0.9998041987419128
181,9,0.48648157715797424,0.4016423225402832,-0.14125998318195343,0.999917209148407
181,10,0.4811362326145172,0.402818888425827,-0.15700602531433105,0.9999513030052185
181,11,0.502784013748169,0.46197599172592163,-0.03117174282670021,0.9999181628227234
181,12,0.44445180892944336,0.4560590088367462,-0.1258290410041809,0.9999619126319885
181,13,0.5121548175811768,0.5430458784103394,0.011381406337022781,0.9334854483604431
181,14,0.43141403794288635,0.5463225841522217,-0.12955082952976227,0.9950761198997498
181,15,0.5062676668167114,0.6152021884918213,-0.0470210537314415,0.9741252064704895
181,16,0.4445473551750183,0.6373637914657593,-0.16687074303627014,0.9797429442405701
181,17,0.5037941336631775,0.6410501003265381,-0.06518332660198212,0.9554130434989929
181,18,0.4437260031700134,0.6647826433181763,-0.18939781188964844,0.9588620662689209
181,19,0.4984837472438812,0.6364052295684814,-0.08526881784200668,0.9578696489334106
181,20,0.45120540261268616,0.66152024269104,-0.20069997012615204,0.9576770663261414
181,21,0.4973386228084564,0.6287330389022827,-0.05630279332399368,0.9481456875801086
181,22,0.45285162329673767,0.6524679064750671,-0.17153885960578918,0.9457569122314453
181,23,0.49140992760658264,0.6393336653709412,0.03502142056822777,0.9996577501296997
181,24,0.4595058560371399,0.6433941125869751,-0.03507165238261223,0.9997847676277161
181,25,0.4891173839569092,0.7386215925216675,0.12362019717693329,0.9564643502235413
181,26,0.4531753659248352,0.7487944960594177,0.02679188922047615,0.9919694066047668
181,27,0.48776474595069885,0.8334376215934753,0.24441948533058167,0.9713965058326721
181,28,0.45349782705307007,0.8512868285179138,0.14476390182971954,0.9817032217979431
181,29,0.4823012948036194,0.8485940098762512,0.2537509500980377,0.9458258152008057
181,30,0.45235371589660645,0.8642005920410156,0.1535787433385849,0.8909433484077454
181,31,0.508902907371521,0.8657445311546326,0.20749756693840027,0.9746000170707703
181,32,0.46487775444984436,0.8898277878761292,0.08650001138448715,0.9723085761070251
182,0,0.48472943902015686,0.3888724148273468,-0.17700795829296112,0.9999208450317383
182,1,0.48419028520584106,0.37845081090927124,-0.16627882421016693,0.9997725486755371
182,2,0.48516160249710083,0.3786201775074005,-0.16627554595470428,0.9997408986091614
182,3,0.4859945774078369,0.3788670301437378,-0.16624855995178223,0.9997088313102722
182,4,0.479058176279068,0.3786127269268036,-0.1768692433834076,0.9998349547386169
182,5,0.47624462842941284,0.37907764315605164,-0.17687878012657166,0.9998346567153931
182,6,0.47334450483322144,0.3796447217464447,-0.17690429091453552,0.9998182654380798
182,7,0.4821990430355072,0.3868275582790375,-0.09515179693698883,0.9992995262145996
182,8,0.46518903970718384,0.38779035210609436,-0.14471980929374695,0.9998059868812561
182,9,0.4852124750614166,0.40283283591270447,-0.1490754932165146,0.999916136264801
182,10,0.47946247458457947,0.4041692912578583,-0.1633271723985672,0.9999514818191528
182,11,0.5009730458259583,0.46202340722084045,-0.03412260487675667,0.9999157786369324
182,12,0.4438137114048004,0.4565410614013672,-0.1275234818458557,0.9999610185623169
182,13,0.5110374689102173,0.5421976447105408,0.009420128539204597,0.9293569326400757
182,14,0.43148502707481384,0.5488750338554382,-0.1297610104084015,0.9949777126312256
182,15,0.5051034688949585,0.6124749183654785,-0.05038359761238098,0.9728783369064331
182,16,0.4444510042667389,0.6402318477630615,-0.16146206855773926,0.9796330332756042
182,17,0.50252765417099,0.6393387913703918,-0.06881978362798691,0.9536465406417847
182,18,0.4436590075492859,0.6680418252944946,-0.18267697095870972,0.9589676260948181
182,19,0.49755820631980896,0.6340850591659546,-0.08815692365169525,0.956072211265564
182,20,0.45117640495300293,0.6646150946617126,-0.1939418762922287,0.9577323198318481
182,21,0.4963340163230896,0.6266091465950012,-0.05931723117828369,0.9458879232406616
182,22,0.4526556134223938,0.6552304625511169,-0.16589535772800446,0.9458397626876831
182,23,0.49063557386398315,0.6397080421447754,0.03472248837351799,0.9996597766876221
182,24,0.4588838219642639,0.6443394422531128,-0.03477015346288681,0.9997876286506653
182,25,0.4889370799064636,0.7393316626548767,0.12346257269382477,0.9558815360069275
182,26,0.4531029164791107,0.751621425151825,0.030813712626695633,0.9916132092475891
182,27,0.4877571165561676,0.8334363102912903,0.24104663729667664,0.9706822037696838
182,28,0.4538756012916565,0.851415753364563,0.14834550023078918,0.9817995429039001
182,29,0.48216548562049866,0.8485994338989258,0.25041335821151733,0.9451862573623657
182,30,0.4528111517429352,0.8643547892570496,0.15737470984458923,0.890605092048645
182,31,0.5089015364646912,0.8657404780387878,0.20729541778564453,0.9741027355194092
182,32,0.4649500846862793,0.8897648453712463,0.09556028991937637,0.9722906947135925
183,0,0.4840550422668457,0.39041867852211,-0.18440136313438416,0.999912440776825
183,1,0.48335665464401245,0.37978366017341614,-0.17527028918266296,0.9997518658638
183,2,0.48424214124679565,0.38003528118133545,-0.17526960372924805,0.999716579914093
183,3,0.48502716422080994,0.3803882300853729,-0.17525702714920044,0.9996838569641113
183,4,0.47846513986587524,0.37987256050109863,-0.18649610877037048,0.999819815158844
183,5,0.47564697265625,0.3803175985813141,-0.18651792407035828,0.9998193383216858
183,6,0.47273868322372437,0.3808666169643402,-0.18655277788639069,0.9998024106025696
183,7,0.48116594552993774,0.38871273398399353,-0.10713645070791245,0.999239981174469
183,8,0.4645655155181885,0.38866543769836426,-0.15837189555168152,0.9997857809066772
183,9,0.48415103554725647,0.40438583493232727,-0.15717457234859467,0.9999070763587952
183,10,0.47849607467651367,0.40568622946739197,-0.17227846384048462,0.9999464750289917
183,11,0.4991218149662018,0.46203795075416565,-0.04657994955778122,0.9999117255210876
183,12,0.4432176649570465,0.456588476896286,-0.14022228121757507,0.9999585151672363
183,13,0.5097944736480713,0.5422009229660034,-0.0026980233378708363,0.9273051619529724
183,14,0.43164944648742676,0.5538034439086914,-0.13820305466651917,0.9949246048927307
183,15,0.5040901899337769,0.6128218770027161,-0.05312269926071167,0.9719846844673157
183,16,0.4446261525154114,0.6454528570175171,-0.1627252995967865,0.9797413349151611
183,17,0.5017401576042175,0.6399484276771545,-0.07087571173906326,0.9520893692970276
183,18,0.4440957009792328,0.6732915639877319,-0.1837199330329895,0.9592825770378113
183,19,0.496969074010849,0.6342554092407227,-0.08983979374170303,0.9545686841011047
183,20,0.45158958435058594,0.6699610948562622,-0.19640964269638062,0.9580052495002747
183,21,0.49566349387168884,0.6267861127853394,-0.06015380471944809,0.9438478350639343
183,22,0.4530266225337982,0.6604633331298828,-0.16614560782909393,0.9460268616676331
183,23,0.4894788861274719,0.639689564704895,0.034557946026325226,0.9996526837348938
183,24,0.45684313774108887,0.6443432569503784,-0.03460642322897911,0.9997815489768982
183,25,0.4887309968471527,0.7393729090690613,0.11357209831476212,0.9545401334762573
183,26,0.4528765082359314,0.7516872882843018,0.032276879996061325,0.9908947944641113
183,27,0.48772841691970825,0.8334420323371887,0.22577770054340363,0.9692163467407227
183,28,0.4538792669773102,0.8512058854103088,0.15175320208072662,0.9815217852592468
183,29,0.48204508423805237,0.8486261963844299,0.23453526198863983,0.9436665177345276
183,30,0.4530072808265686,0.8640088438987732,0.16125190258026123,0.8889033198356628
183,31,0.5088107585906982,0.8656929731369019,0.18884748220443726,0.9729710221290588
183,32,0.46479925513267517,0.888950765132904,0.10182775557041168,0.9717411398887634
184,0,0.4835047721862793,0.391120582818985,-0.18535101413726807,0.9999080896377563
184,1,0.4825914800167084,0.38049715757369995,-0.175785094499588,0.9997410178184509
184,2,0.48338204622268677,0.38077324628829956,-0.175782710313797,0.9997026920318604
184,3,0.484092652797699,0.38113513588905334,-0.17576630413532257,0.9996713399887085
184,4,0.47800731658935547,0.38044798374176025,-0.18659290671348572,0.999812126159668
184,5,0.47523587942123413,0.38079264760017395,-0.1866176873445511,0.999811589717865
184,6,0.4723075330257416,0.3812239468097687,-0.18665507435798645,0.9997949600219727
184,7,0.4799261689186096,0.38943198323249817,-0.10782690346240997,0.9991950988769531
184,8,0.4637082517147064,0.38882309198379517,-0.1618039458990097,0.9997754693031311
184,9,0.48354044556617737,0.4051539897918701,-0.15771952271461487,0.9999029636383057
184,10,0.47817665338516235,0.40626949071884155,-0.17299380898475647,0.9999445080757141
184,11,0.4971419870853424,0.46221107244491577,-0.04764213413000107,0.9999103546142578
184,12,0.4420611262321472,0.45844709873199463,-0.14825494587421417,0.9999574422836304
184,13,0.5077692270278931,0.5422058701515198,-0.00562326330691576,0.9241783022880554
184,14,0.4317653775215149,0.561750054359436,-0.14979016780853271,0.9949548244476318
184,15,0.5041190385818481,0.6139618158340454,-0.05803590267896652,0.9711582660675049
184,16,0.4456964135169983,0.6495608687400818,-0.17795735597610474,0.9803709387779236
184,17,0.5025715827941895,0.6408896446228027,-0.07660046964883804,0.9506276845932007
184,18,0.4445684552192688,0.6769267916679382,-0.20082871615886688,0.9606354236602783
184,19,0.49771881103515625,0.6357389092445374,-0.09377007931470871,0.9532062411308289
184,20,0.4522832930088043,0.6740028262138367,-0.2116789072751999,0.9593719840049744
184,21,0.4963178038597107,0.6285185217857361,-0.06524289399385452,0.9422300457954407
184,22,0.4536212384700775,0.6636723875999451,-0.18168330192565918,0.9475743174552917
184,23,0.4889334738254547,0.6402400135993958,0.034577883780002594,0.9996570348739624
184,24,0.4563766121864319,0.6458612680435181,-0.03463456407189369,0.9997804164886475
184,25,0.4887019693851471,0.7393268942832947,0.11920876801013947,0.951657772064209
184,26,0.4525465965270996,0.7520081400871277,0.04188457876443863,0.9900774359703064
184,27,0.48761120438575745,0.8334394097328186,0.23289558291435242,0.967113196849823
184,28,0.4545423984527588,0.8515536785125732,0.1728334277868271,0.9810512661933899
184,29,0.48184576630592346,0.8487695455551147,0.242133229970932,0.9418161511421204
184,30,0.4537642002105713,0.8640845417976379,0.18341727554798126,0.8868615627288818
184,31,0.5087867379188538,0.8655511736869812,0.20013141632080078,0.9718928933143616
184,32,0.4659220278263092,0.8895838260650635,0.12360002100467682,0.9712943434715271
185,0,0.4831819534301758,0.39282044768333435,-0.20226415991783142,0.9999056458473206
185,1,0.48231571912765503,0.38196882605552673,-0.1928175985813141,0.9997338652610779
185,2,0.48315149545669556,0.38226228952407837,-0.192814901471138,0.9996926188468933
185,3,0.4839131236076355,0.3826697766780853,-0.19280734658241272,0.999661386013031
185,4,0.4775911867618561,0.3818049430847168,-0.20417365431785583,0.9998060464859009
185,5,0.4747680723667145,0.3820193111896515,-0.20419535040855408,0.9998055696487427
185,6,0.4716673493385315,0.3823191225528717,-0.2042204886674881,0.9997888207435608
185,7,0.47964709997177124,0.3906160891056061,-0.12182684987783432,0.9991597533226013
185,8,0.4630963206291199,0.3894875943660736,-0.17560292780399323,0.9997658133506775
185,9,0.4832600951194763,0.4068107306957245,-0.17341367900371552,0.9998970627784729
185,10,0.4776865839958191,0.40768304467201233,-0.18890345096588135,0.9999414086341858
185,11,0.49573975801467896,0.46266627311706543,-0.05392292141914368,0.9999064207077026
185,12,0.4414384365081787,0.4588058888912201,-0.15852144360542297,0.9999561905860901
185,13,0.5054792165756226,0.5422107577323914,-0.00760727608576417,0.9181086421012878
185,14,0.4322446882724762,0.5625967383384705,-0.1589757204055786,0.9949405789375305
185,15,0.504630446434021,0.6143064498901367,-0.057704031467437744,0.9688568115234375
185,16,0.4494510293006897,0.6505626440048218,-0.18841668963432312,0.9805743098258972
185,17,0.5038970708847046,0.6413238644599915,-0.07535792887210846,0.9467411041259766
185,18,0.44868963956832886,0.6773848533630371,-0.2110910713672638,0.9610567092895508
185,19,0.49926185607910156,0.6368195414543152,-0.0937209501862526,0.9495910406112671
185,20,0.4553007185459137,0.674601137638092,-0.22191517055034637,0.95978182554245
185,21,0.49759578704833984,0.6293869018554688,-0.06567808985710144,0.9379427433013916
185,22,0.4561522901058197,0.6648839712142944,-0.19249731302261353,0.9479288458824158
185,23,0.48823341727256775,0.6400322914123535,0.03447848930954933,0.9996557831764221
185,24,0.4552627503871918,0.6458397507667542,-0.03453502804040909,0.9997755885124207
185,25,0.4887425899505615,0.7388423681259155,0.1181197315454483,0.9498603940010071
185,26,0.4523194432258606,0.7518689632415771,0.04266081005334854,0.9892879724502563
185,27,0.4876227378845215,0.8334420919418335,0.23256173729896545,0.9655138850212097
185,28,0.4545985162258148,0.8510993719100952,0.17225836217403412,0.9808380007743835
185,29,0.48184260725975037,0.8487924337387085,0.24167796969413757,0.9400865435600281
185,30,0.45381808280944824,0.8631860613822937,0.18247486650943756,0.8858653903007507
185,31,0.5087895393371582,0.8655655980110168,0.19677306711673737,0.9709100723266602
185,32,0.46590104699134827,0.8895493149757385,0.12024793773889542,0.9711104035377502
186,0,0.48267093300819397,0.3933712840080261,-0.2005445957183838,0.999901533126831
186,1,0.4819156229496002,0.382643461227417,-0.19083426892757416,0.9997208118438721
186,2,0.4827774465084076,0.3829589784145355,-0.19082948565483093,0.9996756315231323
186,3,0.483571857213974,0.3833785653114319,-0.19081558287143707,0.9996438026428223
186,4,0.4770869314670563,0.38230884075164795,-0.20237727463245392,0.9997959733009338
186,5,0.47421517968177795,0.38241106271743774,-0.20239754021167755,0.9997951984405518
186,6,0.4709703028202057,0.38260358572006226,-0.2024264633655548,0.9997774958610535
186,7,0.4794636368751526,0.3910600543022156,-0.12006698548793793,0.9990938305854797
186,8,0.4623052179813385,0.3896913230419159,-0.17509089410305023,0.9997493028640747
186,9,0.48266535997390747,0.4072644114494324,-0.1720355898141861,0.9998885989189148
186,10,0.4769246578216553,0.4080711007118225,-0.187728613615036,0.9999368786811829
186,11,0.49412545561790466,0.4641192555427551,-0.0529978945851326,0.9998970627784729
186,12,0.44068941473960876,0.45883968472480774,-0.1626504361629486,0.9999555349349976
186,13,0.5029558539390564,0.5446715354919434,-0.00458242604508996,0.9082605242729187
186,14,0.43400663137435913,0.5618826746940613,-0.16678990423679352,0.9948722720146179
186,15,0.5050753951072693,0.6190347671508789,-0.04979493468999863,0.965494692325592
186,16,0.45375245809555054,0.6499890089035034,-0.19603435695171356,0.9808807969093323
186,17,0.5051923990249634,0.6442628502845764,-0.06493137031793594,0.9416257739067078
186,18,0.4549882411956787,0.6766695976257324,-0.2190898209810257,0.9618364572525024
186,19,0.5002817511558533,0.6408748030662537,-0.08568553626537323,0.9449036717414856
186,20,0.4613553583621979,0.6736229062080383,-0.22954313457012177,0.9605494737625122
186,21,0.49881666898727417,0.6331474184989929,-0.05931209772825241,0.932890772819519
186,22,0.4617483615875244,0.6640713810920715,-0.20006482303142548,0.9486570358276367
186,23,0.4872211515903473,0.6388975381851196,0.035299044102430344,0.9996464848518372
186,24,0.45453500747680664,0.6449697017669678,-0.035350531339645386,0.9997678995132446
186,25,0.48877033591270447,0.7386590838432312,0.11747521162033081,0.9458020925521851
186,26,0.45201021432876587,0.7516672611236572,0.03976593166589737,0.9887100458145142
186,27,0.4874454140663147,0.8323872685432434,0.22996261715888977,0.9632083773612976
186,28,0.45494669675827026,0.8514398336410522,0.16601769626140594,0.9810194969177246
186,29,0.4813387989997864,0.8486754298210144,0.238494873046875,0.9387744665145874
186,30,0.4542441964149475,0.8631953597068787,0.17530390620231628,0.8873997926712036
186,31,0.5089796781539917,0.8649753928184509,0.19187021255493164,0.96986323595047
186,32,0.4662097990512848,0.8895514011383057,0.11115090548992157,0.9715743064880371
187,0,0.4827197194099426,0.39409443736076355,-0.19684115052223206,0.9999035000801086
187,1,0.481889009475708,0.3832787871360779,-0.1891764998435974,0.9997231960296631
187,2,0.48269981145858765,0.38358044624328613,-0.18916183710098267,0.9996787309646606
187,3,0.4834256172180176,0.3839474618434906,-0.18914394080638885,0.9996476769447327
187,4,0.47716885805130005,0.3827818036079407,-0.20130057632923126,0.9997965693473816
187,5,0.4743514060974121,0.3827725648880005,-0.201325923204422,0.9997956156730652
187,6,0.4711485505104065,0.38281869888305664,-0.20135875046253204,0.9997769594192505
187,7,0.47868433594703674,0.3911014199256897,-0.11857400834560394,0.999107837677002
187,8,0.4621977210044861,0.38968831300735474,-0.17568935453891754,0.9997475147247314
187,9,0.4826624393463135,0.40795689821243286,-0.17061975598335266,0.9998900294303894
187,10,0.47704872488975525,0.4085496664047241,-0.18619409203529358,0.9999374151229858
187,11,0.4923080503940582,0.46560138463974,-0.052337177097797394,0.9998956918716431
187,12,0.4397728443145752,0.45884522795677185,-0.1649509072303772,0.999955952167511
187,13,0.5009995698928833,0.5471405982971191,-0.004469674080610275,0.9026257991790771
187,14,0.43565717339515686,0.5613331198692322,-0.16731521487236023,0.9947556853294373
187,15,0.5057680606842041,0.6200253963470459,-0.0485052615404129,0.9633582234382629
187,16,0.4564593732357025,0.6491018533706665,-0.19314895570278168,0.9809713959693909
187,17,0.5060157179832458,0.6446415781974792,-0.06325589120388031,0.9383481740951538
187,18,0.4600164294242859,0.6764361262321472,-0.21557776629924774,0.9623762965202332
187,19,0.5031287670135498,0.6420655250549316,-0.08448278158903122,0.941899299621582
187,20,0.4657514691352844,0.6732304692268372,-0.2268209457397461,0.9610642194747925
187,21,0.500450849533081,0.634324312210083,-0.05842003971338272,0.9299063682556152
187,22,0.46574512124061584,0.66347336769104,-0.19755350053310394,0.9490970373153687
187,23,0.48609834909439087,0.6374255418777466,0.0352429561316967,0.9996345043182373
187,24,0.4527437090873718,0.6436455845832825,-0.035283785313367844,0.9997581243515015
187,25,0.4888361096382141,0.7372187972068787,0.11474130302667618,0.9456477165222168
187,26,0.4516432285308838,0.7500855326652527,0.039621684700250626,0.9886417388916016
187,27,0.48704856634140015,0.8296235203742981,0.22197763621807098,0.9629471302032471
187,28,0.45502549409866333,0.8514088988304138,0.16167402267456055,0.9814701080322266
187,29,0.4806748330593109,0.8462944030761719,0.22977416217327118,0.9388755559921265
187,30,0.4543679356575012,0.8630006313323975,0.17017853260040283,0.8897559642791748
187,31,0.5089808702468872,0.8638102412223816,0.1821921169757843,0.9700268507003784
187,32,0.46623820066452026,0.8903126120567322,0.10593695938587189,0.9723420739173889
188,0,0.4828028678894043,0.39473244547843933,-0.2045118808746338,0.9999048709869385
188,1,0.4819325804710388,0.38396915793418884,-0.1967622935771942,0.9997226595878601
188,2,0.4827076494693756,0.3842703402042389,-0.19674190878868103,0.9996789693832397
188,3,0.4833807945251465,0.38459429144859314,-0.19672484695911407,0.9996487498283386
188,4,0.4772564768791199,0.38336604833602905,-0.20989875495433807,0.9997965097427368
188,5,0.4744270443916321,0.38327300548553467,-0.2099212110042572,0.9997957348823547
188,6,0.47123369574546814,0.38318493962287903,-0.2099512815475464,0.9997769594192505
188,7,0.47813743352890015,0.39115044474601746,-0.13205482065677643,0.9991182088851929
188,8,0.4622538089752197,0.38970497250556946,-0.1936781406402588,0.9997450113296509
188,9,0.4827764928340912,0.40870141983032227,-0.17848578095436096,0.999889075756073
188,10,0.47719401121139526,0.4091121554374695,-0.19603179395198822,0.9999372959136963
188,11,0.4905429482460022,0.46668925881385803,-0.0619768388569355,0.9998871684074402
188,12,0.4395526051521301,0.458652526140213,-0.18626722693443298,0.9999558925628662
188,13,0.4989737570285797,0.5481141805648804,-0.013543138280510902,0.8920882940292358
188,14,0.4372406005859375,0.5608404278755188,-0.19279387593269348,0.9946902394294739
188,15,0.506220281124115,0.6198973059654236,-0.04920244961977005,0.9578273892402649
188,16,0.4596753716468811,0.6486226320266724,-0.21319516003131866,0.9807673096656799
188,17,0.5072468519210815,0.6445696949958801,-0.06582863628864288,0.930301308631897
188,18,0.46389690041542053,0.6741477251052856,-0.23522086441516876,0.9622295498847961
188,19,0.5052499175071716,0.6417763829231262,-0.0867718830704689,0.9342867136001587
188,20,0.4701063632965088,0.6699343919754028,-0.2443729192018509,0.9608028531074524
188,21,0.5017020106315613,0.6340298056602478,-0.059503812342882156,0.9221765995025635
188,22,0.47023922204971313,0.661476731300354,-0.21662411093711853,0.9484081268310547
188,23,0.4844013750553131,0.6337220668792725,0.03513501212000847,0.9996016025543213
188,24,0.45090508460998535,0.6405031681060791,-0.0351734533905983,0.9997382760047913
188,25,0.4888572692871094,0.7283437252044678,0.10719673335552216,0.945722758769989
188,26,0.45100298523902893,0.7479081153869629,0.03428168222308159,0.9887260794639587
188,27,0.4846169948577881,0.8219201564788818,0.21120162308216095,0.9625992178916931
188,28,0.45502346754074097,0.8509547114372253,0.14844819903373718,0.9821869134902954
188,29,0.4773450493812561,0.8379487991333008,0.2186567485332489,0.9381841421127319
188,30,0.45431607961654663,0.8629940748214722,0.15598656237125397,0.8924698233604431
188,31,0.5078932046890259,0.8584887385368347,0.1715146154165268,0.9702332615852356
188,32,0.4666562080383301,0.8919240236282349,0.08963342010974884,0.9734461307525635
189,0,0.4828653931617737,0.39645931124687195,-0.20281453430652618,0.9999069571495056
189,1,0.4820052981376648,0.3858872652053833,-0.19419676065444946,0.9997245669364929
189,2,0.4827820658683777,0.3862214684486389,-0.19417698681354523,0.999681293964386
189,3,0.4834495484828949,0.3864918053150177,-0.19415757060050964,0.999650239944458
189,4,0.47727108001708984,0.38506627082824707,-0.2070280760526657,0.9997988343238831
189,5,0.4744853079319,0.3847596049308777,-0.20704658329486847,0.9997978210449219
189,6,0.47132959961891174,0.3843681216239929,-0.20707842707633972,0.9997784495353699
189,7,0.4780493378639221,0.39180052280426025,-0.1274339109659195,0.9991392493247986
189,8,0.462355375289917,0.38981500267982483,-0.18770857155323029,0.9997444748878479
189,9,0.4827973246574402,0.4102589190006256,-0.17592725157737732,0.9998900890350342
189,10,0.47728481888771057,0.4102652668952942,-0.19317501783370972,0.9999384880065918
189,11,0.48910990357398987,0.4684089124202728,-0.05896048620343208,0.999883234500885
189,12,0.4388321340084076,0.45799338817596436,-0.1782645732164383,0.9999570846557617
189,13,0.4972730576992035,0.5487648248672485,-0.009513430297374725,0.8877028226852417
189,14,0.43768033385276794,0.5600501298904419,-0.1847030222415924,0.9946567416191101
189,15,0.5063709616661072,0.6197667717933655,-0.044666897505521774,0.9556602239608765
189,16,0.46140384674072266,0.6432480216026306,-0.2056097686290741,0.9809080958366394
189,17,0.508142352104187,0.6433605551719666,-0.05705346539616585,0.9271749258041382
189,18,0.46522921323776245,0.6650042533874512,-0.2268875390291214,0.9627548456192017
189,19,0.5067236423492432,0.6413999199867249,-0.07849433273077011,0.9312848448753357
189,20,0.47074371576309204,0.6607455015182495,-0.23632147908210754,0.961296796798706
189,21,0.5025901794433594,0.6338191628456116,-0.05464235693216324,0.9195205569267273
189,22,0.47083941102027893,0.6534962058067322,-0.20892751216888428,0.9486242532730103
189,23,0.48309049010276794,0.6284711360931396,0.03512081503868103,0.9995732307434082
189,24,0.449470192193985,0.6377533078193665,-0.03515053912997246,0.9997423887252808
189,25,0.4896810054779053,0.7225138545036316,0.10382294654846191,0.9473024606704712
189,26,0.4503296911716461,0.746094822883606,0.0024006126914173365,0.9891250133514404
189,27,0.47982603311538696,0.805633008480072,0.2365264892578125,0.9621667265892029
189,28,0.45487046241760254,0.850915789604187,0.09890341758728027,0.9832617044448853
189,29,0.4725864827632904,0.8194259405136108,0.2482011616230011,0.9382052421569824
189,30,0.45392268896102905,0.8629838824272156,0.10421396791934967,0.8974465727806091
189,31,0.502198338508606,0.8466742634773254,0.2073812484741211,0.9701321721076965
189,32,0.46719303727149963,0.8919245600700378,0.03202684968709946,0.9749045372009277
190,0,0.48287901282310486,0.39789944887161255,-0.1823560744524002,0.9999009966850281
190,1,0.48205119371414185,0.3876258134841919,-0.17037291824817657,0.99970543384552
190,2,0.48282870650291443,0.38795584440231323,-0.17037147283554077,0.9996652007102966
190,3,0.4835143983364105,0.38820695877075195,-0.17037279903888702,0.999634325504303
190,4,0.47767871618270874,0.38652166724205017,-0.18369120359420776,0.9997766017913818
190,5,0.47516217827796936,0.38615524768829346,-0.18370945751667023,0.9997736811637878
190,6,0.47215524315834045,0.3855683207511902,-0.18374821543693542,0.9997469782829285
190,7,0.47793111205101013,0.3926521837711334,-0.09847401827573776,0.9991599321365356
190,8,0.4624529480934143,0.3898339867591858,-0.15934017300605774,0.9997013211250305
190,9,0.48282933235168457,0.41169485449790955,-0.15393713116645813,0.9998874068260193
190,10,0.477356493473053,0.41123107075691223,-0.17157338559627533,0.9999347925186157
190,11,0.48760756850242615,0.46970993280410767,-0.03118380345404148,0.9998766779899597
190,12,0.4385390281677246,0.4570868909358978,-0.1612059772014618,0.9999498724937439
190,13,0.49648022651672363,0.5490278005599976,0.005569197237491608,0.8841646909713745
190,14,0.43755799531936646,0.5555071234703064,-0.1776898205280304,0.9947471618652344
190,15,0.50584477186203,0.6171648502349854,-0.042561598122119904,0.9528077840805054
190,16,0.4634975492954254,0.6347237825393677,-0.19983269274234772,0.9809785485267639
190,17,0.5083400011062622,0.6393296718597412,-0.055358659476041794,0.9232191443443298
190,18,0.4682733416557312,0.6538910269737244,-0.2185693234205246,0.9627211689949036
190,19,0.5072970986366272,0.6373295187950134,-0.07578741759061813,0.9275919795036316
190,20,0.47270846366882324,0.6494513750076294,-0.2223043441772461,0.9612294435501099
190,21,0.5030533671379089,0.629323422908783,-0.05233796313405037,0.9153589606285095
190,22,0.4726254343986511,0.6425279974937439,-0.199672669172287,0.9478591680526733
190,23,0.4807925224304199,0.6218724250793457,0.03516774624586105,0.9995318651199341
190,24,0.44677701592445374,0.6340713500976562,-0.03516625612974167,0.9996810555458069
190,25,0.494753897190094,0.7065095901489258,-0.04347599297761917,0.9506787657737732
190,26,0.44990724325180054,0.7440060973167419,-0.025290992110967636,0.9885076880455017
190,27,0.47297781705856323,0.7865463495254517,0.08937440812587738,0.9603437185287476
190,28,0.45445266366004944,0.8511909246444702,0.09006302058696747,0.9834557771682739
190,29,0.46352821588516235,0.7931146621704102,0.1001821979880333,0.9371066689491272
190,30,0.45254459977149963,0.8629761338233948,0.09655778855085373,0.8974781036376953
190,31,0.4895103871822357,0.8330606818199158,0.050029587000608444,0.9693763852119446
190,32,0.4672291874885559,0.8910391330718994,0.02046232298016548,0.9751635193824768
191,0,0.4838740825653076,0.3992304801940918,-0.15174277126789093,0.9998951554298401
191,1,0.48301568627357483,0.3890252113342285,-0.1396031379699707,0.9996877908706665
191,2,0.4835965037345886,0.38931000232696533,-0.1396169513463974,0.9996514320373535
191,3,0.4841269552707672,0.3895283043384552,-0.13961395621299744,0.9996221661567688
191,4,0.47942638397216797,0.38800540566444397,-0.15453872084617615,0.9997565150260925
191,5,0.477334588766098,0.38755089044570923,-0.15454743802547455,0.999751091003418
191,6,0.47494029998779297,0.38690197467803955,-0.15459205210208893,0.9997206926345825
191,7,0.4780760407447815,0.3933268189430237,-0.07019718736410141,0.9991806149482727
191,8,0.4640701413154602,0.39003023505210876,-0.13809214532375336,0.9996694326400757
191,9,0.48336535692214966,0.41269680857658386,-0.1241205483675003,0.9998870491981506
191,10,0.4785669445991516,0.4120450019836426,-0.14384371042251587,0.999934732913971
191,11,0.48642826080322266,0.47051501274108887,-0.00903523713350296,0.9998816251754761
191,12,0.43871426582336426,0.4552574157714844,-0.14388476312160492,0.9999494552612305
191,13,0.49483054876327515,0.5489345788955688,0.01906026527285576,0.8859174847602844
191,14,0.43419575691223145,0.5470235347747803,-0.168279767036438,0.9950453639030457
191,15,0.5057891607284546,0.6110928058624268,-0.04485055431723595,0.9542363286018372
191,16,0.46287164092063904,0.6226054430007935,-0.19419719278812408,0.9820694923400879
191,17,0.5084572434425354,0.6317319869995117,-0.057930637151002884,0.9255954027175903
191,18,0.467518150806427,0.6410578489303589,-0.21539878845214844,0.9646685123443604
191,19,0.5077587366104126,0.6292543411254883,-0.07910551130771637,0.9298841953277588
191,20,0.4726497530937195,0.6337561011314392,-0.2174188643693924,0.9632179737091064
191,21,0.5033140778541565,0.6213329434394836,-0.05459403246641159,0.9178196787834167
191,22,0.4724043905735016,0.6268036961555481,-0.1932554543018341,0.950062096118927
191,23,0.478171169757843,0.6217189431190491,0.03794077783823013,0.9995036125183105
191,24,0.44510263204574585,0.6340809464454651,-0.037868838757276535,0.9996447563171387
191,25,0.49590617418289185,0.7038646936416626,0.00957663357257843,0.9529609084129333
191,26,0.44995513558387756,0.7430419921875,-0.014831463806331158,0.9883264899253845
191,27,0.4684077203273773,0.771681547164917,0.16531221568584442,0.9547398686408997
191,28,0.4537847638130188,0.8499404788017273,0.11161471903324127,0.9838241338729858
191,29,0.4594561457633972,0.7754175662994385,0.17716702818870544,0.9309452772140503
191,30,0.45145106315612793,0.8596495985984802,0.11993785202503204,0.8990949392318726
191,31,0.4821498990058899,0.8192556500434875,0.12800899147987366,0.9667561650276184
191,32,0.46720799803733826,0.8903042078018188,0.048843905329704285,0.9757878184318542
192,0,0.4854697287082672,0.40287500619888306,-0.15339480340480804,0.9998136162757874
192,1,0.48444873094558716,0.39243215322494507,-0.14223048090934753,0.9994446635246277
192,2,0.4847831726074219,0.39256855845451355,-0.14225457608699799,0.9994043111801147
192,3,0.4850804805755615,0.3926298916339874,-0.1422608196735382,0.9993748068809509
192,4,0.4815449118614197,0.3916482627391815,-0.15854842960834503,0.9995717406272888
192,5,0.479621946811676,0.3911585211753845,-0.15855714678764343,0.9995453953742981
192,6,0.4775778651237488,0.3903854489326477,-0.1586150825023651,0.999505877494812
192,7,0.4781707227230072,0.3951795697212219,-0.07445560395717621,0.9988555908203125
192,8,0.4666312634944916,0.391825407743454,-0.147443488240242,0.9993965029716492
192,9,0.48421627283096313,0.41560062766075134,-0.1259881854057312,0.9998140335083008
192,10,0.4802404046058655,0.4147568643093109,-0.14754067361354828,0.9999054074287415
192,11,0.4850834906101227,0.47052761912345886,-0.012389404699206352,0.9998753666877747
192,12,0.4390924572944641,0.45472654700279236,-0.147525817155838,0.9999472498893738
192,13,0.4931461215019226,0.5447416305541992,0.020241405814886093,0.877297043800354
192,14,0.4301658272743225,0.5398516058921814,-0.16857044398784637,0.9950399994850159
192,15,0.5050036907196045,0.5961548089981079,-0.049824438989162445,0.9486168622970581
192,16,0.46421313285827637,0.6054877042770386,-0.19381925463676453,0.9819827675819397
192,17,0.5085633993148804,0.6164140105247498,-0.06675849109888077,0.9190860390663147
192,18,0.469834566116333,0.6248568296432495,-0.21581025421619415,0.9645251631736755
192,19,0.5077506303787231,0.6145063042640686,-0.08578275889158249,0.923633337020874
192,20,0.4740297198295593,0.616049587726593,-0.21801026165485382,0.9629508256912231
192,21,0.5034006834030151,0.6084336042404175,-0.06002369523048401,0.9111380577087402
192,22,0.4734979271888733,0.6099299788475037,-0.1932857185602188,0.9487773776054382
192,23,0.4760376513004303,0.6200286746025085,0.040393877774477005,0.999366044998169
192,24,0.44432395696640015,0.6325442790985107,-0.040311429649591446,0.9996052384376526
192,25,0.49891310930252075,0.6888121366500854,0.05970100685954094,0.9471011757850647
192,26,0.45136576890945435,0.7431444525718689,-0.010544078424572945,0.9865449070930481
192,27,0.4675823748111725,0.7433711290359497,0.2684684097766876,0.9244852662086487
192,28,0.4538196623325348,0.8505507707595825,0.10525327920913696,0.9827306866645813
192,29,0.4597562849521637,0.747305154800415,0.28684964776039124,0.9033394455909729
192,30,0.45146432518959045,0.860233724117279,0.11332043260335922,0.8973501920700073
192,31,0.47684818506240845,0.7873637676239014,0.26200342178344727,0.9474413394927979
192,32,0.4672015607357025,0.89082932472229,0.04325106739997864,0.9742287993431091
193,0,0.4868980348110199,0.40585237741470337,-0.12976178526878357,0.9997037053108215
193,1,0.4859379827976227,0.39545392990112305,-0.11870412528514862,0.9991456270217896
193,2,0.4861634373664856,0.3955424427986145,-0.11873755604028702,0.999098539352417
193,3,0.48632755875587463,0.3955870270729065,-0.11874635517597198,0.9990846514701843
193,4,0.48325347900390625,0.3947325348854065,-0.1369030773639679,0.9993894100189209
193,5,0.4813060760498047,0.3941797614097595,-0.13691306114196777,0.9993450045585632
193,6,0.47924670577049255,0.39355501532554626,-0.13697867095470428,0.9993060827255249
193,7,0.47874101996421814,0.39772939682006836,-0.05402526259422302,0.9984171390533447
193,8,0.46880093216896057,0.39489343762397766,-0.13663232326507568,0.9991721510887146
193,9,0.4854051172733307,0.41764652729034424,-0.10350771993398666,0.9996979832649231
193,10,0.4817003309726715,0.41659873723983765,-0.1275521218776703,0.9998703598976135
193,11,0.48503851890563965,0.4710425138473511,0.008626208640635014,0.9998559355735779
193,12,0.4397513270378113,0.45446696877479553,-0.14261414110660553,0.9999456405639648
193,13,0.49229639768600464,0.5407771468162537,0.04809305816888809,0.8591792583465576
193,14,0.42494839429855347,0.5308846831321716,-0.16616083681583405,0.9952102899551392
193,15,0.5049506425857544,0.5815961360931396,-0.025404702872037888,0.9380854964256287
193,16,0.46424898505210876,0.5870668888092041,-0.18613024055957794,0.98221355676651
193,17,0.5085934400558472,0.6004788875579834,-0.04090575501322746,0.9076731204986572
193,18,0.47079339623451233,0.6047097444534302,-0.20794209837913513,0.9647462964057922
193,19,0.5076390504837036,0.5994482040405273,-0.0592254176735878,0.9126244187355042
193,20,0.47512850165367126,0.5965611338615417,-0.20798072218894958,0.9630195498466492
193,21,0.5034593343734741,0.5940772891044617,-0.03541135787963867,0.8993251919746399
193,22,0.4740859866142273,0.5904728174209595,-0.18457022309303284,0.9478340744972229
193,23,0.4736061096191406,0.6200180053710938,0.046799179166555405,0.9992082715034485
193,24,0.4438629746437073,0.6310546398162842,-0.04672416299581528,0.9995598793029785
193,25,0.5012630820274353,0.6848035454750061,0.09580805897712708,0.9336839914321899
193,26,0.45390352606773376,0.7423677444458008,-0.011515513062477112,0.9850409626960754
193,27,0.4638434946537018,0.7347862124443054,0.27974939346313477,0.8838792443275452
193,28,0.4538804888725281,0.850147008895874,0.08635024726390839,0.9813726544380188
193,29,0.46014276146888733,0.7410535216331482,0.2969995141029358,0.8715229630470276
193,30,0.4513010084629059,0.8598088026046753,0.09298017621040344,0.8971080183982849
193,31,0.47246915102005005,0.7786951065063477,0.27659720182418823,0.9209839701652527
193,32,0.469245582818985,0.8908231258392334,0.024144433438777924,0.9722524285316467
194,0,0.4885331094264984,0.4100261628627777,-0.10469281673431396,0.9995027184486389
194,1,0.4875331521034241,0.39946064352989197,-0.09439367800951004,0.9986611604690552
194,2,0.48759499192237854,0.3995315432548523,-0.09442336112260818,0.998538613319397
194,3,0.487602561712265,0.39955970644950867,-0.09444638341665268,0.9986081719398499
194,4,0.48512524366378784,0.3988250195980072,-0.11297489702701569,0.9991797208786011
194,5,0.4833429455757141,0.3983094096183777,-0.1129891499876976,0.9991011023521423
194,6,0.48120230436325073,0.3976147472858429,-0.11305131763219833,0.999066948890686
194,7,0.4793909192085266,0.4014808237552643,-0.03502824157476425,0.9978232383728027
194,8,0.4710390567779541,0.39870405197143555,-0.11906637996435165,0.9989336729049683
194,9,0.48662519454956055,0.42124876379966736,-0.08060998469591141,0.9995661377906799
194,10,0.48348140716552734,0.41970932483673096,-0.10492110252380371,0.9998371601104736
194,11,0.4846417307853699,0.471884161233902,0.02419877052307129,0.9998336434364319
194,12,0.4405097961425781,0.4544166028499603,-0.13120076060295105,0.9999469518661499
194,13,0.4921792447566986,0.5353778600692749,0.07643823325634003,0.8374292850494385
194,14,0.4178963601589203,0.5214037299156189,-0.1551477462053299,0.9953145384788513
194,15,0.5047013759613037,0.5702307224273682,0.01563899964094162,0.9182068109512329
194,16,0.4636940062046051,0.5710054039955139,-0.1733948439359665,0.9822168350219727
194,17,0.5082728266716003,0.5862116813659668,0.005233658477663994,0.88718181848526
194,18,0.46970391273498535,0.5895557999610901,-0.1912354826927185,0.9647100567817688
194,19,0.5074055194854736,0.5849629044532776,-0.012185798957943916,0.8928622007369995
194,20,0.4746913015842438,0.5834775567054749,-0.19108694791793823,0.962844967842102
194,21,0.5035176873207092,0.5802218317985535,0.006607269402593374,0.8790603280067444
194,22,0.4734461307525635,0.576915442943573,-0.17141321301460266,0.946648895740509
194,23,0.4722689986228943,0.6192185878753662,0.04796941578388214,0.9990253448486328
194,24,0.4429747462272644,0.6303644180297852,-0.04790932685136795,0.9995311498641968
194,25,0.5103026032447815,0.6829707026481628,0.05986884981393814,0.902542769908905
194,26,0.45503339171409607,0.7417908310890198,-0.03683227673172951,0.9782711267471313
194,27,0.464834988117218,0.6866231560707092,0.25234395265579224,0.8077683448791504
194,28,0.4538861811161041,0.8492757081985474,0.03865436464548111,0.9732944965362549
194,29,0.45739302039146423,0.6734826564788818,0.26341935992240906,0.8101586103439331
194,30,0.4512065351009369,0.8589084148406982,0.04395332932472229,0.8909854292869568
194,31,0.46370115876197815,0.7118493914604187,0.25628310441970825,0.850975751876831
194,32,0.46962404251098633,0.8919789791107178,-0.01312978845089674,0.9628875255584717
195,0,0.49004611372947693,0.4150432050228119,-0.11835577338933945,0.9993140697479248
195,1,0.489372581243515,0.40434810519218445,-0.10588210821151733,0.9983793497085571
195,2,0.4894710183143616,0.4045150876045227,-0.10592182725667953,0.9981371164321899
195,3,0.4895111620426178,0.40461909770965576,-0.1059466227889061,0.9982685446739197
195,4,0.4868253767490387,0.40307459235191345,-0.12337642908096313,0.9990394711494446
195,5,0.485060453414917,0.4022710621356964,-0.1233840137720108,0.9989162087440491
195,6,0.4828720986843109,0.4013059735298157,-0.12344157695770264,0.9988963007926941
195,7,0.48184075951576233,0.40624698996543884,-0.03499864041805267,0.9972859025001526
195,8,0.4729927182197571,0.40189129114151,-0.11482241004705429,0.9988086819648743
195,9,0.48780694603919983,0.4262404441833496,-0.09055382013320923,0.9995041489601135
195,10,0.4847273826599121,0.42419326305389404,-0.11353294551372528,0.99982750415802
195,11,0.48463279008865356,0.47541600465774536,0.023834869265556335,0.999822735786438
195,12,0.4413326680660248,0.454283744096756,-0.1187259778380394,0.99994957447052
195,13,0.49185410141944885,0.5345269441604614,0.05016952008008957,0.8129844665527344
195,14,0.41317328810691833,0.5123090147972107,-0.14766772091388702,0.9953308701515198
195,15,0.5041187405586243,0.5623093247413635,-0.049925342202186584,0.9008728861808777
195,16,0.4632783532142639,0.5618330836296082,-0.17699867486953735,0.9822149276733398
195,17,0.5077377557754517,0.5740712881088257,-0.07124675065279007,0.8723663687705994
195,18,0.46896523237228394,0.5776094794273376,-0.196529358625412,0.9647945761680603
195,19,0.5064169764518738,0.5719460248947144,-0.08620252460241318,0.8783950805664062
195,20,0.4739606976509094,0.5723381638526917,-0.19864895939826965,0.9628869295120239
195,21,0.5031182169914246,0.5673660635948181,-0.059537701308727264,0.863844096660614
195,22,0.47289833426475525,0.5666291117668152,-0.1761741042137146,0.9459813833236694
195,23,0.47067055106163025,0.6195266842842102,0.04740576818585396,0.9989222884178162
195,24,0.4411565363407135,0.6301876902580261,-0.04735134169459343,0.9995333552360535
195,25,0.5096350312232971,0.684001088142395,0.05873517319560051,0.8582499623298645
195,26,0.45528024435043335,0.7418807148933411,-0.047445617616176605,0.9708556532859802
195,27,0.4653150141239166,0.6692081689834595,0.2529464364051819,0.7328624725341797
195,28,0.4540329575538635,0.8498551845550537,0.027923908084630966,0.9595105051994324
195,29,0.4573248326778412,0.6541537046432495,0.2722051441669464,0.7444983720779419
195,30,0.4511987268924713,0.8596540689468384,0.033530302345752716,0.8786634802818298
195,31,0.46385639905929565,0.6890624761581421,0.2766891121864319,0.7767598628997803
195,32,0.46981939673423767,0.8944666385650635,-0.025685137137770653,0.9461854696273804
196,0,0.49052268266677856,0.41900134086608887,-0.112981416285038,0.9992989301681519
196,1,0.4903137683868408,0.4087114930152893,-0.0997493714094162,0.9984248876571655
196,2,0.4905197024345398,0.4090339243412018,-0.09979189187288284,0.9981699585914612
196,3,0.49067506194114685,0.4093672037124634,-0.09982167184352875,0.9983057975769043
196,4,0.4875262379646301,0.4067818820476532,-0.11444444954395294,0.9990677237510681
196,5,0.4856318533420563,0.4056967794895172,-0.11445250362157822,0.9989399313926697
196,6,0.4834498465061188,0.4044415354728699,-0.11449471861124039,0.9989290237426758
196,7,0.48355358839035034,0.4109426736831665,-0.027843784540891647,0.9973630309104919
196,8,0.47399139404296875,0.4046980142593384,-0.0948515310883522,0.9988544583320618
196,9,0.48810499906539917,0.4301275908946991,-0.08547869324684143,0.9995216131210327
196,10,0.4847300946712494,0.4275857210159302,-0.10490880906581879,0.9998378157615662
196,11,0.48497071862220764,0.4790169596672058,0.021232979372143745,0.9998155832290649
196,12,0.44245266914367676,0.45416760444641113,-0.09744514524936676,0.9999520182609558
196,13,0.4925993084907532,0.5341504216194153,0.02155834250152111,0.800654411315918
196,14,0.4120120108127594,0.5043732523918152,-0.14605364203453064,0.9953367710113525
196,15,0.5034433603286743,0.5546212196350098,-0.0981830283999443,0.8929854035377502
196,16,0.462879478931427,0.554186224937439,-0.19103176891803741,0.9823197722434998
196,17,0.5062345862388611,0.5640004277229309,-0.12072162330150604,0.86687171459198
196,18,0.4684183597564697,0.5696764588356018,-0.2100728303194046,0.9651384949684143
196,19,0.5044420957565308,0.5597854852676392,-0.1301189661026001,0.8722242116928101
196,20,0.47364917397499084,0.5651143789291382,-0.20463299751281738,0.9631672501564026
196,21,0.5017890334129333,0.5566521286964417,-0.10508514940738678,0.8564872741699219
196,22,0.47283560037612915,0.5605416297912598,-0.18793940544128418,0.946052610874176
196,23,0.46869730949401855,0.6186720728874207,0.04620205610990524,0.9988030195236206
196,24,0.43920785188674927,0.6293854713439941,-0.04615268483757973,0.9995251297950745
196,25,0.5102424621582031,0.6801503300666809,0.02883966639637947,0.8405391573905945
196,26,0.45635390281677246,0.7410579919815063,-0.07406610995531082,0.9683821797370911
196,27,0.46222442388534546,0.6753867864608765,0.20049098134040833,0.6739676594734192
196,28,0.45454922318458557,0.8499892354011536,-0.022400084882974625,0.9555579423904419
196,29,0.4522687494754791,0.6607361435890198,0.21899423003196716,0.6964065432548523
196,30,0.45126762986183167,0.8596991896629333,-0.018843356519937515,0.8741764426231384
196,31,0.45829495787620544,0.7033458948135376,0.24701213836669922,0.719754159450531
196,32,0.4700462818145752,0.8943828344345093,-0.07733796536922455,0.9398215413093567
197,0,0.4911344647407532,0.41996797919273376,-0.12445549666881561,0.9993222951889038
197,1,0.4912499785423279,0.40998196601867676,-0.11037790775299072,0.9985103011131287
197,2,0.4915272295475006,0.41045844554901123,-0.11041752994060516,0.9982607364654541
197,3,0.4917500913143158,0.41090673208236694,-0.11043715476989746,0.9983788132667542
197,4,0.48833543062210083,0.40778350830078125,-0.12455900758504868,0.999117374420166
197,5,0.48643046617507935,0.40668928623199463,-0.12457557767629623,0.9989959001541138
197,6,0.4844304919242859,0.4054392874240875,-0.124620720744133,0.9989908933639526
197,7,0.48510584235191345,0.41268351674079895,-0.033999253064394,0.997482419013977
197,8,0.4751202464103699,0.4057903289794922,-0.09866703301668167,0.9989295601844788
197,9,0.48870477080345154,0.4311177432537079,-0.09567660093307495,0.9995461106300354
197,10,0.485076904296875,0.428408682346344,-0.11458802223205566,0.9998499751091003
197,11,0.4852818548679352,0.4810594916343689,0.0188823901116848,0.9997880458831787
197,12,0.4443792402744293,0.45398327708244324,-0.10306571424007416,0.9999544024467468
197,13,0.49303680658340454,0.533330500125885,0.0025976584292948246,0.7917311191558838
197,14,0.4120039939880371,0.49958178400993347,-0.1619340479373932,0.9956162571907043
197,15,0.5030784010887146,0.5515348315238953,-0.12320385128259659,0.88921058177948
197,16,0.46232253313064575,0.5530247688293457,-0.22829222679138184,0.9832950830459595
197,17,0.5052137970924377,0.5606597661972046,-0.1467955857515335,0.8655622601509094
197,18,0.46807199716567993,0.5687962174415588,-0.25255540013313293,0.9668753147125244
197,19,0.5033336281776428,0.5556660294532776,-0.15695802867412567,0.8701573014259338
197,20,0.4734780192375183,0.5640727877616882,-0.24656960368156433,0.964913547039032
197,21,0.5010793805122375,0.5524722933769226,-0.13063672184944153,0.8538583517074585
197,22,0.4726802706718445,0.5597282648086548,-0.22520263493061066,0.9482776522636414
197,23,0.4680953919887543,0.618901252746582,0.047793783247470856,0.9985803961753845
197,24,0.43897661566734314,0.6293984055519104,-0.04769938811659813,0.9994968175888062
197,25,0.5108321309089661,0.6767763495445251,0.03766006603837013,0.8408191204071045
197,26,0.45663005113601685,0.7407281398773193,-0.09731361269950867,0.9700039625167847
197,27,0.4627407491207123,0.7033066749572754,0.20875927805900574,0.6505138874053955
197,28,0.45472994446754456,0.8506935238838196,-0.04039517790079117,0.9583348035812378
197,29,0.4514167308807373,0.6988667845726013,0.225767582654953,0.6838330626487732
197,30,0.4515613913536072,0.8601493239402771,-0.03731626644730568,0.8804832696914673
197,31,0.4644004702568054,0.7348777651786804,0.23733775317668915,0.7003336548805237
197,32,0.47022008895874023,0.894896388053894,-0.11067241430282593,0.9424654245376587
198,0,0.49169278144836426,0.418523371219635,-0.12863638997077942,0.9993686079978943
198,1,0.4920186400413513,0.408936470746994,-0.11417512595653534,0.9986136555671692
198,2,0.492387592792511,0.409542977809906,-0.114210344851017,0.9983780980110168
198,3,0.49273547530174255,0.4101634919643402,-0.11422693729400635,0.9984764456748962
198,4,0.48883718252182007,0.4065261483192444,-0.12870141863822937,0.9991795420646667
198,5,0.48696622252464294,0.40542691946029663,-0.1287110149860382,0.9990686178207397
198,6,0.48496460914611816,0.40420350432395935,-0.12875191867351532,0.9990656971931458
198,7,0.4863858222961426,0.41235291957855225,-0.03676343336701393,0.9976367950439453
198,8,0.47545474767684937,0.4048336148262024,-0.10343126207590103,0.9990120530128479
198,9,0.48924726247787476,0.4297937750816345,-0.09931345283985138,0.9995725154876709
198,10,0.4853716790676117,0.4271477162837982,-0.11868244409561157,0.9998615384101868
198,11,0.48541611433029175,0.4816731810569763,0.021497469395399094,0.9997717142105103
198,12,0.44469985365867615,0.45250067114830017,-0.1088157519698143,0.9999567866325378
198,13,0.49294719099998474,0.5300168991088867,0.020043490454554558,0.7784682512283325
198,14,0.41379356384277344,0.49899008870124817,-0.16170626878738403,0.9958921074867249
198,15,0.502623438835144,0.5507998466491699,-0.0917946919798851,0.8851915001869202
198,16,0.46215373277664185,0.5561193823814392,-0.2117149829864502,0.9842107892036438
198,17,0.5050132870674133,0.5618002414703369,-0.10993704944849014,0.8637192249298096
198,18,0.4678369462490082,0.5726154446601868,-0.2340811938047409,0.9684551954269409
198,19,0.5027725100517273,0.5569260716438293,-0.1282956898212433,0.8678837418556213
198,20,0.4734416902065277,0.5674599409103394,-0.23472440242767334,0.9665154814720154
198,21,0.5005924701690674,0.5530672073364258,-0.10129538923501968,0.8512340188026428
198,22,0.4726092219352722,0.5629695653915405,-0.21112060546875,0.9502256512641907
198,23,0.46811968088150024,0.6188029646873474,0.04884357750415802,0.9985461831092834
198,24,0.43877458572387695,0.6292447447776794,-0.048734474927186966,0.99950110912323
198,25,0.5094672441482544,0.676939070224762,0.04490794986486435,0.8489599227905273
198,26,0.4564357399940491,0.7405795454978943,-0.09157805889844894,0.9722673296928406
198,27,0.4634750783443451,0.7132207155227661,0.20934323966503143,0.6573019623756409
198,28,0.4547262191772461,0.8513143658638,-0.029668163508176804,0.9617744088172913
198,29,0.4535009264945984,0.7058510184288025,0.2279503047466278,0.6911027431488037
198,30,0.4515710473060608,0.860468864440918,-0.026403624564409256,0.8883652091026306
198,31,0.4674607813358307,0.7578315138816833,0.23377105593681335,0.7072529196739197
198,32,0.4702172875404358,0.8954209089279175,-0.10291065275669098,0.9466251134872437
199,0,0.49156197905540466,0.41731372475624084,-0.1124143972992897,0.9993946552276611
199,1,0.49184828996658325,0.40759918093681335,-0.09983576834201813,0.9986538290977478
199,2,0.49225297570228577,0.40817150473594666,-0.09987150132656097,0.9984288215637207
199,3,0.4926450848579407,0.4087577760219574,-0.09988632053136826,0.9985142946243286
199,4,0.48861250281333923,0.4054111838340759,-0.11504168808460236,0.9991993308067322
199,5,0.4867474138736725,0.404434472322464,-0.11504770815372467,0.9990934133529663
199,6,0.4847504198551178,0.40334630012512207,-0.11509164422750473,0.9990940690040588
199,7,0.4864240288734436,0.4111782908439636,-0.030582766979932785,0.997706949710846
199,8,0.47520238161087036,0.4045437276363373,-0.0998532623052597,0.9990449547767639
199,9,0.48927775025367737,0.42881956696510315,-0.08543893694877625,0.999586820602417
199,10,0.4853096902370453,0.4268454313278198,-0.10559052228927612,0.9998677372932434
199,11,0.48553720116615295,0.48136407136917114,0.028313273563981056,0.9997663497924805
199,12,0.4448486268520355,0.4503307342529297,-0.10427367687225342,0.9999582767486572
199,13,0.4931151270866394,0.5304026007652283,0.051498156040906906,0.7671440839767456
199,14,0.41496315598487854,0.5015605688095093,-0.13340923190116882,0.9960298538208008
199,15,0.5023761987686157,0.5582696795463562,-0.039281897246837616,0.8754826784133911
199,16,0.4620071351528168,0.5613380670547485,-0.16816143691539764,0.9843233227729797
199,17,0.5049852132797241,0.5703385472297668,-0.05779382586479187,0.8541362881660461
199,18,0.4676775336265564,0.5803131461143494,-0.19028082489967346,0.9685544967651367
199,19,0.5027147531509399,0.5656560063362122,-0.074852354824543,0.8586061596870422
199,20,0.47317472100257874,0.5749697685241699,-0.190100759267807,0.9665099382400513
199,21,0.5004698038101196,0.5616642832756042,-0.0490148589015007,0.8414467573165894
199,22,0.4723215699195862,0.5696991086006165,-0.16712254285812378,0.9498018622398376
199,23,0.46843236684799194,0.6178471446037292,0.04804838448762894,0.9984295964241028
199,24,0.4387747645378113,0.6266700625419617,-0.04795657843351364,0.9994675517082214
199,25,0.5078186988830566,0.6801753640174866,0.04298223555088043,0.8521997332572937
199,26,0.45602717995643616,0.7398346066474915,-0.0749482810497284,0.9734923243522644
199,27,0.46345844864845276,0.7238584160804749,0.2086937129497528,0.656777560710907
199,28,0.45472654700279236,0.8514413833618164,-0.0053266012109816074,0.9638518691062927
199,29,0.45459920167922974,0.7265319228172302,0.22473621368408203,0.6876594424247742
199,30,0.4515933394432068,0.8604856729507446,-0.0016418879386037588,0.8919461965560913
199,31,0.4691787362098694,0.7760533094406128,0.2028273046016693,0.7089634537696838
199,32,0.47018933296203613,0.8958613872528076,-0.0782509371638298,0.9488922357559204
200,0,0.4915274679660797,0.4167056977748871,-0.09215141087770462,0.99941086769104
200,1,0.49169212579727173,0.40682390332221985,-0.08056897670030594,0.9986835718154907
200,2,0.49204617738723755,0.4073554575443268,-0.08059337735176086,0.9984794855117798
200,3,0.4923937916755676,0.40790486335754395,-0.08060020208358765,0.9985673427581787
200,4,0.4885757565498352,0.4047926962375641,-0.09729573875665665,0.9991835355758667
200,5,0.4867597222328186,0.40391603112220764,-0.09728565067052841,0.999070405960083
200,6,0.48482805490493774,0.40295401215553284,-0.09732279926538467,0.9990601539611816
200,7,0.48618030548095703,0.4108738303184509,-0.016999434679746628,0.9978237152099609
200,8,0.47491177916526794,0.4038166403770447,-0.09192083775997162,0.9989953637123108
200,9,0.48921021819114685,0.42868155241012573,-0.0668003112077713,0.9995960593223572
200,10,0.48529815673828125,0.4262165129184723,-0.0886334553360939,0.9998615384101868
200,11,0.485482782125473,0.48107078671455383,0.03360890597105026,0.9997745752334595
200,12,0.44482049345970154,0.4493202269077301,-0.10573016107082367,0.9999485611915588
200,13,0.49326449632644653,0.5305384993553162,0.05045200511813164,0.7672649025917053
200,14,0.4231131076812744,0.5050662755966187,-0.135990172624588,0.9959665536880493
200,15,0.5015754103660583,0.561525285243988,-0.033467847853899,0.8789938688278198
200,16,0.463019460439682,0.5663379430770874,-0.15521323680877686,0.9840061664581299
200,17,0.5045607686042786,0.5727288722991943,-0.051488153636455536,0.8575214147567749
200,18,0.4681369662284851,0.5849456787109375,-0.17535462975502014,0.9680664539337158
200,19,0.5022412538528442,0.5662677884101868,-0.06748540699481964,0.8620124459266663
200,20,0.4733211100101471,0.5797876119613647,-0.1771526336669922,0.9658668041229248
200,21,0.4997751712799072,0.5647314786911011,-0.04275491088628769,0.844816267490387
200,22,0.4725406765937805,0.5744038224220276,-0.15510185062885284,0.9483462572097778
200,23,0.4688813090324402,0.6179393529891968,0.04628478363156319,0.9984315037727356
200,24,0.4383595585823059,0.6263488531112671,-0.04616205394268036,0.9993346929550171
200,25,0.5019125938415527,0.6819007992744446,-0.011933104135096073,0.863994300365448
200,26,0.4535068869590759,0.7398599982261658,-0.04736562445759773,0.9746787548065186
200,27,0.46392831206321716,0.7648293375968933,0.113645039498806,0.6822417378425598
200,28,0.4544462561607361,0.8507602214813232,0.05063219740986824,0.9658616781234741
200,29,0.455303817987442,0.7705345153808594,0.12419625371694565,0.7053041458129883
200,30,0.45138072967529297,0.8590872287750244,0.05604483559727669,0.893389880657196
200,31,0.47662562131881714,0.8144149780273438,0.07890196889638901,0.73185795545578
200,32,0.4696224629878998,0.8943537473678589,-0.019168192520737648,0.9514940977096558
201,0,0.49138879776000977,0.41468602418899536,-0.10727052390575409,0.9994440674781799
201,1,0.49149447679519653,0.40529772639274597,-0.09590592980384827,0.9987456202507019
201,2,0.49185213446617126,0.40572378039360046,-0.09592689573764801,0.9985560774803162
201,3,0.492206871509552,0.406168669462204,-0.09592978656291962,0.9986391663551331
201,4,0.48839813470840454,0.40316951274871826,-0.1121041402220726,0.9992036819458008
201,5,0.4865693151950836,0.40216073393821716,-0.11210165917873383,0.9990900158882141
201,6,0.48461905121803284,0.40103572607040405,-0.11214374005794525,0.9990720152854919
201,7,0.4859476685523987,0.408003032207489,-0.03006945550441742,0.9979299306869507
201,8,0.4746353030204773,0.40026724338531494,-0.1015218123793602,0.9990074038505554
201,9,0.4891795217990875,0.42629581689834595,-0.0810852199792862,0.999617338180542
201,10,0.48521003127098083,0.42361319065093994,-0.10242529213428497,0.9998642802238464
201,11,0.4849982261657715,0.48073625564575195,0.024579374119639397,0.9997882843017578
201,12,0.44406184554100037,0.44869542121887207,-0.1106257438659668,0.999947190284729
201,13,0.49228110909461975,0.5360993146896362,0.043342478573322296,0.7741125226020813
201,14,0.4290565848350525,0.5185142159461975,-0.13809730112552643,0.99582439661026
201,15,0.5017078518867493,0.5733775496482849,-0.04163283482193947,0.8858655691146851
201,16,0.46450406312942505,0.5827479362487793,-0.15011201798915863,0.9841926693916321
201,17,0.5046952962875366,0.5894647836685181,-0.05994030088186264,0.8645904660224915
201,18,0.4698951840400696,0.6026171445846558,-0.17048993706703186,0.9686257243156433
201,19,0.5023189187049866,0.5853251814842224,-0.07591626048088074,0.8689936995506287
201,20,0.4750063419342041,0.5931309461593628,-0.17446424067020416,0.9664331078529358
201,21,0.5000450611114502,0.5808088183403015,-0.05084638670086861,0.8523272275924683
201,22,0.473810613155365,0.5881885886192322,-0.1507938951253891,0.9489243030548096
201,23,0.469315767288208,0.6181139349937439,0.04500916227698326,0.9984661936759949
201,24,0.43822067975997925,0.6265843510627747,-0.04490581899881363,0.9992855787277222
201,25,0.4951133131980896,0.6994060277938843,0.017192445695400238,0.8741414546966553
201,26,0.450123131275177,0.7408004999160767,-0.019217412918806076,0.9758530855178833
201,27,0.4666081368923187,0.787467360496521,0.1675168126821518,0.7052114605903625
201,28,0.4533018469810486,0.849547266960144,0.10052821785211563,0.9678746461868286
201,29,0.4580659866333008,0.799496054649353,0.18027134239673615,0.7223159670829773
201,30,0.44998103380203247,0.8585676550865173,0.10864170640707016,0.8953807353973389
201,31,0.4848269820213318,0.8340594172477722,0.14125880599021912,0.7526485919952393
201,32,0.46870607137680054,0.8937598466873169,0.037149179726839066,0.9542657732963562
202,0,0.4907202124595642,0.4117979407310486,-0.1312818080186844,0.9994742274284363
202,1,0.4908919334411621,0.40264782309532166,-0.1200689896941185,0.9987999796867371
202,2,0.4912106990814209,0.40309616923332214,-0.12009625136852264,0.9986226558685303
202,3,0.49151816964149475,0.40356966853141785,-0.12009540945291519,0.9987015128135681
202,4,0.4878336787223816,0.40029382705688477,-0.1365296095609665,0.9992190599441528
202,5,0.48607414960861206,0.3992396891117096,-0.13652637600898743,0.9991044402122498
202,6,0.4840568006038666,0.39796167612075806,-0.13657118380069733,0.9990742206573486
202,7,0.48472675681114197,0.40548527240753174,-0.05267677828669548,0.9979730844497681
202,8,0.47359156608581543,0.3972529470920563,-0.12692300975322723,0.9990034699440002
202,9,0.4883147180080414,0.42365965247154236,-0.10399313271045685,0.9996346831321716
202,10,0.48441749811172485,0.42080265283584595,-0.12574021518230438,0.9998649954795837
202,11,0.4838963449001312,0.4799642860889435,0.0060408031567931175,0.9997999668121338
202,12,0.44286996126174927,0.44885361194610596,-0.13478264212608337,0.999943733215332
202,13,0.4912113547325134,0.5416850447654724,0.02127479761838913,0.7766844630241394
202,14,0.43377405405044556,0.531600832939148,-0.15054425597190857,0.9948592185974121
202,15,0.5014700293540955,0.5912518501281738,-0.06376976519823074,0.8898940682411194
202,16,0.4656129777431488,0.6029778122901917,-0.16191542148590088,0.9822505116462708
202,17,0.5047463178634644,0.6098514795303345,-0.08537133038043976,0.8678333163261414
202,18,0.47030210494995117,0.6234003901481628,-0.17979779839515686,0.9661389589309692
202,19,0.5024455189704895,0.6065688133239746,-0.1026078462600708,0.8724753856658936
202,20,0.475676953792572,0.6145199537277222,-0.18449048697948456,0.9637758731842041
202,21,0.5001439452171326,0.6011616587638855,-0.07397215068340302,0.8559991717338562
202,22,0.47463321685791016,0.6073232889175415,-0.15894180536270142,0.945056676864624
202,23,0.46979522705078125,0.6198273301124573,0.04491855949163437,0.9985643625259399
202,24,0.4384823441505432,0.6278595924377441,-0.04482832923531532,0.9992927312850952
202,25,0.49082493782043457,0.711643636226654,0.08561448752880096,0.8814268708229065
202,26,0.4486604630947113,0.7409355044364929,0.026042774319648743,0.9767992496490479
202,27,0.46876615285873413,0.8085438013076782,0.2125864326953888,0.7274322509765625
202,28,0.45308294892311096,0.8459390997886658,0.15949131548404694,0.9696308970451355
202,29,0.46087446808815,0.8216705322265625,0.22242502868175507,0.7397680282592773
202,30,0.44975632429122925,0.856347382068634,0.16909284889698029,0.8976614475250244
202,31,0.49157875776290894,0.8460472822189331,0.15198202431201935,0.7729781270027161
202,32,0.46850889921188354,0.889493465423584,0.10130111873149872,0.9570164680480957
203,0,0.4894868731498718,0.40916532278060913,-0.1678886115550995,0.9995093941688538
203,1,0.49011993408203125,0.39971861243247986,-0.1570104956626892,0.9988683462142944
203,2,0.4905678629875183,0.40034565329551697,-0.15703214704990387,0.9987024664878845
203,3,0.4909730851650238,0.4009571969509125,-0.15703096985816956,0.9987735152244568
203,4,0.4866395890712738,0.3968040347099304,-0.17260509729385376,0.9992517232894897
203,5,0.48471492528915405,0.3953591287136078,-0.17261630296707153,0.999143123626709
203,6,0.4825543761253357,0.39369645714759827,-0.17265793681144714,0.9991061687469482
203,7,0.4843103289604187,0.4029885530471802,-0.0877535417675972,0.9980279803276062
203,8,0.4725807309150696,0.39305880665779114,-0.1595226675271988,0.9990262985229492
203,9,0.48697322607040405,0.4215235710144043,-0.13992469012737274,0.9996490478515625
203,10,0.48291367292404175,0.4184146523475647,-0.16072188317775726,0.9998653531074524
203,11,0.483135849237442,0.477114737033844,-0.019809160381555557,0.9998067617416382
203,12,0.44199198484420776,0.44979074597358704,-0.16091789305210114,0.9999367594718933
203,13,0.4912588596343994,0.5450013875961304,0.011465894989669323,0.7839407920837402
203,14,0.43942293524742126,0.5458360910415649,-0.17036373913288116,0.9940431118011475
203,15,0.5013604760169983,0.605351984500885,-0.059819359332323074,0.894212007522583
203,16,0.4666558802127838,0.6196261048316956,-0.18161097168922424,0.9801023602485657
203,17,0.5048130750656128,0.6250069737434387,-0.07871998846530914,0.8697356581687927
203,18,0.4706655442714691,0.6405960321426392,-0.20312917232513428,0.9629252552986145
203,19,0.5025326013565063,0.6234191656112671,-0.09934479743242264,0.8748586177825928
203,20,0.4761407971382141,0.6349868178367615,-0.21382251381874084,0.960526168346405
203,21,0.5001928210258484,0.6170961856842041,-0.07064162194728851,0.858789324760437
203,22,0.47478947043418884,0.6273899078369141,-0.18449591100215912,0.9409220814704895
203,23,0.4698229432106018,0.6217304468154907,0.0448731854557991,0.9986234903335571
203,24,0.4391040802001953,0.6285302639007568,-0.04477481544017792,0.9992675185203552
203,25,0.4857197701931,0.7209933996200562,0.09573304653167725,0.8838473558425903
203,26,0.4487837255001068,0.7417138814926147,0.012876288965344429,0.977112889289856
203,27,0.47138991951942444,0.821689248085022,0.21126553416252136,0.7468743324279785
203,28,0.4528377652168274,0.8460888266563416,0.12837697565555573,0.9709594249725342
203,29,0.46370720863342285,0.8371369242668152,0.2209692895412445,0.756130039691925
203,30,0.4497312903404236,0.8569613099098206,0.13590626418590546,0.8988475799560547
203,31,0.49497318267822266,0.8537180423736572,0.16568204760551453,0.7907595038414001
203,32,0.4680565893650055,0.8903112411499023,0.06461672484874725,0.9591849446296692
204,0,0.4878164231777191,0.408479779958725,-0.16145555675029755,0.9995415806770325
204,1,0.4884435534477234,0.39901530742645264,-0.15179529786109924,0.9989272356033325
204,2,0.48890620470046997,0.3996562659740448,-0.15181978046894073,0.9987726211547852
204,3,0.48932117223739624,0.40026745200157166,-0.1518225222826004,0.9988413453102112
204,4,0.48482662439346313,0.39605796337127686,-0.1674523651599884,0.9992752075195312
204,5,0.48291558027267456,0.39457449316978455,-0.16746506094932556,0.9991701245307922
204,6,0.480548232793808,0.3928212523460388,-0.16750743985176086,0.999122679233551
204,7,0.4826125502586365,0.40242698788642883,-0.08795931935310364,0.9980737566947937
204,8,0.47086840867996216,0.39232775568962097,-0.16034077107906342,0.9990132451057434
204,9,0.4852471947669983,0.42099830508232117,-0.1352970004081726,0.999663233757019
204,10,0.4812164306640625,0.4179392158985138,-0.1562509387731552,0.9998629689216614
204,11,0.48196911811828613,0.4756435751914978,-0.023685801774263382,0.9998165965080261
204,12,0.44082552194595337,0.4516409933567047,-0.16377060115337372,0.9999280571937561
204,13,0.4912271499633789,0.5466477870941162,0.010477925650775433,0.7965588569641113
204,14,0.4434877336025238,0.5537496209144592,-0.17140111327171326,0.9925602674484253
204,15,0.501274049282074,0.61274653673172,-0.04669729620218277,0.9011342525482178
204,16,0.46667471528053284,0.6298258304595947,-0.1816967874765396,0.9775056838989258
204,17,0.5048410892486572,0.6324508786201477,-0.06270476430654526,0.8756223917007446
204,18,0.47073498368263245,0.6520977020263672,-0.20327059924602509,0.9595052599906921
204,19,0.5026077032089233,0.6314384341239929,-0.0820559412240982,0.8809604048728943
204,20,0.47631779313087463,0.6467928290367126,-0.21392390131950378,0.957145094871521
204,21,0.5001301169395447,0.6247425079345703,-0.056463658809661865,0.8655385375022888
204,22,0.47489801049232483,0.639822781085968,-0.1850622147321701,0.936610758304596
204,23,0.470040500164032,0.6232335567474365,0.044824302196502686,0.9986929297447205
204,24,0.43930020928382874,0.6289949417114258,-0.044750358909368515,0.9992542862892151
204,25,0.4817395806312561,0.7280343174934387,0.10045088827610016,0.8828865885734558
204,26,0.4485509991645813,0.7422358989715576,0.013710911385715008,0.9768813848495483
204,27,0.4718199670314789,0.8265469670295715,0.21127036213874817,0.7624083161354065
204,28,0.4525868892669678,0.8462765216827393,0.12842188775539398,0.9718964099884033
204,29,0.46455344557762146,0.8427512049674988,0.2203429937362671,0.7706780433654785
204,30,0.44969630241394043,0.8572396039962769,0.13600555062294006,0.8994963765144348
204,31,0.49500685930252075,0.8576358556747437,0.17031994462013245,0.8059582114219666
204,32,0.4672296941280365,0.8900320529937744,0.06702389568090439,0.9608708024024963
205,0,0.48703545331954956,0.40824753046035767,-0.15628834068775177,0.9995610117912292
205,1,0.4875970482826233,0.3985006511211395,-0.14754369854927063,0.9989487528800964
205,2,0.4880675673484802,0.39908140897750854,-0.14756955206394196,0.998805582523346
205,3,0.4884966313838959,0.399600088596344,-0.14757448434829712,0.9988786578178406
205,4,0.48410502076148987,0.39566147327423096,-0.16437795758247375,0.9992712736129761
205,5,0.4821360111236572,0.39419034123420715,-0.16439487040042877,0.99916672706604
205,6,0.4798857569694519,0.39248985052108765,-0.1644396185874939,0.9991031885147095
205,7,0.4817841947078705,0.40155622363090515,-0.08824659883975983,0.9980430006980896
205,8,0.4702838063240051,0.3919634521007538,-0.16673001646995544,0.9989392757415771
205,9,0.4845115542411804,0.4205116629600525,-0.13140615820884705,0.9996639490127563
205,10,0.4805049002170563,0.4176245927810669,-0.15390609204769135,0.9998499751091003
205,11,0.4814569354057312,0.47357556223869324,-0.023994844406843185,0.9998238682746887
205,12,0.44040369987487793,0.45411327481269836,-0.17327864468097687,0.9999192953109741
205,13,0.4912777543067932,0.5480371117591858,0.01179200317710638,0.806988537311554
205,14,0.4446938633918762,0.557324230670929,-0.17908187210559845,0.9904764890670776
205,15,0.5013031363487244,0.6150306463241577,-0.03722129389643669,0.9066981077194214
205,16,0.46667981147766113,0.6325724124908447,-0.18636517226696014,0.9740132689476013
205,17,0.5048631429672241,0.635161280632019,-0.05108509212732315,0.8798404335975647
205,18,0.47057899832725525,0.65470290184021,-0.208307147026062,0.9553657174110413
205,19,0.502663254737854,0.6341074705123901,-0.06942911446094513,0.8855475187301636
205,20,0.4761196970939636,0.6509416103363037,-0.21902601420879364,0.953022837638855
205,21,0.5001219511032104,0.627001166343689,-0.0463811419904232,0.8705408573150635
205,22,0.47511976957321167,0.6429960131645203,-0.19014331698417664,0.9308819770812988
205,23,0.4701421856880188,0.6245874762535095,0.04589100927114487,0.9987398982048035
205,24,0.4394189417362213,0.6291167140007019,-0.04588490352034569,0.9992281794548035
205,25,0.47938138246536255,0.7298238277435303,0.11464478075504303,0.8756464123725891
205,26,0.4480530619621277,0.742443323135376,0.015823060646653175,0.9760565757751465
205,27,0.4716535210609436,0.8283349871635437,0.21427877247333527,0.7740916609764099
205,28,0.4522938132286072,0.8464116454124451,0.12500129640102386,0.9724715948104858
205,29,0.4644950032234192,0.8447974324226379,0.22178307175636292,0.7821859121322632
205,30,0.4496035575866699,0.858003556728363,0.13209208846092224,0.8998225927352905
205,31,0.49457088112831116,0.8573960065841675,0.17342163622379303,0.8187695741653442
205,32,0.46694549918174744,0.8901144862174988,0.06537090241909027,0.9621079564094543
206,0,0.48668861389160156,0.40821197628974915,-0.15518513321876526,0.9995694160461426
206,1,0.48716458678245544,0.3981581926345825,-0.1423177421092987,0.9989410638809204
206,2,0.4876423478126526,0.39868804812431335,-0.14234238862991333,0.9988026022911072
206,3,0.4880712032318115,0.39914458990097046,-0.14234624803066254,0.9988850951194763
206,4,0.483773797750473,0.39544305205345154,-0.15806777775287628,0.999250590801239
206,5,0.48178404569625854,0.3940252959728241,-0.1580803096294403,0.9991428852081299
206,6,0.47960108518600464,0.3924159109592438,-0.1581244170665741,0.9990656971931458
206,7,0.4812195897102356,0.4009037911891937,-0.08047247678041458,0.9979424476623535
206,8,0.4700160026550293,0.3919735848903656,-0.1618257611989975,0.9988453984260559
206,9,0.48415642976760864,0.42041826248168945,-0.12635643780231476,0.9996536374092102
206,10,0.48018255829811096,0.4176112711429596,-0.1475905478000641,0.9998319149017334
206,11,0.48067283630371094,0.4724333584308624,-0.016829797998070717,0.9998255372047424
206,12,0.44042056798934937,0.4544638693332672,-0.1729365587234497,0.9999129176139832
206,13,0.491277277469635,0.5484156012535095,0.016632232815027237,0.8101943731307983
206,14,0.44510984420776367,0.5562476515769958,-0.18266591429710388,0.9885205030441284
206,15,0.5012353658676147,0.6141675114631653,-0.022617433220148087,0.9079792499542236
206,16,0.4677874445915222,0.6322442293167114,-0.18896698951721191,0.9706234335899353
206,17,0.5049047470092773,0.6343752145767212,-0.035165976732969284,0.8780789375305176
206,18,0.4717347025871277,0.6526567935943604,-0.2112758606672287,0.9513182640075684
206,19,0.5028194189071655,0.6332045793533325,-0.05321356654167175,0.8845815062522888
206,20,0.4775843024253845,0.6475704908370972,-0.2206496000289917,0.9488818049430847
206,21,0.5001329779624939,0.6262109875679016,-0.03181188926100731,0.869613528251648
206,22,0.4761417806148529,0.6399453282356262,-0.19230268895626068,0.9248225092887878
206,23,0.47014713287353516,0.6251732110977173,0.047157905995845795,0.9987748265266418
206,24,0.4395155906677246,0.6291293501853943,-0.04718104749917984,0.9992014765739441
206,25,0.4798717498779297,0.7296971678733826,0.11178679764270782,0.8724494576454163
206,26,0.44727152585983276,0.7428956031799316,0.01278688758611679,0.975693941116333
206,27,0.4715716242790222,0.8284925818443298,0.21579977869987488,0.7858036756515503
206,28,0.45197296142578125,0.8465121984481812,0.12327954918146133,0.9733894467353821
206,29,0.4645029902458191,0.8453036546707153,0.2232823669910431,0.7932906746864319
206,30,0.4496120512485504,0.8589982986450195,0.13049110770225525,0.9012668132781982
206,31,0.49449262022972107,0.856962263584137,0.17462094128131866,0.8308721780776978
206,32,0.4666732847690582,0.8901764154434204,0.06347604840993881,0.9637022018432617
207,0,0.486701637506485,0.4082164466381073,-0.14866921305656433,0.9995777010917664
207,1,0.48713722825050354,0.3981429636478424,-0.1364249736070633,0.9989442825317383
207,2,0.487621009349823,0.39866164326667786,-0.1364615112543106,0.9988056421279907
207,3,0.4880514144897461,0.3990993797779083,-0.13646408915519714,0.9988900423049927
207,4,0.4837840497493744,0.39547017216682434,-0.15373912453651428,0.999231219291687
207,5,0.4817492961883545,0.3940700888633728,-0.15373139083385468,0.9991148114204407
207,6,0.4795564115047455,0.392487108707428,-0.15377548336982727,0.9990255832672119
207,7,0.4812043607234955,0.40085551142692566,-0.07305540144443512,0.9978876709938049
207,8,0.46998223662376404,0.3921162486076355,-0.1597682386636734,0.998781144618988
207,9,0.48417797684669495,0.42044439911842346,-0.12069915235042572,0.9996508955955505
207,10,0.48016634583473206,0.41771775484085083,-0.1437833607196808,0.9998245239257812
207,11,0.4806607663631439,0.47185444831848145,-0.012586385011672974,0.9998305439949036
207,12,0.4404268264770508,0.45453837513923645,-0.16393987834453583,0.9999051094055176
207,13,0.49081239104270935,0.5479676127433777,0.01759358122944832,0.8085617423057556
207,14,0.4428531527519226,0.5522891283035278,-0.17902687191963196,0.987042248249054
207,15,0.5010883212089539,0.609542727470398,-0.03772590681910515,0.9089419841766357
207,16,0.4690023362636566,0.62526535987854,-0.18394236266613007,0.9680137634277344
207,17,0.5049306154251099,0.6292522549629211,-0.05652691796422005,0.8779658675193787
207,18,0.47354668378829956,0.6453546285629272,-0.20692959427833557,0.9481662511825562
207,19,0.5028485059738159,0.6276759505271912,-0.07312195003032684,0.8847385048866272
207,20,0.47931280732154846,0.6400377750396729,-0.2188715934753418,0.9455443620681763
207,21,0.5001481771469116,0.6207271814346313,-0.04742740839719772,0.869819700717926
207,22,0.4771715998649597,0.6328034996986389,-0.18806710839271545,0.9200665950775146
207,23,0.4701813757419586,0.6254644989967346,0.04699775576591492,0.9988375306129456
207,24,0.4395831227302551,0.6295956373214722,-0.04702643305063248,0.9991950988769531
207,25,0.48238053917884827,0.7255409359931946,0.10298850387334824,0.8761107325553894
207,26,0.44729843735694885,0.7428327202796936,0.023184141144156456,0.9759445786476135
207,27,0.47186580300331116,0.8246018290519714,0.21730701625347137,0.7988841533660889
207,28,0.4519224762916565,0.8460824489593506,0.14632780849933624,0.9740638136863708
207,29,0.46454858779907227,0.8399739861488342,0.2257482260465622,0.8037294745445251
207,30,0.4495526850223541,0.8590104579925537,0.15510353446006775,0.901896595954895
207,31,0.4956586956977844,0.8561768531799316,0.17502352595329285,0.8427943587303162
207,32,0.4666835367679596,0.8893563747406006,0.08848948776721954,0.9650006890296936
208,0,0.48727989196777344,0.4083408713340759,-0.11333960294723511,0.9995633959770203
208,1,0.4877397119998932,0.3982667624950409,-0.1029837355017662,0.9989001750946045
208,2,0.48810213804244995,0.39872652292251587,-0.10301534086465836,0.9987630248069763
208,3,0.4884320795536041,0.3991208076477051,-0.10302118957042694,0.998857319355011
208,4,0.48475536704063416,0.3958471119403839,-0.12088628113269806,0.9991716146469116
208,5,0.48282963037490845,0.39452269673347473,-0.12087492644786835,0.9990383386611938
208,6,0.4804956018924713,0.39291414618492126,-0.12091746181249619,0.9989399909973145
208,7,0.48141393065452576,0.400865763425827,-0.04276781529188156,0.9978513717651367
208,8,0.4705117344856262,0.3921357989311218,-0.1254962980747223,0.9986902475357056
208,9,0.4844779074192047,0.4205150604248047,-0.08839760720729828,0.9996417164802551
208,10,0.4807524085044861,0.41801342368125916,-0.11200858652591705,0.9998141527175903
208,11,0.4808182120323181,0.47168874740600586,0.010617194697260857,0.9998341798782349
208,12,0.44049277901649475,0.4536602795124054,-0.13870961964130402,0.9999010562896729
208,13,0.490853875875473,0.5462164878845215,0.033402688801288605,0.7982845306396484
208,14,0.44169196486473083,0.5471233129501343,-0.15410833060741425,0.9861128330230713
208,15,0.5011038780212402,0.6024591326713562,-0.03471742197871208,0.902309775352478
208,16,0.4688456654548645,0.6064730286598206,-0.16356804966926575,0.9656773805618286
208,17,0.5049545168876648,0.621947169303894,-0.05236499384045601,0.8703706860542297
208,18,0.4744764268398285,0.6275660395622253,-0.1851229965686798,0.9453514814376831
208,19,0.5028592348098755,0.6190162301063538,-0.06842593103647232,0.8772544860839844
208,20,0.4794643521308899,0.6175658106803894,-0.1921289712190628,0.942448079586029
208,21,0.5002599358558655,0.6115841269493103,-0.04409605264663696,0.8620715737342834
208,22,0.4780891537666321,0.6123858690261841,-0.16588883101940155,0.9153227806091309
208,23,0.47097140550613403,0.6254136562347412,0.046035271137952805,0.9988411664962769
208,24,0.43960967659950256,0.6301422119140625,-0.046021632850170135,0.9991148710250854
208,25,0.48841506242752075,0.7249747514724731,0.06644247472286224,0.8835111260414124
208,26,0.4469973146915436,0.7435489296913147,0.013069776818156242,0.9759970903396606
208,27,0.47253164649009705,0.8168596625328064,0.1887248307466507,0.8097041845321655
208,28,0.45174282789230347,0.8459593653678894,0.1302698701620102,0.9741079211235046
208,29,0.4645411968231201,0.8303453326225281,0.19860219955444336,0.809556782245636
208,30,0.44953909516334534,0.8584000468254089,0.13874609768390656,0.8982110023498535
208,31,0.49569788575172424,0.8515654802322388,0.15275335311889648,0.8522895574569702
208,32,0.4667171537876129,0.8909252882003784,0.07124416530132294,0.9653770923614502
209,0,0.4884733557701111,0.4083971381187439,-0.10306394100189209,0.9995656609535217
209,1,0.489004522562027,0.3983300030231476,-0.09277092665433884,0.9988985657691956
209,2,0.4893014430999756,0.39879700541496277,-0.09278911352157593,0.9987570643424988
209,3,0.4895547032356262,0.3992234468460083,-0.09278985112905502,0.9988494515419006
209,4,0.48614197969436646,0.3959859609603882,-0.10945385694503784,0.9991695284843445
209,5,0.48417019844055176,0.39470380544662476,-0.10944634675979614,0.9990306496620178
209,6,0.4817219376564026,0.3931311368942261,-0.1094847097992897,0.9989413022994995
209,7,0.48271527886390686,0.40115970373153687,-0.032022032886743546,0.997894823551178
209,8,0.47173362970352173,0.392379492521286,-0.1079661026597023,0.9987019300460815
209,9,0.4858194887638092,0.42054039239883423,-0.0782984048128128,0.9996359944343567
209,10,0.4821181893348694,0.4180603325366974,-0.10027627646923065,0.9998115301132202
209,11,0.48231077194213867,0.47178566455841064,0.021736545488238335,0.999820351600647
209,12,0.4412824213504791,0.4523507058620453,-0.11960470676422119,0.9998997449874878
209,13,0.4910849630832672,0.5444226264953613,0.05359423905611038,0.7794551253318787
209,14,0.4389791488647461,0.5343223214149475,-0.1350710541009903,0.9864386916160583
209,15,0.501242995262146,0.5870278477668762,-0.006734101567417383,0.8920220732688904
209,16,0.4694580137729645,0.5898287892341614,-0.1471792757511139,0.9660058617591858
209,17,0.5049283504486084,0.6036118268966675,-0.020444463938474655,0.8604556322097778
209,18,0.4754166007041931,0.6077677011489868,-0.16643182933330536,0.9457789659500122
209,19,0.5028880834579468,0.6007243394851685,-0.03593072667717934,0.867100715637207
209,20,0.4804437756538391,0.599724292755127,-0.17046388983726501,0.9427828788757324
209,21,0.5002743005752563,0.5941740870475769,-0.015207773074507713,0.8516889214515686
209,22,0.4783613085746765,0.5925610661506653,-0.14807112514972687,0.9155377745628357
209,23,0.4722900390625,0.6252210736274719,0.0443754605948925,0.9987789988517761
209,24,0.4396321773529053,0.6304242610931396,-0.044332489371299744,0.9990477561950684
209,25,0.4939200282096863,0.7127177715301514,0.04364124685525894,0.8917134404182434
209,26,0.44707998633384705,0.743719220161438,-0.0026726671494543552,0.9769662618637085
209,27,0.473101943731308,0.8006830215454102,0.1819494664669037,0.8199873566627502
209,28,0.4517630636692047,0.8460147380828857,0.11691230535507202,0.9752213358879089
209,29,0.46475180983543396,0.8106534481048584,0.1938963681459427,0.8158487677574158
209,30,0.4495575428009033,0.8583806157112122,0.12611979246139526,0.8994824290275574
209,31,0.4947931170463562,0.8506587743759155,0.15531034767627716,0.8610372543334961
209,32,0.467024564743042,0.8914471864700317,0.06113622337579727,0.9666311144828796
210,0,0.48998206853866577,0.4088795483112335,-0.10930075496435165,0.9995893836021423
210,1,0.49062222242355347,0.39928123354911804,-0.09637915343046188,0.998969316482544
210,2,0.49100008606910706,0.39993929862976074,-0.09639617055654526,0.9988366961479187
210,3,0.49132901430130005,0.4005826413631439,-0.09639650583267212,0.9989209175109863
210,4,0.48754364252090454,0.3967362642288208,-0.11132462322711945,0.9992197155952454
210,5,0.4855221211910248,0.39545994997024536,-0.11131934076547623,0.999088704586029
210,6,0.4831097722053528,0.39393824338912964,-0.11135266721248627,0.9990069270133972
210,7,0.4852502942085266,0.4034207761287689,-0.025416499003767967,0.9980524182319641
210,8,0.47349095344543457,0.3934421241283417,-0.09180138260126114,0.9987882971763611
210,9,0.48779329657554626,0.4208441972732544,-0.0818365290760994,0.9996583461761475
210,10,0.4836379587650299,0.4181751310825348,-0.10141383111476898,0.9998239278793335
210,11,0.48431095480918884,0.47490373253822327,0.02682143822312355,0.9998089671134949
210,12,0.44253817200660706,0.4512691795825958,-0.10277062654495239,0.9999027252197266
210,13,0.4925594925880432,0.543316125869751,0.03400158882141113,0.7653205990791321
210,14,0.4345622658729553,0.5228857398033142,-0.13656684756278992,0.9872928261756897
210,15,0.5013524293899536,0.5739564895629883,-0.07542060315608978,0.8828574419021606
210,16,0.4709254801273346,0.5770240426063538,-0.15791146457195282,0.9672330021858215
210,17,0.5049394965171814,0.5880601406097412,-0.09662752598524094,0.8536837697029114
210,18,0.4780263304710388,0.5952059626579285,-0.17831341922283173,0.9470676183700562
210,19,0.5029062628746033,0.5825685858726501,-0.11066566407680511,0.8599536418914795
210,20,0.4839904308319092,0.5882788300514221,-0.18045146763324738,0.9439761638641357
210,21,0.5002959966659546,0.5777766108512878,-0.08443178981542587,0.8435757160186768
210,22,0.4817698895931244,0.5821515321731567,-0.1582765281200409,0.9167968034744263
210,23,0.47267502546310425,0.6235239505767822,0.042601898312568665,0.9987732172012329
210,24,0.43965083360671997,0.6304361820220947,-0.04250096157193184,0.9990289807319641
210,25,0.5015333890914917,0.6900066137313843,-0.02684820257127285,0.9004256725311279
210,26,0.4476955831050873,0.7443161606788635,-0.02664472721517086,0.9783156514167786
210,27,0.4730561673641205,0.7722623944282532,0.1132858544588089,0.8286145329475403
210,28,0.4519084393978119,0.8492469787597656,0.07671352475881577,0.9763879776000977
210,29,0.4640125334262848,0.7770764827728271,0.1258527785539627,0.8210137486457825
210,30,0.44956669211387634,0.8599721193313599,0.08327854424715042,0.9007209539413452
210,31,0.4911015033721924,0.8224530816078186,0.08679886907339096,0.8680951595306396
210,32,0.46828317642211914,0.891857385635376,0.011733568273484707,0.9676169157028198
211,0,0.4925169348716736,0.4136403799057007,-0.09226102381944656,0.99949711561203
211,1,0.4925936758518219,0.4035377502441406,-0.07993002235889435,0.9988191723823547
211,2,0.4927942156791687,0.40397611260414124,-0.07995717227458954,0.9986841082572937
211,3,0.49294328689575195,0.40443098545074463,-0.07997225970029831,0.998772144317627
211,4,0.4897533357143402,0.4013393819332123,-0.09653525799512863,0.9991093873977661
211,5,0.4878259301185608,0.40016603469848633,-0.09653819352388382,0.9989681243896484
211,6,0.485535204410553,0.39882057905197144,-0.09658654034137726,0.9988973736763
211,7,0.4861030578613281,0.4060661792755127,-0.01303260587155819,0.9979155659675598
211,8,0.47581952810287476,0.3983890414237976,-0.08747009187936783,0.9986727237701416
211,9,0.4899198114871979,0.424613356590271,-0.06600405275821686,0.9995959401130676
211,10,0.4862286150455475,0.4220917522907257,-0.08767862617969513,0.9998050332069397
211,11,0.4854830205440521,0.47665026783943176,0.036801181733608246,0.9997335076332092
211,12,0.444840669631958,0.4508821368217468,-0.1060354933142662,0.9999016523361206
211,13,0.49355047941207886,0.5355338454246521,0.02600221335887909,0.7373554706573486
211,14,0.4307616353034973,0.5150390863418579,-0.146990105509758,0.9881856441497803
211,15,0.5017213821411133,0.5612748265266418,-0.09742335975170135,0.8636614680290222
211,16,0.47139889001846313,0.5652670860290527,-0.18426840007305145,0.9687975645065308
211,17,0.5050783157348633,0.5717949867248535,-0.11961565166711807,0.8393467664718628
211,18,0.47798997163772583,0.5830456018447876,-0.20541071891784668,0.949184775352478
211,19,0.5029165744781494,0.5667322278022766,-0.13268700242042542,0.8456950783729553
211,20,0.4848972260951996,0.5758276581764221,-0.2017255276441574,0.9460878372192383
211,21,0.5003817081451416,0.563108503818512,-0.10653901100158691,0.8278343081474304
211,22,0.48277178406715393,0.5711885094642639,-0.18185758590698242,0.9191108345985413
211,23,0.47256985306739807,0.6220093369483948,0.04372558742761612,0.9985988140106201
211,24,0.4397486746311188,0.6299798488616943,-0.043589167296886444,0.9989433884620667
211,25,0.5086870193481445,0.6781672835350037,-0.02274254336953163,0.9071675539016724
211,26,0.44917502999305725,0.7441376447677612,-0.0469583161175251,0.9794326424598694
211,27,0.4721328616142273,0.7413941025733948,0.1163385882973671,0.8318609595298767
211,28,0.4526340365409851,0.8505451679229736,0.04005054011940956,0.9776027798652649
211,29,0.46249133348464966,0.7461094260215759,0.12916812300682068,0.8243930339813232
211,30,0.44982004165649414,0.860583484172821,0.044978927820920944,0.9040037989616394
211,31,0.4842308461666107,0.7897298336029053,0.09815717488527298,0.8712707161903381
211,32,0.4696901738643646,0.8921446800231934,-0.027298957109451294,0.9686191082000732
212,0,0.494009792804718,0.41759151220321655,-0.09730388224124908,0.9994291067123413
212,1,0.493964821100235,0.4076634347438812,-0.08397813141345978,0.9987407326698303
212,2,0.49413806200027466,0.4080409109592438,-0.08401447534561157,0.9986029863357544
212,3,0.49426373839378357,0.40842488408088684,-0.08404204249382019,0.9986906051635742
212,4,0.49113956093788147,0.4055119752883911,-0.10056017339229584,0.9990371465682983
212,5,0.489158570766449,0.4043287932872772,-0.10056506097316742,0.9988802671432495
212,6,0.4868806302547455,0.4029848277568817,-0.10061419010162354,0.9988197684288025
212,7,0.48705631494522095,0.4093955457210541,-0.011873279698193073,0.9978627562522888
212,8,0.47740882635116577,0.40278393030166626,-0.08661884069442749,0.9986088275909424
212,9,0.4913303852081299,0.4281267821788788,-0.0693536251783371,0.999567449092865
212,10,0.48771485686302185,0.4257613718509674,-0.0910719782114029,0.9997986555099487
212,11,0.4871392846107483,0.47816306352615356,0.041566938161849976,0.9996773600578308
212,12,0.4469669461250305,0.4502458870410919,-0.10132654756307602,0.9998981952667236
212,13,0.4945361018180847,0.5348122715950012,0.023964885622262955,0.7199451327323914
212,14,0.427672803401947,0.5091204047203064,-0.1497051864862442,0.9889888763427734
212,15,0.501735270023346,0.5509962439537048,-0.10799257457256317,0.852502167224884
212,16,0.47141680121421814,0.559183657169342,-0.19811198115348816,0.9704282879829407
212,17,0.5048388242721558,0.5607697367668152,-0.13233473896980286,0.8311339616775513
212,18,0.47796231508255005,0.5742583870887756,-0.22053387761116028,0.9514524340629578
212,19,0.5021731853485107,0.5545971393585205,-0.14392197132110596,0.8372663855552673
212,20,0.4844042658805847,0.5671945214271545,-0.21636220812797546,0.9483622312545776
212,21,0.5000351667404175,0.5506452918052673,-0.11657114326953888,0.8178054690361023
212,22,0.48243752121925354,0.5634534358978271,-0.19544300436973572,0.9217382073402405
212,23,0.47153154015541077,0.6181409955024719,0.04531873017549515,0.9985035061836243
212,24,0.43944016098976135,0.6261546015739441,-0.045158226042985916,0.9988957643508911
212,25,0.5131992101669312,0.669733464717865,-0.042733654379844666,0.9139960408210754
212,26,0.4511420726776123,0.7411818504333496,-0.06469175964593887,0.9804964661598206
212,27,0.4709269106388092,0.7262043356895447,0.10164403915405273,0.8380022048950195
212,28,0.45393258333206177,0.8511191606521606,0.02916615828871727,0.9790412783622742
212,29,0.4624527394771576,0.7247780561447144,0.11493400484323502,0.8325352072715759
212,30,0.4510485529899597,0.860939085483551,0.03456863388419151,0.9091338515281677
212,31,0.48034900426864624,0.7759846448898315,0.08180171996355057,0.8759050369262695
212,32,0.4696718156337738,0.8924492597579956,-0.043677251785993576,0.9700630307197571
213,0,0.49574360251426697,0.42030447721481323,-0.10268290340900421,0.9994457364082336
213,1,0.49539914727211,0.4102093279361725,-0.09245122969150543,0.9988075494766235
213,2,0.4955981373786926,0.4105299115180969,-0.09247652441263199,0.998678982257843
213,3,0.4957355856895447,0.41085121035575867,-0.0924878865480423,0.9987568259239197
213,4,0.49267521500587463,0.40794941782951355,-0.10900895297527313,0.9990814328193665
213,5,0.4906753599643707,0.40660256147384644,-0.10901222378015518,0.9989306926727295
213,6,0.48846426606178284,0.40521812438964844,-0.10906021296977997,0.9988728761672974
213,7,0.48859483003616333,0.41185128688812256,-0.020775072276592255,0.9980040192604065
213,8,0.47881245613098145,0.4055998623371124,-0.09368293732404709,0.9986913204193115
213,9,0.4930948317050934,0.43115904927253723,-0.07752174884080887,0.9995937943458557
213,10,0.489523321390152,0.42853227257728577,-0.09932708740234375,0.99981290102005
213,11,0.4890788197517395,0.48023465275764465,0.03116961382329464,0.9996784329414368
213,12,0.4482644498348236,0.45055386424064636,-0.10593905299901962,0.9999011158943176
213,13,0.4960617423057556,0.5339746475219727,-0.010618156753480434,0.7205459475517273
213,14,0.426133394241333,0.5040361285209656,-0.1701253205537796,0.989672064781189
213,15,0.5014064908027649,0.5471978783607483,-0.1537931263446808,0.8532142043113708
213,16,0.47165316343307495,0.5547990202903748,-0.22945371270179749,0.9712281227111816
213,17,0.5037948489189148,0.5555846691131592,-0.1806761771440506,0.8340681791305542
213,18,0.47843092679977417,0.5707735419273376,-0.25447845458984375,0.9523957371711731
213,19,0.5008580684661865,0.5474767684936523,-0.18982669711112976,0.8394564986228943
213,20,0.4844229221343994,0.5637965202331543,-0.24899785220623016,0.9491724967956543
213,21,0.49891844391822815,0.544292688369751,-0.1614251583814621,0.819571852684021
213,22,0.48264211416244507,0.5590898990631104,-0.2267579585313797,0.9223977327346802
213,23,0.47044891119003296,0.6174536943435669,0.04648181051015854,0.9984153509140015
213,24,0.4392614960670471,0.625356912612915,-0.04631054773926735,0.9988990426063538
213,25,0.515899121761322,0.6656713485717773,-0.002546899253502488,0.9173977971076965
213,26,0.4541761875152588,0.740526556968689,-0.09076271951198578,0.9816765189170837
213,27,0.468639999628067,0.7208690047264099,0.15127655863761902,0.8317721486091614
213,28,0.4544599950313568,0.8518375754356384,-0.01696205511689186,0.980476975440979
213,29,0.4583335518836975,0.7188386917114258,0.17014296352863312,0.8312082886695862
213,30,0.4519193768501282,0.8626235127449036,-0.013164356350898743,0.9145941734313965
213,31,0.4745401442050934,0.7638309001922607,0.15565428137779236,0.86881023645401
213,32,0.4696384370326996,0.8933827877044678,-0.09215758740901947,0.9714429974555969
214,0,0.49623116850852966,0.4208531975746155,-0.12897728383541107,0.9994599223136902
214,1,0.49595895409584045,0.4105164706707001,-0.11418284475803375,0.9988634586334229
214,2,0.4961552023887634,0.4107826352119446,-0.11423997581005096,0.9987421035766602
214,3,0.4962919354438782,0.41105037927627563,-0.11428236961364746,0.9988099336624146
214,4,0.49315017461776733,0.40847766399383545,-0.12989287078380585,0.9991193413734436
214,5,0.49112120270729065,0.4072171449661255,-0.12989960610866547,0.9989744424819946
214,6,0.4889698624610901,0.40589049458503723,-0.12993000447750092,0.9989199042320251
214,7,0.4888722002506256,0.4121186137199402,-0.030930140987038612,0.9981200098991394
214,8,0.4790500998497009,0.4062097370624542,-0.09889905899763107,0.9987657070159912
214,9,0.4935780465602875,0.4316979646682739,-0.09860978275537491,0.9996184706687927
214,10,0.48985299468040466,0.42921364307403564,-0.11927662789821625,0.9998263716697693
214,11,0.4897676110267639,0.4805201292037964,0.017473768442869186,0.9996837973594666
214,12,0.44810232520103455,0.4506644904613495,-0.11069132387638092,0.9999054670333862
214,13,0.4968906044960022,0.5311282277107239,-0.02995850145816803,0.7248883843421936
214,14,0.42637962102890015,0.5046175122261047,-0.1826571524143219,0.9903428554534912
214,15,0.501427173614502,0.5478300452232361,-0.1805209219455719,0.8551918864250183
214,16,0.4714762270450592,0.5572764277458191,-0.24713103473186493,0.9724687933921814
214,17,0.5038079023361206,0.5578864216804504,-0.20958074927330017,0.8382605314254761
214,18,0.4781035780906677,0.5734438300132751,-0.2742388844490051,0.9542436003684998
214,19,0.5007221102714539,0.5502566695213318,-0.21987077593803406,0.8430392742156982
214,20,0.4843849241733551,0.5658819675445557,-0.27030637860298157,0.9510418176651001
214,21,0.49891185760498047,0.5441867709159851,-0.18889600038528442,0.8230844140052795
214,22,0.48242416977882385,0.5609695911407471,-0.2452928125858307,0.9246991276741028
214,23,0.4702528417110443,0.6169142127037048,0.04702765494585037,0.9983716011047363
214,24,0.439175546169281,0.625212550163269,-0.04685438051819801,0.9989303350448608
214,25,0.5161647200584412,0.6667789220809937,0.00853857584297657,0.9200926423072815
214,26,0.45466938614845276,0.7405821084976196,-0.09644237160682678,0.9827834963798523
214,27,0.46771860122680664,0.7163085341453552,0.19185522198677063,0.8231715559959412
214,28,0.45455360412597656,0.8527919054031372,-0.016781924292445183,0.9818084239959717
214,29,0.45677703619003296,0.7169649600982666,0.2093888223171234,0.8279784917831421
214,30,0.45208853483200073,0.8635476231575012,-0.012416699901223183,0.9197006821632385
214,31,0.4729855954647064,0.7647096514701843,0.1899457424879074,0.859518826007843
214,32,0.4696134924888611,0.8940461277961731,-0.09456447511911392,0.9727499485015869
215,0,0.4961830675601959,0.4196212887763977,-0.12229041755199432,0.999450147151947
215,1,0.4960584044456482,0.40984979271888733,-0.10679827630519867,0.9988664388656616
215,2,0.4963172376155853,0.4102793335914612,-0.10685529559850693,0.9987484812736511
215,3,0.4965388774871826,0.410732239484787,-0.10689594596624374,0.9988031387329102
215,4,0.4930543899536133,0.4075471758842468,-0.12133818864822388,0.9991128444671631
215,5,0.4910021722316742,0.40632620453834534,-0.12134625017642975,0.9989720582962036
215,6,0.48882168531417847,0.40504053235054016,-0.1213855892419815,0.9989182353019714
215,7,0.48941054940223694,0.4120408892631531,-0.027346154674887657,0.9981462359428406
215,8,0.4789161682128906,0.4054177701473236,-0.09430869668722153,0.9987823367118835
215,9,0.4937227666378021,0.43055734038352966,-0.09197733551263809,0.9996247291564941
215,10,0.48971813917160034,0.4277907609939575,-0.11114951223134995,0.999832034111023
215,11,0.49025335907936096,0.4803846478462219,0.027466725558042526,0.999673068523407
215,12,0.4488493502140045,0.4492211639881134,-0.10560204088687897,0.999908447265625
215,13,0.4980044364929199,0.5320611596107483,-0.0034805487375706434,0.7151213884353638
215,14,0.4269990026950836,0.5054517984390259,-0.15636703372001648,0.990889847278595
215,15,0.501936137676239,0.5540929436683655,-0.12880969047546387,0.8464402556419373
215,16,0.4715065062046051,0.5594688653945923,-0.2078234851360321,0.9731026291847229
215,17,0.5039641261100769,0.5650184154510498,-0.15220744907855988,0.8311552405357361
215,18,0.4778954088687897,0.5780436396598816,-0.23259806632995605,0.9549520611763
215,19,0.5012499094009399,0.5586809515953064,-0.16481514275074005,0.8358072638511658
215,20,0.4842506945133209,0.5711463689804077,-0.22729425132274628,0.9517004489898682
215,21,0.49945440888404846,0.5531800389289856,-0.13734611868858337,0.8151659965515137
215,22,0.48260682821273804,0.5661138296127319,-0.20476433634757996,0.9252347946166992
215,23,0.4703483581542969,0.616633415222168,0.04699476808309555,0.9983296990394592
215,24,0.4391956329345703,0.6241956949234009,-0.04682852327823639,0.9989539384841919
215,25,0.5131005644798279,0.6699206233024597,0.005170868244022131,0.9226702451705933
215,26,0.45434099435806274,0.7395240068435669,-0.08032730966806412,0.983763575553894
215,27,0.4676554203033447,0.7191638350486755,0.1827593892812729,0.8185509443283081
215,28,0.45455265045166016,0.8527309894561768,-0.0032312260009348392,0.9828844666481018
215,29,0.4578019976615906,0.7188554406166077,0.19871726632118225,0.8270177245140076
215,30,0.4523758292198181,0.8635276556015015,0.000855080783367157,0.9236962795257568
215,31,0.47491878271102905,0.7710002660751343,0.17393872141838074,0.855440616607666
215,32,0.4696022868156433,0.8947221636772156,-0.07769138365983963,0.9737749695777893
216,0,0.49616366624832153,0.4151938557624817,-0.10493858903646469,0.9994831681251526
216,1,0.4960459768772125,0.4061734080314636,-0.09088905155658722,0.9989345669746399
216,2,0.4962991178035736,0.4066852033138275,-0.0909285768866539,0.998823881149292
216,3,0.49649953842163086,0.407194048166275,-0.09095494449138641,0.9988747239112854
216,4,0.49301671981811523,0.4038194417953491,-0.10554440319538116,0.9991657733917236
216,5,0.49100154638290405,0.40282928943634033,-0.10554738342761993,0.9990341067314148
216,6,0.488767147064209,0.40171733498573303,-0.1055784597992897,0.9989824891090393
216,7,0.4892832338809967,0.40894073247909546,-0.018123209476470947,0.9982707500457764
216,8,0.4786999225616455,0.4024174213409424,-0.0847366601228714,0.9988551139831543
216,9,0.4937726557254791,0.42688360810279846,-0.07706842571496964,0.9996457099914551
216,10,0.48972368240356445,0.42408934235572815,-0.09621970355510712,0.9998419880867004
216,11,0.4899832606315613,0.480192095041275,0.039907775819301605,0.9996823072433472
216,12,0.44943755865097046,0.44743621349334717,-0.0990922600030899,0.9999117255210876
216,13,0.4977547526359558,0.5325482487678528,0.05911761522293091,0.7147138118743896
216,14,0.4292479455471039,0.5076330304145813,-0.13069066405296326,0.9913241863250732
216,15,0.5031912326812744,0.5544142127037048,-0.02675705775618553,0.8485171794891357
216,16,0.4708482325077057,0.5623696446418762,-0.15835139155387878,0.9738070964813232
216,17,0.5057050585746765,0.5708960890769958,-0.04285185784101486,0.8333861231803894
216,18,0.4767204821109772,0.5783658623695374,-0.17819789052009583,0.9558098912239075
216,19,0.503642201423645,0.565956175327301,-0.06092885136604309,0.8380370736122131
216,20,0.4825901389122009,0.5737534761428833,-0.17886438965797424,0.9525600075721741
216,21,0.5015562772750854,0.5613259673118591,-0.03653819486498833,0.8176506757736206
216,22,0.48094528913497925,0.5669180750846863,-0.15749004483222961,0.9264849424362183
216,23,0.47149205207824707,0.6165667772293091,0.0473204180598259,0.9982776045799255
216,24,0.4402550160884857,0.6238757371902466,-0.04715903848409653,0.9989621043205261
216,25,0.5129258632659912,0.6733917593955994,0.0026901988312602043,0.9248341917991638
216,26,0.4541143476963043,0.7393409609794617,-0.07276695221662521,0.9844382405281067
216,27,0.4675523638725281,0.7222982048988342,0.16106869280338287,0.8093301057815552
216,28,0.4548216760158539,0.8527859449386597,-0.006800050847232342,0.9836477637290955
216,29,0.4580727517604828,0.7198397517204285,0.17588959634304047,0.8232673406600952
216,30,0.45291513204574585,0.8637783527374268,-0.003753555938601494,0.9267385005950928
216,31,0.4743785858154297,0.7683485150337219,0.16599705815315247,0.8482555747032166
216,32,0.46958786249160767,0.8962143659591675,-0.07472039014101028,0.974434494972229
217,0,0.49599137902259827,0.41144952178001404,-0.1046707034111023,0.9995110034942627
217,1,0.4959164559841156,0.4026760160923004,-0.0918123722076416,0.9989844560623169
217,2,0.49616456031799316,0.40323328971862793,-0.09184367954730988,0.9988821744918823
217,3,0.49635547399520874,0.4037490785121918,-0.0918557420372963,0.9989314675331116
217,4,0.492868572473526,0.40009647607803345,-0.10732033103704453,0.9991984963417053
217,5,0.4908882975578308,0.39914605021476746,-0.10731588304042816,0.9990732669830322
217,6,0.48863640427589417,0.398041307926178,-0.10734810680150986,0.9990218281745911
217,7,0.48910731077194214,0.4054844379425049,-0.022321725264191628,0.9983718991279602
217,8,0.4785241186618805,0.39829307794570923,-0.09168440103530884,0.9988979697227478
217,9,0.49361544847488403,0.4234004616737366,-0.07790397107601166,0.9996645450592041
217,10,0.4895344376564026,0.4205104410648346,-0.09810393303632736,0.9998491406440735
217,11,0.4898982048034668,0.47861430048942566,0.03397136181592941,0.9997015595436096
217,12,0.449324369430542,0.44701728224754333,-0.10383790731430054,0.9999139308929443
217,13,0.4975811839103699,0.5340740084648132,0.041465453803539276,0.7196085453033447
217,14,0.4326081871986389,0.5163295269012451,-0.13550399243831635,0.9916395545005798
217,15,0.5043503642082214,0.5672818422317505,-0.05392938852310181,0.8530696630477905
217,16,0.4709497094154358,0.5792814493179321,-0.15575551986694336,0.974509060382843
217,17,0.5076522827148438,0.5875437259674072,-0.07319467514753342,0.8377441763877869
217,18,0.4767285883426666,0.5987311601638794,-0.17680862545967102,0.9567936658859253
217,19,0.5061073899269104,0.5859525203704834,-0.08994287997484207,0.8423264622688293
217,20,0.4825440049171448,0.5907511115074158,-0.17952370643615723,0.9535731077194214
217,21,0.5039622187614441,0.5792253017425537,-0.06373688578605652,0.8222428560256958
217,22,0.48089972138404846,0.5848360061645508,-0.1559654325246811,0.9278863668441772
217,23,0.47303128242492676,0.6166588068008423,0.04606006294488907,0.9983065724372864
217,24,0.4413765072822571,0.6240370273590088,-0.04591379687190056,0.9989421367645264
217,25,0.5127089619636536,0.679838240146637,0.005418637301772833,0.9287339448928833
217,26,0.45396414399147034,0.7393871545791626,-0.04343032464385033,0.9848049283027649
217,27,0.46848064661026,0.7464454770088196,0.15126071870326996,0.813978374004364
217,28,0.45475849509239197,0.8522108197212219,0.049096010625362396,0.9839047193527222
217,29,0.45820754766464233,0.7478947043418884,0.1641092151403427,0.8225460052490234
217,30,0.45267897844314575,0.8614785671234131,0.05472506955265999,0.9257848858833313
217,31,0.4797573983669281,0.7930772304534912,0.13319003582000732,0.8532779812812805
217,32,0.4695659577846527,0.8961763381958008,-0.014274196699261665,0.9746754765510559
218,0,0.49596914649009705,0.40887099504470825,-0.1339404433965683,0.9995370507240295
218,1,0.49582505226135254,0.3995692729949951,-0.12080279737710953,0.9990146160125732
218,2,0.4960455298423767,0.4001331329345703,-0.12081978470087051,0.9989184737205505
218,3,0.4962170124053955,0.40067705512046814,-0.120822474360466,0.9989596605300903
218,4,0.49283653497695923,0.39697298407554626,-0.1364012509584427,0.9992150068283081
218,5,0.490828275680542,0.39598333835601807,-0.1364007294178009,0.999093234539032
218,6,0.48856908082962036,0.39481446146965027,-0.13644325733184814,0.9990320205688477
218,7,0.488980233669281,0.4024501442909241,-0.04677857831120491,0.9984267950057983
218,8,0.47838401794433594,0.39478856325149536,-0.11726097762584686,0.9989124536514282
218,9,0.4935546815395355,0.4211635887622833,-0.10465637594461441,0.9996793866157532
218,10,0.4893839955329895,0.4182676076889038,-0.12514181435108185,0.9998530745506287
218,11,0.4897751212120056,0.47709113359451294,0.016687531024217606,0.999718189239502
218,12,0.4486425518989563,0.44711732864379883,-0.12498577684164047,0.9999141693115234
218,13,0.49739164113998413,0.5391366481781006,0.03562671318650246,0.7243070602416992
218,14,0.4362920820713043,0.5266392230987549,-0.138239786028862,0.9915390610694885
218,15,0.5053290128707886,0.5875676274299622,-0.047847598791122437,0.8582168817520142
218,16,0.470914363861084,0.597750723361969,-0.16679996252059937,0.974097490310669
218,17,0.5099462866783142,0.6075640916824341,-0.06605052202939987,0.8421233296394348
218,18,0.4763111472129822,0.6218867897987366,-0.18882490694522858,0.9560947418212891
218,19,0.5089178681373596,0.6052457094192505,-0.0846962183713913,0.8468747138977051
218,20,0.4817271828651428,0.613696813583374,-0.19162040948867798,0.9528710842132568
218,21,0.5061514377593994,0.5991194844245911,-0.0581645742058754,0.8269007802009583
218,22,0.4805445671081543,0.605494499206543,-0.1673770248889923,0.926835298538208
218,23,0.4761708676815033,0.6176533699035645,0.044516850262880325,0.9983859062194824
218,24,0.4435422420501709,0.6268117427825928,-0.044387683272361755,0.9989622235298157
218,25,0.5058366060256958,0.6930145025253296,0.0031241909600794315,0.9334640502929688
218,26,0.4529592990875244,0.7420519590377808,-0.01568116620182991,0.9846649169921875
218,27,0.47265416383743286,0.7704565525054932,0.15553529560565948,0.824150800704956
218,28,0.45472612977027893,0.8517649173736572,0.12645839154720306,0.9840259552001953
218,29,0.46239176392555237,0.7750200629234314,0.16865220665931702,0.8300207853317261
218,30,0.45238375663757324,0.859529972076416,0.1364811509847641,0.9249056577682495
218,31,0.48858413100242615,0.8174896240234375,0.1294632852077484,0.8624894022941589
218,32,0.46955013275146484,0.8957489132881165,0.062319159507751465,0.9749771952629089
219,0,0.49581652879714966,0.40572217106819153,-0.1684723049402237,0.9995543360710144
219,1,0.49568668007850647,0.39603835344314575,-0.1577673852443695,0.9990202188491821
219,2,0.495917946100235,0.3966403901576996,-0.15778832137584686,0.9989293813705444
219,3,0.4961063265800476,0.39722955226898193,-0.15779228508472443,0.9989702105522156
219,4,0.4927002489566803,0.3936464190483093,-0.17453551292419434,0.9992144107818604
219,5,0.49072393774986267,0.392609566450119,-0.17454692721366882,0.9990924000740051
219,6,0.4884575307369232,0.39131465554237366,-0.17460301518440247,0.9990222454071045
219,7,0.48893046379089355,0.3996424674987793,-0.08937815576791763,0.9984109997749329
219,8,0.47829094529151917,0.3916166126728058,-0.16613146662712097,0.9988904595375061
219,9,0.4933902621269226,0.41844597458839417,-0.14060162007808685,0.999686598777771
219,10,0.4892396032810211,0.4158492982387543,-0.16283142566680908,0.9998524188995361
219,11,0.490037739276886,0.47569677233695984,-0.025337081402540207,0.9997342824935913
219,12,0.44851356744766235,0.4475705027580261,-0.1671375185251236,0.9999134540557861
219,13,0.4975124001502991,0.544570803642273,0.0017314169090241194,0.736113965511322
219,14,0.43984121084213257,0.5426446795463562,-0.18113404512405396,0.9911370277404785
219,15,0.5074291825294495,0.6009594798088074,-0.05218507722020149,0.8660683035850525
219,16,0.4708332121372223,0.6213521957397461,-0.20035310089588165,0.9731205105781555
219,17,0.5124860405921936,0.6224213242530823,-0.06860111653804779,0.8481259942054749
219,18,0.4754576086997986,0.6418671011924744,-0.2248680591583252,0.9544786214828491
219,19,0.5116748213768005,0.6194064021110535,-0.10010318458080292,0.8531572222709656
219,20,0.48026275634765625,0.6364201307296753,-0.23351915180683136,0.9511680006980896
219,21,0.5082678198814392,0.6122778058052063,-0.06742552667856216,0.8337218761444092
219,22,0.479481041431427,0.627916693687439,-0.20372352004051208,0.924808919429779
219,23,0.4789227843284607,0.6183393597602844,0.043604642152786255,0.9984076023101807
219,24,0.4469190537929535,0.6281343102455139,-0.043511807918548584,0.9989504814147949
219,25,0.4979496896266937,0.7052903175354004,0.08515754342079163,0.9338147044181824
219,26,0.4528084397315979,0.7429166436195374,0.02000574953854084,0.9840622544288635
219,27,0.4777463376522064,0.7960606217384338,0.2240947186946869,0.8329030871391296
219,28,0.4546084403991699,0.8512651920318604,0.15713705122470856,0.9836774468421936
219,29,0.46956032514572144,0.8104693293571472,0.23543134331703186,0.8357726335525513
219,30,0.45213642716407776,0.8595713973045349,0.1665349304676056,0.9226430058479309
219,31,0.5000841021537781,0.8347229957580566,0.18831631541252136,0.870898962020874
219,32,0.4696040749549866,0.8936344385147095,0.09372387826442719,0.9748406410217285
220,0,0.49570879340171814,0.4044901430606842,-0.1607743501663208,0.9995813965797424
220,1,0.49560508131980896,0.39443477988243103,-0.15152575075626373,0.9990577101707458
220,2,0.49583834409713745,0.39496544003486633,-0.15154245495796204,0.9989728927612305
220,3,0.4960302710533142,0.3954750597476959,-0.15154051780700684,0.9990120530128479
220,4,0.4926060140132904,0.39231759309768677,-0.168351411819458,0.9992399215698242
220,5,0.4906395375728607,0.3912915885448456,-0.16836044192314148,0.999123752117157
220,6,0.48835915327072144,0.39000290632247925,-0.16840845346450806,0.9990487694740295
220,7,0.4888905882835388,0.39795634150505066,-0.08889049291610718,0.9984240531921387
220,8,0.47818899154663086,0.39030373096466064,-0.16659435629844666,0.9989050626754761
220,9,0.49327635765075684,0.41730552911758423,-0.13482369482517242,0.9996982216835022
220,10,0.48912912607192993,0.41504839062690735,-0.15731194615364075,0.9998548626899719
220,11,0.49019795656204224,0.4751436114311218,-0.023704221472144127,0.9997530579566956
220,12,0.4483565390110016,0.4490705132484436,-0.17011091113090515,0.9999167323112488
220,13,0.497884601354599,0.5491272807121277,0.008276065811514854,0.747201144695282
220,14,0.4423813223838806,0.5492451786994934,-0.1811164915561676,0.9909992814064026
220,15,0.5090838670730591,0.6109009981155396,-0.04797838628292084,0.8744804263114929
220,16,0.46805328130722046,0.6341546773910522,-0.1982085108757019,0.9734925627708435
220,17,0.5146691203117371,0.6315914392471313,-0.06417234241962433,0.8550220131874084
220,18,0.4719311594963074,0.6572424173355103,-0.22191298007965088,0.9550405740737915
220,19,0.5143553614616394,0.6307188272476196,-0.08687857538461685,0.8602900505065918
220,20,0.4766749441623688,0.6537483930587769,-0.23024389147758484,0.9518224596977234
220,21,0.5108691453933716,0.6231691837310791,-0.05943715572357178,0.8415831327438354
220,22,0.47699594497680664,0.6448531746864319,-0.20125159621238708,0.9259366989135742
220,23,0.4807059168815613,0.6203477382659912,0.043749794363975525,0.9984807372093201
220,24,0.4485824704170227,0.6289892196655273,-0.04369702190160751,0.9989826679229736
220,25,0.494718074798584,0.7153589129447937,0.10285353660583496,0.9332970976829529
220,26,0.45280709862709045,0.7426795959472656,0.0059871976263821125,0.9841310381889343
220,27,0.4820234775543213,0.8137279152870178,0.22494184970855713,0.843254566192627
220,28,0.4545506536960602,0.8512507677078247,0.11977116763591766,0.9839072823524475
220,29,0.47492924332618713,0.828019380569458,0.23445017635822296,0.8430841565132141
220,30,0.45191922783851624,0.8612438440322876,0.12708966434001923,0.9213888049125671
220,31,0.5084418058395386,0.8486655950546265,0.18749824166297913,0.8797764778137207
220,32,0.4696565270423889,0.8940737247467041,0.055107004940509796,0.975439190864563
221,0,0.49560531973838806,0.40390700101852417,-0.15581846237182617,0.9996145963668823
221,1,0.4955255389213562,0.39380764961242676,-0.14724554121494293,0.9991225004196167
221,2,0.49577873945236206,0.3943095803260803,-0.1472618281841278,0.9990422129631042
221,3,0.4959909915924072,0.3947562873363495,-0.14725837111473083,0.9990792274475098
221,4,0.492509126663208,0.3916945457458496,-0.16433706879615784,0.9992932081222534
221,5,0.4905363619327545,0.39060792326927185,-0.1643459051847458,0.9991851449012756
221,6,0.488262802362442,0.38929587602615356,-0.16438938677310944,0.9991134405136108
221,7,0.488839715719223,0.3973541259765625,-0.08750220388174057,0.9985116124153137
221,8,0.4781196117401123,0.3896609842777252,-0.16653327643871307,0.9989777207374573
221,9,0.4931866526603699,0.41684800386428833,-0.130886971950531,0.999718427658081
221,10,0.48904943466186523,0.41479021310806274,-0.1537211835384369,0.9998634457588196
221,11,0.49026504158973694,0.4743868112564087,-0.021623771637678146,0.9997700452804565
221,12,0.4485008716583252,0.45174410939216614,-0.1740369349718094,0.9999217987060547
221,13,0.49787020683288574,0.5519616603851318,0.010934402234852314,0.7546659708023071
221,14,0.4458591938018799,0.5537299513816833,-0.18588361144065857,0.9911009073257446
221,15,0.5103163719177246,0.6165463328361511,-0.031092461198568344,0.8813405632972717
221,16,0.466407835483551,0.642055094242096,-0.20321497321128845,0.9744718670845032
221,17,0.5156363844871521,0.6391934156417847,-0.04510961472988129,0.860016405582428
221,18,0.46672382950782776,0.6668112277984619,-0.2277887761592865,0.9565989375114441
221,19,0.5154408812522888,0.6389200687408447,-0.06599286198616028,0.8655672669410706
221,20,0.47224169969558716,0.6640465259552002,-0.23743084073066711,0.9535244703292847
221,21,0.5121129751205444,0.6315059065818787,-0.041617751121520996,0.8474159836769104
221,22,0.4734000563621521,0.6547499299049377,-0.20705266296863556,0.9285591840744019
221,23,0.4818599224090576,0.6258466839790344,0.04379924014210701,0.9985871315002441
221,24,0.4504135251045227,0.632170557975769,-0.04374577850103378,0.9990423917770386
221,25,0.4936710000038147,0.7242028713226318,0.11476045846939087,0.9344483017921448
221,26,0.45274704694747925,0.7433311343193054,0.03148726746439934,0.9845629930496216
221,27,0.4872373938560486,0.8242996335029602,0.22458772361278534,0.8534030318260193
221,28,0.45442694425582886,0.8521215915679932,0.1568889021873474,0.9843019247055054
221,29,0.4805387854576111,0.8391382694244385,0.2330472767353058,0.8515444397926331
221,30,0.4519073963165283,0.8634272217750549,0.16584017872810364,0.921413779258728
221,31,0.515191912651062,0.8559039831161499,0.18698915839195251,0.8885047435760498
221,32,0.4696487784385681,0.8954396843910217,0.09845831245183945,0.9761943221092224
222,0,0.4956141412258148,0.4035409390926361,-0.16682155430316925,0.9996452927589417
222,1,0.4955368936061859,0.3929550051689148,-0.15842418372631073,0.9991860389709473
222,2,0.49583274126052856,0.39336737990379333,-0.15844473242759705,0.9991084933280945
222,3,0.4960802495479584,0.39372915029525757,-0.15844415128231049,0.9991442561149597
222,4,0.49244776368141174,0.39097967743873596,-0.17640607059001923,0.9993469715118408
222,5,0.49046164751052856,0.39000412821769714,-0.17642256617546082,0.9992464184761047
222,6,0.48819294571876526,0.3888707458972931,-0.17647089064121246,0.9991793036460876
222,7,0.4889277517795563,0.39646458625793457,-0.09749233722686768,0.9985862970352173
222,8,0.47805970907211304,0.3896905183792114,-0.1807592213153839,0.9990525841712952
222,9,0.4932016432285309,0.4162069857120514,-0.14147694408893585,0.9997363686561584
222,10,0.48908311128616333,0.41447320580482483,-0.16557595133781433,0.9998717904090881
222,11,0.4908553957939148,0.47231411933898926,-0.030555471777915955,0.9997871518135071
222,12,0.4491509795188904,0.45434918999671936,-0.18585781753063202,0.9999266862869263
222,13,0.4982374310493469,0.5521039962768555,0.009800955653190613,0.7652691602706909
222,14,0.4471559524536133,0.5604361891746521,-0.19982317090034485,0.9914343953132629
222,15,0.5113749504089355,0.6191263198852539,-0.04126036912202835,0.889140248298645
222,16,0.4654020667076111,0.6504606008529663,-0.21793222427368164,0.9757749438285828
222,17,0.5162795782089233,0.6413446068763733,-0.057204991579055786,0.8665210008621216
222,18,0.46406468749046326,0.6763180494308472,-0.2438773810863495,0.9585710763931274
222,19,0.5159929394721985,0.6420672535896301,-0.07742012292146683,0.8722700476646423
222,20,0.4705939292907715,0.6724795699119568,-0.254107803106308,0.9556771516799927
222,21,0.5129583477973938,0.6345506310462952,-0.05170143395662308,0.8546605706214905
222,22,0.4721437990665436,0.6635764837265015,-0.22199614346027374,0.9317424893379211
222,23,0.4836301803588867,0.6316134929656982,0.043633799999952316,0.9987126588821411
222,24,0.4524674415588379,0.6372308135032654,-0.0436035692691803,0.9991214871406555
222,25,0.4925217628479004,0.7345547080039978,0.12985137104988098,0.9358395338058472
222,26,0.45248517394065857,0.7457214593887329,0.05028919130563736,0.9851613640785217
222,27,0.49278345704078674,0.8326946496963501,0.2425006926059723,0.8636995553970337
222,28,0.45441755652427673,0.8521117568016052,0.19168953597545624,0.9848749041557312
222,29,0.4870885908603668,0.8490433692932129,0.2511855363845825,0.8610966801643372
222,30,0.45201683044433594,0.8636807203292847,0.20250669121742249,0.9224332571029663
222,31,0.521226167678833,0.8611624240875244,0.20301933586597443,0.8970461487770081
222,32,0.46960029006004333,0.8951016664505005,0.136254221200943,0.9770921468734741
223,0,0.4959530830383301,0.40323206782341003,-0.1828145682811737,0.9996680617332458
223,1,0.4958583414554596,0.39219436049461365,-0.17351536452770233,0.9992281794548035
223,2,0.4961893558502197,0.3925402760505676,-0.17353805899620056,0.9991502165794373
223,3,0.4964599609375,0.3928696811199188,-0.173538476228714,0.9991838932037354
223,4,0.49266061186790466,0.3903563320636749,-0.1915946900844574,0.9993840456008911
223,5,0.490629106760025,0.3894306719303131,-0.19161340594291687,0.9992889165878296
223,6,0.4883441925048828,0.388380229473114,-0.19165953993797302,0.999222993850708
223,7,0.4894704222679138,0.395673930644989,-0.10690273344516754,0.9985828995704651
223,8,0.4783089756965637,0.38951733708381653,-0.19068148732185364,0.9990997910499573
223,9,0.49347662925720215,0.4157252013683319,-0.15526510775089264,0.9997432827949524
223,10,0.489374577999115,0.4142612814903259,-0.17954017221927643,0.999873697757721
223,11,0.49222230911254883,0.4708811938762665,-0.033521752804517746,0.9998005032539368
223,12,0.4503815770149231,0.45601511001586914,-0.19291099905967712,0.9999297261238098
223,13,0.49862661957740784,0.5518223643302917,0.01036924496293068,0.7730157971382141
223,14,0.44762080907821655,0.5606426000595093,-0.20584027469158173,0.9916638135910034
223,15,0.5111185312271118,0.6190791130065918,-0.04022138938307762,0.8955044150352478
223,16,0.4642324447631836,0.650584876537323,-0.22639915347099304,0.9767903089523315
223,17,0.5156007409095764,0.6406030654907227,-0.055019717663526535,0.8712129592895508
223,18,0.46308284997940063,0.6773766875267029,-0.25268879532814026,0.960063636302948
223,19,0.5150156021118164,0.6405737400054932,-0.07578196376562119,0.8772594332695007
223,20,0.4695144593715668,0.6747453212738037,-0.26325276494026184,0.9573544859886169
223,21,0.5120605230331421,0.6326820850372314,-0.0506804957985878,0.859928548336029
223,22,0.47101345658302307,0.6654563546180725,-0.23055610060691833,0.9342030882835388
223,23,0.48408931493759155,0.6361529231071472,0.04393678158521652,0.9988263249397278
223,24,0.45378392934799194,0.6400988101959229,-0.043936580419540405,0.9991900324821472
223,25,0.4902631342411041,0.7393491864204407,0.1280304342508316,0.9359949231147766
223,26,0.4524698853492737,0.7476239800453186,0.04935171455144882,0.9853625893592834
223,27,0.4964172840118408,0.8376244306564331,0.23797357082366943,0.8730432987213135
223,28,0.4544397294521332,0.8519064784049988,0.20022602379322052,0.9851955771446228
223,29,0.49107179045677185,0.8542296290397644,0.24624614417552948,0.8698550462722778
223,30,0.45245009660720825,0.8635920286178589,0.21185943484306335,0.922501802444458
223,31,0.5249201059341431,0.865226686000824,0.1954033374786377,0.9047388434410095
223,32,0.46896281838417053,0.8932125568389893,0.14418670535087585,0.9777552485466003
224,0,0.4967804551124573,0.4027162194252014,-0.194598987698555,0.9996891021728516
224,1,0.49638739228248596,0.39147597551345825,-0.18430328369140625,0.999268114566803
224,2,0.4967558979988098,0.39173850417137146,-0.18432621657848358,0.9991921186447144
224,3,0.49706488847732544,0.3920150399208069,-0.18432892858982086,0.9992213845252991
224,4,0.49317535758018494,0.3899918496608734,-0.2006891965866089,0.9994169473648071
224,5,0.49120330810546875,0.3892316222190857,-0.20071256160736084,0.9993270039558411
224,6,0.48893070220947266,0.3883235454559326,-0.20075401663780212,0.9992603063583374
224,7,0.49019598960876465,0.3952070474624634,-0.11340199410915375,0.9985834956169128
224,8,0.4789065718650818,0.3897404968738556,-0.18951278924942017,0.9991391897201538
224,9,0.49448567628860474,0.41531118750572205,-0.16570301353931427,0.9997488856315613
224,10,0.49045437574386597,0.41412654519081116,-0.18767604231834412,0.9998742938041687
224,11,0.49498456716537476,0.4701553285121918,-0.03964531794190407,0.9998127222061157
224,12,0.4518892168998718,0.45627444982528687,-0.1857834756374359,0.9999296069145203
224,13,0.5001882314682007,0.5511680841445923,0.002094583585858345,0.7858068346977234
224,14,0.44806742668151855,0.559768557548523,-0.19493518769741058,0.9918131232261658
224,15,0.5109021663665771,0.6176864504814148,-0.04670943319797516,0.9031985402107239
224,16,0.46447643637657166,0.6495068073272705,-0.21726171672344208,0.9775637984275818
224,17,0.5151439309120178,0.6398637294769287,-0.062192052602767944,0.8787084817886353
224,18,0.46419015526771545,0.6751161217689514,-0.24257692694664001,0.9611918330192566
224,19,0.5149377584457397,0.6387500166893005,-0.08669675886631012,0.88466876745224
224,20,0.47022995352745056,0.6718637943267822,-0.2535128891468048,0.9586642980575562
224,21,0.5118440985679626,0.6305046081542969,-0.057708244770765305,0.8679655194282532
224,22,0.47147661447525024,0.6623420119285583,-0.22133898735046387,0.9363822937011719
224,23,0.48450207710266113,0.6368890404701233,0.04390977323055267,0.9989225268363953
224,24,0.4539700448513031,0.6405431032180786,-0.04391542077064514,0.9992461204528809
224,25,0.48975127935409546,0.7432853579521179,0.11485091596841812,0.9366536140441895
224,26,0.4522278308868408,0.749083936214447,0.03977295011281967,0.9856122136116028
224,27,0.49764156341552734,0.8419058322906494,0.22286467254161835,0.8818621635437012
224,28,0.4543032646179199,0.851428210735321,0.1811145395040512,0.9855491518974304
224,29,0.4929272532463074,0.8582245707511902,0.23323330283164978,0.8778954148292542
224,30,0.4524417519569397,0.8629612326622009,0.19161200523376465,0.9225196838378906
224,31,0.5260234475135803,0.8697222471237183,0.1819707453250885,0.911572277545929
224,32,0.46841150522232056,0.8926146626472473,0.1236158013343811,0.9783337116241455
225,0,0.4973764419555664,0.4023803770542145,-0.20546868443489075,0.9997114539146423
225,1,0.4969553053379059,0.39108866453170776,-0.19373026490211487,0.9993154406547546
225,2,0.49747219681739807,0.39136508107185364,-0.1937478482723236,0.9992415904998779
225,3,0.4979484975337982,0.39167535305023193,-0.19374483823776245,0.9992657899856567
225,4,0.49340248107910156,0.3897271454334259,-0.20808036625385284,0.9994547963142395
225,5,0.4912509024143219,0.38903284072875977,-0.2081032544374466,0.9993711709976196
225,6,0.48888248205184937,0.38821670413017273,-0.20813986659049988,0.9993059635162354
225,7,0.4920133650302887,0.3951844573020935,-0.1169644445180893,0.9986094832420349
225,8,0.47912687063217163,0.3899041414260864,-0.18440838158130646,0.9991913437843323
225,9,0.49574822187423706,0.4151287376880646,-0.17478588223457336,0.9997586607933044
225,10,0.4911160469055176,0.41404643654823303,-0.1940733641386032,0.9998781681060791
225,11,0.4982296824455261,0.46991419792175293,-0.04135424271225929,0.9998236298561096
225,12,0.4536744952201843,0.4560825228691101,-0.179176926612854,0.9999305605888367
225,13,0.5039124488830566,0.5507516860961914,-0.006495190318673849,0.7980796098709106
225,14,0.4478023052215576,0.5578830242156982,-0.18997186422348022,0.9920933842658997
225,15,0.5111774206161499,0.6176250576972961,-0.06906913965940475,0.9104504585266113
225,16,0.46470266580581665,0.6484776139259338,-0.21349938213825226,0.9784380197525024
225,17,0.514802873134613,0.6411455869674683,-0.08837884664535522,0.8860467672348022
225,18,0.4648746848106384,0.673777163028717,-0.23868846893310547,0.9623705744743347
225,19,0.5147607922554016,0.6397373080253601,-0.11033906042575836,0.8918443322181702
225,20,0.4709445834159851,0.6707407832145691,-0.2492992877960205,0.9599980115890503
225,21,0.5117028951644897,0.6312941908836365,-0.0797477588057518,0.8758668899536133
225,22,0.4718635678291321,0.6614694595336914,-0.21737928688526154,0.9387675523757935
225,23,0.4862267076969147,0.6371687650680542,0.04382992535829544,0.9990087747573853
225,24,0.45534926652908325,0.6400637030601501,-0.04384513944387436,0.9993004202842712
225,25,0.48930421471595764,0.7439846396446228,0.11301781982183456,0.935956597328186
225,26,0.45221757888793945,0.749725878238678,0.03105967678129673,0.9858810305595398
225,27,0.4976957440376282,0.8433412909507751,0.21893474459648132,0.889670729637146
225,28,0.45418864488601685,0.8513549566268921,0.16371232271194458,0.9859904646873474
225,29,0.49270376563072205,0.8596264123916626,0.2279549539089203,0.8856165409088135
225,30,0.4522511959075928,0.8629000186920166,0.17332519590854645,0.9233874678611755
225,31,0.5275445580482483,0.8703542351722717,0.1810058057308197,0.9176100492477417
225,32,0.4676772654056549,0.892474353313446,0.10508875548839569,0.9789652824401855
226,0,0.49805182218551636,0.4019780158996582,-0.20318996906280518,0.9997332096099854
226,1,0.4977439045906067,0.39048779010772705,-0.19123347103595734,0.9993626475334167
226,2,0.4984763562679291,0.3907840847969055,-0.19125059247016907,0.9992913603782654
226,3,0.499154269695282,0.39112037420272827,-0.1912471055984497,0.9993102550506592
226,4,0.4935198724269867,0.3891069293022156,-0.20399853587150574,0.9994924664497375
226,5,0.4912310242652893,0.3884376585483551,-0.20401573181152344,0.9994152784347534
226,6,0.488868772983551,0.3876264691352844,-0.20404469966888428,0.9993526935577393
226,7,0.49399083852767944,0.3949721157550812,-0.11423827707767487,0.9986555576324463
226,8,0.4793207049369812,0.38992932438850403,-0.175724595785141,0.9992461204528809
226,9,0.49713975191116333,0.4148211181163788,-0.1727190464735031,0.9997701644897461
226,10,0.49176234006881714,0.4137979745864868,-0.18986548483371735,0.9998834133148193
226,11,0.5011779069900513,0.469659686088562,-0.04030171409249306,0.9998319745063782
226,12,0.4546767771244049,0.4559636414051056,-0.17548613250255585,0.9999311566352844
226,13,0.5069226622581482,0.5504482388496399,-0.004786024801433086,0.8079187870025635
226,14,0.44867029786109924,0.5570548176765442,-0.18029335141181946,0.9923043251037598
226,15,0.5114561915397644,0.6202802062034607,-0.06701233983039856,0.9163060784339905
226,16,0.46492838859558105,0.6488639116287231,-0.20883281528949738,0.979052722454071
226,17,0.5145906209945679,0.6431189775466919,-0.08580199629068375,0.8915900588035583
226,18,0.4652450680732727,0.6730090379714966,-0.23425619304180145,0.9631223082542419
226,19,0.5145701169967651,0.641508162021637,-0.10655137151479721,0.8972426652908325
226,20,0.47107118368148804,0.6697821021080017,-0.24794872105121613,0.960891604423523
226,21,0.5113695859909058,0.6332263350486755,-0.07747587561607361,0.8817805647850037
226,22,0.4721461236476898,0.6613282561302185,-0.2145044058561325,0.9406439661979675
226,23,0.48764699697494507,0.6382389068603516,0.04194564372301102,0.9990890622138977
226,24,0.4560159742832184,0.6401143670082092,-0.0419807955622673,0.9993519186973572
226,25,0.48965907096862793,0.7449535727500916,0.10995189100503922,0.937140941619873
226,26,0.4523885250091553,0.7495437860488892,0.036621831357479095,0.9862242937088013
226,27,0.4978216290473938,0.8426949381828308,0.2164282351732254,0.8973602652549744
226,28,0.4541560113430023,0.8502258062362671,0.17050549387931824,0.9863470196723938
226,29,0.49310246109962463,0.8584198951721191,0.22739382088184357,0.8930423259735107
226,30,0.45224279165267944,0.8612620830535889,0.1804915815591812,0.9240197539329529
226,31,0.5270023941993713,0.8707512021064758,0.17327022552490234,0.9233683943748474
226,32,0.46700388193130493,0.8917077779769897,0.11454246938228607,0.9794990420341492
227,0,0.4996681213378906,0.40122485160827637,-0.2025451362133026,0.9997471570968628
227,1,0.49901920557022095,0.3897605538368225,-0.19060063362121582,0.9993897676467896
227,2,0.49972525238990784,0.3900166451931,-0.19061879813671112,0.9993178248405457
227,3,0.5003447532653809,0.3903072774410248,-0.19061440229415894,0.9993314146995544
227,4,0.49455419182777405,0.38862308859825134,-0.20351600646972656,0.9995149970054626
227,5,0.49206987023353577,0.3880934417247772,-0.2035342901945114,0.9994427561759949
227,6,0.48939061164855957,0.38740792870521545,-0.20356746017932892,0.9993807077407837
227,7,0.49507442116737366,0.3944734036922455,-0.1138865128159523,0.9986382722854614
227,8,0.4802652895450592,0.3900163471698761,-0.17446480691432953,0.999279797077179
227,9,0.49904578924179077,0.4142511487007141,-0.17223092913627625,0.9997740983963013
227,10,0.49364161491394043,0.4134194552898407,-0.18948854506015778,0.9998844861984253
227,11,0.5043537020683289,0.4691323935985565,-0.042354337871074677,0.9998388886451721
227,12,0.4559504985809326,0.45582571625709534,-0.17220649123191833,0.9999309182167053
227,13,0.5103496313095093,0.5502986907958984,-0.010009422898292542,0.8183576464653015
227,14,0.4493339955806732,0.5571758151054382,-0.17887946963310242,0.9925469756126404
227,15,0.5126901865005493,0.6189499497413635,-0.07639629393815994,0.9218969345092773
227,16,0.4657433032989502,0.6492180228233337,-0.20723982155323029,0.9797503352165222
227,17,0.5145683884620667,0.6418745517730713,-0.09700624644756317,0.8970655798912048
227,18,0.46591871976852417,0.6726271510124207,-0.2328786849975586,0.9640421271324158
227,19,0.5140736103057861,0.6399800181388855,-0.11721935123205185,0.9025689959526062
227,20,0.47226834297180176,0.6693604588508606,-0.2460053712129593,0.9619255661964417
227,21,0.5110831260681152,0.6320018172264099,-0.0865798145532608,0.8876835107803345
227,22,0.47334590554237366,0.6610925793647766,-0.21350303292274475,0.9425769448280334
227,23,0.4900582730770111,0.6388986110687256,0.04097457230091095,0.999153733253479
227,24,0.4578976035118103,0.6405878067016602,-0.04101736098527908,0.9993937015533447
227,25,0.4898592531681061,0.7449171543121338,0.11392344534397125,0.9373148083686829
227,26,0.452906996011734,0.7494147419929504,0.032622385770082474,0.9864347577095032
227,27,0.49814438819885254,0.8450154662132263,0.2230277806520462,0.9039046764373779
227,28,0.45425987243652344,0.8502683639526367,0.1633128970861435,0.9865566492080688
227,29,0.4936279356479645,0.8605420589447021,0.23159070312976837,0.8993305563926697
227,30,0.4522920548915863,0.8613619208335876,0.17291155457496643,0.9239305257797241
227,31,0.5266425609588623,0.8727710247039795,0.17947188019752502,0.9282217621803284
227,32,0.4670185446739197,0.8917298316955566,0.10548144578933716,0.9797267317771912
228,0,0.5015262365341187,0.40050747990608215,-0.1945604830980301,0.9997577667236328
228,1,0.5006130933761597,0.3889263868331909,-0.18317481875419617,0.9994072914123535
228,2,0.5012366771697998,0.38913342356681824,-0.1831933557987213,0.9993340373039246
228,3,0.5017545819282532,0.3893779218196869,-0.18318943679332733,0.9993427991867065
228,4,0.4962192177772522,0.38802269101142883,-0.19642020761966705,0.9995301961898804
228,5,0.4936894476413727,0.38764363527297974,-0.19643791019916534,0.9994624257087708
228,6,0.4909277558326721,0.3871155083179474,-0.19647040963172913,0.9994012117385864
228,7,0.4962102770805359,0.3938888609409332,-0.10886839777231216,0.9986119866371155
228,8,0.4818809926509857,0.3900834321975708,-0.1718597263097763,0.999305784702301
228,9,0.5009342432022095,0.4138451814651489,-0.16506731510162354,0.9997768998146057
228,10,0.4956699311733246,0.4131268858909607,-0.18278026580810547,0.9998843669891357
228,11,0.5063604116439819,0.4685719907283783,-0.037996795028448105,0.9998449087142944
228,12,0.45730406045913696,0.4557223320007324,-0.16783711314201355,0.9999319911003113
228,13,0.5129046440124512,0.5484508275985718,-0.006147257052361965,0.8253344893455505
228,14,0.4498286247253418,0.5568081736564636,-0.17126959562301636,0.9927061200141907
228,15,0.5130956768989563,0.6174241304397583,-0.06297432631254196,0.9253117442131042
228,16,0.4669480323791504,0.6489924788475037,-0.19865061342716217,0.9800457954406738
228,17,0.5144518613815308,0.6403247117996216,-0.08140121400356293,0.8993885517120361
228,18,0.46796292066574097,0.6722385287284851,-0.22332505881786346,0.9643155932426453
228,19,0.5137922167778015,0.6382246017456055,-0.10071618854999542,0.9048868417739868
228,20,0.47433146834373474,0.6689730286598206,-0.23538117110729218,0.9622678160667419
228,21,0.5108898878097534,0.6302551627159119,-0.07222530245780945,0.8901317119598389
228,22,0.4751753807067871,0.6607502698898315,-0.20365481078624725,0.9435145258903503
228,23,0.49053630232810974,0.6388236284255981,0.04071662947535515,0.9992096424102783
228,24,0.4585999846458435,0.6403141617774963,-0.04076061025261879,0.9994285106658936
228,25,0.49031275510787964,0.7449184656143188,0.11121823638677597,0.9360916018486023
228,26,0.45427829027175903,0.7493683099746704,0.029421264305710793,0.9863778352737427
228,27,0.49900659918785095,0.8439542055130005,0.22107748687267303,0.9092102646827698
228,28,0.45472708344459534,0.850786566734314,0.15757021307945251,0.9865393042564392
228,29,0.49359506368637085,0.860016405582428,0.23000852763652802,0.9043441414833069
228,30,0.45291876792907715,0.8625480532646179,0.16691191494464874,0.9232098460197449
228,31,0.5270892381668091,0.8715525269508362,0.1749921441078186,0.932300329208374
228,32,0.46729326248168945,0.8920465111732483,0.09904692322015762,0.9798176884651184
229,0,0.5028116703033447,0.3996078073978424,-0.20704427361488342,0.9997708797454834
229,1,0.5016151070594788,0.3879646360874176,-0.19512689113616943,0.9994325041770935
229,2,0.5022209286689758,0.3881378173828125,-0.195144921541214,0.9993590712547302
229,3,0.5027288198471069,0.38835135102272034,-0.19513846933841705,0.9993637204170227
229,4,0.4972311556339264,0.3872763216495514,-0.2073904573917389,0.9995511174201965
229,5,0.4946320056915283,0.3870083689689636,-0.2074064463376999,0.999488115310669
229,6,0.49168819189071655,0.38662609457969666,-0.20743224024772644,0.9994286894798279
229,7,0.4970707297325134,0.39313989877700806,-0.11825063079595566,0.9986182451248169
229,8,0.4826808571815491,0.3901316225528717,-0.17540843784809113,0.9993360638618469
229,9,0.5022642612457275,0.4127294421195984,-0.17674539983272552,0.9997833967208862
229,10,0.497063010931015,0.4122259020805359,-0.1930040568113327,0.9998868107795715
229,11,0.5089046955108643,0.46728187799453735,-0.0487813837826252,0.9998529553413391
229,12,0.4577227532863617,0.45567283034324646,-0.16766731441020966,0.9999307990074158
229,13,0.5170589685440063,0.5443111658096313,-0.017916768789291382,0.8359940052032471
229,14,0.4511409401893616,0.5575768351554871,-0.17243435978889465,0.9927978515625
229,15,0.5140931606292725,0.6163620352745056,-0.08470473438501358,0.9299126267433167
229,16,0.4685938358306885,0.6496249437332153,-0.19898363947868347,0.9802666902542114
229,17,0.5143888592720032,0.638984739780426,-0.10652031004428864,0.903842568397522
229,18,0.4693024754524231,0.6733486652374268,-0.22366909682750702,0.9644714593887329
229,19,0.5135897397994995,0.6368743181228638,-0.12464253604412079,0.909173309803009
229,20,0.4757941663265228,0.6695312261581421,-0.23538736999034882,0.9625110626220703
229,21,0.5108492970466614,0.6290187239646912,-0.09379536658525467,0.8948772549629211
229,22,0.47665223479270935,0.6611344218254089,-0.20371544361114502,0.9443547129631042
229,23,0.4924210011959076,0.638430655002594,0.03919980302453041,0.9992612600326538
229,24,0.4596422612667084,0.6401010751724243,-0.03925837203860283,0.9994587302207947
229,25,0.49096202850341797,0.7451103925704956,0.11394809186458588,0.9360142946243286
229,26,0.45585721731185913,0.7492625713348389,0.031272850930690765,0.9862104058265686
229,27,0.49921631813049316,0.8443586826324463,0.22338934242725372,0.9143564701080322
229,28,0.4547545313835144,0.8507826328277588,0.1598995327949524,0.9863457083702087
229,29,0.49417704343795776,0.8594163060188293,0.23154385387897491,0.9084497094154358
229,30,0.452908992767334,0.8625413775444031,0.169476717710495,0.9211010336875916
229,31,0.5265252590179443,0.8725859522819519,0.17883428931236267,0.936003565788269
229,32,0.4669189453125,0.8925803303718567,0.10271243005990982,0.9795726537704468
230,0,0.5040417313575745,0.39879801869392395,-0.20933780074119568,0.9997843503952026
230,1,0.5027822256088257,0.38720282912254333,-0.1974514126777649,0.9994602203369141
230,2,0.503389835357666,0.3873657286167145,-0.19746603071689606,0.9993883967399597
230,3,0.5039015412330627,0.3875817656517029,-0.19745591282844543,0.9993904829025269
230,4,0.4984922409057617,0.3866903483867645,-0.20946104824543,0.9995729923248291
230,5,0.4959239959716797,0.3865295350551605,-0.20948047935962677,0.9995148181915283
230,6,0.4929858148097992,0.3862708508968353,-0.20950627326965332,0.9994571208953857
230,7,0.498225599527359,0.3927600383758545,-0.12094642966985703,0.9986468553543091
230,8,0.48397383093833923,0.39016982913017273,-0.17665283381938934,0.9993658065795898
230,9,0.5036739110946655,0.41196390986442566,-0.1792580485343933,0.9997921586036682
230,10,0.4986168444156647,0.4116031229496002,-0.19523313641548157,0.9998897314071655
230,11,0.5113354325294495,0.46663081645965576,-0.051466815173625946,0.9998612403869629
230,12,0.4589056372642517,0.4556454122066498,-0.1677834838628769,0.9999303817749023
230,13,0.5208225250244141,0.543176531791687,-0.017667263746261597,0.8470892906188965
230,14,0.45231276750564575,0.5570093393325806,-0.17252805829048157,0.9928810596466064
230,15,0.5159040689468384,0.6156654357910156,-0.08114843815565109,0.9346454739570618
230,16,0.4695645868778229,0.6483789086341858,-0.1990813910961151,0.9805211424827576
230,17,0.5147956609725952,0.6385565400123596,-0.1020737737417221,0.9087045788764954
230,18,0.47090625762939453,0.6723417639732361,-0.22375278174877167,0.9646821618080139
230,19,0.5134544372558594,0.6359851956367493,-0.12019611895084381,0.9138345122337341
230,20,0.4774511456489563,0.6687917709350586,-0.23540297150611877,0.962800920009613
230,21,0.5111449956893921,0.6281399130821228,-0.09014545381069183,0.9000182151794434
230,22,0.47815752029418945,0.660430371761322,-0.20372366905212402,0.9451944231987
230,23,0.4941389560699463,0.6381077766418457,0.038982510566711426,0.9993056058883667
230,24,0.4612905979156494,0.6397682428359985,-0.03904695063829422,0.9994823932647705
230,25,0.4919916093349457,0.7447550296783447,0.11119121313095093,0.9331822991371155
230,26,0.4579278528690338,0.7483095526695251,0.02925785817205906,0.9855133891105652
230,27,0.49964651465415955,0.8438981771469116,0.2231946736574173,0.9176913499832153
230,28,0.4550110697746277,0.8507876992225647,0.15966524183750153,0.9857051372528076
230,29,0.4940865933895111,0.8590834736824036,0.22954019904136658,0.9110780358314514
230,30,0.4529567360877991,0.8625390529632568,0.1688729226589203,0.917528510093689
230,31,0.5272019505500793,0.8731353878974915,0.17463436722755432,0.9385924935340881
230,32,0.46692872047424316,0.892891526222229,0.10170336812734604,0.978860080242157
231,0,0.5054924488067627,0.39785036444664,-0.20652806758880615,0.9997967481613159
231,1,0.5040923953056335,0.38601166009902954,-0.19508770108222961,0.9994869232177734
231,2,0.5046724081039429,0.3861232399940491,-0.19509992003440857,0.999416708946228
231,3,0.505132794380188,0.3862701952457428,-0.19509033858776093,0.9994171261787415
231,4,0.49981775879859924,0.3856520652770996,-0.20732657611370087,0.9995953440666199
231,5,0.4972197413444519,0.3855400085449219,-0.20734934508800507,0.9995421767234802
231,6,0.49426475167274475,0.3853599429130554,-0.20737722516059875,0.9994873404502869
231,7,0.49941664934158325,0.39168134331703186,-0.12087960541248322,0.9986882209777832
231,8,0.4850533604621887,0.3899140954017639,-0.1772828996181488,0.9994007349014282
231,9,0.5050654411315918,0.4109928011894226,-0.1773218959569931,0.9998025298118591
231,10,0.5000437498092651,0.4109017550945282,-0.19362092018127441,0.9998942017555237
231,11,0.5136873722076416,0.46587392687797546,-0.05215267091989517,0.9998685121536255
231,12,0.46030083298683167,0.45557543635368347,-0.1695290505886078,0.9999312162399292
231,13,0.5242561101913452,0.5419254302978516,-0.014643914997577667,0.8563836216926575
231,14,0.45352572202682495,0.5566750168800354,-0.17285524308681488,0.9929890036582947
231,15,0.5179802179336548,0.6152059435844421,-0.07660460472106934,0.9382033348083496
231,16,0.47062474489212036,0.6474313139915466,-0.19959764182567596,0.980445146560669
231,17,0.5158027410507202,0.6381140351295471,-0.09589851647615433,0.9118443131446838
231,18,0.4722536504268646,0.6717218160629272,-0.22406943142414093,0.964294970035553
231,19,0.5136822462081909,0.6353946924209595,-0.11187491565942764,0.9168673753738403
231,20,0.4791405200958252,0.6680948734283447,-0.23598253726959229,0.9624434113502502
231,21,0.5118343830108643,0.6275532841682434,-0.08371984958648682,0.9032353162765503
231,22,0.4797542989253998,0.6596692800521851,-0.2043399065732956,0.9450677037239075
231,23,0.49552902579307556,0.6379860043525696,0.03882395103573799,0.9993488788604736
231,24,0.4626576900482178,0.6395056247711182,-0.03888722136616707,0.9995064735412598
231,25,0.49325188994407654,0.7450715899467468,0.11066780984401703,0.9311274886131287
231,26,0.45971956849098206,0.7480331659317017,0.030020033940672874,0.9850807189941406
231,27,0.4997517168521881,0.843731164932251,0.22059300541877747,0.9209558963775635
231,28,0.45523253083229065,0.850531280040741,0.15884703397750854,0.985146164894104
231,29,0.49375343322753906,0.8589306473731995,0.2260114848613739,0.9139212965965271
231,30,0.45300570130348206,0.8624419569969177,0.1682485193014145,0.9142962098121643
231,31,0.5275694727897644,0.8731579184532166,0.17166218161582947,0.9411747455596924
231,32,0.466942697763443,0.8928983211517334,0.1021149605512619,0.978270947933197
232,0,0.5065776109695435,0.397286981344223,-0.20683817565441132,0.9998102188110352
232,1,0.5050594210624695,0.38550445437431335,-0.19538196921348572,0.999517023563385
232,2,0.5055420994758606,0.38560041785240173,-0.19539371132850647,0.9994493722915649
232,3,0.5059081315994263,0.3857249915599823,-0.19538334012031555,0.9994487762451172
232,4,0.5010405778884888,0.38516944646835327,-0.20739226043224335,0.9996191263198853
232,5,0.49849972128868103,0.3850303292274475,-0.20741310715675354,0.999570369720459
232,6,0.4955354630947113,0.38482776284217834,-0.20743592083454132,0.9995178580284119
232,7,0.5002257227897644,0.3912036120891571,-0.1215694397687912,0.9987420439720154
232,8,0.4857640266418457,0.38965949416160583,-0.1773117482662201,0.9994334578514099
232,9,0.5060657262802124,0.4104071259498596,-0.17789366841316223,0.9998131990432739
232,10,0.5013555288314819,0.4104461967945099,-0.19388605654239655,0.9998987913131714
232,11,0.5142543315887451,0.46443063020706177,-0.055584222078323364,0.9998762607574463
232,12,0.4614037573337555,0.45569688081741333,-0.16909527778625488,0.999929666519165
232,13,0.5253794193267822,0.5408821702003479,-0.019063834100961685,0.8661195039749146
232,14,0.4561152458190918,0.5574538111686707,-0.17208342254161835,0.992878258228302
232,15,0.5209993124008179,0.6148673295974731,-0.07722645252943039,0.9424509406089783
232,16,0.47339409589767456,0.6492942571640015,-0.1972775161266327,0.9800488948822021
232,17,0.5186527967453003,0.6379932165145874,-0.0972805768251419,0.9165545701980591
232,18,0.473834753036499,0.6746241450309753,-0.22101430594921112,0.9635440707206726
232,19,0.5154672861099243,0.6350322961807251,-0.11415480077266693,0.9213929176330566
232,20,0.48068180680274963,0.6714569330215454,-0.23381280899047852,0.9617676734924316
232,21,0.5141364336013794,0.6271727085113525,-0.08515123277902603,0.9082686305046082
232,22,0.4815252721309662,0.6626759171485901,-0.20221514999866486,0.9447076916694641
232,23,0.49783581495285034,0.637906551361084,0.03739209845662117,0.9993845820426941
232,24,0.4647274613380432,0.6393870711326599,-0.03745730593800545,0.9995235204696655
232,25,0.49517759680747986,0.7453224062919617,0.11005254089832306,0.9297024011611938
232,26,0.4609623849391937,0.7479901909828186,0.031386472284793854,0.9844130277633667
232,27,0.4999257028102875,0.8432089686393738,0.21714265644550323,0.9236942529678345
232,28,0.455327570438385,0.8504008650779724,0.15766529738903046,0.9843206405639648
232,29,0.4937359392642975,0.8584132790565491,0.2226167917251587,0.916115939617157
232,30,0.4529992640018463,0.8621864914894104,0.1669807732105255,0.9098955392837524
232,31,0.527439296245575,0.8729637265205383,0.17034058272838593,0.9432246088981628
232,32,0.4669402241706848,0.8930424451828003,0.1020021066069603,0.9772880673408508
233,0,0.5073355436325073,0.39695295691490173,-0.2062586545944214,0.999823808670044
233,1,0.5059648752212524,0.3852972686290741,-0.1947563886642456,0.9995493292808533
233,2,0.5065515041351318,0.38537466526031494,-0.1947668343782425,0.999485194683075
233,3,0.5070286989212036,0.38546672463417053,-0.194753497838974,0.9994833469390869
233,4,0.5016835331916809,0.38498908281326294,-0.20645806193351746,0.9996438026428223
233,5,0.4990924298763275,0.3848728537559509,-0.20647552609443665,0.9995990991592407
233,6,0.4960536062717438,0.3846772015094757,-0.2064942568540573,0.9995489120483398
233,7,0.5015601515769958,0.39099353551864624,-0.12001699209213257,0.9988077282905579
233,8,0.4862648546695709,0.38965484499931335,-0.1763017773628235,0.9994685053825378
233,9,0.5072706341743469,0.4100121259689331,-0.17692238092422485,0.9998238682746887
233,10,0.5022637844085693,0.4102247953414917,-0.19257400929927826,0.9999033808708191
233,11,0.5154393911361694,0.46390631794929504,-0.0523756667971611,0.9998836517333984
233,12,0.4625377655029297,0.4558391571044922,-0.16793541610240936,0.9999289512634277
233,13,0.5254346132278442,0.5407593846321106,-0.015918880701065063,0.8737431168556213
233,14,0.4592823386192322,0.5582647323608398,-0.17047232389450073,0.9927571415901184
233,15,0.5233940482139587,0.6148747205734253,-0.07485102117061615,0.9462255835533142
233,16,0.4764617383480072,0.6496557593345642,-0.19598564505577087,0.9797341227531433
233,17,0.5218065977096558,0.6380378007888794,-0.09422235190868378,0.9208799600601196
233,18,0.47652822732925415,0.6753210425376892,-0.21916452050209045,0.9629358053207397
233,19,0.5187751054763794,0.6348462700843811,-0.11128281056880951,0.9255365133285522
233,20,0.483248770236969,0.6717287302017212,-0.23222477734088898,0.961245596408844
233,21,0.5175216794013977,0.6269906759262085,-0.08257539570331573,0.9128336906433105
233,22,0.48415666818618774,0.6627963781356812,-0.2009807527065277,0.9444845914840698
233,23,0.49939560890197754,0.6383019089698792,0.03726664558053017,0.9994233846664429
233,24,0.46662798523902893,0.6393975019454956,-0.03732887655496597,0.9995436072349548
233,25,0.496651828289032,0.7466949224472046,0.10966328531503677,0.9277135133743286
233,26,0.46173524856567383,0.748442530632019,0.032300785183906555,0.9836543798446655
233,27,0.49998944997787476,0.8442330360412598,0.20305928587913513,0.9261530041694641
233,28,0.455545574426651,0.8501192927360535,0.1594790369272232,0.9833486676216125
233,29,0.493375688791275,0.8606962561607361,0.20863714814186096,0.9184169769287109
233,30,0.45302146673202515,0.8611292243003845,0.1690082848072052,0.9050648212432861
233,31,0.5273348093032837,0.8730854392051697,0.157486692070961,0.9450650811195374
233,32,0.46639013290405273,0.8928797245025635,0.1058632880449295,0.9762322902679443
234,0,0.5081630945205688,0.3962685465812683,-0.2055312842130661,0.9998342990875244
234,1,0.5065492391586304,0.38486146926879883,-0.19410040974617004,0.9995734691619873
234,2,0.5070256590843201,0.3849131166934967,-0.19410915672779083,0.999512255191803
234,3,0.5073952674865723,0.38498806953430176,-0.19409272074699402,0.9995093941688538
234,4,0.5026193261146545,0.38469594717025757,-0.20571669936180115,0.999661386013031
234,5,0.5000926852226257,0.3846336901187897,-0.20573225617408752,0.9996203780174255
234,6,0.4971211850643158,0.3845195770263672,-0.2057551145553589,0.9995714426040649
234,7,0.5019494295120239,0.39074254035949707,-0.11951373517513275,0.9988486766815186
234,8,0.4871898293495178,0.3896629810333252,-0.17561742663383484,0.9994932413101196
234,9,0.5078328847885132,0.4091392159461975,-0.17623504996299744,0.9998319149017334
234,10,0.5032568573951721,0.4096201956272125,-0.19177016615867615,0.999906599521637
234,11,0.5167521238327026,0.4637560248374939,-0.052166230976581573,0.9998906254768372
234,12,0.46398934721946716,0.45582038164138794,-0.16787388920783997,0.9999289512634277
234,13,0.5266083478927612,0.5408492088317871,-0.01840260997414589,0.8813618421554565
234,14,0.4603607654571533,0.558026909828186,-0.17246273159980774,0.992921769618988
234,15,0.5268937945365906,0.615976870059967,-0.08085129410028458,0.9501076936721802
234,16,0.47899752855300903,0.6490846872329712,-0.1991775631904602,0.9802268147468567
234,17,0.5260991454124451,0.6389152407646179,-0.10176470130681992,0.9257136583328247
234,18,0.48017945885658264,0.6745373010635376,-0.2226429283618927,0.9636198878288269
234,19,0.5227247476577759,0.6356135606765747,-0.12041531503200531,0.9301536083221436
234,20,0.48635703325271606,0.6709194183349609,-0.2355414628982544,0.9619883894920349
234,21,0.5210355520248413,0.6276776790618896,-0.08981523662805557,0.9180177450180054
234,22,0.4870120882987976,0.6621347069740295,-0.2040112316608429,0.9457367062568665
234,23,0.501213788986206,0.6382330656051636,0.03713645413517952,0.999458909034729
234,24,0.46925097703933716,0.6394482254981995,-0.037191446870565414,0.9995640516281128
234,25,0.49801164865493774,0.7464236617088318,0.10895216464996338,0.9257357716560364
234,26,0.46249842643737793,0.7483221888542175,0.032959822565317154,0.9831483960151672
234,27,0.5000178217887878,0.8436270952224731,0.20488247275352478,0.9284342527389526
234,28,0.45562291145324707,0.849888801574707,0.16233180463314056,0.9826182723045349
234,29,0.49316278100013733,0.8601357936859131,0.21124562621116638,0.9201675057411194
234,30,0.4529937207698822,0.8602379560470581,0.1720847189426422,0.9006829857826233
234,31,0.5271416902542114,0.8723985552787781,0.16027317941188812,0.9468642473220825
234,32,0.4661276340484619,0.8923773169517517,0.10748136043548584,0.9753355383872986
