frame,landmark_id,x,y,z,visibility
1,0,0.4809539020061493,0.3919658958911896,-0.561706006526947,0.9999375343322754
1,1,0.4773238003253937,0.38253623247146606,-0.522612988948822,0.9998233914375305
1,2,0.48000508546829224,0.38225847482681274,-0.5226801037788391,0.9997768998146057
1,3,0.48289236426353455,0.38197439908981323,-0.5226935744285583,0.9997691512107849
1,4,0.4649358093738556,0.38345813751220703,-0.5552694797515869,0.9998698234558105
1,5,0.45729413628578186,0.38389354944229126,-0.5553653240203857,0.9998661279678345
1,6,0.4491637647151947,0.3844473361968994,-0.555499792098999,0.9998680353164673
1,7,0.4751703143119812,0.3860851526260376,-0.27953216433525085,0.9991781115531921
1,8,0.42756736278533936,0.3900226354598999,-0.42905277013778687,0.999861478805542
1,9,0.48506948351860046,0.40284210443496704,-0.4669364392757416,0.9999135732650757
1,10,0.4689437747001648,0.40536004304885864,-0.5100186467170715,0.9999479055404663
1,11,0.5193288326263428,0.4496464729309082,-0.025066161528229713,0.9998053908348083
1,12,0.3777012825012207,0.4532567858695984,-0.4044516384601593,0.999958872795105
1,13,0.5404012203216553,0.5297713279724121,0.10755908489227295,0.7643836736679077
1,14,0.3611871004104614,0.539709210395813,-0.4131472706794739,0.996021568775177
1,15,0.5512080192565918,0.599527895450592,-0.07115761935710907,0.8617352247238159
1,16,0.3934952914714813,0.6110610961914062,-0.5238801836967468,0.986620306968689
1,17,0.5643253326416016,0.6218705177307129,-0.11346752196550369,0.793647050857544
1,18,0.393573135137558,0.6335989236831665,-0.5940327048301697,0.9705851078033447
1,19,0.5621541142463684,0.6229867339134216,-0.18203887343406677,0.8118948340415955
1,20,0.4071812629699707,0.6320390701293945,-0.6304007172584534,0.9704477787017822
1,21,0.5534560680389404,0.6170547604560852,-0.1046842560172081,0.8010441660881042
1,22,0.409767746925354,0.6253636479377747,-0.5381450653076172,0.9578847885131836
1,23,0.5009974837303162,0.603571355342865,0.12721391022205353,0.9991486072540283
1,24,0.4190935492515564,0.6064530611038208,-0.12731781601905823,0.9993211030960083
1,25,0.4957825839519501,0.7139172554016113,0.20329831540584564,0.8841785788536072
1,26,0.4126061201095581,0.7180594801902771,-0.059829093515872955,0.9814589023590088
1,27,0.48012030124664307,0.8073731660842896,0.5357091426849365,0.9357741475105286
1,28,0.421724408864975,0.8167282342910767,0.25392377376556396,0.9818935394287109
1,29,0.4660932719707489,0.8164447546005249,0.5566118955612183,0.9029132723808289
1,30,0.41561707854270935,0.8263891339302063,0.2726108431816101,0.8439937233924866
1,31,0.5178362131118774,0.8392552137374878,0.37606722116470337,0.9568513035774231
1,32,0.455758273601532,0.8564587831497192,0.03830067813396454,0.9777488708496094
2,0,0.4819577634334564,0.39258357882499695,-0.5762053728103638,0.9999203085899353
2,1,0.4793356657028198,0.3828219771385193,-0.539080023765564,0.9997813105583191
2,2,0.4822801351547241,0.38254642486572266,-0.5391368269920349,0.9997286796569824
2,3,0.48515281081199646,0.3822717070579529,-0.5391749739646912,0.9997177124023438
2,4,0.4660954773426056,0.3837537169456482,-0.5742760300636292,0.9998327493667603
2,5,0.4583039879798889,0.3842191994190216,-0.5743840336799622,0.9998315572738647
2,6,0.4499230980873108,0.38479554653167725,-0.5745059847831726,0.9998323917388916
2,7,0.47658678889274597,0.3865078389644623,-0.2949382960796356,0.9990026354789734
2,8,0.42866063117980957,0.3902975916862488,-0.4558737576007843,0.9998176097869873
2,9,0.4860745370388031,0.4034922122955322,-0.4794262647628784,0.9998787641525269
2,10,0.4698612093925476,0.40581709146499634,-0.5256296992301941,0.99992436170578
2,11,0.5197312831878662,0.4493994116783142,-0.036059923470020294,0.999778151512146
2,12,0.3789067268371582,0.4524734914302826,-0.41726887226104736,0.9999483227729797
2,13,0.5409603118896484,0.5283587574958801,0.09684323519468307,0.7517447471618652
2,14,0.36849310994148254,0.5387040972709656,-0.41993221640586853,0.9957271218299866
2,15,0.5519253015518188,0.5960068702697754,-0.07132571935653687,0.8538482785224915
2,16,0.3979514539241791,0.610610842704773,-0.5248005986213684,0.9858492612838745
2,17,0.5644471645355225,0.6189380288124084,-0.11324809491634369,0.7836981415748596
2,18,0.3966093361377716,0.633101761341095,-0.5940958857536316,0.9691975116729736
2,19,0.561924397945404,0.6198617219924927,-0.18162541091442108,0.8023619055747986
2,20,0.41058558225631714,0.6319493055343628,-0.6304919123649597,0.9690757393836975
2,21,0.5534538626670837,0.6140918135643005,-0.10476792603731155,0.7907225489616394
2,22,0.4128938913345337,0.6251830458641052,-0.5390927791595459,0.9560045599937439
2,23,0.501493513584137,0.6029216051101685,0.12368207424879074,0.9990429282188416
2,24,0.4201035797595978,0.6061012148857117,-0.12375480681657791,0.9992162585258484
2,25,0.49670934677124023,0.713013231754303,0.18538352847099304,0.8820124268531799
2,26,0.4182480275630951,0.7168099880218506,-0.060240454971790314,0.9788702726364136
2,27,0.4808092415332794,0.8068588972091675,0.4786215126514435,0.9329990148544312
2,28,0.42351222038269043,0.8162822723388672,0.24135012924671173,0.979510486125946
2,29,0.4658457338809967,0.8161889910697937,0.4954777657985687,0.8965228199958801
2,30,0.4165804088115692,0.8263465762138367,0.25829994678497314,0.8323272466659546
2,31,0.5177876353263855,0.83941251039505,0.3107914924621582,0.9540302753448486
2,32,0.45907843112945557,0.8561018705368042,0.02451450563967228,0.9751717448234558
3,0,0.4848863482475281,0.39348313212394714,-0.577641487121582,0.9999065399169922
3,1,0.48236843943595886,0.3835676312446594,-0.540657103061676,0.9997456073760986
3,2,0.4853406548500061,0.38335737586021423,-0.5407172441482544,0.9996888041496277
3,3,0.48805826902389526,0.3831668794155121,-0.5407577753067017,0.9996731877326965
3,4,0.468930184841156,0.3843768835067749,-0.5761793851852417,0.9998005628585815
3,5,0.4612243175506592,0.38482579588890076,-0.5762825608253479,0.9998018741607666
3,6,0.4527803957462311,0.3854285776615143,-0.5763958096504211,0.9998008012771606
3,7,0.47838419675827026,0.38759273290634155,-0.29465800523757935,0.9988604187965393
3,8,0.4312475025653839,0.39106616377830505,-0.4566388726234436,0.999781608581543
3,9,0.4889638125896454,0.4045911431312561,-0.4798522889614105,0.9998518824577332
3,10,0.4725165367126465,0.40626269578933716,-0.5264182686805725,0.999906599521637
3,11,0.5214831233024597,0.44908419251441956,-0.03548402339220047,0.9997677803039551
3,12,0.380273699760437,0.45232057571411133,-0.4159906208515167,0.9999394416809082
3,13,0.5419734120368958,0.5266346335411072,0.09672193229198456,0.7473225593566895
3,14,0.3720317780971527,0.5385568737983704,-0.4197843670845032,0.9956668615341187
3,15,0.552071213722229,0.5938798189163208,-0.07655765116214752,0.8541511297225952
3,16,0.4009440541267395,0.6103318929672241,-0.526188313961029,0.9857685565948486
3,17,0.5645352602005005,0.6162933111190796,-0.12045085430145264,0.7839025259017944
3,18,0.39805319905281067,0.6330550909042358,-0.5962021350860596,0.9690604209899902
3,19,0.5618294477462769,0.6169582605361938,-0.19026413559913635,0.802483856678009
3,20,0.41478779911994934,0.6317622661590576,-0.6329489946365356,0.9689686298370361
3,21,0.5534535646438599,0.611461877822876,-0.11066777259111404,0.7899420857429504
3,22,0.41717657446861267,0.6248106360435486,-0.5407519936561584,0.9558458924293518
3,23,0.5038046836853027,0.6031385660171509,0.12084745615720749,0.9989575743675232
3,24,0.42388758063316345,0.6061347723007202,-0.12087076157331467,0.9991263151168823
3,25,0.49840426445007324,0.7129173278808594,0.17796842753887177,0.8824051022529602
3,26,0.4231177866458893,0.7168263792991638,-0.06231195107102394,0.9764859080314636
3,27,0.48128753900527954,0.8066566586494446,0.4790046811103821,0.9306323528289795
3,28,0.42403319478034973,0.8161834478378296,0.23785454034805298,0.9770720601081848
3,29,0.46476584672927856,0.81585294008255,0.49704864621162415,0.8904902935028076
3,30,0.41668733954429626,0.8263223767280579,0.2549843192100525,0.8196280002593994
3,31,0.5164169073104858,0.8401316404342651,0.3124507665634155,0.9513251185417175
3,32,0.4591376781463623,0.8560894727706909,0.01963837817311287,0.9723040461540222
4,0,0.4869312644004822,0.39489343762397766,-0.5590826272964478,0.999885618686676
4,1,0.48488447070121765,0.38481786847114563,-0.5243139863014221,0.999690055847168
4,2,0.4878760874271393,0.38462695479393005,-0.524385392665863,0.9996317625045776
4,3,0.49056893587112427,0.38449469208717346,-0.5244317650794983,0.9996110796928406
4,4,0.4716925323009491,0.38547369837760925,-0.5617800951004028,0.9997444152832031
4,5,0.464107483625412,0.38586363196372986,-0.5618695616722107,0.9997506737709045
4,6,0.4558659791946411,0.3864235281944275,-0.5619616508483887,0.9997442364692688
4,7,0.48034968972206116,0.38878124952316284,-0.28324219584465027,0.9986763000488281
4,8,0.4335329830646515,0.39171916246414185,-0.45503997802734375,0.999717116355896
4,9,0.490620881319046,0.40605777502059937,-0.46233847737312317,0.9998202323913574
4,10,0.47434696555137634,0.40711554884910583,-0.5115199685096741,0.9998825192451477
4,11,0.5217655301094055,0.4484451413154602,-0.034494318068027496,0.9997661709785461
4,12,0.38062942028045654,0.4521730840206146,-0.39500194787979126,0.9999282360076904
4,13,0.5415608286857605,0.5249688029289246,0.09755584597587585,0.7489945888519287
4,14,0.37230411171913147,0.5385625958442688,-0.38954079151153564,0.9956361055374146
4,15,0.5516723394393921,0.5924862027168274,-0.07708027213811874,0.8584744930267334
4,16,0.4029935598373413,0.6096917986869812,-0.5051302313804626,0.9858455061912537
4,17,0.5635930299758911,0.6145181655883789,-0.12189499288797379,0.7894805073738098
4,18,0.39990225434303284,0.6324180960655212,-0.5748475193977356,0.9693101048469543
4,19,0.5596518516540527,0.6150504350662231,-0.19222095608711243,0.8076162338256836
4,20,0.41612496972084045,0.6311711072921753,-0.610487163066864,0.9692376852035522
4,21,0.5517359375953674,0.6096308827400208,-0.11121787875890732,0.7943412661552429
4,22,0.41904187202453613,0.6242700219154358,-0.519324004650116,0.9562007188796997
4,23,0.5060002207756042,0.602919340133667,0.11475128680467606,0.9988675713539124
4,24,0.42639151215553284,0.6061321496963501,-0.11472310870885849,0.999008297920227
4,25,0.5000004172325134,0.7127472162246704,0.1475130319595337,0.883248507976532
4,26,0.4256744384765625,0.7168387770652771,-0.07559464126825333,0.9737046360969543
4,27,0.48245537281036377,0.8066557049751282,0.442111998796463,0.9279518723487854
4,28,0.42524561285972595,0.8161706924438477,0.21250510215759277,0.9741891622543335
4,29,0.46480509638786316,0.8155336380004883,0.4595582187175751,0.8825355172157288
4,30,0.41783586144447327,0.8260614275932312,0.22827911376953125,0.8050273656845093
4,31,0.5155330300331116,0.8404625654220581,0.273027628660202,0.9482439160346985
4,32,0.46021053194999695,0.8552600741386414,-0.00899472925812006,0.9688786268234253
5,0,0.4883847236633301,0.3964155912399292,-0.5794793963432312,0.9998843669891357
5,1,0.4870319366455078,0.3863846957683563,-0.543158233165741,0.9996849894523621
5,2,0.4901953339576721,0.3863043487071991,-0.5432169437408447,0.9996288418769836
5,3,0.4929367005825043,0.38632386922836304,-0.5432413220405579,0.999605119228363
5,4,0.4731219410896301,0.3866801857948303,-0.5774178504943848,0.9997347593307495
5,5,0.4654982388019562,0.38707512617111206,-0.5775055289268494,0.9997429251670837
5,6,0.45717301964759827,0.3876383900642395,-0.5775865912437439,0.9997336268424988
5,7,0.4834642708301544,0.39072269201278687,-0.29214954376220703,0.9986616969108582
5,8,0.4351401925086975,0.39301425218582153,-0.45401766896247864,0.9997045993804932
5,9,0.4922492504119873,0.4073842167854309,-0.4788897633552551,0.9998167753219604
5,10,0.47538816928863525,0.4081195890903473,-0.5247328281402588,0.9998797178268433
5,11,0.5268544554710388,0.44820570945739746,-0.045691147446632385,0.9997779130935669
5,12,0.3806179165840149,0.45219486951828003,-0.3788279592990875,0.9999225735664368
5,13,0.5442540645599365,0.5244166851043701,0.0888846293091774,0.7615907788276672
5,14,0.37193161249160767,0.5387080311775208,-0.3633164167404175,0.9957132339477539
5,15,0.5530276298522949,0.5902940034866333,-0.10830743610858917,0.8679736852645874
5,16,0.40398547053337097,0.6090425848960876,-0.4960101246833801,0.9861531257629395
5,17,0.5638672113418579,0.6109234094619751,-0.16071532666683197,0.8024601936340332
5,18,0.40248337388038635,0.63194739818573,-0.5662030577659607,0.969963788986206
5,19,0.5591331124305725,0.610475480556488,-0.23085419833660126,0.8195332884788513
5,20,0.4196774363517761,0.6294279098510742,-0.6054993271827698,0.9699256420135498
5,21,0.5511566400527954,0.6048583388328552,-0.14178670942783356,0.8060983419418335
5,22,0.4220542907714844,0.6222332715988159,-0.5115787982940674,0.9571876525878906
5,23,0.5110200047492981,0.6023481488227844,0.10897281765937805,0.9988442063331604
5,24,0.43045774102211,0.6060490012168884,-0.1089269295334816,0.9989462494850159
5,25,0.5041933059692383,0.7124216556549072,0.12108717858791351,0.8867940306663513
5,26,0.43117544054985046,0.7162849307060242,-0.09025268256664276,0.972159743309021
5,27,0.4831279218196869,0.8065894842147827,0.4223693311214447,0.9281136393547058
5,28,0.42692214250564575,0.815925121307373,0.19874568283557892,0.9725929498672485
5,29,0.46462979912757874,0.8155008554458618,0.44019725918769836,0.8799001574516296
5,30,0.41836559772491455,0.8259334564208984,0.21423624455928802,0.794641375541687
5,31,0.5155389308929443,0.8411464691162109,0.2518341839313507,0.9474361538887024
5,32,0.46294620633125305,0.8552497625350952,-0.02811683528125286,0.9666154384613037
6,0,0.49039116501808167,0.3983266055583954,-0.6204783320426941,0.9998916387557983
6,1,0.4895457327365875,0.3879864811897278,-0.5861517786979675,0.9997039437294006
6,2,0.49279534816741943,0.38792282342910767,-0.5861573815345764,0.9996523857116699
6,3,0.4955346882343292,0.38793909549713135,-0.5861256718635559,0.9996292591094971
6,4,0.47547146677970886,0.38817280530929565,-0.6180449724197388,0.9997498393058777
6,5,0.46781861782073975,0.3884811997413635,-0.6181491613388062,0.9997578859329224
6,6,0.45961329340934753,0.38896748423576355,-0.6182146072387695,0.9997480511665344
6,7,0.4871818423271179,0.39211922883987427,-0.3390423357486725,0.9987446665763855
6,8,0.4377320110797882,0.3943450152873993,-0.49036940932273865,0.9997199177742004
6,9,0.4944794178009033,0.40911388397216797,-0.521507740020752,0.9998269081115723
6,10,0.4777010679244995,0.40988558530807495,-0.5647883415222168,0.9998864531517029
6,11,0.5316371321678162,0.44760259985923767,-0.09893438220024109,0.9997942447662354
6,12,0.380654901266098,0.45290231704711914,-0.37997084856033325,0.9999231696128845
6,13,0.5535531640052795,0.522757887840271,0.04408051446080208,0.779168426990509
6,14,0.37186354398727417,0.5390263199806213,-0.36313408613204956,0.9958872199058533
6,15,0.5568309426307678,0.5869630575180054,-0.15508021414279938,0.8788527846336365
6,16,0.4061659872531891,0.6085442900657654,-0.4856317639350891,0.9865676760673523
6,17,0.5640950798988342,0.6069400906562805,-0.2079322785139084,0.8177257180213928
6,18,0.407699316740036,0.6312384009361267,-0.5512587428092957,0.9707327485084534
6,19,0.5565934181213379,0.6060200929641724,-0.27706795930862427,0.83351731300354
6,20,0.42471322417259216,0.6276302933692932,-0.5910400748252869,0.9707266688346863
6,21,0.5496633648872375,0.6005455255508423,-0.18687263131141663,0.8203402161598206
6,22,0.4264238178730011,0.6204312443733215,-0.5006325244903564,0.9583239555358887
6,23,0.5175749659538269,0.6009271740913391,0.1040053591132164,0.998857855796814
6,24,0.43465936183929443,0.6053506135940552,-0.10400410741567612,0.998957633972168
6,25,0.5107116103172302,0.7087432742118835,0.14026249945163727,0.8916259407997131
6,26,0.4361730217933655,0.714067816734314,-0.09126695245504379,0.9724368453025818
6,27,0.48425114154815674,0.8047081828117371,0.4286029040813446,0.9307308793067932
6,28,0.4281018078327179,0.814481258392334,0.16639307141304016,0.9728233814239502
6,29,0.4644286632537842,0.8137320280075073,0.444551944732666,0.882183849811554
6,30,0.4195181131362915,0.8238644599914551,0.17803047597408295,0.7925018072128296
6,31,0.5156676173210144,0.8400235176086426,0.2583029866218567,0.9487190842628479
6,32,0.4629596769809723,0.8531966209411621,-0.06418664753437042,0.9662655591964722
7,0,0.4916572868824005,0.4007130265235901,-0.6104038953781128,0.9998976588249207
7,1,0.49112382531166077,0.39005428552627563,-0.5737860202789307,0.9997204542160034
7,2,0.4943614602088928,0.39001303911209106,-0.573817789554596,0.9996731877326965
7,3,0.4970836639404297,0.3899877667427063,-0.5737969875335693,0.9996500015258789
7,4,0.47720134258270264,0.3903449773788452,-0.6060115098953247,0.9997628927230835
7,5,0.46971485018730164,0.39051541686058044,-0.6061058044433594,0.99977046251297
7,6,0.4616190493106842,0.39089587330818176,-0.6061829924583435,0.999759316444397
7,7,0.4892984628677368,0.3939158022403717,-0.3248361647129059,0.9988159537315369
7,8,0.43945765495300293,0.3960783779621124,-0.47903814911842346,0.999733030796051
7,9,0.49535810947418213,0.4115559160709381,-0.5100740790367126,0.9998346567153931
7,10,0.47918301820755005,0.41235512495040894,-0.5536235570907593,0.9998919367790222
7,11,0.5339296460151672,0.44733768701553345,-0.07963743805885315,0.9998098611831665
7,12,0.3818729519844055,0.45376354455947876,-0.36845138669013977,0.9999247789382935
7,13,0.5608773827552795,0.5210736393928528,0.05908634513616562,0.7946689128875732
7,14,0.3687919080257416,0.5386217832565308,-0.3482486307621002,0.9960068464279175
7,15,0.5610008835792542,0.5849925875663757,-0.1569991260766983,0.888772189617157
7,16,0.40673062205314636,0.6045069098472595,-0.4882039427757263,0.9867128729820251
7,17,0.5642052888870239,0.6044260263442993,-0.2153831422328949,0.8318185806274414
7,18,0.4103642404079437,0.6269620656967163,-0.556443452835083,0.9710086584091187
7,19,0.5544685125350952,0.6024112701416016,-0.2853374183177948,0.8464254140853882
7,20,0.4271183907985687,0.6228480339050293,-0.5957593321800232,0.9710387587547302
7,21,0.5488622188568115,0.5969232320785522,-0.1896102875471115,0.833362877368927
7,22,0.42846667766571045,0.6149742007255554,-0.5031541585922241,0.9586661458015442
7,23,0.5216535329818726,0.6005102396011353,0.10412734001874924,0.9988754391670227
7,24,0.43880271911621094,0.6050463318824768,-0.10419391840696335,0.9989941120147705
7,25,0.5139745473861694,0.7080704569816589,0.1934633105993271,0.8954665660858154
7,26,0.44487249851226807,0.7121106386184692,-0.11723282188177109,0.9734978675842285
7,27,0.4863547384738922,0.8029781579971313,0.46090608835220337,0.9334105253219604
7,28,0.4298107624053955,0.8144855499267578,0.08924752473831177,0.9738286137580872
7,29,0.46538466215133667,0.8129464983940125,0.47295844554901123,0.8864514231681824
7,30,0.4218160808086395,0.824032187461853,0.0954345166683197,0.7973735928535461
7,31,0.5170052647590637,0.839023768901825,0.29265129566192627,0.950240433216095
7,32,0.46419498324394226,0.8531721830368042,-0.150894433259964,0.9669968485832214
8,0,0.49442780017852783,0.40440696477890015,-0.6553478240966797,0.9999053478240967
8,1,0.4941358268260956,0.39357733726501465,-0.618232011795044,0.9997411370277405
8,2,0.49750638008117676,0.3934463858604431,-0.6182834506034851,0.9996975660324097
8,3,0.5002374053001404,0.39336124062538147,-0.6182822585105896,0.9996745586395264
8,4,0.4798068106174469,0.39395830035209656,-0.643355667591095,0.9997808337211609
8,5,0.472184956073761,0.39418455958366394,-0.643469512462616,0.9997877478599548
8,6,0.4639635384082794,0.3946133255958557,-0.6435226798057556,0.9997772574424744
8,7,0.49400681257247925,0.39680415391921997,-0.35267749428749084,0.998894214630127
8,8,0.4420483112335205,0.39959898591041565,-0.47679170966148376,0.9997535347938538
8,9,0.4983145296573639,0.4146772027015686,-0.5483958125114441,0.9998450875282288
8,10,0.4823746979236603,0.41602104902267456,-0.5826218128204346,0.999900221824646
8,11,0.5439506769180298,0.447742760181427,-0.10338402539491653,0.9998259544372559
8,12,0.3829917907714844,0.45816221833229065,-0.347347229719162,0.9999300837516785
8,13,0.5856153964996338,0.5192512273788452,-0.04893326759338379,0.8113767504692078
8,14,0.35561272501945496,0.538274884223938,-0.3126702606678009,0.996159553527832
8,15,0.5667304396629333,0.5764328241348267,-0.3767551779747009,0.8980847001075745
8,16,0.40775248408317566,0.5976578593254089,-0.47789040207862854,0.9868656396865845
8,17,0.5640484094619751,0.5951780080795288,-0.45421499013900757,0.8451852798461914
8,18,0.41703516244888306,0.6196058988571167,-0.5450648665428162,0.9711501598358154
8,19,0.5517618060112,0.5901417136192322,-0.5066549777984619,0.8585565686225891
8,20,0.43448197841644287,0.6146629452705383,-0.580721378326416,0.9711970090866089
8,21,0.5481823682785034,0.5851804614067078,-0.4037635028362274,0.8454276919364929
8,22,0.4339606463909149,0.6061938405036926,-0.4897853136062622,0.9586272835731506
8,23,0.5244208574295044,0.599958062171936,0.10008902847766876,0.9989036917686462
8,24,0.44002851843833923,0.6021817326545715,-0.10008874535560608,0.999055027961731
8,25,0.5176810622215271,0.7055888772010803,0.14657585322856903,0.8936063647270203
8,26,0.4580439329147339,0.6982355117797852,-0.3115343749523163,0.9739508628845215
8,27,0.4916093945503235,0.8030490875244141,0.389143168926239,0.9323431253433228
8,28,0.43473613262176514,0.8127177357673645,-0.17263995110988617,0.9741498231887817
8,29,0.46952107548713684,0.8135787844657898,0.4003525674343109,0.8840455412864685
8,30,0.4258059561252594,0.8238134384155273,-0.17243090271949768,0.7980509996414185
8,31,0.5226934552192688,0.839145839214325,0.21822285652160645,0.9484221935272217
8,32,0.47002723813056946,0.8478935360908508,-0.4322372078895569,0.9675388932228088
9,0,0.49968475103378296,0.41032418608665466,-0.6290226578712463,0.9999114871025085
9,1,0.49725431203842163,0.39998793601989746,-0.6025956273078918,0.9997591376304626
9,2,0.49997469782829285,0.3995264172554016,-0.6027286052703857,0.9997192621231079
9,3,0.502359926700592,0.3990437090396881,-0.60297030210495,0.9996988773345947
9,4,0.4844147861003876,0.4007515013217926,-0.6153635382652283,0.9997960925102234
9,5,0.4771879315376282,0.4011317789554596,-0.6154894828796387,0.9998019933700562
9,6,0.4692438840866089,0.4016597867012024,-0.6154605150222778,0.9997928738594055
9,7,0.4951591193675995,0.4009277820587158,-0.3424370586872101,0.9989761710166931
9,8,0.44572266936302185,0.4058647155761719,-0.4486022889614105,0.9997704029083252
9,9,0.5027897953987122,0.41960805654525757,-0.5260578989982605,0.9998550415039062
9,10,0.48801741003990173,0.42242440581321716,-0.5509216785430908,0.9999074935913086
9,11,0.5509635806083679,0.4478020668029785,-0.0971679612994194,0.9998421669006348
9,12,0.38558053970336914,0.46123313903808594,-0.29350173473358154,0.9999352097511292
9,13,0.5991844534873962,0.5128520131111145,-0.032890647649765015,0.8289358615875244
9,14,0.3429248332977295,0.5360479354858398,-0.23785389959812164,0.9962261319160461
9,15,0.5706778764724731,0.5624744892120361,-0.30210959911346436,0.9074532985687256
9,16,0.4084824025630951,0.5897637605667114,-0.36118948459625244,0.9860382676124573
9,17,0.5643930435180664,0.5803053975105286,-0.36694809794425964,0.858744204044342
9,18,0.42090076208114624,0.6114259958267212,-0.4141716957092285,0.9688009023666382
9,19,0.5508407354354858,0.5761293172836304,-0.4132968485355377,0.8708300590515137
9,20,0.4389698803424835,0.6056989431381226,-0.44896358251571655,0.9687818884849548
9,21,0.5474060773849487,0.5717509984970093,-0.32406166195869446,0.8579914569854736
9,22,0.43773147463798523,0.5974069237709045,-0.3712208569049835,0.9550490975379944
9,23,0.5266671180725098,0.591885507106781,0.08612504601478577,0.9989346265792847
9,24,0.4405726492404938,0.5914021134376526,-0.08602261543273926,0.9991246461868286
9,25,0.5191307663917542,0.6958779096603394,0.09566653519868851,0.8781481385231018
9,26,0.4664613902568817,0.681601881980896,-0.49646034836769104,0.9706398844718933
9,27,0.4921216368675232,0.8031092882156372,0.2801225185394287,0.9108576774597168
9,28,0.44155529141426086,0.8100361824035645,-0.5070615410804749,0.9697055220603943
9,29,0.46966832876205444,0.8142712712287903,0.2859239876270294,0.8588752746582031
9,30,0.43119359016418457,0.8238450288772583,-0.5204436182975769,0.7864772081375122
9,31,0.5224921107292175,0.8378914594650269,0.10210764408111572,0.9283226728439331
9,32,0.4831002652645111,0.8387632369995117,-0.7975133061408997,0.9640963673591614
10,0,0.4997824728488922,0.4144989550113678,-0.4937077760696411,0.9999192357063293
10,1,0.49765920639038086,0.4037732481956482,-0.4600580930709839,0.9997808933258057
10,2,0.500675618648529,0.40326517820358276,-0.46016472578048706,0.9997448325157166
10,3,0.5033506751060486,0.40278634428977966,-0.4602634012699127,0.9997265338897705
10,4,0.48424673080444336,0.4047888219356537,-0.4815315306186676,0.9998143315315247
10,5,0.4769711494445801,0.40524473786354065,-0.4816035032272339,0.9998195767402649
10,6,0.4690846800804138,0.4057391285896301,-0.4815608561038971,0.9998114705085754
10,7,0.4974876940250397,0.4040980935096741,-0.21381694078445435,0.9990711212158203
10,8,0.4461985230445862,0.40923207998275757,-0.31919941306114197,0.9997915029525757
10,9,0.5036652684211731,0.42370444536209106,-0.39379000663757324,0.9998677968978882
10,10,0.4883933663368225,0.4263498783111572,-0.4237819314002991,0.9999159574508667
10,11,0.5543212294578552,0.44820183515548706,0.004662127699702978,0.999857485294342
10,12,0.3880789875984192,0.46310240030288696,-0.1920691430568695,0.9999407529830933
10,13,0.6077601313591003,0.5083358287811279,-0.011637906543910503,0.8448690176010132
10,14,0.33475878834724426,0.5334299206733704,-0.14780020713806152,0.9964188933372498
10,15,0.5758295655250549,0.5555952787399292,-0.26679977774620056,0.916057288646698
10,16,0.40800026059150696,0.5822481513023376,-0.2819366157054901,0.9857962727546692
10,17,0.5648462772369385,0.5705474615097046,-0.3372723162174225,0.8714159727096558
10,18,0.42183443903923035,0.6021275520324707,-0.3377423584461212,0.9676924347877502
10,19,0.5510720610618591,0.5645045042037964,-0.3776428997516632,0.8823221921920776
10,20,0.4393084645271301,0.5962409973144531,-0.3675914704799652,0.9675918221473694
10,21,0.5484887957572937,0.5604556798934937,-0.2877843976020813,0.8699169158935547
10,22,0.4368849992752075,0.5884422063827515,-0.29020366072654724,0.9533562660217285
10,23,0.5264745354652405,0.5916110873222351,0.08775687217712402,0.9990042448043823
10,24,0.441508412361145,0.5909672975540161,-0.08755075931549072,0.9991973042488098
10,25,0.5186694264411926,0.6929118037223816,0.06876461207866669,0.8669572472572327
10,26,0.4766489267349243,0.6725662350654602,-0.5589105486869812,0.9714164733886719
10,27,0.49200648069381714,0.8029952049255371,0.20445813238620758,0.9019831418991089
10,28,0.44424179196357727,0.8047158122062683,-0.5728179216384888,0.9696889519691467
10,29,0.46798786520957947,0.814246654510498,0.20498782396316528,0.8476248383522034
10,30,0.4318222403526306,0.8171877861022949,-0.5838232040405273,0.7912799119949341
10,31,0.522337019443512,0.836895763874054,0.012751967646181583,0.9196538329124451
10,32,0.4890066683292389,0.8350237607955933,-0.844906210899353,0.9645999073982239
11,0,0.5046877264976501,0.4309409260749817,-0.5648073554039001,0.9999216794967651
11,1,0.5015450716018677,0.4195179045200348,-0.5398358702659607,0.9997869729995728
11,2,0.5043213367462158,0.41877537965774536,-0.5399181842803955,0.9997518062591553
11,3,0.5068551898002625,0.4180353283882141,-0.5400728583335876,0.9997370839118958
11,4,0.48838183283805847,0.4204584062099457,-0.5550035834312439,0.9998213648796082
11,5,0.48112156987190247,0.42068877816200256,-0.5551592111587524,0.999825656414032
11,6,0.4730803966522217,0.42105212807655334,-0.5551669001579285,0.9998205900192261
11,7,0.5010071396827698,0.41623687744140625,-0.30089104175567627,0.9991189241409302
11,8,0.44913414120674133,0.42363232374191284,-0.34804537892341614,0.9998049139976501
11,9,0.5088415145874023,0.4390745759010315,-0.46257197856903076,0.9998719692230225
11,10,0.4941326677799225,0.44093188643455505,-0.47955596446990967,0.9999207854270935
11,11,0.5579330921173096,0.45209306478500366,-0.06556141376495361,0.9998712539672852
11,12,0.39008259773254395,0.46990352869033813,-0.2559431195259094,0.9999457001686096
11,13,0.6301009654998779,0.5075770616531372,-0.0036913768853992224,0.8598401546478271
11,14,0.31446364521980286,0.5333471298217773,-0.1997656673192978,0.9965010285377502
11,15,0.5809305310249329,0.5455425381660461,-0.23536977171897888,0.9236682057380676
11,16,0.4082548916339874,0.5731011629104614,-0.3013680875301361,0.9846628904342651
11,17,0.5658248066902161,0.5590285062789917,-0.29823067784309387,0.8820164203643799
11,18,0.42421504855155945,0.5916591882705688,-0.34509649872779846,0.9641907215118408
11,19,0.5512065291404724,0.5541912913322449,-0.3362763226032257,0.8918065428733826
11,20,0.43960750102996826,0.5819660425186157,-0.37253841757774353,0.9638644456863403
11,21,0.5502845644950867,0.5499196648597717,-0.2701835036277771,0.8791576027870178
11,22,0.4367046654224396,0.5757629871368408,-0.3065132796764374,0.948151707649231
11,23,0.5271430611610413,0.5881233811378479,0.08349160850048065,0.9990473985671997
11,24,0.44145169854164124,0.5876221656799316,-0.08334878832101822,0.9992570877075195
11,25,0.518028736114502,0.693497896194458,0.04736955836415291,0.8492454290390015
11,26,0.49092400074005127,0.65430748462677,-0.5759270787239075,0.9706489443778992
11,27,0.4920974373817444,0.8023503422737122,0.15299521386623383,0.8820828795433044
11,28,0.45898115634918213,0.7969438433647156,-0.5794140100479126,0.9675880074501038
11,29,0.4688100218772888,0.8142449259757996,0.15119275450706482,0.8268114924430847
11,30,0.44242069125175476,0.8120828866958618,-0.5868542194366455,0.7919672727584839
11,31,0.526292622089386,0.8344602584838867,-0.04594935476779938,0.9044433832168579
11,32,0.5003563761711121,0.8320929408073425,-0.836785614490509,0.9637347459793091
12,0,0.5043805241584778,0.44336047768592834,-0.4492647051811218,0.999919056892395
12,1,0.5016863346099854,0.4318512976169586,-0.41686517000198364,0.9997901916503906
12,2,0.5046809911727905,0.4306114614009857,-0.4169921875,0.9997541308403015
12,3,0.5075686573982239,0.4293794631958008,-0.41713887453079224,0.9997449517250061
12,4,0.48820364475250244,0.43375903367996216,-0.4360235035419464,0.999824583530426
12,5,0.48071733117103577,0.4341410994529724,-0.43616217374801636,0.9998263716697693
12,6,0.47259172797203064,0.4346487522125244,-0.4362272024154663,0.9998269081115723
12,7,0.5041122436523438,0.42751532793045044,-0.17782852053642273,0.9991629123687744
12,8,0.450874924659729,0.4365919530391693,-0.26540595293045044,0.9998159408569336
12,9,0.5093741416931152,0.45055991411209106,-0.35027876496315,0.9998684525489807
12,10,0.4938332736492157,0.45424509048461914,-0.37598177790641785,0.9999222755432129
12,11,0.5620549321174622,0.4600030779838562,0.043473515659570694,0.999883234500885
12,12,0.39426925778388977,0.4761621057987213,-0.1438160240650177,0.9999486207962036
12,13,0.6387078762054443,0.50762540102005,0.06752801686525345,0.8728061318397522
12,14,0.29786840081214905,0.5324021577835083,-0.13913677632808685,0.9964944124221802
12,15,0.5853433012962341,0.5375298261642456,-0.18254460394382477,0.9297919869422913
12,16,0.40348297357559204,0.561435341835022,-0.27757638692855835,0.9821495413780212
12,17,0.5663151741027832,0.5492530465126038,-0.24356810748577118,0.8901650309562683
12,18,0.4239197075366974,0.5771059989929199,-0.3227970004081726,0.9570755362510681
12,19,0.5513972043991089,0.5442081689834595,-0.24489624798297882,0.8988416194915771
12,20,0.4384304881095886,0.5668622255325317,-0.3405647277832031,0.9564288854598999
12,21,0.5533266067504883,0.5403358936309814,-0.1879792958498001,0.8851947784423828
12,22,0.43656718730926514,0.5635272264480591,-0.2799050509929657,0.9393149018287659
12,23,0.5264047980308533,0.5909008383750916,0.08589965105056763,0.9989798665046692
12,24,0.4422774016857147,0.5887527465820312,-0.08570701628923416,0.9992462396621704
12,25,0.51472008228302,0.6950477361679077,0.0013748952187597752,0.7971782088279724
12,26,0.5025952458381653,0.6670087575912476,-0.5667768120765686,0.9587020874023438
12,27,0.4895859956741333,0.80614173412323,0.0463823601603508,0.8326180577278137
12,28,0.47333836555480957,0.7991518378257751,-0.5941436290740967,0.9554160237312317
12,29,0.4645056426525116,0.8213329315185547,0.040074873715639114,0.7888432145118713
12,30,0.4552004635334015,0.8168622851371765,-0.6016990542411804,0.7893493175506592
12,31,0.5232484340667725,0.8345538973808289,-0.14519774913787842,0.8605856895446777
12,32,0.5071129202842712,0.8340317606925964,-0.8370403051376343,0.9538896083831787
13,0,0.5086202621459961,0.4491017460823059,-0.3126014471054077,0.9999198913574219
13,1,0.5049132108688354,0.4379976689815521,-0.2829144299030304,0.9997966885566711
13,2,0.5078725218772888,0.43697309494018555,-0.2830292880535126,0.9997597336769104
13,3,0.5107532143592834,0.4359012246131897,-0.28317368030548096,0.9997559785842896
13,4,0.4916979968547821,0.43952399492263794,-0.3010078966617584,0.9998330473899841
13,5,0.4840830862522125,0.4398680329322815,-0.3011110723018646,0.9998336434364319
13,6,0.4758068919181824,0.4402666985988617,-0.3011736273765564,0.9998382925987244
13,7,0.5078065395355225,0.4334315359592438,-0.06718721985816956,0.9992015957832336
13,8,0.45453721284866333,0.44266843795776367,-0.14993411302566528,0.9998290538787842
13,9,0.5146667957305908,0.4564851224422455,-0.22160857915878296,0.999862551689148
13,10,0.4998258948326111,0.45942530035972595,-0.24597057700157166,0.9999237656593323
13,11,0.5665191411972046,0.4645356237888336,0.12772980332374573,0.9998936057090759
13,12,0.3977471590042114,0.47759509086608887,-0.04580644145607948,0.9999526739120483
13,13,0.6451930999755859,0.5053873658180237,0.18156768381595612,0.8833895921707153
13,14,0.29874151945114136,0.5321734547615051,-0.004249469842761755,0.9962498545646667
13,15,0.5885814428329468,0.5337527990341187,0.00638458551838994,0.9327080845832825
13,16,0.4058740735054016,0.5611745715141296,-0.087880939245224,0.978655219078064
13,17,0.5679015517234802,0.545131266117096,-0.03754923492670059,0.8926439881324768
13,18,0.4319768249988556,0.5719896554946899,-0.1193525493144989,0.9483211636543274
13,19,0.5535402894020081,0.5391608476638794,-0.0406634658575058,0.9002417325973511
13,20,0.44289901852607727,0.564534068107605,-0.13836665451526642,0.9473089575767517
13,21,0.5575891137123108,0.5358368754386902,0.004048618488013744,0.8838046789169312
13,22,0.4386950731277466,0.5607520341873169,-0.08856333047151566,0.9282462000846863
13,23,0.5270398259162903,0.5927730798721313,0.08469806611537933,0.9989199042320251
13,24,0.4428026080131531,0.5901037454605103,-0.08447884768247604,0.9992708563804626
13,25,0.5089899897575378,0.695125937461853,0.02402816154062748,0.7614700794219971
13,26,0.5034399032592773,0.6557730436325073,-0.6224108934402466,0.9533984065055847
13,27,0.471307635307312,0.8061853647232056,0.07385815680027008,0.7956253886222839
13,28,0.47535407543182373,0.7936364412307739,-0.6953646540641785,0.9492198824882507
13,29,0.44687724113464355,0.8207082748413086,0.06873804330825806,0.7566644549369812
13,30,0.45669394731521606,0.8119708299636841,-0.7060185670852661,0.7889384031295776
13,31,0.5197827219963074,0.8340843915939331,-0.10480554401874542,0.8271623253822327
13,32,0.5188124179840088,0.8291182518005371,-0.9385746717453003,0.9485240578651428
14,0,0.5088427662849426,0.45730215311050415,-0.4188655912876129,0.9999226927757263
14,1,0.5070828199386597,0.44558224081993103,-0.38870346546173096,0.99980628490448
14,2,0.5107419490814209,0.4444543421268463,-0.38878992199897766,0.9997697472572327
14,3,0.5145597457885742,0.44322413206100464,-0.3889143168926239,0.9997692108154297
14,4,0.49283087253570557,0.4473811089992523,-0.40740707516670227,0.9998418092727661
14,5,0.48493432998657227,0.4477315843105316,-0.4075203239917755,0.9998409748077393
14,6,0.47666510939598083,0.44833141565322876,-0.4075523912906647,0.999848484992981
14,7,0.5136873722076416,0.44122323393821716,-0.15892474353313446,0.9992545247077942
14,8,0.4561476707458496,0.4500006139278412,-0.2438647747039795,0.9998412728309631
14,9,0.515256941318512,0.46493691205978394,-0.3232495188713074,0.9998654723167419
14,10,0.49933964014053345,0.46783512830734253,-0.348081111907959,0.9999275207519531
14,11,0.5689608454704285,0.47040286660194397,0.055848825722932816,0.9999033212661743
14,12,0.40042537450790405,0.48068270087242126,-0.1071949228644371,0.9999560713768005
14,13,0.6555848717689514,0.5050879120826721,0.05812092497944832,0.8942163586616516
14,14,0.29515472054481506,0.5322542190551758,-0.07118742913007736,0.9961753487586975
14,15,0.5886012315750122,0.5309993624687195,-0.14005309343338013,0.9374076128005981
14,16,0.4057779908180237,0.5585383176803589,-0.1741393506526947,0.9767047762870789
14,17,0.5683154463768005,0.5412304401397705,-0.19229355454444885,0.897890031337738
14,18,0.43184664845466614,0.568105936050415,-0.21134266257286072,0.9422081708908081
14,19,0.5536150336265564,0.535801887512207,-0.07043805718421936,0.9044631123542786
14,20,0.4421501159667969,0.5614728331565857,-0.2290142923593521,0.9409826993942261
14,21,0.5577098727226257,0.5329825282096863,-0.1149396225810051,0.8865950107574463
14,22,0.4380141794681549,0.5581703782081604,-0.17519785463809967,0.9206506013870239
14,23,0.5276898145675659,0.5995497107505798,0.07186895608901978,0.99886554479599
14,24,0.44367659091949463,0.5935280323028564,-0.07155259698629379,0.9992907643318176
14,25,0.5098299384117126,0.6959836483001709,-0.021445561200380325,0.7238970398902893
14,26,0.49855223298072815,0.6541779041290283,-0.6300182938575745,0.9462887048721313
14,27,0.472575843334198,0.8023588061332703,0.03709341213107109,0.7538195848464966
14,28,0.47193604707717896,0.7927016019821167,-0.6601012349128723,0.9405847191810608
14,29,0.44488725066185,0.820508599281311,0.033825695514678955,0.7263059616088867
14,30,0.45342308282852173,0.8115396499633789,-0.6665832996368408,0.7876529097557068
14,31,0.5155808925628662,0.8340250849723816,-0.14971396327018738,0.7903425693511963
14,32,0.5141202211380005,0.8284279108047485,-0.904852032661438,0.9417760968208313
15,0,0.5115223526954651,0.454880952835083,-0.4203633964061737,0.99992436170578
15,1,0.509795606136322,0.44375497102737427,-0.4257252514362335,0.9998123049736023
15,2,0.513515055179596,0.4428604543209076,-0.42577028274536133,0.9997739791870117
15,3,0.5173538327217102,0.44182485342025757,-0.4259559214115143,0.99977707862854
15,4,0.49516117572784424,0.4452407956123352,-0.41892746090888977,0.9998489618301392
15,5,0.4869246482849121,0.4455755650997162,-0.4191589653491974,0.9998467564582825
15,6,0.47845908999443054,0.4458931088447571,-0.41916173696517944,0.9998576045036316
15,7,0.5166941285133362,0.4388458728790283,-0.21677778661251068,0.9992901086807251
15,8,0.457807719707489,0.4471379220485687,-0.28439056873321533,0.9998524785041809
15,9,0.5176504850387573,0.4626489579677582,-0.3280244469642639,0.9998674392700195
15,10,0.5011946558952332,0.4649748206138611,-0.38027429580688477,0.9999312162399292
15,11,0.5727497339248657,0.47017717361450195,0.006283516529947519,0.9999122023582458
15,12,0.4006582796573639,0.4799748957157135,-0.15787193179130554,0.9999598264694214
15,13,0.6560874581336975,0.5060388445854187,0.024411827325820923,0.903550922870636
15,14,0.2985921800136566,0.5321069955825806,-0.10086091607809067,0.996107816696167
15,15,0.5881004929542542,0.5332719087600708,-0.17059870064258575,0.9396620988845825
15,16,0.4050467610359192,0.5614013671875,-0.17984099686145782,0.9752330183982849
15,17,0.5683209300041199,0.5435068011283875,-0.2195151150226593,0.898078203201294
15,18,0.4313017427921295,0.5749901533126831,-0.21325469017028809,0.9372044801712036
15,19,0.5536558032035828,0.5382574796676636,-0.12651488184928894,0.9035614132881165
15,20,0.4424681067466736,0.5690565705299377,-0.23340827226638794,0.9358304142951965
15,21,0.5577237010002136,0.535321831703186,-0.15279202163219452,0.8826202750205994
15,22,0.4378393292427063,0.5639720559120178,-0.18085841834545135,0.9138755202293396
15,23,0.5313941240310669,0.5993033647537231,0.07043743878602982,0.9988665580749512
15,24,0.4451008141040802,0.5937554240226746,-0.0701846107840538,0.9993210434913635
15,25,0.5107743740081787,0.6960489749908447,-0.008039159700274467,0.69036465883255
15,26,0.4969880282878876,0.6581307053565979,-0.5780434012413025,0.9369552135467529
15,27,0.47381392121315,0.8005189895629883,0.06400538235902786,0.718102753162384
15,28,0.4688405394554138,0.7931696176528931,-0.5866511464118958,0.9314795732498169
15,29,0.44722598791122437,0.8155268430709839,0.06166911497712135,0.6997928619384766
15,30,0.45126965641975403,0.8111191987991333,-0.5919768810272217,0.7802501320838928
15,31,0.5160558223724365,0.8311470150947571,-0.12719842791557312,0.7609904408454895
15,32,0.509638786315918,0.8280641436576843,-0.8357025980949402,0.9360179901123047
16,0,0.515885055065155,0.45230454206466675,-0.4511786699295044,0.9999226927757263
16,1,0.51353919506073,0.44159621000289917,-0.43942350149154663,0.9998087882995605
16,2,0.516826331615448,0.4406224191188812,-0.4394877254962921,0.9997698664665222
16,3,0.5200393795967102,0.439523845911026,-0.43962720036506653,0.9997755885124207
16,4,0.4995783567428589,0.44315028190612793,-0.4477244019508362,0.999847412109375
16,5,0.49176183342933655,0.44337207078933716,-0.44791150093078613,0.9998435974121094
16,6,0.48321712017059326,0.44370540976524353,-0.44798240065574646,0.9998575448989868
16,7,0.5174556374549866,0.43785637617111206,-0.21951349079608917,0.9993069767951965
16,8,0.46138450503349304,0.44548916816711426,-0.3024890720844269,0.9998556971549988
16,9,0.5209999680519104,0.46002858877182007,-0.35567808151245117,0.9998639225959778
16,10,0.5054171085357666,0.46298784017562866,-0.39931830763816833,0.999931812286377
16,11,0.571982741355896,0.46970075368881226,-0.004651157651096582,0.999919593334198
16,12,0.4054168164730072,0.4782460629940033,-0.1660047471523285,0.999961256980896
16,13,0.6507734656333923,0.5066112279891968,6.215135363163427e-05,0.9122645854949951
16,14,0.30333107709884644,0.5316917896270752,-0.1149124801158905,0.9962185025215149
16,15,0.5903719067573547,0.5359266996383667,-0.24332426488399506,0.9438227415084839
16,16,0.403470516204834,0.5642847418785095,-0.1981872320175171,0.9741736054420471
16,17,0.5688506364822388,0.5470811128616333,-0.3038560748100281,0.9031834006309509
16,18,0.43068045377731323,0.5792530179023743,-0.2353411614894867,0.9338724613189697
16,19,0.5545202493667603,0.5412455797195435,-0.2954210937023163,0.9080051183700562
16,20,0.4423343241214752,0.57326340675354,-0.25538772344589233,0.9325425624847412
16,21,0.5594508647918701,0.5378841161727905,-0.24584060907363892,0.8869431018829346
16,22,0.4372028708457947,0.5681739449501038,-0.20053181052207947,0.9101375341415405
16,23,0.5309268832206726,0.6007539629936218,0.07299353182315826,0.9988296627998352
16,24,0.44509202241897583,0.5955787897109985,-0.07274986058473587,0.9993383884429932
16,25,0.512600302696228,0.6964753866195679,0.017965001985430717,0.6817238330841064
16,26,0.5010350346565247,0.6602872610092163,-0.5668498277664185,0.9399996995925903
16,27,0.47378095984458923,0.7977927923202515,0.12880505621433258,0.7128536105155945
16,28,0.46716758608818054,0.7938817739486694,-0.5326500535011292,0.9328765869140625
16,29,0.4480900764465332,0.8147560358047485,0.1295725703239441,0.6922232508659363
16,30,0.4500889778137207,0.811455249786377,-0.5333343148231506,0.7863134741783142
16,31,0.515527069568634,0.8307622075080872,-0.05609286203980446,0.7555001378059387
16,32,0.5107038617134094,0.8294471502304077,-0.7522425055503845,0.936830461025238
17,0,0.5158575773239136,0.44752925634384155,-0.7702273726463318,0.9999278783798218
17,1,0.514226496219635,0.43679189682006836,-0.7420982122421265,0.99982088804245
17,2,0.5176625847816467,0.435943603515625,-0.7421079277992249,0.9997841119766235
17,3,0.5211173295974731,0.4350093901157379,-0.7421973347663879,0.9997900128364563
17,4,0.5002169013023376,0.43820396065711975,-0.7605898380279541,0.9998582601547241
17,5,0.4927089214324951,0.4384796619415283,-0.7607610821723938,0.9998544454574585
17,6,0.4839848279953003,0.4389023780822754,-0.7607882022857666,0.9998677968978882
17,7,0.5183718800544739,0.4346455931663513,-0.48274701833724976,0.9993525743484497
17,8,0.4619567096233368,0.4423878788948059,-0.5708675980567932,0.9998668432235718
17,9,0.5212265253067017,0.45569896697998047,-0.6616811752319336,0.999873697757721
17,10,0.5051255226135254,0.45859187841415405,-0.6882315874099731,0.9999369978904724
17,11,0.57225501537323,0.46755924820899963,-0.19925042986869812,0.9999271631240845
17,12,0.40426090359687805,0.47724074125289917,-0.377177894115448,0.9999643564224243
17,13,0.6459217667579651,0.5072078704833984,-0.0766654685139656,0.9206228256225586
17,14,0.3138761818408966,0.5317635536193848,-0.29086241126060486,0.9964653253555298
17,15,0.589179277420044,0.5377637147903442,-0.28926941752433777,0.9488391280174255
17,16,0.40724533796310425,0.5725442171096802,-0.3815276324748993,0.9751052260398865
17,17,0.568705677986145,0.55164635181427,-0.3424535393714905,0.9111270308494568
17,18,0.4305115044116974,0.5939680337905884,-0.4225325584411621,0.9355211853981018
17,19,0.5531021356582642,0.545106828212738,-0.3705286383628845,0.9154711961746216
17,20,0.4437084197998047,0.5877048969268799,-0.4482955038547516,0.9341591000556946
17,21,0.5569085478782654,0.5402225255966187,-0.3008098900318146,0.8953797221183777
17,22,0.4392434060573578,0.5796364545822144,-0.3854409158229828,0.911857008934021
17,23,0.5305132269859314,0.5949257612228394,0.07449746876955032,0.9988134503364563
17,24,0.444915771484375,0.5925884246826172,-0.0743783488869667,0.9993405342102051
17,25,0.5136268734931946,0.6921153664588928,0.03634270653128624,0.686161458492279
17,26,0.497916042804718,0.6843932867050171,-0.4146990478038788,0.9411537647247314
17,27,0.47345349192619324,0.7981606721878052,0.17267940938472748,0.7251042723655701
17,28,0.4599919617176056,0.8002252578735352,-0.3868708312511444,0.9361458420753479
17,29,0.4487951099872589,0.814298152923584,0.17498348653316498,0.7014498114585876
17,30,0.4439983069896698,0.816487193107605,-0.3935675323009491,0.7927217483520508
17,31,0.5155341625213623,0.8310184478759766,-0.012129970826208591,0.7656273245811462
17,32,0.5055925250053406,0.8323103785514832,-0.6404704451560974,0.9391009211540222
18,0,0.5190850496292114,0.43618279695510864,-0.7168355584144592,0.9999324083328247
18,1,0.517044723033905,0.42572706937789917,-0.7349699139595032,0.9998312592506409
18,2,0.5199886560440063,0.425004780292511,-0.7350611090660095,0.9997965097427368
18,3,0.522936224937439,0.42417439818382263,-0.7358196973800659,0.999802827835083
18,4,0.5042026042938232,0.42671307921409607,-0.6663273572921753,0.9998672604560852
18,5,0.49700042605400085,0.4269653260707855,-0.6664155125617981,0.9998634457588196
18,6,0.48903074860572815,0.4271170198917389,-0.6662821769714355,0.9998763799667358
18,7,0.5179259181022644,0.42306679487228394,-0.3919239342212677,0.9993882179260254
18,8,0.4651808440685272,0.4284632205963135,-0.4553225338459015,0.9998754858970642
18,9,0.5231982469558716,0.4443531036376953,-0.6448706388473511,0.9998823404312134
18,10,0.5083857178688049,0.4459630846977234,-0.5845745205879211,0.9999414682388306
18,11,0.5708522796630859,0.45934930443763733,-0.09348281472921371,0.9999337792396545
18,12,0.40516912937164307,0.46902719140052795,-0.3184918463230133,0.9999670386314392
18,13,0.638878583908081,0.5094233751296997,-0.07306607067584991,0.9273623824119568
18,14,0.33764955401420593,0.5318208336830139,-0.28772976994514465,0.9966754913330078
18,15,0.5872250199317932,0.5487174391746521,-0.2664124071598053,0.9531710743904114
18,16,0.4105720818042755,0.582988440990448,-0.39468324184417725,0.9763245582580566
18,17,0.5675831437110901,0.5648596882820129,-0.3271445035934448,0.9181495904922485
18,18,0.43033188581466675,0.6056764125823975,-0.4498780071735382,0.9385155439376831
18,19,0.5514357686042786,0.5592469573020935,-0.3598170280456543,0.9220612645149231
18,20,0.4465685486793518,0.6024280786514282,-0.47459474205970764,0.9372090101242065
18,21,0.5531381964683533,0.5546940565109253,-0.2825208306312561,0.9028649926185608
18,22,0.443035751581192,0.5944093465805054,-0.39998137950897217,0.9154781699180603
18,23,0.5306214094161987,0.5929877161979675,0.10491735488176346,0.9988505244255066
18,24,0.44593292474746704,0.5910748243331909,-0.10488291084766388,0.9993739128112793
18,25,0.510297417640686,0.6911286115646362,0.10058855265378952,0.6824315786361694
18,26,0.496134877204895,0.6833879351615906,-0.45083320140838623,0.9428827166557312
18,27,0.4574912190437317,0.7984487414360046,0.2488701045513153,0.7283148169517517
18,28,0.45553159713745117,0.8011115789413452,-0.4482005536556244,0.9398485422134399
18,29,0.4338668882846832,0.8142339587211609,0.25239941477775574,0.7057043313980103
18,30,0.437198668718338,0.8164913058280945,-0.45690590143203735,0.802399754524231
18,31,0.5043206214904785,0.8311911821365356,0.07592425495386124,0.7705065608024597
18,32,0.498857319355011,0.8346652984619141,-0.7048863172531128,0.9424463510513306
19,0,0.5195529460906982,0.42847490310668945,-0.6995981335639954,0.9999344944953918
19,1,0.5180013179779053,0.41721096634864807,-0.6682862043380737,0.9998343586921692
19,2,0.5207854509353638,0.4165191054344177,-0.6683568954467773,0.9998007416725159
19,3,0.5235750675201416,0.41571325063705444,-0.6684668660163879,0.9998059272766113
19,4,0.5051475167274475,0.41823965311050415,-0.692660391330719,0.9998701810836792
19,5,0.49794337153434753,0.41841182112693787,-0.6927908658981323,0.999866247177124
19,6,0.49011531472206116,0.41868263483047485,-0.6928612589836121,0.9998780488967896
19,7,0.5175368785858154,0.4148782193660736,-0.3925318121910095,0.9993903040885925
19,8,0.46721771359443665,0.41915807127952576,-0.5376242399215698,0.9998775124549866
19,9,0.5231424570083618,0.43579667806625366,-0.5928235650062561,0.9998866319656372
19,10,0.5087050199508667,0.43760281801223755,-0.6278369426727295,0.9999439120292664
19,11,0.5699768662452698,0.4551529288291931,-0.10867582261562347,0.9999391436576843
19,12,0.40477684140205383,0.46442079544067383,-0.42272278666496277,0.9999687671661377
19,13,0.6245123744010925,0.5115408897399902,-0.0718768909573555,0.9323903918266296
19,14,0.35165175795555115,0.5328941941261292,-0.4196181297302246,0.9968292117118835
19,15,0.5813987255096436,0.5619021654129028,-0.37783464789390564,0.9564223885536194
19,16,0.4138644337654114,0.5925063490867615,-0.5628594160079956,0.9772845506668091
19,17,0.565958559513092,0.5792332887649536,-0.4485483765602112,0.9233036041259766
19,18,0.4299725294113159,0.614833652973175,-0.6346593499183655,0.9411517977714539
19,19,0.5502851009368896,0.5723664164543152,-0.4944073557853699,0.9269302487373352
19,20,0.4473034739494324,0.6113665699958801,-0.6619422435760498,0.9399380683898926
19,21,0.5508461594581604,0.5674071907997131,-0.40198105573654175,0.90815269947052
19,22,0.44528940320014954,0.6050184965133667,-0.5713806748390198,0.9183664917945862
19,23,0.5310150980949402,0.5937104225158691,0.12337202578783035,0.9988277554512024
19,24,0.44753217697143555,0.5922815799713135,-0.12326773256063461,0.999369204044342
19,25,0.5100598931312561,0.6940335631370544,0.17896133661270142,0.693397045135498
19,26,0.4861709177494049,0.6896494030952454,-0.3790678381919861,0.9458193182945251
19,27,0.45526474714279175,0.7984519600868225,0.40237778425216675,0.7423021197319031
19,28,0.4541897773742676,0.8048688173294067,-0.30751898884773254,0.9439257979393005
19,29,0.4312278628349304,0.811970055103302,0.4120538532733917,0.7211187481880188
19,30,0.43623512983322144,0.8191611170768738,-0.3131515085697174,0.8125724792480469
19,31,0.5011340975761414,0.8312999606132507,0.23149827122688293,0.7829315066337585
19,32,0.4983840882778168,0.8384562730789185,-0.5709110498428345,0.9458205103874207
20,0,0.5204005241394043,0.4160298705101013,-0.9295228719711304,0.9999394416809082
20,1,0.5187276005744934,0.40518417954444885,-0.8925002813339233,0.9998451471328735
20,2,0.5213901400566101,0.4045511782169342,-0.8925277590751648,0.999813973903656
20,3,0.5240095853805542,0.403876930475235,-0.8925662636756897,0.9998188614845276
20,4,0.5061601400375366,0.4061715602874756,-0.9303492903709412,0.9998791813850403
20,5,0.4991137683391571,0.4064145088195801,-0.9305469989776611,0.9998756647109985
20,6,0.4910728931427002,0.4067409038543701,-0.9306287169456482,0.9998863339424133
20,7,0.5169296860694885,0.40554314851760864,-0.6088828444480896,0.9994224309921265
20,8,0.46680307388305664,0.4097750186920166,-0.7857769727706909,0.999884843826294
20,9,0.5236275792121887,0.42490100860595703,-0.8142707943916321,0.999894380569458
20,10,0.5091804265975952,0.42738333344459534,-0.8650192022323608,0.9999479055404663
20,11,0.5694265365600586,0.4506967067718506,-0.29451262950897217,0.9999436140060425
20,12,0.4043257534503937,0.4623017907142639,-0.6739836931228638,0.9999706149101257
20,13,0.5976743698120117,0.5157028436660767,-0.1951266974210739,0.9358463883399963
20,14,0.38151299953460693,0.5380442142486572,-0.6805228590965271,0.9970148801803589
20,15,0.5727895498275757,0.580644428730011,-0.4395125210285187,0.9587975144386292
20,16,0.42218005657196045,0.6055594682693481,-0.8149699568748474,0.9786497354507446
20,17,0.5624208450317383,0.6001408100128174,-0.507134735584259,0.9270423650741577
20,18,0.43007326126098633,0.6304140686988831,-0.9031404852867126,0.9447673559188843
20,19,0.5476531982421875,0.595355749130249,-0.5719512701034546,0.9304959774017334
20,20,0.44782206416130066,0.6276333332061768,-0.9324535727500916,0.9436084032058716
20,21,0.5464881658554077,0.5903723835945129,-0.4713509976863861,0.9121826887130737
20,22,0.44779476523399353,0.6193774938583374,-0.8264943361282349,0.9227095246315002
20,23,0.5311287641525269,0.5937865972518921,0.1365513950586319,0.9988965392112732
20,24,0.4478575885295868,0.5934366583824158,-0.13657648861408234,0.999413788318634
20,25,0.5080318450927734,0.6956334114074707,0.32231083512306213,0.7090067267417908
20,26,0.4785006642341614,0.6933625936508179,-0.2524501085281372,0.948660135269165
20,27,0.44040408730506897,0.7968519330024719,0.6590839624404907,0.759179413318634
20,28,0.45413750410079956,0.804781436920166,-0.08475769311189651,0.9479600787162781
20,29,0.4157407879829407,0.8069345355033875,0.68165522813797,0.7383708357810974
20,30,0.4395979046821594,0.8198263049125671,-0.08140390366315842,0.8210471868515015
20,31,0.4882568418979645,0.8313632011413574,0.5051790475845337,0.7980346083641052
20,32,0.5001220107078552,0.8409250974655151,-0.3485867977142334,0.9493237733840942
21,0,0.5202662944793701,0.4103282392024994,-0.7939010858535767,0.9999430775642395
21,1,0.5185472965240479,0.39921388030052185,-0.7593727707862854,0.9998528957366943
21,2,0.5211690068244934,0.39864081144332886,-0.7593927979469299,0.9998237490653992
21,3,0.5237273573875427,0.3980247378349304,-0.7594236731529236,0.9998279213905334
21,4,0.5059861540794373,0.40030211210250854,-0.7941867113113403,0.9998849630355835
21,5,0.4988739788532257,0.4006829857826233,-0.7943621277809143,0.9998819828033447
21,6,0.49058884382247925,0.40119490027427673,-0.7944368720054626,0.999890923500061
21,7,0.5165075659751892,0.40048593282699585,-0.49969321489334106,0.9994436502456665
21,8,0.4663401246070862,0.40520328283309937,-0.6621515154838562,0.9998877644538879
21,9,0.523256778717041,0.420055627822876,-0.6881912350654602,0.9998992681503296
21,10,0.5086752772331238,0.422954797744751,-0.7348432540893555,0.9999496340751648
21,11,0.5688478350639343,0.4475298821926117,-0.213540717959404,0.999945878982544
21,12,0.4046584665775299,0.46028655767440796,-0.5628461837768555,0.9999693036079407
21,13,0.5817501544952393,0.5181148648262024,-0.09842152893543243,0.9369574785232544
21,14,0.3999677300453186,0.541669487953186,-0.5408658385276794,0.9970561861991882
21,15,0.5673804879188538,0.5868633985519409,-0.30529552698135376,0.9609507322311401
21,16,0.4250354468822479,0.6126192808151245,-0.6431827545166016,0.9797025918960571
21,17,0.5621949434280396,0.6071786284446716,-0.34780046343803406,0.9304482936859131
21,18,0.4290151298046112,0.6378709673881531,-0.7139763832092285,0.9478000998497009
21,19,0.5473624467849731,0.6045926809310913,-0.4963942766189575,0.9338665008544922
21,20,0.44744279980659485,0.635407567024231,-0.7495747804641724,0.9467729330062866
21,21,0.5442611575126648,0.5999011397361755,-0.36255839467048645,0.9163904190063477
21,22,0.4472266733646393,0.6269916296005249,-0.6561210751533508,0.9268388152122498
21,23,0.5309862494468689,0.593845546245575,0.12974813580513,0.9989494681358337
21,24,0.4498656690120697,0.5944565534591675,-0.12977686524391174,0.999434769153595
21,25,0.5072475075721741,0.7026935815811157,0.23030507564544678,0.7274050712585449
21,26,0.467777281999588,0.7011631727218628,-0.17766346037387848,0.951339840888977
21,27,0.4448240399360657,0.7970367074012756,0.49889111518859863,0.7770059704780579
21,28,0.4529106616973877,0.8047201037406921,-0.009097912348806858,0.9515321850776672
21,29,0.41893529891967773,0.8072805404663086,0.5149246454238892,0.755250096321106
21,30,0.43746626377105713,0.8202582597732544,-0.005546776112169027,0.8250134587287903
21,31,0.49225085973739624,0.8322550654411316,0.35366085171699524,0.8131488561630249
21,32,0.4999030530452728,0.8436554074287415,-0.23993708193302155,0.9520756006240845
22,0,0.5207504034042358,0.40893086791038513,-0.7691910862922668,0.9999479055404663
22,1,0.5188577175140381,0.39839014410972595,-0.7344866394996643,0.9998650550842285
22,2,0.5214965343475342,0.39791783690452576,-0.7344613075256348,0.9998383522033691
22,3,0.5240209102630615,0.3974240720272064,-0.7344589829444885,0.9998419284820557
22,4,0.5063450336456299,0.39902976155281067,-0.7688124179840088,0.999894380569458
22,5,0.4992128610610962,0.3993123769760132,-0.7689759135246277,0.9998917579650879
22,6,0.4909467101097107,0.39977675676345825,-0.768999457359314,0.9998995065689087
22,7,0.5161869525909424,0.39979666471481323,-0.48005107045173645,0.999487578868866
22,8,0.4665937125682831,0.40366849303245544,-0.6409871578216553,0.9998961091041565
22,9,0.5234836339950562,0.41901689767837524,-0.6663724184036255,0.9999068379402161
22,10,0.5089771151542664,0.421557754278183,-0.7125495672225952,0.999953031539917
22,11,0.5679572820663452,0.4480842649936676,-0.20050197839736938,0.999947726726532
22,12,0.4061617851257324,0.4587629437446594,-0.5469883680343628,0.9999681711196899
22,13,0.5738918781280518,0.5216932892799377,-0.07164734601974487,0.9373630285263062
22,14,0.4035624563694,0.5429637432098389,-0.5178772211074829,0.9971237182617188
22,15,0.5653047561645508,0.5909980535507202,-0.2178209125995636,0.9628806114196777
22,16,0.42488420009613037,0.6137099862098694,-0.6028063893318176,0.980772078037262
22,17,0.5622796416282654,0.6110063195228577,-0.25666168332099915,0.9334477782249451
22,18,0.42592039704322815,0.6388870477676392,-0.6665717959403992,0.9507541060447693
22,19,0.5475111603736877,0.6094339489936829,-0.3439815044403076,0.9368055462837219
22,20,0.4443345367908478,0.6368832588195801,-0.6994689106941223,0.9498351812362671
22,21,0.5441027879714966,0.6049997210502625,-0.2548767328262329,0.9201445579528809
22,22,0.4468684792518616,0.6283560395240784,-0.614551305770874,0.9309867024421692
22,23,0.5309259295463562,0.5939598083496094,0.1252802461385727,0.9989980459213257
22,24,0.4511427581310272,0.5945010781288147,-0.12532728910446167,0.99945068359375
22,25,0.506561815738678,0.7053607106208801,0.1891518086194992,0.741066038608551
22,26,0.4654475748538971,0.7019147872924805,-0.15250328183174133,0.9526699185371399
22,27,0.44413453340530396,0.7972676157951355,0.4136649966239929,0.7911975383758545
22,28,0.45122942328453064,0.8047677278518677,0.004380714613944292,0.954131007194519
22,29,0.4177275002002716,0.8076090812683105,0.42533183097839355,0.7680718898773193
22,30,0.4368903636932373,0.820294201374054,0.007551968563348055,0.8252630233764648
22,31,0.4927029609680176,0.8339861035346985,0.26593753695487976,0.8249567151069641
22,32,0.49786996841430664,0.8446916341781616,-0.2129414826631546,0.9535102844238281
23,0,0.5205094218254089,0.40775904059410095,-0.8495455980300903,0.999951958656311
23,1,0.5185528993606567,0.3972185254096985,-0.8125883936882019,0.9998748302459717
23,2,0.5211884379386902,0.3967399001121521,-0.8125760555267334,0.999850332736969
23,3,0.5237200856208801,0.3962412476539612,-0.8125935196876526,0.9998535513877869
23,4,0.5059755444526672,0.3980029225349426,-0.8496904373168945,0.9999019503593445
23,5,0.4987960755825043,0.3984815776348114,-0.8498804569244385,0.999899685382843
23,6,0.490492045879364,0.39903733134269714,-0.8499169945716858,0.9999063611030579
23,7,0.5161358118057251,0.3990047872066498,-0.5489502549171448,0.9995216131210327
23,8,0.466267853975296,0.4033786356449127,-0.7218512892723083,0.9999018311500549
23,9,0.523272693157196,0.41814327239990234,-0.7436423301696777,0.9999131560325623
23,10,0.5086754560470581,0.42073243856430054,-0.793407678604126,0.9999558329582214
23,11,0.566077470779419,0.4479585289955139,-0.2662084400653839,0.9999499320983887
23,12,0.4061714708805084,0.4594337046146393,-0.6134946346282959,0.9999669194221497
23,13,0.5677623152732849,0.5225056409835815,-0.12895677983760834,0.9393213391304016
23,14,0.4050823152065277,0.5452067852020264,-0.5849435329437256,0.9972017407417297
23,15,0.5641282200813293,0.5933632254600525,-0.28563401103019714,0.9649842977523804
23,16,0.42584818601608276,0.6160925626754761,-0.6723001599311829,0.9817774891853333
23,17,0.5623884201049805,0.6142126321792603,-0.3309730887413025,0.9368205070495605
23,18,0.4256766438484192,0.6400009989738464,-0.7420434951782227,0.9534952640533447
23,19,0.5478111505508423,0.6134337186813354,-0.4072064757347107,0.9400690793991089
23,20,0.443636417388916,0.6377789974212646,-0.7762516736984253,0.9526668787002563
23,21,0.544284462928772,0.6085833311080933,-0.3194020688533783,0.9242209792137146
23,22,0.4464416205883026,0.6296426057815552,-0.6851217150688171,0.934664249420166
23,23,0.5311093330383301,0.5937382578849792,0.12286306172609329,0.999045193195343
23,24,0.4535750150680542,0.5945541262626648,-0.1229083463549614,0.9994741678237915
23,25,0.506601870059967,0.7049281597137451,0.2030133754014969,0.7545785307884216
23,26,0.4658258259296417,0.7003536224365234,-0.1710287481546402,0.9539173245429993
23,27,0.4382511079311371,0.7960449457168579,0.4766612648963928,0.8037940263748169
23,28,0.4522874653339386,0.8046932220458984,-0.0039973631501197815,0.956686794757843
23,29,0.4113432466983795,0.8041497468948364,0.49418169260025024,0.7788439989089966
23,30,0.4418572187423706,0.8202587962150574,-0.00039896421367302537,0.826416015625
23,31,0.48310577869415283,0.8332688212394714,0.33572083711624146,0.8356649279594421
23,32,0.4995371401309967,0.8443096876144409,-0.23636864125728607,0.9552273154258728
24,0,0.5202654004096985,0.407263845205307,-0.8934012651443481,0.9999556541442871
24,1,0.5182881951332092,0.39694276452064514,-0.8526864051818848,0.9998835921287537
24,2,0.5209497809410095,0.3964954912662506,-0.8526983261108398,0.9998613595962524
24,3,0.5235016942024231,0.396064817905426,-0.8527169227600098,0.9998641610145569
24,4,0.5056565403938293,0.39789628982543945,-0.8935590982437134,0.9999088644981384
24,5,0.4984542727470398,0.39844435453414917,-0.8937628865242004,0.9999070763587952
24,6,0.4901427924633026,0.3991583287715912,-0.8938217759132385,0.9999127984046936
24,7,0.5160407423973083,0.3993047773838043,-0.5760883092880249,0.9995522499084473
24,8,0.4660594165325165,0.40387335419654846,-0.7647241950035095,0.9999076128005981
24,9,0.5232133865356445,0.41741853952407837,-0.7830473184585571,0.9999193549156189
24,10,0.5084384679794312,0.4204014837741852,-0.837510347366333,0.9999588131904602
24,11,0.5656309723854065,0.44849276542663574,-0.2765063941478729,0.9999530911445618
24,12,0.4059900641441345,0.4606001377105713,-0.6775886416435242,0.999968409538269
24,13,0.5709512829780579,0.5232833027839661,-0.16149049997329712,0.9410192370414734
24,14,0.40666061639785767,0.5486336946487427,-0.6750365495681763,0.9973284602165222
24,15,0.5639179348945618,0.5939185619354248,-0.3710945248603821,0.9663949012756348
24,16,0.42842957377433777,0.6181206703186035,-0.7883304953575134,0.9827684164047241
24,17,0.5624761581420898,0.6152461767196655,-0.429382860660553,0.9391804933547974
24,18,0.4282780885696411,0.6408258676528931,-0.873615026473999,0.9561106562614441
24,19,0.5479241013526917,0.6143444776535034,-0.49804580211639404,0.9423347115516663
24,20,0.44590067863464355,0.6372979879379272,-0.903897762298584,0.9553030133247375
24,21,0.544055163860321,0.6089671850204468,-0.40406787395477295,0.9267934560775757
24,22,0.4490315318107605,0.6295579075813293,-0.800578236579895,0.937813401222229
24,23,0.5310671329498291,0.5937861204147339,0.1393490582704544,0.9991061091423035
24,24,0.45351219177246094,0.5945831537246704,-0.13945640623569489,0.9995132088661194
24,25,0.5068449378013611,0.704323410987854,0.2997097969055176,0.7609387040138245
24,26,0.4687391519546509,0.6989293694496155,-0.24262981116771698,0.9557647109031677
24,27,0.4386768639087677,0.7957809567451477,0.6576094627380371,0.8119319081306458
24,28,0.45196935534477234,0.8046482801437378,-0.08806948363780975,0.9595299959182739
24,29,0.41380631923675537,0.8034132122993469,0.6828309297561646,0.7866710424423218
24,30,0.44020894169807434,0.8202319145202637,-0.08526498824357986,0.8312755823135376
24,31,0.4850572943687439,0.8324532508850098,0.5191704034805298,0.8444000482559204
24,32,0.5007315278053284,0.8440966606140137,-0.3434426188468933,0.9578517079353333
25,0,0.5200895667076111,0.40858539938926697,-0.9218631386756897,0.999957799911499
25,1,0.5181377530097961,0.397886723279953,-0.884309709072113,0.9998873472213745
25,2,0.5208612680435181,0.39736121892929077,-0.884332001209259,0.999866783618927
25,3,0.5234546661376953,0.39683279395103455,-0.8843770623207092,0.999869704246521
25,4,0.5054285526275635,0.3991119861602783,-0.9260736107826233,0.9999120235443115
25,5,0.4982219338417053,0.39968857169151306,-0.9262866377830505,0.9999107718467712
25,6,0.48990297317504883,0.400447279214859,-0.9264085292816162,0.9999157786369324
25,7,0.5151252150535583,0.4000313878059387,-0.6083072423934937,0.9995643496513367
25,8,0.4658909738063812,0.40507954359054565,-0.8004387021064758,0.9999098777770996
25,9,0.5231426954269409,0.4183374345302582,-0.809694230556488,0.9999240040779114
25,10,0.5083146095275879,0.4213835597038269,-0.8651715517044067,0.9999610781669617
25,11,0.5655525922775269,0.4484361708164215,-0.29304271936416626,0.999956488609314
25,12,0.4058762788772583,0.4606565833091736,-0.7001444697380066,0.9999703764915466
25,13,0.5757617354393005,0.5227979421615601,-0.18016673624515533,0.9443097710609436
25,14,0.3983251750469208,0.547505259513855,-0.6964281797409058,0.9974911212921143
25,15,0.5643929243087769,0.590579092502594,-0.4218269884586334,0.9681491255760193
25,16,0.4290720224380493,0.6137649416923523,-0.814661979675293,0.9838647842407227
25,17,0.5625414252281189,0.6108798980712891,-0.48691466450691223,0.9420999884605408
25,18,0.4302489459514618,0.6365725994110107,-0.9014968276023865,0.9588391184806824
25,19,0.5480111241340637,0.6091920733451843,-0.5550087094306946,0.9451225996017456
25,20,0.44805294275283813,0.6327325105667114,-0.9335652589797974,0.9580368399620056
25,21,0.5440579652786255,0.6044716238975525,-0.4552222788333893,0.9299629926681519
25,22,0.4508807361125946,0.6249955892562866,-0.8268494606018066,0.9410732388496399
25,23,0.531204342842102,0.5915833711624146,0.14857667684555054,0.9991452097892761
25,24,0.4533139169216156,0.5935345888137817,-0.14869651198387146,0.9995433688163757
25,25,0.5110610723495483,0.6982592940330505,0.29512694478034973,0.7628138661384583
25,26,0.4796244204044342,0.6907840967178345,-0.3049393892288208,0.9559745788574219
25,27,0.43837296962738037,0.7934563159942627,0.6553841829299927,0.8137269616127014
25,28,0.45242270827293396,0.804598331451416,-0.13035742938518524,0.9612517356872559
25,29,0.4145717918872833,0.8011455535888672,0.6802546381950378,0.7908834218978882
25,30,0.44034910202026367,0.8219043016433716,-0.1289374679327011,0.834089994430542
25,31,0.4841209352016449,0.8305380940437317,0.50736004114151,0.8485701084136963
25,32,0.504868745803833,0.8427339792251587,-0.37730517983436584,0.9593702554702759
26,0,0.5199723243713379,0.40981143712997437,-0.8921718001365662,0.9999591112136841
26,1,0.5180020928382874,0.39872869849205017,-0.8565998673439026,0.9998883605003357
26,2,0.5207677483558655,0.3982137441635132,-0.8566109538078308,0.9998687505722046
26,3,0.5234103202819824,0.39776772260665894,-0.8566598892211914,0.9998708367347717
26,4,0.5052590370178223,0.39995136857032776,-0.8953855633735657,0.9999135732650757
26,5,0.4980471730232239,0.4005674719810486,-0.895602822303772,0.9999129772186279
26,6,0.489732950925827,0.401248037815094,-0.8957130312919617,0.9999173879623413
26,7,0.5144919157028198,0.4001309871673584,-0.5838978886604309,0.9995648860931396
26,8,0.4658864736557007,0.40565118193626404,-0.7630602717399597,0.999912679195404
26,9,0.5229120850563049,0.4189326763153076,-0.779894232749939,0.9999274611473083
26,10,0.5082144737243652,0.42152470350265503,-0.8317716121673584,0.999963104724884
26,11,0.5653960108757019,0.4486764371395111,-0.2660454511642456,0.9999597072601318
26,12,0.40564408898353577,0.4603397846221924,-0.6576308608055115,0.9999725818634033
26,13,0.5761134624481201,0.5224910974502563,-0.16077418625354767,0.947977602481842
26,14,0.3911495506763458,0.5460236072540283,-0.6596408486366272,0.9976644515991211
26,15,0.5645921230316162,0.5888699293136597,-0.3976317048072815,0.969947099685669
26,16,0.4286697506904602,0.6103808283805847,-0.7760767340660095,0.9848834872245789
26,17,0.5620117783546448,0.6079531908035278,-0.4568665325641632,0.9449117183685303
26,18,0.4314819872379303,0.6352546215057373,-0.8580558896064758,0.961240828037262
26,19,0.5471818447113037,0.605693519115448,-0.5180773138999939,0.9477288126945496
26,20,0.44987720251083374,0.6290109753608704,-0.8813219666481018,0.9604263305664062
26,21,0.5430150628089905,0.6011893153190613,-0.42708396911621094,0.9327850937843323
26,22,0.4517422020435333,0.6218226552009583,-0.7839140295982361,0.9439018368721008
26,23,0.5311552286148071,0.5871263146400452,0.1498277485370636,0.9991574883460999
26,24,0.4526563286781311,0.5903345346450806,-0.14989890158176422,0.9995642304420471
26,25,0.5124737024307251,0.6925587058067322,0.2587023377418518,0.7533687949180603
26,26,0.4898272156715393,0.6814894676208496,-0.37341979146003723,0.9545934796333313
26,27,0.44283151626586914,0.7907990217208862,0.5437803864479065,0.8078137040138245
26,28,0.46048274636268616,0.8040517568588257,-0.25848251581192017,0.9618269205093384
26,29,0.4152182340621948,0.8017867803573608,0.5609920620918274,0.7893943190574646
26,30,0.4484756886959076,0.8220953941345215,-0.26088351011276245,0.8363525867462158
26,31,0.4858037233352661,0.8262676000595093,0.39071935415267944,0.8453693389892578
26,32,0.515195906162262,0.8382131457328796,-0.5317266583442688,0.9593932032585144
27,0,0.5190836191177368,0.415104478597641,-0.9621290564537048,0.9999550580978394
27,1,0.5170482397079468,0.40448808670043945,-0.9263508915901184,0.9998704791069031
27,2,0.5199604630470276,0.40365999937057495,-0.92637038230896,0.9998468160629272
27,3,0.5227868556976318,0.4028763175010681,-0.9264672994613647,0.9998487234115601
27,4,0.5041042566299438,0.40624889731407166,-0.9592705368995667,0.9999027848243713
27,5,0.49649912118911743,0.40699896216392517,-0.959492564201355,0.9999029636383057
27,6,0.48816871643066406,0.40754348039627075,-0.9596503973007202,0.999908983707428
27,7,0.5143764615058899,0.4032062590122223,-0.6456485390663147,0.9994818568229675
27,8,0.4642808139324188,0.4100162982940674,-0.7979789972305298,0.9999071359634399
27,9,0.5224937200546265,0.42410269379615784,-0.8461854457855225,0.9999247193336487
27,10,0.5074889659881592,0.42660364508628845,-0.8904352784156799,0.9999627470970154
27,11,0.5652673244476318,0.44873422384262085,-0.32078301906585693,0.9999625086784363
27,12,0.4057755768299103,0.4605250954627991,-0.6708901524543762,0.9999746084213257
27,13,0.5880022048950195,0.5223621129989624,-0.22463682293891907,0.951830267906189
27,14,0.36914682388305664,0.5397680997848511,-0.6830624938011169,0.9978007078170776
27,15,0.564740777015686,0.5844829678535461,-0.4742697477340698,0.9719592928886414
27,16,0.42842161655426025,0.5997278094291687,-0.8146604895591736,0.9857088923454285
27,17,0.5611433386802673,0.6020481586456299,-0.5352755188941956,0.9483435153961182
27,18,0.4326499402523041,0.6229540109634399,-0.8955966234207153,0.9630442261695862
27,19,0.5456345677375793,0.5983797311782837,-0.5904045701026917,0.9509031176567078
27,20,0.4508533775806427,0.616407036781311,-0.9165691137313843,0.9621267318725586
27,21,0.5422123670578003,0.5935672521591187,-0.5005924701690674,0.9362173676490784
27,22,0.4517236351966858,0.6099246144294739,-0.8216006755828857,0.9456903338432312
27,23,0.5314595699310303,0.576469898223877,0.14505773782730103,0.9991265535354614
27,24,0.4525534212589264,0.5820897221565247,-0.14511702954769135,0.9995636343955994
27,25,0.5171098709106445,0.6807376146316528,0.2033986896276474,0.722137987613678
27,26,0.5012925863265991,0.6796773672103882,-0.44353657960891724,0.9445298314094543
27,27,0.44789212942123413,0.7891627550125122,0.45881059765815735,0.7765160799026489
27,28,0.47074851393699646,0.8015134930610657,-0.33341413736343384,0.9574066400527954
27,29,0.4214976727962494,0.8022913932800293,0.47233307361602783,0.7656409740447998
27,30,0.4504920244216919,0.8200756907463074,-0.33505070209503174,0.8248608708381653
27,31,0.4928145110607147,0.8189619779586792,0.28511837124824524,0.8207309246063232
27,32,0.5135310888290405,0.8296245336532593,-0.6234285235404968,0.9537943005561829
28,0,0.5177525281906128,0.42805713415145874,-0.7518700361251831,0.9999560117721558
28,1,0.5150626301765442,0.4163081645965576,-0.724456787109375,0.9998725652694702
28,2,0.5180415511131287,0.415057510137558,-0.7244818210601807,0.9998497366905212
28,3,0.5208993554115295,0.4137582778930664,-0.724546492099762,0.999851405620575
28,4,0.502296507358551,0.4182785153388977,-0.7472534775733948,0.9999042749404907
28,5,0.49447333812713623,0.41882866621017456,-0.747430145740509,0.999904453754425
28,6,0.48596709966659546,0.41926366090774536,-0.7475216388702393,0.9999102354049683
28,7,0.5142463445663452,0.41130009293556213,-0.4671121835708618,0.9994964599609375
28,8,0.46337059140205383,0.42129436135292053,-0.5742200613021851,0.9999110102653503
28,9,0.5216646194458008,0.4357678294181824,-0.6430022120475769,0.9999280571937561
28,10,0.5067405700683594,0.4380315840244293,-0.6740432381629944,0.9999645948410034
28,11,0.5657411217689514,0.4509144723415375,-0.17294779419898987,0.9999658465385437
28,12,0.40572601556777954,0.46280160546302795,-0.4220286011695862,0.9999766945838928
28,13,0.6024781465530396,0.521724283695221,-0.07043560594320297,0.9556723833084106
28,14,0.3529874086380005,0.5375437140464783,-0.37094345688819885,0.9978922009468079
28,15,0.5665624141693115,0.5713890790939331,-0.3808142840862274,0.9739784002304077
28,16,0.42655712366104126,0.5882576704025269,-0.501725435256958,0.985896646976471
28,17,0.5615411400794983,0.5870113968849182,-0.4528290331363678,0.9517485499382019
28,18,0.4338851869106293,0.6089764833450317,-0.5605547428131104,0.9632230401039124
28,19,0.5457045435905457,0.5810331106185913,-0.48918530344963074,0.9541205167770386
28,20,0.452147901058197,0.601077675819397,-0.5906022191047668,0.9623150825500488
28,21,0.5423036217689514,0.5753060579299927,-0.3981371521949768,0.9398823976516724
28,22,0.4518482983112335,0.5951918363571167,-0.5094707012176514,0.9457762241363525
28,23,0.5316600203514099,0.577988862991333,0.13281391561031342,0.9991245269775391
28,24,0.4534927010536194,0.5837215185165405,-0.13277742266654968,0.9995680451393127
28,25,0.5215147733688354,0.6816809177398682,0.12704958021640778,0.70237797498703
28,26,0.5133139491081238,0.6804308891296387,-0.47566694021224976,0.9445388317108154
28,27,0.46658965945243835,0.7893587350845337,0.3006209433078766,0.7655541896820068
28,28,0.46898001432418823,0.7975367307662964,-0.42117348313331604,0.9567899703979492
28,29,0.44199591875076294,0.8065639734268188,0.3056633770465851,0.7588551640510559
28,30,0.44996631145477295,0.8137707710266113,-0.4265042543411255,0.8245806694030762
28,31,0.512114405632019,0.8207230567932129,0.12677887082099915,0.8123156428337097
28,32,0.5131301879882812,0.8274148106575012,-0.6790422201156616,0.9532755613327026
29,0,0.517716109752655,0.44131726026535034,-0.7445343732833862,0.999950647354126
29,1,0.5150355696678162,0.4294958710670471,-0.7201369404792786,0.9998588562011719
29,2,0.5180082321166992,0.4282347559928894,-0.7201744914054871,0.9998317360877991
29,3,0.5208588242530823,0.4268356263637543,-0.7202630639076233,0.9998375773429871
29,4,0.5022084712982178,0.4312267303466797,-0.7430247664451599,0.9998955130577087
29,5,0.49435776472091675,0.4314391613006592,-0.7432130575180054,0.999894917011261
29,6,0.48577117919921875,0.4316197335720062,-0.7432613968849182,0.9999047517776489
29,7,0.5144023895263672,0.42227768898010254,-0.4703156650066376,0.9994561672210693
29,8,0.4630683362483978,0.4319208562374115,-0.578986644744873,0.9999111890792847
29,9,0.5217177271842957,0.4482768177986145,-0.6371802687644958,0.9999253749847412
29,10,0.5067166090011597,0.4504428803920746,-0.6685231924057007,0.9999650120735168
29,11,0.566333532333374,0.4548436105251312,-0.18199875950813293,0.9999687075614929
29,12,0.4037129282951355,0.46935707330703735,-0.3977551758289337,0.9999784827232361
29,13,0.6204851269721985,0.518329918384552,-0.08383096754550934,0.9595449566841125
29,14,0.3367858827114105,0.5376451015472412,-0.33981797099113464,0.9979074597358704
29,15,0.5735063552856445,0.5582744479179382,-0.37071290612220764,0.9758198261260986
29,16,0.42646828293800354,0.5769599676132202,-0.4774784445762634,0.9855504631996155
29,17,0.5634785294532776,0.5730985999107361,-0.4361051917076111,0.9545568823814392
29,18,0.43730422854423523,0.5940669775009155,-0.534223735332489,0.9620929956436157
29,19,0.5471329092979431,0.5681484937667847,-0.4744073748588562,0.9566864371299744
29,20,0.45438557863235474,0.583378255367279,-0.5638884902000427,0.9612004160881042
29,21,0.544786274433136,0.5635318160057068,-0.3972468972206116,0.942643940448761
29,22,0.45280274748802185,0.577605128288269,-0.4840044379234314,0.9437523484230042
29,23,0.5317491292953491,0.5800287127494812,0.10392039269208908,0.9991723895072937
29,24,0.45235612988471985,0.5837010145187378,-0.10359123349189758,0.9995942711830139
29,25,0.5173693895339966,0.6878770589828491,0.08147042244672775,0.7008970379829407
29,26,0.5081762671470642,0.6335542798042297,-0.646516740322113,0.9470024108886719
29,27,0.4701024889945984,0.8028858304023743,0.23311534523963928,0.7707357406616211
29,28,0.4708026051521301,0.7561362385749817,-0.6352947950363159,0.9575843811035156
29,29,0.44586291909217834,0.8190059661865234,0.23484556376934052,0.762700617313385
29,30,0.45288538932800293,0.7718114256858826,-0.6411579847335815,0.8329907655715942
29,31,0.5211460590362549,0.8280099034309387,0.029271239414811134,0.8149694204330444
29,32,0.5088987946510315,0.7963791489601135,-0.899774432182312,0.9550839066505432
30,0,0.5167042016983032,0.45469552278518677,-0.6827617287635803,0.9999245405197144
30,1,0.5148321390151978,0.44267940521240234,-0.6634340286254883,0.9998264908790588
30,2,0.5179545283317566,0.44124168157577515,-0.6636486649513245,0.9997944831848145
30,3,0.5208150744438171,0.4396136403083801,-0.6639345288276672,0.9998001456260681
30,4,0.5017404556274414,0.4453052580356598,-0.6759814620018005,0.999856173992157
30,5,0.4939747750759125,0.4458708167076111,-0.6760463118553162,0.9998526573181152
30,6,0.4855920970439911,0.44635042548179626,-0.6759591102600098,0.9998752474784851
30,7,0.5156931281089783,0.4359557032585144,-0.4354589283466339,0.9993851780891418
30,8,0.4630454480648041,0.4463990330696106,-0.49560976028442383,0.9998854994773865
30,9,0.5216532349586487,0.4603061079978943,-0.5812665224075317,0.9999043941497803
30,10,0.5063362717628479,0.46427178382873535,-0.5989375710487366,0.9999570250511169
30,11,0.5677931308746338,0.46202927827835083,-0.18780794739723206,0.9999710917472839
30,12,0.4030928611755371,0.48158589005470276,-0.2627907991409302,0.9999733567237854
30,13,0.6345309615135193,0.5165048837661743,-0.1629088670015335,0.9627029299736023
30,14,0.31995663046836853,0.5386630296707153,-0.24351856112480164,0.9966291785240173
30,15,0.5795730948448181,0.5504558682441711,-0.38998666405677795,0.9770768880844116
30,16,0.42537134885787964,0.5689366459846497,-0.4511486887931824,0.9780012965202332
30,17,0.5639455318450928,0.5633902549743652,-0.44627267122268677,0.9564628005027771
30,18,0.4408176839351654,0.5802552103996277,-0.5010566115379333,0.949457585811615
30,19,0.5480136871337891,0.5578026175498962,-0.4758344292640686,0.9582960605621338
30,20,0.4564956724643707,0.5687813758850098,-0.5216097235679626,0.948869526386261
30,21,0.5480049252510071,0.5540050268173218,-0.40293440222740173,0.943677544593811
30,22,0.4536799490451813,0.5644295811653137,-0.45469146966934204,0.9273186326026917
30,23,0.5316488742828369,0.5813249349594116,0.023205555975437164,0.9992143511772156
30,24,0.44908252358436584,0.5820423364639282,-0.022458873689174652,0.9996063709259033
30,25,0.5105958580970764,0.6915898323059082,0.04843345656991005,0.7210515737533569
30,26,0.45802992582321167,0.5924277305603027,-0.8276963829994202,0.9451079368591309
30,27,0.46948209404945374,0.8048208951950073,0.14966529607772827,0.7770727872848511
30,28,0.4815983176231384,0.6530731916427612,-1.1517901420593262,0.9449779391288757
30,29,0.444065123796463,0.8202031254768372,0.1460200995206833,0.7611144781112671
30,30,0.4850163757801056,0.6729918122291565,-1.1882150173187256,0.8347043991088867
30,31,0.5179717540740967,0.8303020596504211,-0.037493351846933365,0.8172938823699951
30,32,0.5085268616676331,0.6459966897964478,-1.4308297634124756,0.9556559324264526
31,0,0.5142503380775452,0.4689956605434418,-0.708719789981842,0.9998322129249573
31,1,0.5138653516769409,0.4569781422615051,-0.6930742263793945,0.9997001886367798
31,2,0.5172800421714783,0.45535174012184143,-0.6932485699653625,0.9996464848518372
31,3,0.5205938816070557,0.4535094201564789,-0.6935178637504578,0.9996652007102966
31,4,0.49980223178863525,0.4599860608577728,-0.7053677439689636,0.9997259974479675
31,5,0.49213820695877075,0.46057072281837463,-0.7054650187492371,0.9996970891952515
31,6,0.4844608008861542,0.46101611852645874,-0.705414891242981,0.9997619390487671
31,7,0.516893744468689,0.4487181305885315,-0.43720126152038574,0.9991616606712341
31,8,0.46306711435317993,0.45981574058532715,-0.5296968221664429,0.9998080134391785
31,9,0.521079957485199,0.4740431308746338,-0.6095496416091919,0.9997993111610413
31,10,0.5055882930755615,0.4771638512611389,-0.6255801320075989,0.9999130368232727
31,11,0.5704038143157959,0.46963977813720703,-0.25335264205932617,0.9999715089797974
31,12,0.4030149281024933,0.4862395226955414,-0.28921085596084595,0.9999521374702454
31,13,0.6418811082839966,0.5143500566482544,-0.28044387698173523,0.9653140306472778
31,14,0.3055439293384552,0.5386956930160522,-0.32002246379852295,0.994770348072052
31,15,0.5800347924232483,0.5468940138816833,-0.5167301297187805,0.9775425791740417
31,16,0.41748887300491333,0.5610480308532715,-0.4921979606151581,0.9675573706626892
31,17,0.560389518737793,0.5595468282699585,-0.5691143870353699,0.9568042159080505
31,18,0.4403635263442993,0.5723527669906616,-0.5787897109985352,0.9318932294845581
31,19,0.5470931529998779,0.5532113313674927,-0.5873972177505493,0.9582429528236389
31,20,0.4560810923576355,0.5623019933700562,-0.6042746901512146,0.9310708045959473
31,21,0.5479750633239746,0.5496442914009094,-0.5229741334915161,0.9422426819801331
31,22,0.45222410559654236,0.5596063137054443,-0.5179726481437683,0.9048090577125549
31,23,0.5293977856636047,0.5839536190032959,0.01118125393986702,0.9992201328277588
31,24,0.4444724917411804,0.5811470150947571,-0.010471527464687824,0.9995605945587158
31,25,0.5163798332214355,0.7021116018295288,-0.016201119869947433,0.7386943697929382
31,26,0.43612849712371826,0.5676829218864441,-0.7722522020339966,0.9367841482162476
31,27,0.4701278805732727,0.8038884401321411,0.01567912846803665,0.7830766439437866
31,28,0.49915072321891785,0.619124710559845,-1.0353366136550903,0.9089145660400391
31,29,0.4460788369178772,0.8196815252304077,0.006089664064347744,0.7680663466453552
31,30,0.5151341557502747,0.6392408609390259,-1.064490556716919,0.8324312567710876
31,31,0.5212751030921936,0.830795168876648,-0.1631397008895874,0.8225302696228027
31,32,0.515559196472168,0.6065216064453125,-1.264217495918274,0.9507051110267639
32,0,0.5131216049194336,0.48083657026290894,-0.7948242425918579,0.9997681379318237
32,1,0.5131953954696655,0.4686453938484192,-0.7780855894088745,0.999617338180542
32,2,0.5167252421379089,0.4665546417236328,-0.7782829403877258,0.999546229839325
32,3,0.5202891230583191,0.4642035961151123,-0.7786224484443665,0.9995717406272888
32,4,0.4985828697681427,0.47175082564353943,-0.7872268557548523,0.9996429681777954
32,5,0.49106404185295105,0.4719497263431549,-0.7873308062553406,0.9995983242988586
32,6,0.48374056816101074,0.4719918370246887,-0.7872306704521179,0.9996969699859619
32,7,0.517089307308197,0.45798459649086,-0.5401330590248108,0.9990480542182922
32,8,0.4631744921207428,0.4700983166694641,-0.5757393836975098,0.9997812509536743
32,9,0.5209606885910034,0.4858396053314209,-0.691413938999176,0.9997410774230957
32,10,0.5054186582565308,0.4881366789340973,-0.7016459703445435,0.9998897314071655
32,11,0.5721399784088135,0.4765138030052185,-0.29873889684677124,0.9999716877937317
32,12,0.402070015668869,0.4933690130710602,-0.358528733253479,0.9999299049377441
32,13,0.649497389793396,0.5141119360923767,-0.34339216351509094,0.9681207537651062
32,14,0.2976704239845276,0.5390959978103638,-0.34876590967178345,0.994074821472168
32,15,0.5802304744720459,0.5438154339790344,-0.5969610214233398,0.9777712821960449
32,16,0.4169321358203888,0.5570809245109558,-0.6126571297645569,0.9615925550460815
32,17,0.5602415204048157,0.5543227791786194,-0.6481117010116577,0.9561053514480591
32,18,0.4431135058403015,0.5630214810371399,-0.6629248857498169,0.9195674061775208
32,19,0.5476596355438232,0.5482243895530701,-0.6622921228408813,0.9569611549377441
32,20,0.45628970861434937,0.5548219084739685,-0.6614986658096313,0.9180043339729309
32,21,0.5502564907073975,0.5446828603744507,-0.6031198501586914,0.9390762448310852
32,22,0.45214012265205383,0.552717387676239,-0.6119772791862488,0.887998640537262
32,23,0.5233078598976135,0.5897814035415649,0.027390819042921066,0.9992353916168213
32,24,0.43799811601638794,0.5819253921508789,-0.026797275990247726,0.9995061159133911
32,25,0.5099393129348755,0.7048329710960388,-0.01878218725323677,0.7556259036064148
32,26,0.4427465796470642,0.5613957643508911,-0.7075015306472778,0.931195855140686
32,27,0.46923404932022095,0.8051775693893433,0.01660647988319397,0.7943714261054993
32,28,0.5032609105110168,0.6232950091362,-0.8879822492599487,0.8873887062072754
32,29,0.44519853591918945,0.8201245069503784,0.0074010007083415985,0.7810443043708801
32,30,0.5152102708816528,0.6457159519195557,-0.9096189141273499,0.8375179171562195
32,31,0.5225842595100403,0.8311275243759155,-0.1573522388935089,0.8322436809539795
32,32,0.5224443078041077,0.6143631339073181,-1.094597578048706,0.9483380913734436
33,0,0.5124465227127075,0.48425549268722534,-1.182934284210205,0.9997268319129944
33,1,0.5130739808082581,0.4727303981781006,-1.1636359691619873,0.9995740056037903
33,2,0.5167070627212524,0.4711011052131653,-1.163899540901184,0.9995095729827881
33,3,0.5202659964561462,0.4692929685115814,-1.1643579006195068,0.9995220303535461
33,4,0.49811893701553345,0.4755842089653015,-1.1747241020202637,0.9995958805084229
33,5,0.4903365969657898,0.4760337769985199,-1.1748582124710083,0.9995526075363159
33,6,0.483060359954834,0.47631993889808655,-1.174698829650879,0.9996647834777832
33,7,0.5190936923027039,0.46398645639419556,-0.8902899622917175,0.9990169405937195
33,8,0.46316948533058167,0.474621057510376,-0.9385101199150085,0.9997843503952026
33,9,0.5207366347312927,0.48990029096603394,-1.0638457536697388,0.9997313618659973
33,10,0.5049843788146973,0.49225297570228577,-1.0772955417633057,0.9998804330825806
33,11,0.5729131698608398,0.4788975715637207,-0.585016131401062,0.9999726414680481
33,12,0.40096813440322876,0.4967476427555084,-0.6372684836387634,0.9999054074287415
33,13,0.6528069972991943,0.5123902559280396,-0.6914929151535034,0.9712423086166382
33,14,0.29645803570747375,0.5396806001663208,-0.6964842081069946,0.9944973587989807
33,15,0.5854012966156006,0.5411900281906128,-0.9624775648117065,0.9795184135437012
33,16,0.41387054324150085,0.5575183629989624,-0.9452602863311768,0.962821900844574
33,17,0.562955915927887,0.5514411330223083,-1.0323207378387451,0.9590361714363098
33,18,0.4427444338798523,0.5614629983901978,-1.0059164762496948,0.9211854934692383
33,19,0.5516431331634521,0.5453606247901917,-1.0604904890060425,0.9597454071044922
33,20,0.45597898960113525,0.5541448593139648,-1.0154399871826172,0.9192912578582764
33,21,0.5551772713661194,0.5425595641136169,-0.9772595167160034,0.9425218105316162
33,22,0.44967207312583923,0.5524376034736633,-0.9464548826217651,0.8896741271018982
33,23,0.5204592943191528,0.5903103947639465,0.027853306382894516,0.9992265105247498
33,24,0.43091022968292236,0.5825001001358032,-0.027293462306261063,0.9994437098503113
33,25,0.505890429019928,0.7051503658294678,-0.04565569385886192,0.7787531018257141
33,26,0.44202300906181335,0.582679808139801,-0.8118733763694763,0.9351927638053894
33,27,0.4686198830604553,0.804660975933075,-0.029917242005467415,0.812666654586792
33,28,0.49973154067993164,0.6366397738456726,-1.063192367553711,0.8846045136451721
33,29,0.44522395730018616,0.8193883895874023,-0.047326866537332535,0.8003925681114197
33,30,0.509921669960022,0.6626596450805664,-1.0978095531463623,0.851319432258606
33,31,0.5224015712738037,0.8277949094772339,-0.19659096002578735,0.8473188281059265
33,32,0.5215144753456116,0.6146013140678406,-1.267056941986084,0.9523316025733948
34,0,0.5124133825302124,0.48388439416885376,-0.9875239729881287,0.9997096657752991
34,1,0.5130929946899414,0.4718896746635437,-0.9694505333900452,0.9995659589767456
34,2,0.5167340636253357,0.47023192048072815,-0.9697052240371704,0.9995085597038269
34,3,0.5203758478164673,0.4684106409549713,-0.9700934290885925,0.9995091557502747
34,4,0.49812206625938416,0.47468656301498413,-0.9797189235687256,0.9995843768119812
34,5,0.4903267025947571,0.4750758111476898,-0.9797900915145874,0.9995427131652832
34,6,0.4830034375190735,0.47523418068885803,-0.9796102046966553,0.9996572732925415
34,7,0.5201027393341064,0.4625696539878845,-0.720066249370575,0.9990174770355225
34,8,0.4632364511489868,0.47313299775123596,-0.7677287459373474,0.9997876286506653
34,9,0.5207056999206543,0.48938417434692383,-0.8778142333030701,0.9997113943099976
34,10,0.5049275159835815,0.49156132340431213,-0.890894889831543,0.9998700618743896
34,11,0.5730172991752625,0.4787994921207428,-0.4581315815448761,0.9999735951423645
34,12,0.3990532457828522,0.4960126280784607,-0.5970498323440552,0.9998884797096252
34,13,0.6497031450271606,0.5115945935249329,-0.5715274214744568,0.9739896655082703
34,14,0.2983323931694031,0.5397630929946899,-0.5532896518707275,0.9948430061340332
34,15,0.5858665108680725,0.5421838760375977,-0.866269588470459,0.9809828400611877
34,16,0.41357681155204773,0.5573114156723022,-0.8094273805618286,0.9649187922477722
34,17,0.5632736682891846,0.5522655248641968,-0.9331904649734497,0.9615049958229065
34,18,0.4424484372138977,0.5634833574295044,-0.8672292232513428,0.9251206517219543
34,19,0.5526314377784729,0.5454752445220947,-0.9606319665908813,0.9620944857597351
34,20,0.45591554045677185,0.5550044178962708,-0.8726999759674072,0.9231268763542175
34,21,0.5557405352592468,0.5427564978599548,-0.8797966837882996,0.9453103542327881
34,22,0.44947755336761475,0.5530637502670288,-0.8087002038955688,0.8938884735107422
34,23,0.5183700323104858,0.5902190804481506,0.017837347462773323,0.9992220401763916
34,24,0.4264768958091736,0.5826572775840759,-0.017299609258770943,0.9994231462478638
34,25,0.5041994452476501,0.7047419548034668,-0.015489041805267334,0.7990018725395203
34,26,0.43637165427207947,0.5767794847488403,-0.8213099837303162,0.9386880397796631
34,27,0.4682018756866455,0.8043152093887329,-0.0019713211804628372,0.8250219225883484
34,28,0.5119086503982544,0.6152371168136597,-1.1855939626693726,0.8790664672851562
34,29,0.4447718858718872,0.8192402124404907,-0.016686515882611275,0.8157489895820618
34,30,0.5255482792854309,0.6416767239570618,-1.2281221151351929,0.8634665608406067
34,31,0.521317720413208,0.8202852010726929,-0.143512561917305,0.8591126799583435
34,32,0.5392521619796753,0.583797812461853,-1.387254238128662,0.9559444189071655
35,0,0.5142651200294495,0.4778512418270111,-0.9227771162986755,0.9996808171272278
35,1,0.5146757364273071,0.46667781472206116,-0.9028177857398987,0.9995410442352295
35,2,0.517913281917572,0.4651854634284973,-0.9030236005783081,0.9994853138923645
35,3,0.521168053150177,0.4635501801967621,-0.9033476710319519,0.9994784593582153
35,4,0.5011556148529053,0.469209760427475,-0.917348325252533,0.9995574951171875
35,5,0.493708074092865,0.46959787607192993,-0.9174425601959229,0.9995169639587402
35,6,0.48604175448417664,0.46984735131263733,-0.9173272252082825,0.9996442794799805
35,7,0.5201292037963867,0.45807570219039917,-0.6610857844352722,0.9989485740661621
35,8,0.46415722370147705,0.4677644670009613,-0.7236636877059937,0.9997804164886475
35,9,0.5214517116546631,0.4831322729587555,-0.8154937624931335,0.9997000694274902
35,10,0.5058663487434387,0.48614639043807983,-0.8347151875495911,0.9998646378517151
35,11,0.5729231238365173,0.4769422113895416,-0.4106239378452301,0.9999753832817078
35,12,0.39847129583358765,0.4926418364048004,-0.49139204621315,0.9998881816864014
35,13,0.6481214165687561,0.5107301473617554,-0.4464525580406189,0.9764539003372192
35,14,0.2983872592449188,0.5395210981369019,-0.4456334114074707,0.9951469302177429
35,15,0.5866895318031311,0.5447134375572205,-0.689141571521759,0.9823589324951172
35,16,0.41501569747924805,0.55923992395401,-0.650938868522644,0.9667801856994629
35,17,0.5652475953102112,0.5560144186019897,-0.7493318319320679,0.9634873867034912
35,18,0.44240790605545044,0.5689733028411865,-0.6955654621124268,0.9278483390808105
35,19,0.5549420118331909,0.549693763256073,-0.7827253341674805,0.9640491008758545
35,20,0.4574911296367645,0.560495913028717,-0.7072696685791016,0.9260178804397583
35,21,0.5572232604026794,0.5462886095046997,-0.7038225531578064,0.9475446939468384
35,22,0.44981467723846436,0.5577455163002014,-0.6492006778717041,0.8966405391693115
35,23,0.5150022506713867,0.5901997089385986,0.019706562161445618,0.9992252588272095
35,24,0.42552727460861206,0.5829954743385315,-0.01925494149327278,0.9994423985481262
35,25,0.5024487972259521,0.7031875848770142,0.012157687917351723,0.8153226971626282
35,26,0.44126421213150024,0.5871550440788269,-0.822495698928833,0.9402378797531128
35,27,0.4697352945804596,0.8041035532951355,0.07629241049289703,0.8313177227973938
35,28,0.5056282877922058,0.6496840715408325,-1.1843997240066528,0.8741061091423035
35,29,0.4447937309741974,0.8190544247627258,0.06711361557245255,0.8213114142417908
35,30,0.5136743783950806,0.6742583513259888,-1.2279635667800903,0.8690497875213623
35,31,0.5229865312576294,0.8135282397270203,-0.08328460156917572,0.8654678463935852
35,32,0.5339491367340088,0.6330621838569641,-1.4278416633605957,0.9583291411399841
36,0,0.5148073434829712,0.4745166301727295,-0.6903930306434631,0.9996846914291382
36,1,0.5149719715118408,0.46254128217697144,-0.6678615808486938,0.9995333552360535
36,2,0.5180997848510742,0.4610905051231384,-0.6679803729057312,0.999469518661499
36,3,0.5213000178337097,0.4595910608768463,-0.668192446231842,0.9994753003120422
36,4,0.50154709815979,0.46534356474876404,-0.6838798522949219,0.9995575547218323
36,5,0.4940425157546997,0.46593576669692993,-0.6840285658836365,0.9995138645172119
36,6,0.4862080514431,0.46635302901268005,-0.6840180158615112,0.9996444582939148
36,7,0.5200900435447693,0.4570191502571106,-0.4451266825199127,0.998938798904419
36,8,0.46415573358535767,0.46568530797958374,-0.5193064212799072,0.9997822046279907
36,9,0.5215590000152588,0.4807988107204437,-0.5937269330024719,0.9997049570083618
36,10,0.5059768557548523,0.48229989409446716,-0.6155446171760559,0.999868631362915
36,11,0.572807252407074,0.47546544671058655,-0.2075604349374771,0.9999773502349854
36,12,0.3984624743461609,0.48757433891296387,-0.32180240750312805,0.9998960494995117
36,13,0.6454970240592957,0.5109524130821228,-0.06768651306629181,0.9784192442893982
36,14,0.30317655205726624,0.5372461080551147,-0.25098899006843567,0.9949402809143066
36,15,0.5864067077636719,0.5458383560180664,-0.18566393852233887,0.9834173321723938
36,16,0.41512027382850647,0.5613775849342346,-0.36405229568481445,0.9652186632156372
36,17,0.5652201771736145,0.55762779712677,-0.22447465360164642,0.9646166563034058
36,18,0.44232210516929626,0.5723434686660767,-0.4043548107147217,0.9231159687042236
36,19,0.5535556077957153,0.5504586696624756,-0.2508036196231842,0.9651077389717102
36,20,0.4572775959968567,0.5639297962188721,-0.4297557771205902,0.9217087626457214
36,21,0.5549589991569519,0.5475494265556335,-0.19305922091007233,0.948639988899231
36,22,0.4498111605644226,0.5609672665596008,-0.3678302466869354,0.8907990455627441
36,23,0.5141535997390747,0.5902020335197449,0.02451419271528721,0.9992291927337646
36,24,0.4271869957447052,0.5831245183944702,-0.02367813140153885,0.9994592666625977
36,25,0.4956493079662323,0.6989814043045044,0.022844115272164345,0.8096041083335876
36,26,0.46880248188972473,0.594718337059021,-0.6878397464752197,0.9391735792160034
36,27,0.4694274365901947,0.8026660084724426,0.09710387885570526,0.8251369595527649
36,28,0.5050198435783386,0.714028000831604,-0.723764181137085,0.8751223087310791
36,29,0.44402897357940674,0.8169316053390503,0.10261242836713791,0.8155665993690491
36,30,0.5002191662788391,0.7308981418609619,-0.7322234511375427,0.8635228872299194
36,31,0.5221323370933533,0.8146693110466003,-0.05895280838012695,0.8573367595672607
36,32,0.5315645933151245,0.7460355162620544,-0.9758110642433167,0.9549345970153809
37,0,0.5145071744918823,0.46303504705429077,-0.7641366720199585,0.9997104406356812
37,1,0.5145696997642517,0.4518354833126068,-0.7441169619560242,0.9995678663253784
37,2,0.5176365971565247,0.45048943161964417,-0.744199275970459,0.9995063543319702
37,3,0.5208718180656433,0.44894546270370483,-0.7443801760673523,0.9995140433311462
37,4,0.5012661814689636,0.4533213973045349,-0.7583650946617126,0.9995929598808289
37,5,0.4937524199485779,0.4531329274177551,-0.7585338950157166,0.9995517134666443
37,6,0.4857967495918274,0.4528173804283142,-0.7585453391075134,0.9996722340583801
37,7,0.5193445086479187,0.4420137405395508,-0.516650378704071,0.9990116357803345
37,8,0.46382269263267517,0.45054465532302856,-0.585227906703949,0.9997975826263428
37,9,0.5206751227378845,0.46892380714416504,-0.6656545996665955,0.9997290372848511
37,10,0.5050762295722961,0.4691062569618225,-0.6852437257766724,0.9998794198036194
37,11,0.5724189877510071,0.4723370671272278,-0.26165807247161865,0.9999793171882629
37,12,0.39824727177619934,0.477531373500824,-0.3798466920852661,0.9999059438705444
37,13,0.6452586054801941,0.5113617181777954,-0.12515531480312347,0.9803322553634644
37,14,0.3081519305706024,0.535361647605896,-0.30831316113471985,0.995170533657074
37,15,0.5863049626350403,0.550111711025238,-0.2567988932132721,0.9845740795135498
37,16,0.4169278144836426,0.5644381046295166,-0.42438751459121704,0.9671397805213928
37,17,0.5663067698478699,0.5661057233810425,-0.29878345131874084,0.9665704965591431
37,18,0.4421693682670593,0.5813328623771667,-0.472976416349411,0.9258227348327637
37,19,0.5534994006156921,0.5619342923164368,-0.3354581892490387,0.9670695662498474
37,20,0.4570821523666382,0.5731286406517029,-0.49897995591163635,0.9246090054512024
37,21,0.5547612905502319,0.557478129863739,-0.2686457931995392,0.951235294342041
37,22,0.4498608112335205,0.5682122111320496,-0.42979001998901367,0.8946718573570251
37,23,0.5147000551223755,0.5794107913970947,0.04042135924100876,0.9992235898971558
37,24,0.4279624819755554,0.5797414183616638,-0.04011496528983116,0.9994759559631348
37,25,0.5032199621200562,0.6856771111488342,0.001128656673245132,0.7642972469329834
37,26,0.47042885422706604,0.6556293368339539,-0.5542483925819397,0.9179967045783997
37,27,0.47602182626724243,0.7886945009231567,0.09782030433416367,0.7721678614616394
37,28,0.47756335139274597,0.7787303924560547,-0.5848506689071655,0.8685803413391113
37,29,0.44615864753723145,0.8110127449035645,0.09802989661693573,0.7677822709083557
37,30,0.45634186267852783,0.8011263608932495,-0.5965632200241089,0.8390358090400696
37,31,0.5307055711746216,0.8161031007766724,-0.09616564959287643,0.8144014477729797
37,32,0.5078898668289185,0.8109502792358398,-0.870542049407959,0.9447125792503357
38,0,0.5141547918319702,0.44688791036605835,-0.878815233707428,0.9997368454933167
38,1,0.5137977600097656,0.43626007437705994,-0.8531560301780701,0.9996033906936646
38,2,0.5166945457458496,0.43515509366989136,-0.8531305193901062,0.9995460510253906
38,3,0.5196532607078552,0.43386226892471313,-0.8532384037971497,0.9995543956756592
38,4,0.5009048581123352,0.4372790455818176,-0.8762345910072327,0.9996281862258911
38,5,0.4933554232120514,0.4369577467441559,-0.8764550685882568,0.9995902180671692
38,6,0.4852152466773987,0.4366561472415924,-0.8765193223953247,0.999699592590332
38,7,0.5160259008407593,0.4289347529411316,-0.5920339822769165,0.9990931153297424
38,8,0.462304949760437,0.4357108175754547,-0.6995452642440796,0.9998128414154053
38,9,0.5191395878791809,0.4541656970977783,-0.7677300572395325,0.9997537136077881
38,10,0.5038384199142456,0.45581507682800293,-0.7990630865097046,0.9998900890350342
38,11,0.5686517357826233,0.4646522104740143,-0.2668088674545288,0.9999811053276062
38,12,0.3980560600757599,0.46907657384872437,-0.5149227976799011,0.9999148845672607
38,13,0.6371496915817261,0.513428807258606,-0.172747403383255,0.9820858836174011
38,14,0.3227563202381134,0.5329910516738892,-0.45079168677330017,0.9955328702926636
38,15,0.5866732001304626,0.5598193407058716,-0.38404929637908936,0.9858003854751587
38,16,0.41778361797332764,0.5732162594795227,-0.5636961460113525,0.969215452671051
38,17,0.5698484182357788,0.5764204263687134,-0.4391078054904938,0.9689350128173828
38,18,0.44089165329933167,0.5953145623207092,-0.6345670223236084,0.9296568036079407
38,19,0.556666374206543,0.571426272392273,-0.48270606994628906,0.969415009021759
38,20,0.45697012543678284,0.590783953666687,-0.6788778305053711,0.9284311532974243
38,21,0.5575580596923828,0.5658377408981323,-0.40219390392303467,0.9545637965202332
38,22,0.450335830450058,0.5846433639526367,-0.5813830494880676,0.899509847164154
38,23,0.5149030685424805,0.5829084515571594,0.08042944967746735,0.9991869330406189
38,24,0.43192631006240845,0.5849214792251587,-0.08031689375638962,0.9994604587554932
38,25,0.5033435225486755,0.6880396604537964,0.012238468043506145,0.736817479133606
38,26,0.4703156650066376,0.6904728412628174,-0.409363329410553,0.913460910320282
38,27,0.47582462430000305,0.7905113697052002,0.15068332850933075,0.7498595714569092
38,28,0.46699005365371704,0.8051779866218567,-0.36869552731513977,0.8705199360847473
38,29,0.4468874931335449,0.811111330986023,0.1547427773475647,0.7468542456626892
38,30,0.4472419321537018,0.8248858451843262,-0.37778279185295105,0.8313619494438171
38,31,0.5292325615882874,0.8190021514892578,-0.05850553512573242,0.7992011308670044
38,32,0.49849921464920044,0.8265774846076965,-0.6505275964736938,0.9387924075126648
39,0,0.5138186812400818,0.4325076639652252,-0.896152913570404,0.9997612237930298
39,1,0.5135648250579834,0.4217464029788971,-0.868655800819397,0.9996367692947388
39,2,0.5164507031440735,0.42066797614097595,-0.8686198592185974,0.9995834231376648
39,3,0.5193744897842407,0.4195508360862732,-0.8687003254890442,0.9995917081832886
39,4,0.5006043314933777,0.422982394695282,-0.8944908380508423,0.9996610283851624
39,5,0.49318727850914,0.4228645861148834,-0.8947056531906128,0.999626636505127
39,6,0.4851987957954407,0.4225526750087738,-0.8947854042053223,0.9997256398200989
39,7,0.5149885416030884,0.41657909750938416,-0.6067395806312561,0.9991617202758789
39,8,0.4621812701225281,0.4212067723274231,-0.7297439575195312,0.9998281002044678
39,9,0.5180734992027283,0.4395948052406311,-0.7857606410980225,0.9997756481170654
39,10,0.5028862953186035,0.44101983308792114,-0.8213539123535156,0.9998998045921326
39,11,0.5659334659576416,0.4557039141654968,-0.27536219358444214,0.999982476234436
39,12,0.3981480598449707,0.4616520404815674,-0.5723801255226135,0.9999229311943054
39,13,0.6138925552368164,0.5144477486610413,-0.17811384797096252,0.9833149313926697
39,14,0.33140963315963745,0.5312181711196899,-0.5546278357505798,0.9959094524383545
39,15,0.5864266753196716,0.571959376335144,-0.3887128531932831,0.986793041229248
39,16,0.4178818166255951,0.5807268619537354,-0.6778402328491211,0.9716287851333618
39,17,0.571617603302002,0.589920699596405,-0.44333016872406006,0.9709542393684387
39,18,0.4366386830806732,0.6045035123825073,-0.7457537055015564,0.9346374869346619
39,19,0.5575786232948303,0.5852887630462646,-0.49658626317977905,0.9714241027832031
39,20,0.4545995593070984,0.6009944081306458,-0.7746670842170715,0.93342524766922
39,21,0.5580820441246033,0.5797489881515503,-0.41200700402259827,0.9574766755104065
39,22,0.4500540792942047,0.5934109091758728,-0.6871619820594788,0.9061893224716187
39,23,0.5182425379753113,0.578773021697998,0.09967949986457825,0.9992186427116394
39,24,0.4362015724182129,0.5831795930862427,-0.09965918958187103,0.9994820952415466
39,25,0.503498911857605,0.6864867806434631,0.026900386437773705,0.7195855975151062
39,26,0.4696044921875,0.6822327375411987,-0.3427591323852539,0.911001980304718
39,27,0.47570618987083435,0.791674017906189,0.17680507898330688,0.73947674036026
39,28,0.4626181423664093,0.8050181269645691,-0.29965174198150635,0.8759699463844299
39,29,0.44885462522506714,0.8112329244613647,0.18117564916610718,0.7351524829864502
39,30,0.44748926162719727,0.8255795240402222,-0.30819955468177795,0.8262973427772522
39,31,0.5277845859527588,0.823529839515686,-0.012624617666006088,0.7949967980384827
39,32,0.5003385543823242,0.8340495824813843,-0.5704495310783386,0.9365727305412292
40,0,0.5110301375389099,0.4193958342075348,-0.8681473731994629,0.9997825622558594
40,1,0.5116710662841797,0.40867772698402405,-0.82790207862854,0.999663770198822
40,2,0.5149275660514832,0.40816402435302734,-0.8278526067733765,0.9996140003204346
40,3,0.5180543065071106,0.40754228830337524,-0.8278228044509888,0.9996216297149658
40,4,0.4978902041912079,0.4094424843788147,-0.8690087199211121,0.9996880888938904
40,5,0.490648478269577,0.4093529284000397,-0.869224488735199,0.9996568560600281
40,6,0.4825615882873535,0.4093855917453766,-0.8694088459014893,0.9997463226318359
40,7,0.5135815739631653,0.4065697193145752,-0.5496448278427124,0.9992057681083679
40,8,0.45943981409072876,0.40994930267333984,-0.7080107927322388,0.9998377561569214
40,9,0.5146738886833191,0.4279811978340149,-0.7531565427780151,0.9997944831848145
40,10,0.49853184819221497,0.42931443452835083,-0.8207345604896545,0.9999081492424011
40,11,0.5627703666687012,0.4489530622959137,-0.24590468406677246,0.999983012676239
40,12,0.39824703335762024,0.45587700605392456,-0.5844799280166626,0.9999297261238098
40,13,0.6028990149497986,0.5156065225601196,-0.16419100761413574,0.9836449027061462
40,14,0.3439871370792389,0.5279669165611267,-0.6084733605384827,0.9962188005447388
40,15,0.5859292149543762,0.5791815519332886,-0.41759684681892395,0.9872023463249207
40,16,0.41716766357421875,0.5862420797348022,-0.7554254531860352,0.9736604690551758
40,17,0.5727506279945374,0.6003063321113586,-0.47828882932662964,0.9717935919761658
40,18,0.4287966787815094,0.6106109619140625,-0.8416098952293396,0.9389339685440063
40,19,0.5575252771377563,0.5975139737129211,-0.5049847364425659,0.9722926616668701
40,20,0.45054197311401367,0.6083433628082275,-0.8662623167037964,0.9377238154411316
40,21,0.5579565167427063,0.5917850136756897,-0.4421069622039795,0.9587743878364563
40,22,0.44888123869895935,0.5997475385665894,-0.7649812698364258,0.9117375016212463
40,23,0.522329568862915,0.5823836326599121,0.1297585815191269,0.9991497993469238
40,24,0.4398600161075592,0.584827721118927,-0.12973792850971222,0.9994847774505615
40,25,0.5036077499389648,0.6878608465194702,0.23531955480575562,0.712477445602417
40,26,0.46960440278053284,0.6834124326705933,-0.3500390350818634,0.913842499256134
40,27,0.4618290662765503,0.7925437092781067,0.5131648778915405,0.7383466362953186
40,28,0.45990288257598877,0.8068171739578247,-0.2558261454105377,0.884364128112793
40,29,0.4331134259700775,0.8089666366577148,0.5288702845573425,0.7358624339103699
40,30,0.44833123683929443,0.8303055763244629,-0.26025909185409546,0.8288021087646484
40,31,0.5060460567474365,0.8268648982048035,0.3472863733768463,0.7959228754043579
40,32,0.5029988884925842,0.8416155576705933,-0.5404887795448303,0.9380666017532349
41,0,0.5102619528770447,0.4116266667842865,-0.9063217043876648,0.9998037815093994
41,1,0.5109864473342896,0.40080732107162476,-0.8680158257484436,0.999695897102356
41,2,0.514102578163147,0.40034517645835876,-0.8679618835449219,0.9996508359909058
41,3,0.5170628428459167,0.39988037943840027,-0.8679536581039429,0.9996576905250549
41,4,0.49710220098495483,0.4013284742832184,-0.9096629619598389,0.999718189239502
41,5,0.49004071950912476,0.40130916237831116,-0.9098567366600037,0.999690055847168
41,6,0.48199471831321716,0.4014744758605957,-0.9099438786506653,0.9997705221176147
41,7,0.5112760066986084,0.4004778265953064,-0.5765817165374756,0.9992786645889282
41,8,0.45872962474823,0.40391629934310913,-0.7705537676811218,0.99985271692276
41,9,0.5131811499595642,0.420579731464386,-0.7899425029754639,0.9998141527175903
41,10,0.49714261293411255,0.42253178358078003,-0.8472594618797302,0.9999169111251831
41,11,0.5594017505645752,0.4481702446937561,-0.26461485028266907,0.9999839067459106
41,12,0.3971097767353058,0.45438140630722046,-0.6622256636619568,0.9999362230300903
41,13,0.5916800498962402,0.5183866620063782,-0.16641193628311157,0.9835402369499207
41,14,0.3595546782016754,0.528861403465271,-0.6814968585968018,0.9964995980262756
41,15,0.580367386341095,0.5857681632041931,-0.42546379566192627,0.987531304359436
41,16,0.4160121977329254,0.5937894582748413,-0.832331657409668,0.9756320118904114
41,17,0.5729408860206604,0.6071584820747375,-0.490227073431015,0.9724841713905334
41,18,0.4203898012638092,0.6194560527801514,-0.9213656187057495,0.9432489275932312
41,19,0.5574026107788086,0.6055876016616821,-0.5303075313568115,0.973074197769165
41,20,0.4431501626968384,0.6168509125709534,-0.9500195980072021,0.9420745968818665
41,21,0.5560828447341919,0.6001986861228943,-0.45360052585601807,0.9599743485450745
41,22,0.4451245069503784,0.6081181764602661,-0.8432257771492004,0.9173880219459534
41,23,0.5248979926109314,0.5890876054763794,0.14407508075237274,0.9991547465324402
41,24,0.4422670006752014,0.5916963815689087,-0.14414170384407043,0.9995170831680298
41,25,0.5036981701850891,0.6957434415817261,0.3442387282848358,0.7186265587806702
41,26,0.46648675203323364,0.7011703252792358,-0.30372872948646545,0.9194741249084473
41,27,0.4589545428752899,0.7929002642631531,0.6949832439422607,0.7482244372367859
41,28,0.45084327459335327,0.8154317736625671,-0.2024097591638565,0.8938053250312805
41,29,0.4329323172569275,0.808894157409668,0.7175731062889099,0.7452905178070068
41,30,0.4334542453289032,0.8420484662055969,-0.20808254182338715,0.8319199681282043
41,31,0.5059464573860168,0.8288323283195496,0.5406625270843506,0.8052282333374023
41,32,0.4995942711830139,0.8502457737922668,-0.4968225657939911,0.9412408471107483
42,0,0.5092175602912903,0.4031825065612793,-0.8218107223510742,0.9998227953910828
42,1,0.510373055934906,0.39227429032325745,-0.77984219789505,0.9997246861457825
42,2,0.5136162042617798,0.3921864628791809,-0.7797763347625732,0.9996838569641113
42,3,0.5166807770729065,0.39207723736763,-0.7797240614891052,0.9996895790100098
42,4,0.49643266201019287,0.39211347699165344,-0.8121271729469299,0.9997450709342957
42,5,0.48924556374549866,0.3919610381126404,-0.8123120069503784,0.9997198581695557
42,6,0.4809834361076355,0.3920266330242157,-0.812367856502533,0.9997920989990234
42,7,0.5103472471237183,0.3957010507583618,-0.4988640248775482,0.9993423819541931
42,8,0.4571629762649536,0.3969409465789795,-0.6517501473426819,0.9998659491539001
42,9,0.5115053653717041,0.41368404030799866,-0.7108429670333862,0.9998309016227722
42,10,0.4953629672527313,0.4149692952632904,-0.756429135799408,0.99992436170578
42,11,0.5578034520149231,0.4495553970336914,-0.19432994723320007,0.9999805092811584
42,12,0.3961743116378784,0.45254024863243103,-0.6022194623947144,0.9999408721923828
42,13,0.5795526504516602,0.5226253271102905,-0.05762368440628052,0.9779976010322571
42,14,0.37005436420440674,0.5295132994651794,-0.6352230310440063,0.9966633319854736
42,15,0.573821485042572,0.591399073600769,-0.26021087169647217,0.98591148853302
42,16,0.410957932472229,0.597002387046814,-0.719332218170166,0.9771516919136047
42,17,0.5728012323379517,0.6126600503921509,-0.3102915585041046,0.9697532057762146
42,18,0.40943148732185364,0.6227229833602905,-0.8103235960006714,0.9466806650161743
42,19,0.5573114156723022,0.6118846535682678,-0.3779325783252716,0.9705765247344971
42,20,0.4330492615699768,0.6197532415390015,-0.8746865391731262,0.9456122517585754
42,21,0.5542829632759094,0.6063529253005981,-0.2916834056377411,0.957474946975708
42,22,0.43671539425849915,0.6113587617874146,-0.741672158241272,0.9223425984382629
42,23,0.5207329392433167,0.5962780714035034,0.13454893231391907,0.9991676807403564
42,24,0.44214800000190735,0.5957144498825073,-0.13464954495429993,0.9995421767234802
42,25,0.5037617087364197,0.7036632895469666,0.29431939125061035,0.732324481010437
42,26,0.45538127422332764,0.7091715931892395,-0.21629683673381805,0.9260532855987549
42,27,0.4593003988265991,0.7930139303207397,0.6040750741958618,0.7654767632484436
42,28,0.4392215609550476,0.8169012069702148,-0.09124472737312317,0.9028699994087219
42,29,0.4335419237613678,0.808609664440155,0.6231056451797485,0.7592326998710632
42,30,0.42339375615119934,0.8330458402633667,-0.09267877042293549,0.8337031602859497
42,31,0.5060666799545288,0.8291792869567871,0.4631902873516083,0.8183549642562866
42,32,0.48899874091148376,0.8529237508773804,-0.3469301462173462,0.9446656703948975
43,0,0.5084076523780823,0.3988395631313324,-0.6311163306236267,0.9998387694358826
43,1,0.509527862071991,0.38776296377182007,-0.5898236036300659,0.9997478127479553
43,2,0.512732744216919,0.3877016603946686,-0.5898332595825195,0.9997104406356812
43,3,0.5158700942993164,0.38766032457351685,-0.5898243188858032,0.9997145533561707
43,4,0.4955209195613861,0.3877589702606201,-0.622203528881073,0.9997668266296387
43,5,0.48840805888175964,0.3879017233848572,-0.6223092079162598,0.9997444152832031
43,6,0.48003333806991577,0.3880741000175476,-0.6223377585411072,0.9998087286949158
43,7,0.5087265968322754,0.3925492465496063,-0.33489206433296204,0.9993864297866821
43,8,0.4555073082447052,0.3935602307319641,-0.48667678236961365,0.9998747110366821
43,9,0.5109536647796631,0.4102659821510315,-0.5319826006889343,0.9998432993888855
43,10,0.4945743978023529,0.41100868582725525,-0.5756492614746094,0.9999292492866516
43,11,0.5509148240089417,0.4508460462093353,-0.07312806695699692,0.9999722242355347
43,12,0.39472848176956177,0.4507584571838379,-0.45563629269599915,0.9999427199363708
43,13,0.5656632781028748,0.5264281034469604,0.04120894894003868,0.9640787839889526
43,14,0.37952113151550293,0.5297855734825134,-0.4775872826576233,0.9966124892234802
43,15,0.5670628547668457,0.5952279567718506,-0.14486131072044373,0.9822189211845398
43,16,0.40530404448509216,0.6033414006233215,-0.5866845846176147,0.9781067371368408
43,17,0.5711192488670349,0.616051435470581,-0.19073189795017242,0.9640859961509705
43,18,0.4016318917274475,0.6275915503501892,-0.6592082381248474,0.9492518305778503
43,19,0.5570892691612244,0.6155890226364136,-0.25689926743507385,0.9654546976089478
43,20,0.42080003023147583,0.6251640319824219,-0.6966358423233032,0.9482956528663635
43,21,0.5525562167167664,0.610405445098877,-0.17626246809959412,0.9519330263137817
43,22,0.4252038598060608,0.6169189810752869,-0.6011751294136047,0.9262388944625854
43,23,0.5130007266998291,0.6010929346084595,0.13435538113117218,0.9991756081581116
43,24,0.4389915466308594,0.6017197370529175,-0.13446542620658875,0.9995536208152771
43,25,0.49997448921203613,0.7079450488090515,0.25785088539123535,0.7427658438682556
43,26,0.44901004433631897,0.7140629887580872,-0.15832993388175964,0.9313927292823792
43,27,0.4595571756362915,0.7981606721878052,0.49764323234558105,0.7814563512802124
43,28,0.43621596693992615,0.8177828788757324,-0.011052765883505344,0.9106943607330322
43,29,0.4337691366672516,0.8104378581047058,0.5097509026527405,0.7725266814231873
43,30,0.42158347368240356,0.8305808901786804,-0.009593799710273743,0.8344953060150146
43,31,0.5073545575141907,0.832008957862854,0.3555409610271454,0.8304188251495361
43,32,0.48712947964668274,0.8539375066757202,-0.23435132205486298,0.9474175572395325
44,0,0.5069987177848816,0.3972461223602295,-0.6146939396858215,0.9998534917831421
44,1,0.5082560181617737,0.38694772124290466,-0.5767447352409363,0.9997692108154297
44,2,0.5115306973457336,0.38703200221061707,-0.5767369866371155,0.9997351765632629
44,3,0.514739453792572,0.38712725043296814,-0.5767092108726501,0.9997382760047913
44,4,0.49412620067596436,0.38670414686203003,-0.6079175472259521,0.999786913394928
44,5,0.48692139983177185,0.38673120737075806,-0.6080390214920044,0.9997669458389282
44,6,0.4784943163394928,0.38687047362327576,-0.6080699563026428,0.9998242855072021
44,7,0.5068077445030212,0.3918127417564392,-0.33252251148223877,0.9994300007820129
44,8,0.45466533303260803,0.3924331068992615,-0.4793649911880493,0.9998827576637268
44,9,0.5098043084144592,0.40846410393714905,-0.5192843675613403,0.9998555183410645
44,10,0.49327361583709717,0.408421128988266,-0.5614824295043945,0.9999340772628784
44,11,0.5467113256454468,0.4517350196838379,-0.08638284355401993,0.9999661445617676
44,12,0.39430153369903564,0.4503391683101654,-0.4293789267539978,0.999943733215332
44,13,0.5545045733451843,0.5288457274436951,0.031123071908950806,0.958192765712738
44,14,0.3828062415122986,0.5315735340118408,-0.4294939339160919,0.9966431260108948
44,15,0.5561729073524475,0.5972158312797546,-0.13789597153663635,0.9811134338378906
44,16,0.4048835039138794,0.6073170900344849,-0.5381313562393188,0.9793081879615784
44,17,0.563904881477356,0.6189199686050415,-0.1820949763059616,0.962135374546051
44,18,0.3988592326641083,0.6314656734466553,-0.6050959825515747,0.9521952867507935
44,19,0.5503426790237427,0.6183785200119019,-0.24887481331825256,0.9638428688049316
44,20,0.41421908140182495,0.6301382780075073,-0.640532910823822,0.9513506889343262
44,21,0.5435406565666199,0.613161563873291,-0.1687147617340088,0.9504030346870422
44,22,0.4197017550468445,0.6223528385162354,-0.5519867539405823,0.9306787252426147
44,23,0.5105241537094116,0.6014841198921204,0.12792249023914337,0.9991865158081055
44,24,0.4352901875972748,0.6025807857513428,-0.12801916897296906,0.9995537400245667
44,25,0.4993683397769928,0.7085533738136292,0.21521823108196259,0.7591940760612488
44,26,0.4417262077331543,0.7126155495643616,-0.10968125611543655,0.9367920160293579
44,27,0.46262046694755554,0.8016796112060547,0.43881186842918396,0.7985691428184509
44,28,0.4316768944263458,0.8168972730636597,0.06562415510416031,0.9184293150901794
44,29,0.43892258405685425,0.8132407069206238,0.4493493437767029,0.7869269251823425
44,30,0.4187310039997101,0.8295682072639465,0.06887992471456528,0.8380247950553894
44,31,0.5099511742591858,0.8347891569137573,0.2810398042201996,0.8435879349708557
44,32,0.47561946511268616,0.8529112935066223,-0.15486326813697815,0.9508416652679443
45,0,0.5066865682601929,0.3960372805595398,-0.6382803320884705,0.9998661279678345
45,1,0.5078856348991394,0.38622504472732544,-0.5978595614433289,0.9997875690460205
45,2,0.5112701058387756,0.38628482818603516,-0.5978578329086304,0.9997560977935791
45,3,0.5145232677459717,0.38640546798706055,-0.5978401899337769,0.9997581243515015
45,4,0.4936670660972595,0.3859748840332031,-0.6288950443267822,0.9998045563697815
45,5,0.48630353808403015,0.386038213968277,-0.6290299892425537,0.9997867345809937
45,6,0.4777810871601105,0.3861292004585266,-0.6290895342826843,0.9998380541801453
45,7,0.5057411789894104,0.3911088705062866,-0.3463464379310608,0.9994630813598633
45,8,0.45414289832115173,0.39093735814094543,-0.4916708767414093,0.9998900294303894
45,9,0.5097836852073669,0.40744781494140625,-0.5407152771949768,0.999864935874939
45,10,0.49302059412002563,0.40748709440231323,-0.5824384689331055,0.9999377727508545
45,11,0.5441551804542542,0.451882928609848,-0.08907486498355865,0.9999467134475708
45,12,0.39285075664520264,0.4503725469112396,-0.4402448832988739,0.9999435544013977
45,13,0.54686039686203,0.531919538974762,0.04035113751888275,0.940433144569397
45,14,0.3808089792728424,0.5342915654182434,-0.4345828890800476,0.9964612722396851
45,15,0.5492317080497742,0.6001419425010681,-0.10730727761983871,0.9724823236465454
45,16,0.4015960991382599,0.6112919449806213,-0.5324623584747314,0.9795686602592468
45,17,0.5561866760253906,0.6218245029449463,-0.14265623688697815,0.9488330483436584
45,18,0.3938451111316681,0.6341701149940491,-0.5957896113395691,0.9530871510505676
45,19,0.5476478934288025,0.6221040487289429,-0.20816899836063385,0.9516436457633972
45,20,0.40782737731933594,0.6336177587509155,-0.6283953785896301,0.9523354768753052
45,21,0.541298508644104,0.6161971688270569,-0.13758942484855652,0.9375301003456116
45,22,0.4135059416294098,0.6258378028869629,-0.5448029637336731,0.9324122667312622
45,23,0.5061047077178955,0.6038302183151245,0.12924712896347046,0.9991832375526428
45,24,0.4320046603679657,0.6043804883956909,-0.12942400574684143,0.999544620513916
45,25,0.49698376655578613,0.709560215473175,0.2155766785144806,0.7712361812591553
45,26,0.4355619549751282,0.7135116457939148,-0.07442430406808853,0.9414758086204529
45,27,0.46568992733955383,0.8031296730041504,0.4475286602973938,0.8137007355690002
45,28,0.4302543103694916,0.8177040219306946,0.15815868973731995,0.9253029823303223
45,29,0.4455605447292328,0.8138729333877563,0.45839762687683105,0.7996248602867126
45,30,0.4189303517341614,0.8289684057235718,0.16765782237052917,0.8407211899757385
45,31,0.5108304619789124,0.8357208371162415,0.2880578637123108,0.8553662300109863
45,32,0.46981537342071533,0.855129599571228,-0.059533316642045975,0.9539218544960022
46,0,0.5067124962806702,0.39337673783302307,-0.5589671730995178,0.9998763203620911
46,1,0.507868230342865,0.3836597502231598,-0.5182421207427979,0.999801516532898
46,2,0.5112494826316833,0.38377702236175537,-0.5182409286499023,0.9997714161872864
46,3,0.514497697353363,0.38392961025238037,-0.5181998610496521,0.9997720122337341
46,4,0.4936230480670929,0.3832860589027405,-0.5531109571456909,0.9998193383216858
46,5,0.486258864402771,0.38324105739593506,-0.5532179474830627,0.9998035430908203
46,6,0.47774654626846313,0.3831337094306946,-0.5532730221748352,0.9998496174812317
46,7,0.5049005150794983,0.38907891511917114,-0.27665209770202637,0.9994785785675049
46,8,0.4541530907154083,0.3876878023147583,-0.4373398721218109,0.9998959898948669
46,9,0.5098661184310913,0.40492790937423706,-0.4655086398124695,0.9998713135719299
46,10,0.4930853247642517,0.4053404927253723,-0.5117685198783875,0.9999406337738037
46,11,0.5396693348884583,0.45208483934402466,-0.02436082437634468,0.9999001622200012
46,12,0.39269647002220154,0.4486791491508484,-0.428217351436615,0.999945878982544
46,13,0.5402941703796387,0.5333489775657654,0.09022051841020584,0.8974054455757141
46,14,0.3803335428237915,0.5342972874641418,-0.443343847990036,0.9963402152061462
46,15,0.5444195866584778,0.6009355783462524,-0.05870768055319786,0.9425268173217773
46,16,0.40031594038009644,0.6101902723312378,-0.533781111240387,0.9796053767204285
46,17,0.5512478947639465,0.6215356588363647,-0.08944165706634521,0.912705659866333
46,18,0.3897436261177063,0.6330747604370117,-0.5979827046394348,0.953599214553833
46,19,0.5462745428085327,0.6223827600479126,-0.15180689096450806,0.9171770215034485
46,20,0.4038937985897064,0.6333671808242798,-0.6232144832611084,0.9528504014015198
46,21,0.5403134226799011,0.6167393326759338,-0.08911388367414474,0.9024885296821594
46,22,0.41085025668144226,0.6259087324142456,-0.5433750152587891,0.9333375096321106
46,23,0.5016465783119202,0.6048905253410339,0.1422436237335205,0.9991769790649414
46,24,0.42982274293899536,0.605439305305481,-0.1424987018108368,0.999552309513092
46,25,0.49431952834129333,0.7108741998672485,0.26595309376716614,0.7779657244682312
46,26,0.4354253113269806,0.7155719995498657,-0.06577827781438828,0.9459967017173767
46,27,0.4663970470428467,0.8041707873344421,0.5145314931869507,0.8260927200317383
46,28,0.43264591693878174,0.8179575204849243,0.15102683007717133,0.9317077994346619
46,29,0.4463694989681244,0.8149896860122681,0.5282019972801208,0.8106417655944824
46,30,0.41944271326065063,0.8304435610771179,0.15936027467250824,0.8474042415618896
46,31,0.5144583582878113,0.8361548185348511,0.3728286325931549,0.865669310092926
46,32,0.4732813835144043,0.8536154627799988,-0.057649437338113785,0.9570785164833069
47,0,0.5061501264572144,0.39026936888694763,-0.5694935917854309,0.9998838901519775
47,1,0.5073502063751221,0.38043516874313354,-0.5304780602455139,0.9998094439506531
47,2,0.510838508605957,0.38062676787376404,-0.5304943323135376,0.9997798204421997
47,3,0.5141469836235046,0.38086560368537903,-0.5304650664329529,0.9997782111167908
47,4,0.492660254240036,0.38010770082473755,-0.5639744400978088,0.9998295903205872
47,5,0.48517078161239624,0.3800560534000397,-0.564089834690094,0.999815821647644
47,6,0.4766043722629547,0.38012778759002686,-0.5641621947288513,0.9998570680618286
47,7,0.5036678910255432,0.3865324854850769,-0.2936955690383911,0.9994761347770691
47,8,0.4536568224430084,0.38510382175445557,-0.44837310910224915,0.9998989105224609
47,9,0.5093892216682434,0.40162044763565063,-0.4776757061481476,0.999875545501709
47,10,0.4925520718097687,0.40178781747817993,-0.5221508145332336,0.9999424815177917
47,11,0.539550244808197,0.452117383480072,-0.051424525678157806,0.9998626112937927
47,12,0.390415221452713,0.4485522210597992,-0.42592889070510864,0.9999474883079529
47,13,0.5429466962814331,0.5323957800865173,0.06606684625148773,0.8680782914161682
47,14,0.3775136172771454,0.5343974232673645,-0.43383124470710754,0.9962527751922607
47,15,0.5451731085777283,0.5999778509140015,-0.09176387637853622,0.9197931289672852
47,16,0.3977597653865814,0.6083961725234985,-0.5218600034713745,0.9795960783958435
47,17,0.5508571863174438,0.6211681962013245,-0.12860506772994995,0.8842799663543701
47,18,0.3878553509712219,0.6316439509391785,-0.5848108530044556,0.9539998769760132
47,19,0.545987606048584,0.6218134164810181,-0.18960104882717133,0.8901681900024414
47,20,0.4018232524394989,0.6314167380332947,-0.6143248081207275,0.9532939195632935
47,21,0.5402624011039734,0.6156497597694397,-0.12170103192329407,0.8753884434700012
47,22,0.40827611088752747,0.6239814162254333,-0.5332737565040588,0.9343259930610657
47,23,0.5024803876876831,0.6054501533508301,0.13755205273628235,0.9991449117660522
47,24,0.4265556335449219,0.6059401631355286,-0.13775503635406494,0.9995477199554443
47,25,0.493184357881546,0.7119992971420288,0.26512590050697327,0.7869613170623779
47,26,0.434246689081192,0.7157515287399292,-0.06010403111577034,0.9499797821044922
47,27,0.46824315190315247,0.8039619326591492,0.5217748284339905,0.8371042609214783
47,28,0.43310821056365967,0.8170837163925171,0.16009756922721863,0.9370551109313965
47,29,0.4486234784126282,0.8149510622024536,0.536078155040741,0.8197774887084961
47,30,0.4194997251033783,0.830610454082489,0.16856902837753296,0.850357174873352
47,31,0.5178235769271851,0.8357559442520142,0.3766745328903198,0.8744609355926514
47,32,0.47511330246925354,0.852395236492157,-0.0535396933555603,0.9592997431755066
48,0,0.5058532357215881,0.38996773958206177,-0.5094131231307983,0.9998868107795715
48,1,0.5071001052856445,0.37958961725234985,-0.46914681792259216,0.9998073577880859
48,2,0.5106835961341858,0.3797420263290405,-0.4691922068595886,0.9997768998146057
48,3,0.514021098613739,0.37995386123657227,-0.4691552519798279,0.9997716546058655
48,4,0.49203813076019287,0.3793870210647583,-0.5038401484489441,0.99983149766922
48,5,0.4843837320804596,0.3793925642967224,-0.5039084553718567,0.9998195171356201
48,6,0.4756978452205658,0.37949833273887634,-0.5039901733398438,0.9998554587364197
48,7,0.5032827854156494,0.38581958413124084,-0.22917130589485168,0.9994276165962219
48,8,0.45335468649864197,0.3843519985675812,-0.39097949862480164,0.9998939633369446
48,9,0.5093671083450317,0.4016151428222656,-0.4166497588157654,0.9998745322227478
48,10,0.49218761920928955,0.4017549157142639,-0.4631403684616089,0.999941885471344
48,11,0.5381888151168823,0.4524766504764557,0.0006303253467194736,0.9998401403427124
48,12,0.3891884386539459,0.4468621611595154,-0.36453309655189514,0.9999485611915588
48,13,0.5441717505455017,0.5320075750350952,0.11782696098089218,0.8441348075866699
48,14,0.3761659264564514,0.5322567820549011,-0.37976333498954773,0.9961472153663635
48,15,0.5459316968917847,0.5985069870948792,-0.06576737016439438,0.9065332412719727
48,16,0.391204297542572,0.6067346334457397,-0.4907659888267517,0.9796604514122009
48,17,0.551365077495575,0.6192886829376221,-0.1076941192150116,0.8675353527069092
48,18,0.3824392855167389,0.6291135549545288,-0.5564271807670593,0.9546090960502625
48,19,0.5461888313293457,0.6192144751548767,-0.17280559241771698,0.8744925260543823
48,20,0.39830076694488525,0.6280887722969055,-0.5861610174179077,0.9539024829864502
48,21,0.540612518787384,0.6129156947135925,-0.09771279990673065,0.8588661551475525
48,22,0.4046979248523712,0.6207607388496399,-0.5024319887161255,0.9353053569793701
48,23,0.5027793645858765,0.606810986995697,0.13552752137184143,0.9991443157196045
48,24,0.4250185191631317,0.6063286066055298,-0.13568556308746338,0.9995530247688293
48,25,0.4928663969039917,0.7127339839935303,0.26509177684783936,0.7962198257446289
48,26,0.43346694111824036,0.7151716947555542,-0.07148254662752151,0.9534758925437927
48,27,0.46839195489883423,0.8045258522033691,0.5355028510093689,0.8478880524635315
48,28,0.4333885610103607,0.8175984621047974,0.15760211646556854,0.9419025182723999
48,29,0.4484294354915619,0.815538227558136,0.5511266589164734,0.8294149041175842
48,30,0.41832002997398376,0.8316720128059387,0.166472926735878,0.8530038595199585
48,31,0.5187965631484985,0.8362372517585754,0.3859582245349884,0.8829503655433655
48,32,0.4767889678478241,0.8549901247024536,-0.06309708207845688,0.9613691568374634
49,0,0.5057752728462219,0.38905787467956543,-0.43554985523223877,0.9998884201049805
49,1,0.5069761276245117,0.37886500358581543,-0.39449256658554077,0.9998026490211487
49,2,0.5105579495429993,0.378997266292572,-0.3945518434047699,0.9997702240943909
49,3,0.513855516910553,0.3791951835155487,-0.39451146125793457,0.9997618198394775
49,4,0.49191907048225403,0.37863487005233765,-0.4316919147968292,0.9998322129249573
49,5,0.4842841327190399,0.37863171100616455,-0.4317340552806854,0.9998219013214111
49,6,0.47563740611076355,0.3786725401878357,-0.43180763721466064,0.9998536705970764
49,7,0.5027584433555603,0.38513419032096863,-0.16086925566196442,0.9993636608123779
49,8,0.45335137844085693,0.38328930735588074,-0.3334493935108185,0.9998891949653625
49,9,0.5093453526496887,0.40065646171569824,-0.34568673372268677,0.9998726844787598
49,10,0.49215978384017944,0.40068531036376953,-0.3951994478702545,0.999941349029541
49,11,0.5372797250747681,0.45242586731910706,0.05868520215153694,0.9998233914375305
49,12,0.38804876804351807,0.44489574432373047,-0.327423632144928,0.999950110912323
49,13,0.5477025508880615,0.5315123796463013,0.16474273800849915,0.8244341015815735
49,14,0.36905571818351746,0.5276526212692261,-0.3632579743862152,0.9962174296379089
49,15,0.5476299524307251,0.597120463848114,-0.03626314923167229,0.899620771408081
49,16,0.385439395904541,0.6042054891586304,-0.48629239201545715,0.9805803298950195
49,17,0.551907479763031,0.617438793182373,-0.08128995448350906,0.8585578799247742
49,18,0.3780148923397064,0.6288748979568481,-0.5550838708877563,0.9567776322364807
49,19,0.5463486313819885,0.6170397996902466,-0.1449192762374878,0.8662016987800598
49,20,0.39708325266838074,0.6276745796203613,-0.580560028553009,0.9560638070106506
49,21,0.540781557559967,0.6113606691360474,-0.06814323365688324,0.8497210144996643
49,22,0.4033609628677368,0.6197735667228699,-0.49588245153427124,0.9382048845291138
49,23,0.5014642477035522,0.6070766448974609,0.13826361298561096,0.9991511702537537
49,24,0.42339181900024414,0.6059829592704773,-0.1384100466966629,0.9995608329772949
49,25,0.49118998646736145,0.7121917009353638,0.25627586245536804,0.7996817231178284
49,26,0.433640718460083,0.7141520380973816,-0.09561309963464737,0.9559576511383057
49,27,0.4683489501476288,0.8051488995552063,0.5105665922164917,0.8556731343269348
49,28,0.43375709652900696,0.8167039155960083,0.11383820325136185,0.9457848072052002
49,29,0.4478214681148529,0.8162566423416138,0.5247136950492859,0.836425244808197
49,30,0.4175543189048767,0.8312591314315796,0.12104350328445435,0.8541459441184998
49,31,0.5197650194168091,0.8365609049797058,0.3650340735912323,0.8894549012184143
49,32,0.47821417450904846,0.8557685613632202,-0.10341046750545502,0.9627193808555603
50,0,0.5053349137306213,0.3883972465991974,-0.4303489625453949,0.9998928308486938
50,1,0.5065812468528748,0.37844258546829224,-0.38859695196151733,0.9998061656951904
50,2,0.5101591944694519,0.3786452114582062,-0.38865789771080017,0.999773383140564
50,3,0.5134313106536865,0.37889939546585083,-0.38862359523773193,0.9997638463973999
50,4,0.4913233518600464,0.377999871969223,-0.42572811245918274,0.9998378157615662
50,5,0.4836660921573639,0.37790369987487793,-0.4257585406303406,0.9998286962509155
50,6,0.4749271273612976,0.37787380814552307,-0.4258236885070801,0.9998566508293152
50,7,0.5021143555641174,0.38478413224220276,-0.15342465043067932,0.99934321641922
50,8,0.4526291787624359,0.3826601803302765,-0.3268895149230957,0.9998888969421387
50,9,0.5089938640594482,0.40000540018081665,-0.34010881185531616,0.9998757243156433
50,10,0.49159228801727295,0.399700790643692,-0.38991254568099976,0.9999430179595947
50,11,0.5359607338905334,0.45243510603904724,0.06693626195192337,0.9998196363449097
50,12,0.3858047127723694,0.4442501664161682,-0.3193535804748535,0.9999523162841797
50,13,0.5494056344032288,0.5313091278076172,0.17651361227035522,0.8122331500053406
50,14,0.3598826825618744,0.525147020816803,-0.35976168513298035,0.9962146878242493
50,15,0.5517057180404663,0.5970085859298706,-0.027246003970503807,0.8977257609367371
50,16,0.3841342628002167,0.6002110242843628,-0.48699361085891724,0.9811310768127441
50,17,0.5577973127365112,0.6168022751808167,-0.07399588078260422,0.8556247353553772
50,18,0.37961551547050476,0.6274747848510742,-0.5570663213729858,0.958247184753418
50,19,0.5520918965339661,0.6162866950035095,-0.13914965093135834,0.8636574149131775
50,20,0.3975435793399811,0.6264895796775818,-0.5828579068183899,0.9575009942054749
50,21,0.5461175441741943,0.6107009053230286,-0.05980478972196579,0.8465800285339355
50,22,0.40290188789367676,0.6171594858169556,-0.49681365489959717,0.9400791525840759
50,23,0.5010854601860046,0.6070167422294617,0.14250364899635315,0.9991676807403564
50,24,0.42216914892196655,0.6058108806610107,-0.1426437497138977,0.9995757341384888
50,25,0.4912635385990143,0.7119652628898621,0.29113543033599854,0.8040619492530823
50,26,0.4331512749195099,0.7147585153579712,-0.10915320366621017,0.958871066570282
50,27,0.46819016337394714,0.8050941228866577,0.5683327913284302,0.8630077242851257
50,28,0.4334813356399536,0.8178136944770813,0.08456649631261826,0.9497233629226685
50,29,0.4476109743118286,0.8162803649902344,0.5852234959602356,0.8432271480560303
50,30,0.41728419065475464,0.8331944346427917,0.09029848128557205,0.8570119738578796
50,31,0.5202394723892212,0.836365818977356,0.4317041039466858,0.8955797553062439
50,32,0.47874709963798523,0.8561132550239563,-0.13784950971603394,0.9644230604171753
51,0,0.504751980304718,0.3886633813381195,-0.5016629695892334,0.9998957514762878
51,1,0.5060396194458008,0.3788699507713318,-0.4615362286567688,0.9998065233230591
51,2,0.5095694065093994,0.3790779113769531,-0.4615810811519623,0.9997727274894714
51,3,0.5126937031745911,0.379304438829422,-0.4615570902824402,0.9997612833976746
51,4,0.49089956283569336,0.3783816993236542,-0.49622437357902527,0.9998410940170288
51,5,0.4832131564617157,0.3782897889614105,-0.49629369378089905,0.9998330473899841
51,6,0.47452929615974426,0.37818512320518494,-0.4963752031326294,0.9998578429222107
51,7,0.5014029741287231,0.3848206400871277,-0.21946194767951965,0.9993221163749695
51,8,0.45207923650741577,0.3826380670070648,-0.38248908519744873,0.999888002872467
51,9,0.5085655450820923,0.40023094415664673,-0.408096581697464,0.9998776316642761
51,10,0.4910241365432739,0.4000067710876465,-0.4549008309841156,0.9999439716339111
51,11,0.5351112484931946,0.4522176682949066,0.00870057474821806,0.9998034834861755
51,12,0.3834771513938904,0.4436933398246765,-0.34250038862228394,0.9999530911445618
51,13,0.5514550805091858,0.5312460660934448,0.12875312566757202,0.8039093017578125
51,14,0.35255369544029236,0.5245069265365601,-0.3602646589279175,0.9961969256401062
51,15,0.5562502145767212,0.5965718626976013,-0.0696217492222786,0.8913568258285522
51,16,0.3828933835029602,0.5992187261581421,-0.4874686002731323,0.9813198447227478
51,17,0.5602571964263916,0.6162737607955933,-0.11590532958507538,0.8462955951690674
51,18,0.37979650497436523,0.6266494989395142,-0.5551608800888062,0.9588640928268433
51,19,0.5549879670143127,0.6153913736343384,-0.1831241399049759,0.8551194071769714
51,20,0.39640921354293823,0.6262564063072205,-0.5853766798973083,0.9581171274185181
51,21,0.5501043796539307,0.6097696423530579,-0.10249873250722885,0.8376138806343079
51,22,0.40107786655426025,0.6165658235549927,-0.49908047914505005,0.9409700036048889
51,23,0.5013262629508972,0.6065026521682739,0.13621458411216736,0.9991199970245361
51,24,0.42090144753456116,0.6054850816726685,-0.13629668951034546,0.9995570182800293
51,25,0.4914953410625458,0.7123318314552307,0.2634219229221344,0.8137455582618713
51,26,0.43039289116859436,0.7156129479408264,-0.09444637596607208,0.9613991975784302
51,27,0.469070166349411,0.8062470555305481,0.5251390933990479,0.871210515499115
51,28,0.43233710527420044,0.8199743032455444,0.13323046267032623,0.9529752731323242
51,29,0.4490388333797455,0.8173481225967407,0.5391677618026733,0.8498573899269104
51,30,0.41753265261650085,0.8333797454833984,0.14129579067230225,0.8552963137626648
51,31,0.5194612145423889,0.8382886648178101,0.39622098207473755,0.9015510678291321
51,32,0.47447341680526733,0.8616156578063965,-0.10249534249305725,0.9653379321098328
52,0,0.5031418800354004,0.3895159363746643,-0.5055414438247681,0.9999014735221863
52,1,0.5050426721572876,0.37996169924736023,-0.46436330676078796,0.9998145699501038
52,2,0.5086022615432739,0.38018664717674255,-0.46438682079315186,0.9997808933258057
52,3,0.5115419030189514,0.38042038679122925,-0.4643400013446808,0.9997686743736267
52,4,0.4899209439754486,0.37940093874931335,-0.5005042552947998,0.9998493790626526
52,5,0.48212313652038574,0.3791559934616089,-0.5005596280097961,0.9998419284820557
52,6,0.47340765595436096,0.37890419363975525,-0.5006231665611267,0.9998640418052673
52,7,0.5006961822509766,0.38554179668426514,-0.21633142232894897,0.9993298649787903
52,8,0.45049363374710083,0.38247668743133545,-0.38710615038871765,0.9998915195465088
52,9,0.507193386554718,0.4009783864021301,-0.40969204902648926,0.9998823404312134
52,10,0.4891086220741272,0.4007064402103424,-0.4586901068687439,0.9999464154243469
52,11,0.5335668921470642,0.4520597457885742,0.019725320860743523,0.9998005032539368
52,12,0.3792513906955719,0.44348201155662537,-0.3497004210948944,0.9999549984931946
52,13,0.5525577664375305,0.531204342842102,0.14588256180286407,0.8012642860412598
52,14,0.3465955853462219,0.5246008634567261,-0.3727080523967743,0.9962911009788513
52,15,0.5610449314117432,0.5956752300262451,-0.05923710763454437,0.8929973244667053
52,16,0.37897157669067383,0.5979470014572144,-0.5011183619499207,0.9822178483009338
52,17,0.5673758387565613,0.6155182123184204,-0.105230413377285,0.8471861481666565
52,18,0.3779827952384949,0.6255189180374146,-0.569780707359314,0.9608150720596313
52,19,0.5613117218017578,0.6146416068077087,-0.17602188885211945,0.8562219738960266
52,20,0.3955467939376831,0.6238281726837158,-0.5984496474266052,0.960089921951294
52,21,0.5561036467552185,0.6089498996734619,-0.09359002858400345,0.8383949398994446
52,22,0.39982032775878906,0.6144928336143494,-0.5118354558944702,0.9435760974884033
52,23,0.50172358751297,0.6073833703994751,0.13623960316181183,0.9991270303726196
52,24,0.4196535348892212,0.6057784557342529,-0.13633134961128235,0.9995626211166382
52,25,0.49163559079170227,0.7146793603897095,0.2641950249671936,0.8223800659179688
52,26,0.4284297525882721,0.716423511505127,-0.08029331266880035,0.9639475345611572
52,27,0.46899160742759705,0.8076225519180298,0.548447847366333,0.8789743781089783
52,28,0.43127965927124023,0.8213223218917847,0.16674745082855225,0.9564757347106934
52,29,0.4483851492404938,0.8187769055366516,0.5651054978370667,0.8576220273971558
52,30,0.417220801115036,0.8346415758132935,0.1772356927394867,0.858555793762207
52,31,0.5185984969139099,0.8399658203125,0.3997299075126648,0.907611608505249
52,32,0.4721199572086334,0.8612988591194153,-0.05962910130620003,0.9670366644859314
53,0,0.5008321404457092,0.3896353542804718,-0.49737095832824707,0.9999076128005981
53,1,0.5030267238616943,0.3800095319747925,-0.4547485411167145,0.999824583530426
53,2,0.5068349242210388,0.3803550899028778,-0.4547830820083618,0.99979168176651
53,3,0.509944498538971,0.3806515336036682,-0.4547286629676819,0.9997791647911072
53,4,0.4870568513870239,0.3792727589607239,-0.4899478554725647,0.9998583793640137
53,5,0.47914496064186096,0.37896692752838135,-0.4899842143058777,0.9998514652252197
53,6,0.47042566537857056,0.37860769033432007,-0.49004417657852173,0.9998713135719299
53,7,0.4997853636741638,0.3857187330722809,-0.2050146758556366,0.9993540644645691
53,8,0.4482356905937195,0.3821742832660675,-0.3715015947818756,0.999896764755249
53,9,0.5052368640899658,0.40122371912002563,-0.40141183137893677,0.9998891949653625
53,10,0.4863017201423645,0.40083733201026917,-0.449151873588562,0.9999496936798096
53,11,0.5318388938903809,0.45217519998550415,0.026374811306595802,0.9998032450675964
53,12,0.3752810060977936,0.44400978088378906,-0.33298733830451965,0.9999572038650513
53,13,0.5534487366676331,0.5308867692947388,0.15548087656497955,0.7997965216636658
53,14,0.3429957926273346,0.5247689485549927,-0.3516804873943329,0.9963427186012268
53,15,0.5624770522117615,0.5955159664154053,-0.058740727603435516,0.8943702578544617
53,16,0.37758708000183105,0.597707986831665,-0.49219268560409546,0.9829840660095215
53,17,0.5700415968894958,0.6153443455696106,-0.10749733448028564,0.8482974767684937
53,18,0.3780752718448639,0.6249246597290039,-0.5636107325553894,0.9625256657600403
53,19,0.5634322166442871,0.6144475340843201,-0.17764000594615936,0.8574303984642029
53,20,0.39627715945243835,0.621393084526062,-0.5923624634742737,0.961824357509613
53,21,0.5580286383628845,0.6085525155067444,-0.0930425301194191,0.8393798470497131
53,22,0.4000895917415619,0.6124265789985657,-0.5031744837760925,0.9458788633346558
53,23,0.5020238757133484,0.6095625162124634,0.13564050197601318,0.9991515874862671
53,24,0.4175197184085846,0.6077238321304321,-0.1357221156358719,0.9995721578598022
53,25,0.49098214507102966,0.7179895639419556,0.2696637213230133,0.830187976360321
53,26,0.4270690977573395,0.7185999155044556,-0.0564345046877861,0.9659668803215027
53,27,0.4689271152019501,0.8095922470092773,0.5848115086555481,0.8855720162391663
53,28,0.4299902617931366,0.8245254755020142,0.22521303594112396,0.9591043591499329
53,29,0.4483039975166321,0.8210744857788086,0.6050198674201965,0.8640919923782349
53,30,0.4167223572731018,0.8378510475158691,0.2401898205280304,0.8591537475585938
53,31,0.5178301930427551,0.8413999676704407,0.4344930350780487,0.9127625823020935
53,32,0.47242504358291626,0.8629862070083618,0.004405902698636055,0.9679315090179443
54,0,0.4988400638103485,0.38934198021888733,-0.4844771921634674,0.9999114274978638
54,1,0.501218855381012,0.37986862659454346,-0.4419177174568176,0.9998291730880737
54,2,0.5051256418228149,0.38028839230537415,-0.4419685900211334,0.9997960925102234
54,3,0.5082982182502747,0.38063591718673706,-0.4419369697570801,0.999782383441925
54,4,0.4848639667034149,0.3790399134159088,-0.47651398181915283,0.9998632669448853
54,5,0.4766811430454254,0.3787415027618408,-0.4765373766422272,0.9998568892478943
54,6,0.4677894115447998,0.3783765733242035,-0.4765832722187042,0.999874472618103
54,7,0.4986668825149536,0.38583531975746155,-0.19377528131008148,0.9993541836738586
54,8,0.44594958424568176,0.3821988105773926,-0.3575238585472107,0.9998984336853027
54,9,0.5034348964691162,0.40114444494247437,-0.3893810212612152,0.9998921751976013
54,10,0.4841770529747009,0.4006836414337158,-0.4362398386001587,0.9999511241912842
54,11,0.5301194787025452,0.4521433711051941,0.030080948024988174,0.9998021125793457
54,12,0.3745078146457672,0.44398921728134155,-0.3179077208042145,0.9999579787254333
54,13,0.5540716648101807,0.5304917097091675,0.15877430140972137,0.7970345616340637
54,14,0.3422916531562805,0.5254310369491577,-0.3393009305000305,0.9963363409042358
54,15,0.5637264847755432,0.5948476791381836,-0.051399316638708115,0.895089328289032
54,16,0.375793993473053,0.5975760221481323,-0.4808181822299957,0.9834956526756287
54,17,0.5713106989860535,0.6142691373825073,-0.1011446863412857,0.8485013246536255
54,18,0.37667375802993774,0.6245732307434082,-0.5522348284721375,0.9637753963470459
54,19,0.5647664666175842,0.6136104464530945,-0.17113624513149261,0.8577640652656555
54,20,0.39487093687057495,0.6209999918937683,-0.5828111171722412,0.9630951285362244
54,21,0.5594038963317871,0.6072511076927185,-0.08580511808395386,0.8397018313407898
54,22,0.39823582768440247,0.6119322776794434,-0.4929391145706177,0.9476404786109924
54,23,0.5022470951080322,0.6091458201408386,0.13275715708732605,0.9991704225540161
54,24,0.41698697209358215,0.6075899004936218,-0.13283699750900269,0.999577522277832
54,25,0.4910115599632263,0.7176608443260193,0.26536887884140015,0.8390360474586487
54,26,0.4263242185115814,0.719835638999939,-0.05233178287744522,0.9678963422775269
54,27,0.473075270652771,0.8095545768737793,0.5705323219299316,0.8922112584114075
54,28,0.4285367429256439,0.8246029019355774,0.22379301488399506,0.9614775776863098
54,29,0.45531490445137024,0.820814311504364,0.5896615982055664,0.8704508543014526
54,30,0.41557419300079346,0.8368471264839172,0.2383197844028473,0.8579486012458801
54,31,0.5178244113922119,0.8419072031974792,0.41988080739974976,0.9176504611968994
54,32,0.47017961740493774,0.8639448285102844,0.003595156827941537,0.9686232805252075
55,0,0.4974075257778168,0.3896802067756653,-0.49810630083084106,0.999917209148407
55,1,0.5000291466712952,0.38026660680770874,-0.46005362272262573,0.9998391270637512
55,2,0.5039170384407043,0.38066282868385315,-0.4601064920425415,0.9998070597648621
55,3,0.5069869756698608,0.38099437952041626,-0.46009477972984314,0.9997931122779846
55,4,0.48367512226104736,0.3795170485973358,-0.4961127042770386,0.9998716711997986
55,5,0.475448340177536,0.379215806722641,-0.49618178606033325,0.9998657703399658
55,6,0.46660083532333374,0.3788772523403168,-0.49624505639076233,0.9998813271522522
55,7,0.49784499406814575,0.38608646392822266,-0.21819251775741577,0.999380350112915
55,8,0.4445539116859436,0.38247308135032654,-0.3783826231956482,0.999903678894043
55,9,0.5021955370903015,0.40153783559799194,-0.4069729149341583,0.9998983144760132
55,10,0.4826907813549042,0.40114203095436096,-0.4548431932926178,0.9999539852142334
55,11,0.5287298560142517,0.45218825340270996,0.014275030232965946,0.9998070001602173
55,12,0.37388718128204346,0.4441632330417633,-0.3338121771812439,0.9999597072601318
55,13,0.5544900894165039,0.5303125381469727,0.1430770605802536,0.7967687845230103
55,14,0.34161376953125,0.527125358581543,-0.3521474599838257,0.9963288903236389
55,15,0.5657504796981812,0.5946129560470581,-0.06668153405189514,0.8975510001182556
55,16,0.3764435648918152,0.5979908108711243,-0.4909709393978119,0.9839488863945007
55,17,0.5744232535362244,0.6142385005950928,-0.11576060950756073,0.8512255549430847
55,18,0.37715527415275574,0.624172031879425,-0.561248242855072,0.9648904800415039
55,19,0.5686886310577393,0.6134318709373474,-0.18475061655044556,0.8604217767715454
55,20,0.3953363597393036,0.6207742094993591,-0.5903291702270508,0.9642451405525208
55,21,0.5621008276939392,0.6070386171340942,-0.10060235857963562,0.8424652814865112
55,22,0.3987118899822235,0.6120995879173279,-0.5025129914283752,0.9492478370666504
55,23,0.5023705959320068,0.6092323064804077,0.13245075941085815,0.9991880059242249
55,24,0.4165119230747223,0.6079210042953491,-0.13253340125083923,0.9995839595794678
55,25,0.49109670519828796,0.718819797039032,0.27270156145095825,0.8453933000564575
55,26,0.42576560378074646,0.7226952910423279,-0.06300618499517441,0.9696559906005859
55,27,0.47295552492141724,0.8110796809196472,0.5901283621788025,0.8974035382270813
55,28,0.42811304330825806,0.8273371458053589,0.2011420577764511,0.9635193347930908
55,29,0.45502081513404846,0.8222691416740417,0.6104433536529541,0.8756093382835388
55,30,0.4153050184249878,0.8396307229995728,0.21482835710048676,0.8568155169487
55,31,0.5179738402366638,0.8429807424545288,0.44250500202178955,0.9214757084846497
55,32,0.47105616331100464,0.8685616254806519,-0.02086450159549713,0.9690763354301453
56,0,0.4961286187171936,0.38943302631378174,-0.46429744362831116,0.9999203085899353
56,1,0.4981134533882141,0.3802279829978943,-0.4225991666316986,0.9998431205749512
56,2,0.5018598437309265,0.3805908262729645,-0.4226398468017578,0.9998113512992859
56,3,0.504787266254425,0.3809073269367218,-0.4226142168045044,0.9997969269752502
56,4,0.4824484884738922,0.3796151578426361,-0.4584134519100189,0.9998754858970642
56,5,0.4743601083755493,0.3793552815914154,-0.45843806862831116,0.9998700618743896
56,6,0.4655941128730774,0.3790944218635559,-0.4584712088108063,0.999883234500885
56,7,0.49494630098342896,0.3858494162559509,-0.17812998592853546,0.9993796944618225
56,8,0.44322818517684937,0.3825155794620514,-0.345291405916214,0.9999037981033325
56,9,0.5008469223976135,0.401345431804657,-0.3706229627132416,0.9998990297317505
56,10,0.4817125201225281,0.4010096490383148,-0.4188216030597687,0.9999539852142334
56,11,0.5259326100349426,0.452136367559433,0.05574355274438858,0.9998036026954651
56,12,0.3738324046134949,0.44364842772483826,-0.32763683795928955,0.9999600648880005
56,13,0.5519229173660278,0.5300129652023315,0.17765846848487854,0.7886101007461548
56,14,0.3421505391597748,0.5272700190544128,-0.3568274676799774,0.996314525604248
56,15,0.5656715631484985,0.5944036245346069,-0.013748395256698132,0.8976355791091919
56,16,0.3772068917751312,0.5985581278800964,-0.4840909242630005,0.9842627048492432
56,17,0.5741944313049316,0.6141987442970276,-0.056998349726200104,0.8509173393249512
56,18,0.37716221809387207,0.6241710782051086,-0.5530198812484741,0.9656873941421509
56,19,0.5686700344085693,0.6132529973983765,-0.12782320380210876,0.860310435295105
56,20,0.39527228474617004,0.6212241649627686,-0.5808327794075012,0.9650341272354126
56,21,0.561864972114563,0.6068771481513977,-0.04828452691435814,0.8421416878700256
56,22,0.3988783061504364,0.6129394769668579,-0.494968444108963,0.9503263235092163
56,23,0.5013830661773682,0.6091441512107849,0.13718631863594055,0.9991806745529175
56,24,0.4153730273246765,0.6077914237976074,-0.13729076087474823,0.9995778799057007
56,25,0.49099376797676086,0.7184405326843262,0.2692708969116211,0.8475672602653503
56,26,0.4239981770515442,0.7216933965682983,-0.07756888121366501,0.9709409475326538
56,27,0.4730733335018158,0.8111966252326965,0.5577471256256104,0.9009376168251038
56,28,0.42538830637931824,0.8273026347160339,0.17020364105701447,0.965340793132782
56,29,0.454424113035202,0.822313666343689,0.5718613862991333,0.8787685632705688
56,30,0.4111749827861786,0.8408836126327515,0.18228575587272644,0.855007529258728
56,31,0.5180965662002563,0.842941164970398,0.42093637585639954,0.9243299961090088
56,32,0.47056707739830017,0.866854190826416,-0.05876021832227707,0.9695315957069397
57,0,0.4950648844242096,0.38872188329696655,-0.5258660316467285,0.9999220967292786
57,1,0.4965534210205078,0.37979835271835327,-0.48390138149261475,0.9998442530632019
57,2,0.5001081228256226,0.3801499903202057,-0.48389381170272827,0.9998112320899963
57,3,0.5028548240661621,0.3804655373096466,-0.4838576018810272,0.9997956156730652
57,4,0.4815487861633301,0.379271537065506,-0.5223026871681213,0.9998788237571716
57,5,0.4736102521419525,0.37902331352233887,-0.5224003195762634,0.9998743534088135
57,6,0.46501630544662476,0.37880343198776245,-0.5224703550338745,0.9998862743377686
57,7,0.49189746379852295,0.3854484260082245,-0.23693449795246124,0.9993584156036377
57,8,0.4419994354248047,0.38235968351364136,-0.4149922728538513,0.9999053478240967
57,9,0.49942776560783386,0.4006056785583496,-0.4309103786945343,0.9998980164527893
57,10,0.4809023439884186,0.4003613591194153,-0.48235613107681274,0.999954104423523
57,11,0.5237477421760559,0.4519880414009094,0.02030520886182785,0.9997716546058655
57,12,0.3733060657978058,0.44342222809791565,-0.39434701204299927,0.9999606013298035
57,13,0.552034318447113,0.5294170379638672,0.16059166193008423,0.7655290961265564
57,14,0.34259673953056335,0.528978168964386,-0.4166627526283264,0.9963034987449646
57,15,0.5646951198577881,0.5940062403678894,-0.04138340428471565,0.8787320852279663
57,16,0.3777569532394409,0.598785400390625,-0.5195046663284302,0.9841331839561462
57,17,0.5727481245994568,0.6134917140007019,-0.08638212084770203,0.8284587264060974
57,18,0.3775182068347931,0.6243381500244141,-0.5863444209098816,0.9655187129974365
57,19,0.5683630108833313,0.6127318143844604,-0.1551956981420517,0.8389067649841309
57,20,0.39553430676460266,0.6218903660774231,-0.6111297011375427,0.9648446440696716
57,21,0.5614587664604187,0.6068178415298462,-0.07490232586860657,0.8205782175064087
57,22,0.3992829918861389,0.6139529943466187,-0.5286065936088562,0.9500621557235718
57,23,0.5015048384666443,0.6087000966072083,0.14061225950717926,0.9991363286972046
57,24,0.4156322777271271,0.6076430082321167,-0.1407589316368103,0.9995630979537964
57,25,0.4909249544143677,0.7185454368591309,0.2709985673427582,0.8494153618812561
57,26,0.42388999462127686,0.721770167350769,-0.08381279557943344,0.9723860621452332
57,27,0.47272568941116333,0.8115776181221008,0.5518503189086914,0.9049570560455322
57,28,0.4243090748786926,0.826654314994812,0.15511363744735718,0.9672842621803284
57,29,0.4541480541229248,0.8228663206100464,0.5668023824691772,0.8820679187774658
57,30,0.4105871021747589,0.8396838903427124,0.16568435728549957,0.8548403978347778
57,31,0.5177745819091797,0.8439615964889526,0.4078993499279022,0.9275301694869995
57,32,0.4698508381843567,0.8676973581314087,-0.06960490345954895,0.9703158736228943
58,0,0.4934318959712982,0.38710272312164307,-0.48941874504089355,0.9999229907989502
58,1,0.49452629685401917,0.3780710995197296,-0.4473608732223511,0.9998438954353333
58,2,0.4979855716228485,0.3784547746181488,-0.44739431142807007,0.999811053276062
58,3,0.5007047653198242,0.37879034876823425,-0.44736844301223755,0.9997948408126831
58,4,0.4796232581138611,0.37764281034469604,-0.4841461479663849,0.9998782873153687
58,5,0.4717223346233368,0.3775102198123932,-0.48420271277427673,0.9998741745948792
58,6,0.46319901943206787,0.37740617990493774,-0.4842722713947296,0.999883770942688
58,7,0.48995351791381836,0.38412028551101685,-0.20312540233135223,0.9993507862091064
58,8,0.44059693813323975,0.3815425634384155,-0.37641435861587524,0.9999018311500549
58,9,0.498113214969635,0.39904120564460754,-0.39558282494544983,0.9998979568481445
58,10,0.4795929789543152,0.39903321862220764,-0.44531890749931335,0.9999533891677856
58,11,0.5233079195022583,0.45179468393325806,0.032270822674036026,0.9997717142105103
58,12,0.37192443013191223,0.44274139404296875,-0.3572703003883362,0.9999591708183289
58,13,0.5510066747665405,0.5290312767028809,0.16104528307914734,0.7690525054931641
58,14,0.3426015377044678,0.529598593711853,-0.3798168897628784,0.9962963461875916
58,15,0.5646466016769409,0.5937678217887878,-0.03342284634709358,0.8839484453201294
58,16,0.37816619873046875,0.5988525152206421,-0.49350225925445557,0.9845396876335144
58,17,0.5732438564300537,0.6132189035415649,-0.07820658385753632,0.8344399929046631
58,18,0.37858790159225464,0.62430739402771,-0.5614762902259827,0.9664437770843506
58,19,0.5681434869766235,0.612655520439148,-0.14922615885734558,0.8447473049163818
58,20,0.39656034111976624,0.6220769286155701,-0.5907222032546997,0.9657812714576721
58,21,0.5611627101898193,0.6067895293235779,-0.06779095530509949,0.8266299366950989
58,22,0.39992764592170715,0.614162266254425,-0.504713773727417,0.951393723487854
58,23,0.5002474188804626,0.6082624197006226,0.13985495269298553,0.9991053938865662
58,24,0.41398608684539795,0.6074904799461365,-0.13999848067760468,0.9995266199111938
58,25,0.491685152053833,0.7182728052139282,0.22597457468509674,0.8514150381088257
58,26,0.42285996675491333,0.7211899757385254,-0.08687170594930649,0.9727397561073303
58,27,0.47284385561943054,0.8114100694656372,0.49021393060684204,0.9059914350509644
58,28,0.4240826368331909,0.8270033597946167,0.16173109412193298,0.9680176377296448
58,29,0.4538058042526245,0.8229581117630005,0.504281222820282,0.8822646737098694
58,30,0.41102319955825806,0.8401091694831848,0.17327488958835602,0.8495669960975647
58,31,0.5177573561668396,0.8438512682914734,0.33685189485549927,0.9283438920974731
58,32,0.46879786252975464,0.8664134740829468,-0.06328924745321274,0.9696885347366333
59,0,0.4921736717224121,0.3872259557247162,-0.5303537249565125,0.9999241232872009
59,1,0.4934818744659424,0.37820693850517273,-0.4892451763153076,0.999843180179596
59,2,0.4969809651374817,0.3785783350467682,-0.48926210403442383,0.9998098015785217
59,3,0.49975326657295227,0.3789134621620178,-0.4892277121543884,0.9997923970222473
59,4,0.478465735912323,0.37771332263946533,-0.5252766609191895,0.9998786449432373
59,5,0.4705193042755127,0.37754443287849426,-0.5253561735153198,0.9998751878738403
59,6,0.46180474758148193,0.37739667296409607,-0.5254323482513428,0.9998829364776611
59,7,0.4886752963066101,0.38415199518203735,-0.24009977281093597,0.9993316531181335
59,8,0.4384217858314514,0.38141685724258423,-0.41033291816711426,0.9998990297317505
59,9,0.49648067355155945,0.39919039607048035,-0.4340149760246277,0.9998969435691833
59,10,0.47786733508110046,0.3991333246231079,-0.4829181730747223,0.9999524354934692
59,11,0.5213034152984619,0.45176881551742554,0.0033935613464564085,0.9997648000717163
59,12,0.3705132305622101,0.4423755705356598,-0.37821316719055176,0.999958336353302
59,13,0.548936128616333,0.528955340385437,0.14219146966934204,0.7662246227264404
59,14,0.34373241662979126,0.5300680994987488,-0.3913111090660095,0.9961931705474854
59,15,0.5622833371162415,0.5936576128005981,-0.0399586446583271,0.8834229707717896
59,16,0.37860265374183655,0.5995410680770874,-0.4991423189640045,0.9844709038734436
59,17,0.5710515975952148,0.6132296323776245,-0.08769137412309647,0.8325950503349304
59,18,0.3791564404964447,0.6253162622451782,-0.5668182969093323,0.9665266871452332
59,19,0.5649652481079102,0.6127387285232544,-0.15552963316440582,0.8432637453079224
59,20,0.3969985842704773,0.6233120560646057,-0.5989104509353638,0.9658984541893005
59,21,0.5580514669418335,0.6068766117095947,-0.0731164962053299,0.8249959945678711
59,22,0.40009579062461853,0.6155796051025391,-0.5115907788276672,0.9516474604606628
59,23,0.49963366985321045,0.607864260673523,0.1397855281829834,0.9990805983543396
59,24,0.4128611981868744,0.6074453592300415,-0.13993486762046814,0.9995107054710388
59,25,0.4917072653770447,0.7180400490760803,0.2279675006866455,0.8543462753295898
59,26,0.4218977093696594,0.7208431363105774,-0.08094649016857147,0.9736388325691223
59,27,0.4729363024234772,0.8112534284591675,0.49353456497192383,0.908936619758606
59,28,0.42425957322120667,0.8263550996780396,0.17323030531406403,0.9694198966026306
59,29,0.454236775636673,0.8227396011352539,0.5073866248130798,0.8846107125282288
59,30,0.41126564145088196,0.8397399187088013,0.18498294055461884,0.8481857776641846
59,31,0.5175975561141968,0.8436993360519409,0.34058091044425964,0.93064945936203
59,32,0.4675482511520386,0.8657959699630737,-0.05089949071407318,0.9701149463653564
60,0,0.49092572927474976,0.38711029291152954,-0.48281729221343994,0.9999234676361084
60,1,0.49168458580970764,0.37811094522476196,-0.4397537112236023,0.9998401999473572
60,2,0.49493446946144104,0.37845903635025024,-0.4397987425327301,0.9998064041137695
60,3,0.49747195839881897,0.37878328561782837,-0.43977367877960205,0.9997883439064026
60,4,0.4771062135696411,0.3776455521583557,-0.47621503472328186,0.9998757243156433
60,5,0.4694174528121948,0.3774905204772949,-0.47625985741615295,0.9998723864555359
60,6,0.4609270393848419,0.3773547410964966,-0.4763336181640625,0.9998779892921448
60,7,0.48614171147346497,0.3840743899345398,-0.19113385677337646,0.999314546585083
60,8,0.4377158284187317,0.38130253553390503,-0.3624389171600342,0.9998921155929565
60,9,0.49495336413383484,0.39908045530319214,-0.3874049186706543,0.9998944997787476
60,10,0.47688814997673035,0.39904698729515076,-0.4365450441837311,0.9999499917030334
60,11,0.5204265713691711,0.45177167654037476,0.03892414644360542,0.9997606873512268
60,12,0.3698875308036804,0.44242390990257263,-0.3409477770328522,0.9999547004699707
60,13,0.545418918132782,0.5285893082618713,0.16283488273620605,0.7667688131332397
60,14,0.34373414516448975,0.5301411747932434,-0.36529096961021423,0.9960668683052063
60,15,0.5595626831054688,0.5935388803482056,-0.02411983534693718,0.8866308927536011
60,16,0.37947654724121094,0.5995792150497437,-0.4803744852542877,0.984478771686554
60,17,0.5680617094039917,0.6131614446640015,-0.06899500638246536,0.8358616828918457
60,18,0.3806038796901703,0.6252526044845581,-0.5489031076431274,0.9666402339935303
60,19,0.5594210028648376,0.6126777529716492,-0.13914936780929565,0.8465380668640137
60,20,0.39808183908462524,0.6233511567115784,-0.5781017541885376,0.9659935832023621
60,21,0.5524812936782837,0.6068238019943237,-0.05808166787028313,0.8281933665275574
60,22,0.4010930061340332,0.6157578229904175,-0.49172183871269226,0.9517934322357178
60,23,0.4976246654987335,0.6077989339828491,0.13847684860229492,0.9990620613098145
60,24,0.4111066460609436,0.6073384881019592,-0.13858067989349365,0.9994825720787048
60,25,0.4913943111896515,0.7179344892501831,0.1980181634426117,0.8575417995452881
60,26,0.42061716318130493,0.7207190990447998,-0.08351031690835953,0.9737685918807983
60,27,0.4729749858379364,0.8111129999160767,0.4760989844799042,0.9107652306556702
60,28,0.4241514503955841,0.8260243535041809,0.1834641844034195,0.9702869653701782
60,29,0.4541909396648407,0.8217466473579407,0.49162933230400085,0.886043131351471
60,30,0.411513090133667,0.8392288088798523,0.19674016535282135,0.8449666500091553
60,31,0.516832709312439,0.8435875177383423,0.3192615211009979,0.931952953338623
60,32,0.46545737981796265,0.8652056455612183,-0.04226591810584068,0.9700343012809753
61,0,0.48943307995796204,0.3873074948787689,-0.4758571982383728,0.9999223947525024
61,1,0.4902263581752777,0.3782733082771301,-0.433674693107605,0.9998335838317871
61,2,0.49360328912734985,0.37861162424087524,-0.4337317943572998,0.9997979998588562
61,3,0.49628862738609314,0.37892597913742065,-0.43370822072029114,0.9997771978378296
61,4,0.47548261284828186,0.3778112530708313,-0.46937909722328186,0.9998717904090881
61,5,0.46775537729263306,0.377654492855072,-0.46943169832229614,0.9998696446418762
61,6,0.4592288136482239,0.37751659750938416,-0.4695010781288147,0.9998735785484314
61,7,0.48483163118362427,0.38416531682014465,-0.1901489645242691,0.999262809753418
61,8,0.43626415729522705,0.3814394176006317,-0.3566015958786011,0.9998859763145447
61,9,0.49342015385627747,0.3992390036582947,-0.38216426968574524,0.9998896718025208
61,10,0.4754162132740021,0.3992062211036682,-0.4299055337905884,0.9999479651451111
61,11,0.518703818321228,0.45181551575660706,0.044450048357248306,0.9997504949569702
61,12,0.3691800832748413,0.4424956440925598,-0.3424195945262909,0.9999549984931946
61,13,0.5396580100059509,0.5285546779632568,0.15686368942260742,0.7539322376251221
61,14,0.3457767963409424,0.530320942401886,-0.36773332953453064,0.9959589838981628
61,15,0.5523762702941895,0.5934613943099976,-0.034953322261571884,0.878627598285675
61,16,0.38259074091911316,0.5995713472366333,-0.4843735098838806,0.9843238592147827
61,17,0.5590195059776306,0.6131836175918579,-0.0796969011425972,0.8261258602142334
61,18,0.38311535120010376,0.6254164576530457,-0.5527234673500061,0.9665634632110596
61,19,0.5502837896347046,0.612723708152771,-0.14769183099269867,0.8372926115989685
61,20,0.3996081054210663,0.6236416101455688,-0.5816294550895691,0.9659398198127747
61,21,0.5436260104179382,0.6068078279495239,-0.06833795458078384,0.8184137940406799
61,22,0.4029216468334198,0.6161226034164429,-0.4954434633255005,0.9517712593078613
61,23,0.4954696595668793,0.6074587106704712,0.13932017982006073,0.9990289807319641
61,24,0.40989193320274353,0.6073143482208252,-0.13941824436187744,0.9994801878929138
61,25,0.4911395311355591,0.7151040434837341,0.1991163045167923,0.8528205156326294
61,26,0.4241463243961334,0.7193834781646729,-0.14405716955661774,0.9735368490219116
61,27,0.4719535708427429,0.8099356889724731,0.48840171098709106,0.9092324376106262
61,28,0.425732284784317,0.8259533047676086,0.04538578912615776,0.9705331325531006
61,29,0.4519135653972626,0.8209072947502136,0.5039729475975037,0.8840134143829346
61,30,0.41142985224723816,0.8388732075691223,0.050453320145606995,0.8422466516494751
61,31,0.5159634351730347,0.8425213694572449,0.3267427980899811,0.9308186769485474
61,32,0.46961310505867004,0.8648552894592285,-0.18183553218841553,0.9695058465003967
62,0,0.48745137453079224,0.38752466440200806,-0.47645676136016846,0.9999253749847412
62,1,0.4887840747833252,0.3786131739616394,-0.4369145631790161,0.9998376369476318
62,2,0.49221718311309814,0.3789365589618683,-0.43691301345825195,0.9998021721839905
62,3,0.4949384331703186,0.379246324300766,-0.4368399381637573,0.999780535697937
62,4,0.4738701283931732,0.37815505266189575,-0.4729467034339905,0.9998765587806702
62,5,0.46618133783340454,0.37796932458877563,-0.4730464816093445,0.999875009059906
62,6,0.45763346552848816,0.3778223395347595,-0.4731069803237915,0.9998783469200134
62,7,0.48401448130607605,0.3843313157558441,-0.19885127246379852,0.9992642402648926
62,8,0.434819757938385,0.38150399923324585,-0.36503833532333374,0.9998897314071655
62,9,0.4913588762283325,0.3994598090648651,-0.3844362497329712,0.9998908042907715
62,10,0.47319865226745605,0.3993515372276306,-0.4322334825992584,0.9999492168426514
62,11,0.5169505476951599,0.4517010748386383,0.036920152604579926,0.9997360706329346
62,12,0.36864468455314636,0.44255536794662476,-0.3534592390060425,0.9999567866325378
62,13,0.5367255210876465,0.5282049775123596,0.15206071734428406,0.7417674660682678
62,14,0.344767302274704,0.5302919149398804,-0.3757668435573578,0.9960801005363464
62,15,0.5462353825569153,0.5930942893028259,-0.0397719070315361,0.8699552416801453
62,16,0.38464316725730896,0.5997437238693237,-0.48668140172958374,0.9847278594970703
62,17,0.5519119501113892,0.6131858825683594,-0.08328770101070404,0.8151707053184509
62,18,0.3850618004798889,0.6254438161849976,-0.5555956363677979,0.9673422574996948
62,19,0.5434921383857727,0.6127306222915649,-0.1505013406276703,0.8268308043479919
62,20,0.40133437514305115,0.6240439414978027,-0.5840901136398315,0.9667121171951294
62,21,0.5373124480247498,0.6067661643028259,-0.07288910448551178,0.8075720071792603
62,22,0.4050542116165161,0.6167740821838379,-0.4982612729072571,0.9528090357780457
62,23,0.49366527795791626,0.6067627668380737,0.13982751965522766,0.9990004301071167
62,24,0.40954136848449707,0.6071329116821289,-0.1399301141500473,0.9994854927062988
62,25,0.48970431089401245,0.7147067189216614,0.21701772511005402,0.8542677760124207
62,26,0.4233330190181732,0.7192659378051758,-0.13251057267189026,0.9747611880302429
62,27,0.47001299262046814,0.8098880648612976,0.4902014136314392,0.9118250608444214
62,28,0.42638906836509705,0.8256742358207703,0.05290663614869118,0.9721472859382629
62,29,0.4491986036300659,0.8212874531745911,0.503765344619751,0.8865843415260315
62,30,0.4115188717842102,0.8387786746025085,0.056507281959056854,0.8464717268943787
62,31,0.5161353945732117,0.8424519300460815,0.335957795381546,0.9329001307487488
62,32,0.4705701172351837,0.8646594882011414,-0.17609697580337524,0.970588743686676
63,0,0.48589757084846497,0.38766056299209595,-0.42765724658966064,0.9999192357063293
63,1,0.48757314682006836,0.37868908047676086,-0.38547518849372864,0.9998220205307007
63,2,0.49099570512771606,0.37900060415267944,-0.38553425669670105,0.9997808337211609
63,3,0.4937060475349426,0.3793007731437683,-0.3855021595954895,0.9997559785842896
63,4,0.472512811422348,0.3782508969306946,-0.42308977246284485,0.9998686909675598
63,5,0.46476492285728455,0.37807488441467285,-0.4231376349925995,0.9998677372932434
63,6,0.45626387000083923,0.37792664766311646,-0.4232160747051239,0.999871015548706
63,7,0.4828942120075226,0.3843922019004822,-0.1488923579454422,0.9991601705551147
63,8,0.4335252046585083,0.38154464960098267,-0.32335007190704346,0.9998829960823059
63,9,0.48978427052497864,0.39956727623939514,-0.33697086572647095,0.9998782873153687
63,10,0.4714365601539612,0.39945560693740845,-0.387058287858963,0.9999452233314514
63,11,0.5127553343772888,0.45170530676841736,0.07949460297822952,0.9996790289878845
63,12,0.36790984869003296,0.4425986707210541,-0.32506951689720154,0.9999558329582214
63,13,0.5285370349884033,0.5274361371994019,0.1835954487323761,0.7100105881690979
63,14,0.3443033993244171,0.5302582383155823,-0.3613261878490448,0.9959506988525391
63,15,0.5383061170578003,0.5924004316329956,-0.006807736121118069,0.8432588577270508
63,16,0.38566508889198303,0.5997346043586731,-0.46807861328125,0.9840548634529114
63,17,0.5461392998695374,0.6129018664360046,-0.047312185168266296,0.7874332070350647
63,18,0.38599663972854614,0.6254112720489502,-0.5347762703895569,0.9661420583724976
63,19,0.5381263494491577,0.6125010251998901,-0.11038004606962204,0.7997878789901733
63,20,0.4020794630050659,0.6240348219871521,-0.5554457306861877,0.9654096364974976
63,21,0.5320762395858765,0.6067112684249878,-0.038898300379514694,0.7804763317108154
63,22,0.4056154787540436,0.6167087554931641,-0.47567319869995117,0.9510419964790344
63,23,0.4904654324054718,0.6067067384719849,0.14208166301250458,0.9989270567893982
63,24,0.408349871635437,0.6072688102722168,-0.14217409491539001,0.9994553327560425
63,25,0.4874904751777649,0.7147840261459351,0.21762044727802277,0.8529947996139526
63,26,0.42286187410354614,0.7205054759979248,-0.12971267104148865,0.9751659035682678
63,27,0.47001367807388306,0.8098527193069458,0.4875901937484741,0.9124565720558167
63,28,0.42628800868988037,0.825555682182312,0.07615140080451965,0.9728288054466248
63,29,0.44934824109077454,0.8212712407112122,0.5005763173103333,0.8868492841720581
63,30,0.4116482734680176,0.8387745022773743,0.08274515718221664,0.8454504013061523
63,31,0.5167922377586365,0.8423810005187988,0.3383583426475525,0.9335983991622925
63,32,0.47078824043273926,0.8648034334182739,-0.15799376368522644,0.9706079363822937
64,0,0.48375236988067627,0.38768187165260315,-0.4518587291240692,0.9999192357063293
64,1,0.48539474606513977,0.378777414560318,-0.4103093445301056,0.9998191595077515
64,2,0.48889613151550293,0.37908631563186646,-0.41035813093185425,0.9997768998146057
64,3,0.4917721152305603,0.3793789744377136,-0.4103270173072815,0.9997509121894836
64,4,0.4700649380683899,0.37833577394485474,-0.44742804765701294,0.9998676180839539
64,5,0.4622907042503357,0.3781563341617584,-0.4474816620349884,0.9998670816421509
64,6,0.45382702350616455,0.37800100445747375,-0.44755464792251587,0.9998695254325867
64,7,0.48161745071411133,0.38440054655075073,-0.1691015660762787,0.9991316795349121
64,8,0.43212100863456726,0.38160043954849243,-0.3419935703277588,0.9998806118965149
64,9,0.4877333641052246,0.39964455366134644,-0.35883522033691406,0.9998763203620911
64,10,0.46953192353248596,0.3995317816734314,-0.408629447221756,0.9999445676803589
64,11,0.5122321844100952,0.4517151713371277,0.06380629539489746,0.9996723532676697
64,12,0.364724338054657,0.442741334438324,-0.3267870843410492,0.9999561309814453
64,13,0.5295252203941345,0.527409017086029,0.18107664585113525,0.7038137912750244
64,14,0.34226641058921814,0.5302640199661255,-0.3468649685382843,0.995970606803894
64,15,0.5380101799964905,0.592387318611145,-0.01078022550791502,0.8403660655021667
64,16,0.38455930352211,0.5994508266448975,-0.4574494957923889,0.9843831062316895
64,17,0.546068549156189,0.6130170226097107,-0.05350117012858391,0.7833577990531921
64,18,0.38517141342163086,0.6248628497123718,-0.5231664180755615,0.9669473171234131
64,19,0.5378483533859253,0.6125146746635437,-0.11955416947603226,0.7960458993911743
64,20,0.4014815092086792,0.6234748363494873,-0.550881028175354,0.9662546515464783
64,21,0.531604528427124,0.6067008376121521,-0.043661609292030334,0.7766783833503723
64,22,0.40487298369407654,0.6159206032752991,-0.4674811065196991,0.9521530866622925
64,23,0.49056392908096313,0.6065995693206787,0.14166884124279022,0.9988948702812195
64,24,0.40740394592285156,0.6072160005569458,-0.1417541354894638,0.9994480609893799
64,25,0.4866652488708496,0.715751051902771,0.2225908488035202,0.85685133934021
64,26,0.4216228127479553,0.7204086780548096,-0.129568412899971,0.9759498834609985
64,27,0.470074325799942,0.8098312616348267,0.490932434797287,0.9147805571556091
64,28,0.42591556906700134,0.8256335258483887,0.07141653448343277,0.97379070520401
64,29,0.44970712065696716,0.8212621808052063,0.5042009949684143,0.8889554738998413
64,30,0.41169169545173645,0.8388162851333618,0.07730486989021301,0.8454955816268921
64,31,0.5161316394805908,0.8424792289733887,0.34127381443977356,0.9352781176567078
64,32,0.4708671271800995,0.8651887774467468,-0.1592068076133728,0.9710454344749451
65,0,0.48237791657447815,0.38771852850914,-0.4421016275882721,0.9999145269393921
65,1,0.4832790791988373,0.37884068489074707,-0.39922481775283813,0.9998060464859009
65,2,0.4865500032901764,0.3791487514972687,-0.3992767632007599,0.9997590780258179
65,3,0.4892365634441376,0.3794400095939636,-0.39924925565719604,0.9997304677963257
65,4,0.4685034453868866,0.37837907671928406,-0.4379346966743469,0.9998598694801331
65,5,0.46105241775512695,0.3781901001930237,-0.437977135181427,0.999859631061554
65,6,0.4527941942214966,0.37802842259407043,-0.43805545568466187,0.9998614192008972
65,7,0.4786111116409302,0.38442227244377136,-0.15526461601257324,0.9990403056144714
65,8,0.43079015612602234,0.3816501796245575,-0.3354519009590149,0.999872088432312
65,9,0.48617544770240784,0.39969488978385925,-0.3481428921222687,0.9998648762702942
65,10,0.4682779014110565,0.3995538353919983,-0.39997801184654236,0.9999397397041321
65,11,0.5082985162734985,0.4518454670906067,0.08192171156406403,0.9996464252471924
65,12,0.363538533449173,0.4427696168422699,-0.32969754934310913,0.9999557137489319
65,13,0.5256021022796631,0.5273319482803345,0.19768169522285461,0.6856591701507568
65,14,0.34180814027786255,0.5302579402923584,-0.34982237219810486,0.9959395527839661
65,15,0.5369716882705688,0.5923032760620117,0.011649753898382187,0.8301016092300415
65,16,0.38457250595092773,0.5991228818893433,-0.46511566638946533,0.98456209897995
65,17,0.5451714992523193,0.612998366355896,-0.02836388163268566,0.7715319991111755
65,18,0.3851964771747589,0.6242765784263611,-0.5312492847442627,0.9673900604248047
65,19,0.5376516580581665,0.6124954223632812,-0.0945160984992981,0.7847189903259277
65,20,0.4015142619609833,0.6230787038803101,-0.5591416954994202,0.966679036617279
65,21,0.5315718054771423,0.6066822409629822,-0.02139434963464737,0.764915406703949
65,22,0.40488487482070923,0.6155292391777039,-0.47525015473365784,0.9525647759437561
65,23,0.4886828660964966,0.6065821647644043,0.14386579394340515,0.9988633990287781
65,24,0.4053082764148712,0.6071872711181641,-0.1439550668001175,0.9994271397590637
65,25,0.4862746000289917,0.7157794833183289,0.22366073727607727,0.8569634556770325
65,26,0.4205874502658844,0.720569908618927,-0.12601517140865326,0.9761896133422852
65,27,0.4713462293148041,0.8100476264953613,0.493069589138031,0.915159285068512
65,28,0.4248279631137848,0.8258045315742493,0.10187621414661407,0.97426837682724
65,29,0.4516989290714264,0.8214950561523438,0.5067088007926941,0.8894375562667847
65,30,0.4111839234828949,0.8387319445610046,0.1115620955824852,0.8436910510063171
65,31,0.5162228345870972,0.8427154421806335,0.3431727886199951,0.935933530330658
65,32,0.4701063930988312,0.8653084635734558,-0.11938328295946121,0.9710675477981567
66,0,0.48127609491348267,0.38809266686439514,-0.47694849967956543,0.999915361404419
66,1,0.4818425476551056,0.3789951503276825,-0.4377126395702362,0.9998040199279785
66,2,0.4848630726337433,0.3793094754219055,-0.43771710991859436,0.9997555017471313
66,3,0.48731058835983276,0.3796078562736511,-0.43766191601753235,0.999725878238678
66,4,0.4673830270767212,0.3784908652305603,-0.477803111076355,0.9998605847358704
66,5,0.4600715935230255,0.3782990872859955,-0.4778713583946228,0.9998605847358704
66,6,0.4518603980541229,0.37812289595603943,-0.47795385122299194,0.9998617768287659
66,7,0.4762471914291382,0.3845469355583191,-0.20130608975887299,0.9990167617797852
66,8,0.42973217368125916,0.38170963525772095,-0.38666605949401855,0.9998714327812195
66,9,0.4846547544002533,0.40005818009376526,-0.384827196598053,0.9998632073402405
66,10,0.4671412706375122,0.39986473321914673,-0.4387238323688507,0.9999396204948425
66,11,0.5080106258392334,0.4519074559211731,0.03781156241893768,0.999639093875885
66,12,0.3614652752876282,0.44290226697921753,-0.3723025321960449,0.9999566078186035
66,13,0.5272097587585449,0.5273324251174927,0.16056224703788757,0.6844976544380188
66,14,0.3410668671131134,0.5314222574234009,-0.3956477642059326,0.9960116744041443
66,15,0.5381468534469604,0.5924661755561829,-0.011006724089384079,0.8313140273094177
66,16,0.3859206736087799,0.601097047328949,-0.4993438422679901,0.985015332698822
66,17,0.5463100075721741,0.6133571863174438,-0.048581816256046295,0.7717167139053345
66,18,0.38671064376831055,0.6260210871696472,-0.5658751130104065,0.9683366417884827
66,19,0.5387873649597168,0.6127599477767944,-0.11568046361207962,0.7850355505943298
66,20,0.4032459259033203,0.62484210729599,-0.5934749841690063,0.9676392078399658
66,21,0.5326705574989319,0.6068514585494995,-0.043913569301366806,0.7650964856147766
66,22,0.4071922302246094,0.6175485849380493,-0.5090981721878052,0.9538064002990723
66,23,0.48901718854904175,0.606545090675354,0.1436612904071808,0.9988282918930054
66,24,0.4050324261188507,0.6073798537254333,-0.14374835789203644,0.9994159936904907
66,25,0.48631906509399414,0.7152787446975708,0.22521260380744934,0.8596822619438171
66,26,0.42001697421073914,0.7205041646957397,-0.11074727028608322,0.9769101738929749
66,27,0.4714830219745636,0.8099864721298218,0.48998120427131653,0.9167511463165283
66,28,0.42412689328193665,0.8260064125061035,0.11701023578643799,0.9751622080802917
66,29,0.4518055319786072,0.8214788436889648,0.5030574798583984,0.8912144303321838
66,30,0.4112037718296051,0.8387013673782349,0.12603241205215454,0.8448696136474609
66,31,0.5170796513557434,0.8426607251167297,0.34224948287010193,0.9373747110366821
66,32,0.4700445532798767,0.8655385971069336,-0.10042303055524826,0.971551775932312
67,0,0.4803377687931061,0.3884005546569824,-0.46429434418678284,0.999901533126831
67,1,0.48061108589172363,0.3790392279624939,-0.4238523244857788,0.9997696876525879
67,2,0.4835861921310425,0.37934213876724243,-0.42388397455215454,0.99970942735672
67,3,0.48601484298706055,0.37962010502815247,-0.4238487184047699,0.9996740221977234
67,4,0.46623098850250244,0.3785548210144043,-0.4644332826137543,0.9998384714126587
67,5,0.4588865041732788,0.3783833980560303,-0.46448761224746704,0.9998388886451721
67,6,0.4507582485675812,0.37820667028427124,-0.46458277106285095,0.9998393654823303
67,7,0.47431495785713196,0.3845677077770233,-0.18607571721076965,0.9988333582878113
67,8,0.4285294711589813,0.38180869817733765,-0.3765515983104706,0.9998505115509033
67,9,0.4833461046218872,0.4004734456539154,-0.37156325578689575,0.9998405575752258
67,10,0.4659554064273834,0.400373637676239,-0.4258909821510315,0.9999299645423889
67,11,0.5051164031028748,0.45209217071533203,0.0512862466275692,0.9995979070663452
67,12,0.35989493131637573,0.4429813027381897,-0.3686264753341675,0.9999541640281677
67,13,0.5240138173103333,0.5275619029998779,0.17188511788845062,0.6675267219543457
67,14,0.34017249941825867,0.5316426157951355,-0.3919204771518707,0.9958494305610657
67,15,0.5373181104660034,0.5925131440162659,-0.0036238322500139475,0.8193091154098511
67,16,0.3864842653274536,0.6008675694465637,-0.49151611328125,0.9847631454467773
67,17,0.5458167195320129,0.6138118505477905,-0.04264870285987854,0.7579910159111023
67,18,0.38753506541252136,0.6256179213523865,-0.5568296313285828,0.9679762125015259
67,19,0.5388906598091125,0.6130783557891846,-0.10682262480258942,0.7718412280082703
67,20,0.40422841906547546,0.6243720054626465,-0.5825619697570801,0.9672539830207825
67,21,0.5325375199317932,0.6071213483810425,-0.035649314522743225,0.7516117095947266
67,22,0.40802305936813354,0.6167851686477661,-0.5003976821899414,0.9531819224357605
67,23,0.4879985451698303,0.6066620945930481,0.14407750964164734,0.9987491369247437
67,24,0.4041033387184143,0.6075556874275208,-0.1441853791475296,0.9993470907211304
67,25,0.48632290959358215,0.7152836918830872,0.22274969518184662,0.8549013733863831
67,26,0.4200097322463989,0.7211812734603882,-0.09446056932210922,0.9752900004386902
67,27,0.4716688394546509,0.8106037974357605,0.4909670948982239,0.9130921959877014
67,28,0.42327409982681274,0.8260222673416138,0.1800524890422821,0.9736959338188171
67,29,0.4514187276363373,0.8223414421081543,0.5047498345375061,0.8879185318946838
67,30,0.4106867015361786,0.8386563062667847,0.19503353536128998,0.8372721076011658
67,31,0.5170743465423584,0.8427829742431641,0.3431706428527832,0.935248613357544
67,32,0.4694802463054657,0.8654730916023254,-0.026661723852157593,0.9695422649383545
68,0,0.4800928235054016,0.3891631066799164,-0.454955518245697,0.9998974204063416
68,1,0.4803692400455475,0.37967151403427124,-0.41686972975730896,0.9997554421424866
68,2,0.48325198888778687,0.3799313008785248,-0.4168965518474579,0.9996907711029053
68,3,0.4857408404350281,0.380212664604187,-0.4168543815612793,0.9996548891067505
68,4,0.46606141328811646,0.3789677917957306,-0.45946964621543884,0.9998306035995483
68,5,0.4588414430618286,0.3788162171840668,-0.4595179557800293,0.9998310804367065
68,6,0.4507400095462799,0.3785502314567566,-0.459607869386673,0.9998305439949036
68,7,0.4740699231624603,0.38500916957855225,-0.18627603352069855,0.9987612366676331
68,8,0.4284892976284027,0.3819394111633301,-0.3820245862007141,0.999841034412384
68,9,0.48314031958580017,0.40111294388771057,-0.36504805088043213,0.9998313784599304
68,10,0.4655645489692688,0.4009019434452057,-0.4220920503139496,0.9999263286590576
68,11,0.5047160983085632,0.45214852690696716,0.04996960610151291,0.999595046043396
68,12,0.35713809728622437,0.4436973035335541,-0.3809635043144226,0.9999545216560364
68,13,0.5249348282814026,0.5276321172714233,0.17066609859466553,0.6662453413009644
68,14,0.339569091796875,0.5334835052490234,-0.40961575508117676,0.9958701133728027
68,15,0.5379968881607056,0.5926254391670227,0.00047371190157718956,0.8215084075927734
68,16,0.3875381350517273,0.6023129224777222,-0.49977239966392517,0.9851520657539368
68,17,0.5466129183769226,0.6138885021209717,-0.03685784712433815,0.7595781087875366
68,18,0.3889276683330536,0.6267978549003601,-0.5652101635932922,0.968839168548584
68,19,0.5392396450042725,0.6132331490516663,-0.10223937779664993,0.7735803723335266
68,20,0.4058758318424225,0.6251684427261353,-0.5913669466972351,0.968130350112915
68,21,0.532728910446167,0.6072388887405396,-0.031707435846328735,0.7532229423522949
68,22,0.4095446765422821,0.6179319620132446,-0.508790135383606,0.9542552828788757
68,23,0.4870416522026062,0.6076372861862183,0.14484786987304688,0.9987137913703918
68,24,0.4024096131324768,0.6087367534637451,-0.14496520161628723,0.9993134140968323
68,25,0.48650723695755005,0.7158783078193665,0.23551137745380402,0.855407178401947
68,26,0.41994547843933105,0.7220267653465271,-0.080625519156456,0.9753194451332092
68,27,0.4726331830024719,0.8114732503890991,0.48863622546195984,0.913221538066864
68,28,0.4229210615158081,0.8265827894210815,0.1764480024576187,0.9739086627960205
68,29,0.4524402618408203,0.8231748342514038,0.5015638470649719,0.8887569904327393
68,30,0.4107305705547333,0.83880615234375,0.18908153474330902,0.8370255827903748
68,31,0.518619954586029,0.8430825471878052,0.34390637278556824,0.9359208345413208
68,32,0.4683676064014435,0.8662348985671997,-0.028049293905496597,0.9694138765335083
69,0,0.47955071926116943,0.39012646675109863,-0.4531231224536896,0.999894380569458
69,1,0.47975367307662964,0.3804646134376526,-0.4158920645713806,0.9997439980506897
69,2,0.4825517535209656,0.3806678056716919,-0.41592147946357727,0.9996775984764099
69,3,0.4851123094558716,0.38091641664505005,-0.4158838987350464,0.9996415376663208
69,4,0.4655615985393524,0.3797209858894348,-0.4586126506328583,0.9998226761817932
69,5,0.4584588408470154,0.3796456456184387,-0.4586673378944397,0.9998236298561096
69,6,0.4504009187221527,0.3793623745441437,-0.4587584137916565,0.9998212456703186
69,7,0.4731009304523468,0.385529100894928,-0.18704499304294586,0.9987087249755859
69,8,0.4281747043132782,0.3826115131378174,-0.3847466707229614,0.9998303651809692
69,9,0.4823592007160187,0.40209850668907166,-0.3636709749698639,0.999824047088623
69,10,0.46466442942619324,0.4018496572971344,-0.42098408937454224,0.9999224543571472
69,11,0.5041453242301941,0.4529705047607422,0.04939668998122215,0.9995989799499512
69,12,0.3556198179721832,0.44415920972824097,-0.38346460461616516,0.9999544024467468
69,13,0.5252668857574463,0.5287768244743347,0.16955265402793884,0.6684806942939758
69,14,0.33960169553756714,0.5357323288917542,-0.40917909145355225,0.9958885908126831
69,15,0.5383822321891785,0.593114972114563,-0.00019988570420537144,0.8258816003799438
69,16,0.388338565826416,0.6034234166145325,-0.4994538724422455,0.9855325818061829
69,17,0.5476825833320618,0.6145049333572388,-0.0375378280878067,0.7638161778450012
69,18,0.39077746868133545,0.6280354857444763,-0.5648548007011414,0.9696881175041199
69,19,0.5394827723503113,0.6138588190078735,-0.10370063781738281,0.7778816819190979
69,20,0.40843862295150757,0.6262029409408569,-0.5919201374053955,0.9690009355545044
69,21,0.5328748822212219,0.6077861785888672,-0.032624199986457825,0.7574812173843384
69,22,0.4114423990249634,0.6191372275352478,-0.5088971853256226,0.9553639888763428
69,23,0.4859084188938141,0.6079761981964111,0.14470605552196503,0.9986634254455566
69,24,0.4001486003398895,0.6089705228805542,-0.1448189914226532,0.9992691278457642
69,25,0.48682132363319397,0.7160164713859558,0.22726067900657654,0.8544093370437622
69,26,0.4190469980239868,0.722284734249115,-0.08772390335798264,0.9749358296394348
69,27,0.47288987040519714,0.8135367631912231,0.4466455578804016,0.9121365547180176
69,28,0.42283642292022705,0.8277313113212585,0.13848352432250977,0.9736781716346741
69,29,0.45249247550964355,0.8263781666755676,0.4565010964870453,0.8879169225692749
69,30,0.4110785722732544,0.8403117060661316,0.14694295823574066,0.8352872729301453
69,31,0.5207873582839966,0.8440052270889282,0.2996678650379181,0.9355465173721313
69,32,0.46839913725852966,0.8666707277297974,-0.06653387099504471,0.9688417315483093
70,0,0.47945964336395264,0.3908587098121643,-0.4609728455543518,0.9998933672904968
70,1,0.4797859191894531,0.38105568289756775,-0.42682725191116333,0.9997385740280151
70,2,0.48261481523513794,0.38120895624160767,-0.4268544614315033,0.9996712803840637
70,3,0.48526301980018616,0.3814341723918915,-0.4268205463886261,0.9996355175971985
70,4,0.4655638039112091,0.38032105565071106,-0.47119659185409546,0.9998193979263306
70,5,0.4584847390651703,0.3802984058856964,-0.47125834226608276,0.9998201131820679
70,6,0.45044195652008057,0.38001325726509094,-0.47135215997695923,0.9998161792755127
70,7,0.4733019471168518,0.38591498136520386,-0.2029777467250824,0.9986907839775085
70,8,0.42820146679878235,0.3830702602863312,-0.404215931892395,0.9998245239257812
70,9,0.4821801781654358,0.402770459651947,-0.3726242482662201,0.9998209476470947
70,10,0.46422305703163147,0.40246647596359253,-0.43221452832221985,0.9999206066131592
70,11,0.5034461617469788,0.45314574241638184,0.03564009442925453,0.9996055364608765
70,12,0.35469454526901245,0.4445943832397461,-0.40072301030158997,0.9999545812606812
70,13,0.525637686252594,0.5297994613647461,0.16109903156757355,0.6720488667488098
70,14,0.34063753485679626,0.5380897521972656,-0.4257460832595825,0.9958627820014954
70,15,0.5385343432426453,0.5936936140060425,-0.003683533286675811,0.8313156366348267
70,16,0.3902258574962616,0.6066023111343384,-0.5115310549736023,0.9857437610626221
70,17,0.5489497780799866,0.6154589653015137,-0.041329361498355865,0.7696552276611328
70,18,0.3932102620601654,0.6311057806015015,-0.5770834684371948,0.970268189907074
70,19,0.540697455406189,0.6148600578308105,-0.10788076370954514,0.7836599946022034
70,20,0.4123813211917877,0.6288270354270935,-0.6060927510261536,0.9696174263954163
70,21,0.5336189270019531,0.6088685989379883,-0.03618563711643219,0.763491153717041
70,22,0.4149913489818573,0.6222414970397949,-0.5218743681907654,0.9561609029769897
70,23,0.4856279492378235,0.6090036630630493,0.14526060223579407,0.9986360669136047
70,24,0.39893069863319397,0.6105526089668274,-0.1453695297241211,0.9992492198944092
70,25,0.48709648847579956,0.7178903818130493,0.2513450086116791,0.85648113489151
70,26,0.41854599118232727,0.7237454652786255,-0.0865183100104332,0.9756335616111755
70,27,0.47352054715156555,0.8137266039848328,0.48163196444511414,0.9132854342460632
70,28,0.42281922698020935,0.8284478187561035,0.13800913095474243,0.974409818649292
70,29,0.4530966877937317,0.8264294862747192,0.4928733706474304,0.8895809650421143
70,30,0.4115101397037506,0.8411186933517456,0.1466592252254486,0.8378804922103882
70,31,0.5212399959564209,0.8440542221069336,0.3448556959629059,0.936680793762207
70,32,0.46832212805747986,0.8670061230659485,-0.0695381909608841,0.9693568348884583
71,0,0.4795827269554138,0.39227503538131714,-0.46649569272994995,0.9998910427093506
71,1,0.47991594672203064,0.3823522925376892,-0.43229180574417114,0.999730110168457
71,2,0.48277443647384644,0.3824999928474426,-0.4323281943798065,0.9996597170829773
71,3,0.4853971600532532,0.38272058963775635,-0.4322998821735382,0.9996228814125061
71,4,0.46560558676719666,0.38151413202285767,-0.4751807749271393,0.9998120665550232
71,5,0.4585755169391632,0.38139134645462036,-0.4752255380153656,0.999812126159668
71,6,0.45053231716156006,0.3810421824455261,-0.4753176271915436,0.9998069405555725
71,7,0.47352829575538635,0.38685017824172974,-0.20715482532978058,0.9986574053764343
71,8,0.4282545745372772,0.38375821709632874,-0.40165817737579346,0.9998149871826172
71,9,0.48211902379989624,0.4041587710380554,-0.3782297670841217,0.9998175501823425
71,10,0.4642203748226166,0.4038662910461426,-0.43611758947372437,0.9999191761016846
71,11,0.5019177198410034,0.453338086605072,0.02206273376941681,0.9996115565299988
71,12,0.35385385155677795,0.44550609588623047,-0.39222338795661926,0.9999537467956543
71,13,0.5233020782470703,0.5305641889572144,0.15275850892066956,0.6761330962181091
71,14,0.3397669196128845,0.5390985608100891,-0.417367547750473,0.9957900047302246
71,15,0.5388070940971375,0.5940764546394348,-0.009059233590960503,0.8373774290084839
71,16,0.3904619812965393,0.6064239740371704,-0.510043740272522,0.9859453439712524
71,17,0.5511947274208069,0.615857720375061,-0.0477198027074337,0.7766563892364502
71,18,0.39482197165489197,0.6310933232307434,-0.5760529041290283,0.970828652381897
71,19,0.5441792607307434,0.6154116988182068,-0.11472000181674957,0.7904260754585266
71,20,0.41472357511520386,0.6286272406578064,-0.6064475178718567,0.9702184200286865
71,21,0.5361937880516052,0.6092483401298523,-0.04172806069254875,0.7705492973327637
71,22,0.41665759682655334,0.6220017671585083,-0.5210517644882202,0.9570157527923584
71,23,0.484356552362442,0.6118173003196716,0.13949257135391235,0.9986655116081238
71,24,0.3961889147758484,0.6130710244178772,-0.13959476351737976,0.9992408156394958
71,25,0.4879632592201233,0.7211931347846985,0.24963359534740448,0.8622690439224243
71,26,0.41453781723976135,0.7255963087081909,-0.04507310688495636,0.9761397838592529
71,27,0.47454097867012024,0.8141350746154785,0.5253432393074036,0.9155486822128296
71,28,0.4210200011730194,0.828370213508606,0.25108006596565247,0.9747446179389954
71,29,0.45533108711242676,0.8263564109802246,0.5431287884712219,0.8922613263130188
71,30,0.4114746153354645,0.8409610986709595,0.2686198055744171,0.8393437266349792
71,31,0.5212131142616272,0.8450664281845093,0.3896571397781372,0.9383253455162048
71,32,0.4616534411907196,0.8665809631347656,0.05376075580716133,0.9695228934288025
72,0,0.47972437739372253,0.39407727122306824,-0.49846771359443665,0.9998900890350342
72,1,0.4809570014476776,0.3841961622238159,-0.4640006721019745,0.9997240900993347
72,2,0.48411476612091064,0.38449913263320923,-0.4640173614025116,0.9996507167816162
72,3,0.48710745573043823,0.3848899304866791,-0.4639858603477478,0.9996121525764465
72,4,0.4664200246334076,0.3828980326652527,-0.503841757774353,0.9998064637184143
72,5,0.45945239067077637,0.3824802041053772,-0.5038686990737915,0.9998061656951904
72,6,0.45141029357910156,0.38192006945610046,-0.5039392113685608,0.9997991919517517
72,7,0.4763566255569458,0.38895153999328613,-0.23510733246803284,0.9986401200294495
72,8,0.42940211296081543,0.38428646326065063,-0.4219684898853302,0.9998071789741516
72,9,0.482244610786438,0.4060615003108978,-0.4079514443874359,0.9998191595077515
72,10,0.4643246531486511,0.4053608775138855,-0.46227824687957764,0.999920129776001
72,11,0.5020280480384827,0.4537552297115326,-0.016507793217897415,0.9996302127838135
72,12,0.3528869152069092,0.44573378562927246,-0.39000388979911804,0.9999532103538513
72,13,0.5237031579017639,0.5312889814376831,0.13132664561271667,0.689691424369812
72,14,0.3353726863861084,0.5391360521316528,-0.41326531767845154,0.9957504868507385
72,15,0.541294515132904,0.5940224528312683,-0.026318097487092018,0.8472713828086853
72,16,0.39096489548683167,0.6063020825386047,-0.5084202289581299,0.9861525893211365
72,17,0.5563104152679443,0.6156485676765442,-0.06863588839769363,0.7889293432235718
72,18,0.3986440896987915,0.6308836936950684,-0.5745564103126526,0.9714540839195251
72,19,0.5480419397354126,0.6151716113090515,-0.13704851269721985,0.8019878268241882
72,20,0.4187367260456085,0.6284467577934265,-0.6058865189552307,0.9708591103553772
72,21,0.5388672351837158,0.608697772026062,-0.058816373348236084,0.7827325463294983
72,22,0.41991958022117615,0.6217331290245056,-0.5197324752807617,0.9579877853393555
72,23,0.48498672246932983,0.6125956773757935,0.12774869799613953,0.9987349510192871
72,24,0.3961469531059265,0.6152228116989136,-0.12780095636844635,0.9992609620094299
72,25,0.4941926598548889,0.7209272980690002,0.23675641417503357,0.8710479140281677
72,26,0.41122543811798096,0.725464403629303,-0.02152433432638645,0.9772439002990723
72,27,0.47772017121315,0.8128198385238647,0.5491200089454651,0.9193441271781921
72,28,0.420974999666214,0.8200132250785828,0.30597198009490967,0.9757682681083679
72,29,0.4601435363292694,0.8229879140853882,0.5715375542640686,0.8965768814086914
72,30,0.4113674461841583,0.8298463821411133,0.32727015018463135,0.8445772528648376
72,31,0.5227816104888916,0.8450484275817871,0.42160579562187195,0.9408556222915649
72,32,0.45780882239341736,0.8613982200622559,0.1205260157585144,0.9704014658927917
73,0,0.482700377702713,0.39795583486557007,-0.5101050734519958,0.9998792409896851
73,1,0.48496103286743164,0.38805752992630005,-0.47540777921676636,0.9996930360794067
73,2,0.48789072036743164,0.3885459005832672,-0.47542351484298706,0.9996134638786316
73,3,0.49049851298332214,0.38903021812438965,-0.47539713978767395,0.999568521976471
73,4,0.47173935174942017,0.38645249605178833,-0.5146944522857666,0.9997779130935669
73,5,0.4647243916988373,0.38597577810287476,-0.5147010087966919,0.9997773170471191
73,6,0.4575188159942627,0.3854438364505768,-0.5147778987884521,0.9997669458389282
73,7,0.4793771207332611,0.3926455080509186,-0.245036780834198,0.9985843300819397
73,8,0.43480512499809265,0.3871857821941376,-0.43045786023139954,0.9997766017913818
73,9,0.4833625257015228,0.40932589769363403,-0.41865211725234985,0.9998114109039307
73,10,0.46609899401664734,0.40795761346817017,-0.4721655249595642,0.9999163150787354
73,11,0.5020923018455505,0.4549371302127838,-0.028341539204120636,0.9996493458747864
73,12,0.35285142064094543,0.4461280405521393,-0.3886190950870514,0.9999511241912842
73,13,0.5252181887626648,0.5320894122123718,0.12166938930749893,0.7006967067718506
73,14,0.3309677243232727,0.5390936732292175,-0.410733699798584,0.9955383539199829
73,15,0.5501051545143127,0.5940023064613342,-0.05108363926410675,0.8550136089324951
73,16,0.39340031147003174,0.6021920442581177,-0.5169162154197693,0.9857593774795532
73,17,0.5613330006599426,0.6149800419807434,-0.09764881432056427,0.798868715763092
73,18,0.40754881501197815,0.6265913844108582,-0.5849179625511169,0.9710439443588257
73,19,0.5528538823127747,0.6132181882858276,-0.16587147116661072,0.8111962676048279
73,20,0.42796754837036133,0.6219956874847412,-0.6152217984199524,0.9703938364982605
73,21,0.5448340773582458,0.6069388389587402,-0.08368511497974396,0.7922237515449524
73,22,0.42596635222435,0.6146329641342163,-0.5282628536224365,0.9572725296020508
73,23,0.4850950539112091,0.6137417554855347,0.11756838858127594,0.998781681060791
73,24,0.3938867449760437,0.6182395815849304,-0.117517851293087,0.999265730381012
73,25,0.5021330714225769,0.7171934247016907,0.21170702576637268,0.8788902759552002
73,26,0.4075581133365631,0.7256730794906616,-0.01973583735525608,0.9777545928955078
73,27,0.4779825508594513,0.8049592971801758,0.5857667922973633,0.9210425019264221
73,28,0.4203225374221802,0.8199194669723511,0.3405068814754486,0.9759117960929871
73,29,0.45983555912971497,0.8119012713432312,0.6150466203689575,0.8975264430046082
73,30,0.41105541586875916,0.829287052154541,0.3658609986305237,0.8455005884170532
73,31,0.5233060717582703,0.8405781984329224,0.46547216176986694,0.941573441028595
73,32,0.4535559415817261,0.860855221748352,0.15326347947120667,0.9700748324394226
74,0,0.4872223734855652,0.40295401215553284,-0.45851975679397583,0.9998654127120972
74,1,0.49075618386268616,0.3929894268512726,-0.4223509132862091,0.9996468424797058
74,2,0.493430495262146,0.3934682011604309,-0.42237815260887146,0.9995595216751099
74,3,0.49569863080978394,0.3938829302787781,-0.4223725199699402,0.9995105266571045
74,4,0.4778396487236023,0.3911440968513489,-0.45790478587150574,0.9997371435165405
74,5,0.4704701006412506,0.39029425382614136,-0.45786964893341064,0.9997280240058899
74,6,0.4634704887866974,0.3894880414009094,-0.4579310119152069,0.9997110366821289
74,7,0.48392292857170105,0.39657846093177795,-0.20032334327697754,0.9985522627830505
74,8,0.4403955340385437,0.3903648257255554,-0.36536547541618347,0.999701976776123
74,9,0.4850645363330841,0.4140130877494812,-0.3699091970920563,0.9997968673706055
74,10,0.46883663535118103,0.4121192395687103,-0.4176875650882721,0.9999078512191772
74,11,0.5023412108421326,0.4555862843990326,-0.016296545043587685,0.9996617436408997
74,12,0.3528611361980438,0.4461427628993988,-0.32400211691856384,0.9999428391456604
74,13,0.5288879871368408,0.5315590500831604,0.12542110681533813,0.7132376432418823
74,14,0.33002203702926636,0.5362705588340759,-0.35570695996284485,0.9955037832260132
74,15,0.5568975806236267,0.5874536037445068,-0.04978492483496666,0.8629238605499268
74,16,0.3989187479019165,0.5952997803688049,-0.4507230520248413,0.9859130382537842
74,17,0.5673685073852539,0.6085764169692993,-0.09462271630764008,0.8094170689582825
74,18,0.4244389533996582,0.6188915371894836,-0.5039490461349487,0.971455454826355
74,19,0.5584384202957153,0.6069831848144531,-0.15795335173606873,0.8208127617835999
74,20,0.4408513009548187,0.6128127574920654,-0.5245293378829956,0.9707698225975037
74,21,0.550927460193634,0.6006878018379211,-0.07976455986499786,0.8022575378417969
74,22,0.43697911500930786,0.6054280996322632,-0.45615828037261963,0.9576447606086731
74,23,0.48292702436447144,0.6134850382804871,0.10354816913604736,0.9987751841545105
74,24,0.3896961212158203,0.6183678507804871,-0.10335452854633331,0.999179482460022
74,25,0.5207522511482239,0.6897556781768799,-0.1612740159034729,0.8875232934951782
74,26,0.40532535314559937,0.7250216603279114,-0.09588698297739029,0.9763307571411133
74,27,0.4753415882587433,0.7821053266525269,0.15452423691749573,0.919369101524353
74,28,0.42013731598854065,0.8197473287582397,0.21166077256202698,0.9736284017562866
74,29,0.4479483366012573,0.7910663485527039,0.1789787858724594,0.8955538868904114
74,30,0.4110640585422516,0.8297316431999207,0.23003190755844116,0.8384307026863098
74,31,0.5220426917076111,0.825025200843811,0.030968621373176575,0.940126895904541
74,32,0.4534945487976074,0.8595694303512573,0.023332595825195312,0.9661628007888794
75,0,0.49336570501327515,0.4102242588996887,-0.43177688121795654,0.9998720288276672
75,1,0.49734076857566833,0.40108078718185425,-0.39068078994750977,0.9996638894081116
75,2,0.5001050233840942,0.4015095829963684,-0.390718549489975,0.9995803236961365
75,3,0.5023323893547058,0.4018562436103821,-0.39072486758232117,0.9995356202125549
75,4,0.4842188060283661,0.39864376187324524,-0.42605286836624146,0.9997481107711792
75,5,0.47621598839759827,0.39744704961776733,-0.4260092079639435,0.9997348785400391
75,6,0.46914243698120117,0.3963921368122101,-0.42604273557662964,0.9997189044952393
75,7,0.4900386929512024,0.4039706587791443,-0.16097749769687653,0.9986568093299866
75,8,0.4464109241962433,0.398399293422699,-0.323739230632782,0.9996983408927917
75,9,0.49014419317245483,0.4207790791988373,-0.34206491708755493,0.999806821346283
75,10,0.4727325439453125,0.41868311166763306,-0.38907524943351746,0.999911904335022
75,11,0.5052946209907532,0.4611014425754547,-0.008878542110323906,0.9996842741966248
75,12,0.35398969054222107,0.4504988193511963,-0.2796294391155243,0.9999377131462097
75,13,0.5356796979904175,0.5305008292198181,0.05704004317522049,0.7315912842750549
75,14,0.32401037216186523,0.5354711413383484,-0.35709619522094727,0.9956222772598267
75,15,0.5653742551803589,0.5721943974494934,-0.23049072921276093,0.873445451259613
75,16,0.4078206717967987,0.5854471921920776,-0.4722084403038025,0.9866480827331543
75,17,0.5749821066856384,0.5918171405792236,-0.2970065474510193,0.8237455487251282
75,18,0.4354455769062042,0.6049386858940125,-0.5157704949378967,0.972886860370636
75,19,0.5656202435493469,0.5901888012886047,-0.3461712598800659,0.8341860771179199
75,20,0.4510467052459717,0.6002277731895447,-0.5448440909385681,0.9722046256065369
75,21,0.5577415823936462,0.5831162929534912,-0.2578737735748291,0.8165230751037598
75,22,0.44858643412590027,0.5944814682006836,-0.4653116762638092,0.959448516368866
75,23,0.48233285546302795,0.6132924556732178,0.0908631756901741,0.998836100101471
75,24,0.38674166798591614,0.619451105594635,-0.09064365178346634,0.9991582632064819
75,25,0.5380120277404785,0.6730931997299194,-0.32326504588127136,0.8974376320838928
75,26,0.40402883291244507,0.723976731300354,-0.09995263069868088,0.9762321710586548
75,27,0.4751361310482025,0.7690405249595642,-0.015925534069538116,0.9220452904701233
75,28,0.42024171352386475,0.8189173936843872,0.20324184000492096,0.9730439186096191
75,29,0.44706112146377563,0.7778621912002563,0.00905595812946558,0.8978460431098938
75,30,0.4123386740684509,0.8291449546813965,0.22147630155086517,0.835922122001648
75,31,0.5222475528717041,0.8104550242424011,-0.14932690560817719,0.9421270489692688
75,32,0.4535776376724243,0.8541877865791321,0.017169766128063202,0.9644719958305359
76,0,0.5051771998405457,0.42238178849220276,-0.40370339155197144,0.9998751878738403
76,1,0.5086328983306885,0.4131802022457123,-0.36201193928718567,0.9996762871742249
76,2,0.5105481147766113,0.4134013056755066,-0.3620806336402893,0.9995974898338318
76,3,0.5122278332710266,0.4136512279510498,-0.3621428608894348,0.9995589256286621
76,4,0.4969843626022339,0.41082367300987244,-0.40054604411125183,0.9997521638870239
76,5,0.489986389875412,0.409335196018219,-0.4005153179168701,0.9997318387031555
76,6,0.4818684756755829,0.40786227583885193,-0.40055593848228455,0.9997153878211975
76,7,0.4977114498615265,0.41476336121559143,-0.13509410619735718,0.9987562894821167
76,8,0.45829129219055176,0.4089943468570709,-0.31170305609703064,0.9996756315231323
76,9,0.49898937344551086,0.4324885308742523,-0.3155129849910736,0.9998152256011963
76,10,0.4836371839046478,0.42949050664901733,-0.3666846752166748,0.9999141097068787
76,11,0.5063210129737854,0.46702995896339417,0.0015706517733633518,0.999708890914917
76,12,0.36440449953079224,0.4531470239162445,-0.2820584177970886,0.9999312162399292
76,13,0.54670250415802,0.5298148393630981,0.013979250565171242,0.7508114576339722
76,14,0.31772133708000183,0.5327481031417847,-0.39007699489593506,0.9956580996513367
76,15,0.5715752243995667,0.565581202507019,-0.3228914439678192,0.8835016489028931
76,16,0.4142684042453766,0.5732039213180542,-0.5601539015769958,0.9869129061698914
76,17,0.5797268748283386,0.581921398639679,-0.3996983766555786,0.8374764919281006
76,18,0.4404394030570984,0.5887123346328735,-0.621504008769989,0.9734593033790588
76,19,0.5683900117874146,0.5792692303657532,-0.4425666928291321,0.847075879573822
76,20,0.45481833815574646,0.5823915004730225,-0.6334230899810791,0.972744882106781
76,21,0.5603161454200745,0.5743688344955444,-0.34874090552330017,0.8301749229431152
76,22,0.45364177227020264,0.577117919921875,-0.5605055093765259,0.9597116708755493
76,23,0.47723519802093506,0.6099547147750854,0.09609661996364594,0.998914361000061
76,24,0.3838531970977783,0.6192106008529663,-0.09588988870382309,0.9991551637649536
76,25,0.5475538969039917,0.6510404348373413,-0.3664313852787018,0.9055273532867432
76,26,0.40499237179756165,0.7207642793655396,-0.10782761871814728,0.9740543365478516
76,27,0.47793859243392944,0.7491024136543274,-0.08912166208028793,0.9208272695541382
76,28,0.4205396771430969,0.8168123960494995,0.18861207365989685,0.9699505567550659
76,29,0.4491484761238098,0.7608610987663269,-0.06591401249170303,0.8976011872291565
76,30,0.4128234088420868,0.8278986811637878,0.2067493051290512,0.827363133430481
76,31,0.5276457667350769,0.7864506244659424,-0.2253764420747757,0.9417193531990051
76,32,0.4539417624473572,0.8519337773323059,-0.006204718258231878,0.9588576555252075
77,0,0.5206356644630432,0.4386809766292572,-0.3396342992782593,0.9998406171798706
77,1,0.5225391983985901,0.42900848388671875,-0.3035174012184143,0.9996224641799927
77,2,0.523301362991333,0.42904168367385864,-0.30359742045402527,0.9995498657226562
77,3,0.5237292647361755,0.4290688931941986,-0.30370503664016724,0.9995200037956238
77,4,0.5129452347755432,0.42766857147216797,-0.3447471559047699,0.9996920824050903
77,5,0.5064611434936523,0.426563560962677,-0.34476372599601746,0.9996404051780701
77,6,0.49864980578422546,0.42518359422683716,-0.3448621928691864,0.9996189475059509
77,7,0.5048099160194397,0.4287445545196533,-0.09790044277906418,0.9987896680831909
77,8,0.4704779386520386,0.42407989501953125,-0.28564852476119995,0.9995391368865967
77,9,0.5116578340530396,0.44897812604904175,-0.2586766481399536,0.9998045563697815
77,10,0.5003541111946106,0.4475943148136139,-0.3133890926837921,0.999904215335846
77,11,0.5159397125244141,0.4781050682067871,0.01301379594951868,0.9997265338897705
77,12,0.377275288105011,0.4573923647403717,-0.2560698688030243,0.9999232888221741
77,13,0.5587514638900757,0.5301558971405029,-0.03487580269575119,0.7673273086547852
77,14,0.3035842180252075,0.5255065560340881,-0.3993746042251587,0.9957325458526611
77,15,0.5739778876304626,0.5628896951675415,-0.42311105132102966,0.8907016515731812
77,16,0.41745004057884216,0.5631231665611267,-0.5812824368476868,0.9868862628936768
77,17,0.5804599523544312,0.5733528137207031,-0.5094055533409119,0.8477234840393066
77,18,0.44529733061790466,0.5770239233970642,-0.6457598209381104,0.9734517931938171
77,19,0.5687754154205322,0.5688213109970093,-0.5449532270431519,0.8567724227905273
77,20,0.45882296562194824,0.5706990957260132,-0.6509325504302979,0.9726812243461609
77,21,0.5611887574195862,0.5655977725982666,-0.44741326570510864,0.8401409387588501
77,22,0.4570906460285187,0.5660899877548218,-0.5814126133918762,0.9587881565093994
77,23,0.4744638204574585,0.6089538335800171,0.09438209235668182,0.998958170413971
77,24,0.38124898076057434,0.6188093423843384,-0.09404797106981277,0.9991229176521301
77,25,0.5488319396972656,0.6338573098182678,-0.40369221568107605,0.9128480553627014
77,26,0.40537142753601074,0.7204796075820923,-0.1149074137210846,0.9731627106666565
77,27,0.48304980993270874,0.7374640107154846,-0.1585819125175476,0.9219865202903748
77,28,0.421767920255661,0.8171745538711548,0.15566910803318024,0.9691497683525085
77,29,0.453988641500473,0.7499834299087524,-0.1386980414390564,0.9008480310440063
77,30,0.41568723320961,0.8281499147415161,0.1701505333185196,0.8289783000946045
77,31,0.5341981053352356,0.7753265500068665,-0.30733028054237366,0.9428320527076721
77,32,0.45418766140937805,0.8499258160591125,-0.05511155724525452,0.9556527137756348
78,0,0.5249968767166138,0.455697625875473,-0.38448184728622437,0.9998475313186646
78,1,0.5299529433250427,0.4455343186855316,-0.34731701016426086,0.9996464848518372
78,2,0.531699001789093,0.44555163383483887,-0.34737467765808105,0.9995802640914917
78,3,0.5331844687461853,0.44551753997802734,-0.3474139869213104,0.9995508193969727
78,4,0.5186976790428162,0.4438072144985199,-0.3860851228237152,0.9997066259384155
78,5,0.511821985244751,0.4424467980861664,-0.38608598709106445,0.9996539950370789
78,6,0.5038385391235352,0.4407474994659424,-0.38615667819976807,0.9996342062950134
78,7,0.5174897909164429,0.4433418810367584,-0.11620879918336868,0.9988917708396912
78,8,0.47862693667411804,0.43660908937454224,-0.30205193161964417,0.999565601348877
78,9,0.5177829265594482,0.46473678946495056,-0.29891279339790344,0.9998173713684082
78,10,0.5051417350769043,0.462590754032135,-0.3485940396785736,0.999910831451416
78,11,0.5253328680992126,0.4883575439453125,-0.009756948798894882,0.9997460246086121
78,12,0.383110374212265,0.462760865688324,-0.24290472269058228,0.999926745891571
78,13,0.5642621517181396,0.5371368527412415,-0.11306966096162796,0.7786065340042114
78,14,0.2927578091621399,0.5261610150337219,-0.36027657985687256,0.9958061575889587
78,15,0.5737169981002808,0.5532308220863342,-0.5117877125740051,0.8950644731521606
78,16,0.427217572927475,0.5612202882766724,-0.5065296292304993,0.9864823818206787
78,17,0.5801013708114624,0.5624135136604309,-0.5937057733535767,0.854877769947052
78,18,0.45496922731399536,0.5721532702445984,-0.5490462183952332,0.972338855266571
78,19,0.5681591629981995,0.5567206144332886,-0.6088081002235413,0.8631107807159424
78,20,0.4661738872528076,0.565281331539154,-0.5426950454711914,0.9715074300765991
78,21,0.5606751441955566,0.552990734577179,-0.5268819332122803,0.846515953540802
78,22,0.4617897570133209,0.5622919797897339,-0.49764952063560486,0.956800103187561
78,23,0.4678056538105011,0.6077678203582764,0.092255599796772,0.9989354014396667
78,24,0.37596943974494934,0.6185685992240906,-0.09198427945375443,0.9990320205688477
78,25,0.546873152256012,0.6163989901542664,-0.37212663888931274,0.9187952280044556
78,26,0.411111056804657,0.7162602543830872,-0.17057840526103973,0.9734020233154297
78,27,0.48774582147598267,0.7264012098312378,-0.22912918031215668,0.922882080078125
78,28,0.42262086272239685,0.8172849416732788,-0.00546701205894351,0.9684117436408997
78,29,0.4637881815433502,0.7381317019462585,-0.21866020560264587,0.903479278087616
78,30,0.4154033362865448,0.8283807039260864,0.0027063169982284307,0.832545280456543
78,31,0.5504552125930786,0.7612997889518738,-0.35583433508872986,0.9430039525032043
78,32,0.4544222950935364,0.8508247137069702,-0.19124548137187958,0.9518925547599792
79,0,0.5268739461898804,0.4676189422607422,-0.44599345326423645,0.9998515844345093
79,1,0.5336343050003052,0.45702487230300903,-0.41742587089538574,0.9996640086174011
79,2,0.5357248187065125,0.45698484778404236,-0.4174763560295105,0.9996044635772705
79,3,0.5376242399215698,0.4569149613380432,-0.4176201820373535,0.9995724558830261
79,4,0.521970808506012,0.455125629901886,-0.44515547156333923,0.9997167587280273
79,5,0.5151720643043518,0.4534924626350403,-0.44520920515060425,0.9996659755706787
79,6,0.5079449415206909,0.4516066014766693,-0.44527286291122437,0.9996485114097595
79,7,0.5250178575515747,0.4545648694038391,-0.20512941479682922,0.9989766478538513
79,8,0.4839441180229187,0.44674569368362427,-0.3348422646522522,0.9995934367179871
79,9,0.5198356509208679,0.47627314925193787,-0.36145976185798645,0.9998286366462708
79,10,0.5070822238922119,0.47371163964271545,-0.3985799252986908,0.9999172687530518
79,11,0.5335855484008789,0.494830459356308,-0.05467220023274422,0.9997619390487671
79,12,0.38510993123054504,0.469135582447052,-0.2675537168979645,0.9999328851699829
79,13,0.5724210739135742,0.5396294593811035,-0.19037668406963348,0.791435956954956
79,14,0.28706103563308716,0.5265259742736816,-0.4131835401058197,0.9960712194442749
79,15,0.5724494457244873,0.5508396625518799,-0.6034097671508789,0.898281991481781
79,16,0.4287962317466736,0.5560516119003296,-0.5737828016281128,0.986885130405426
79,17,0.5791353583335876,0.5571883916854858,-0.689500093460083,0.8593599200248718
79,18,0.45796626806259155,0.5643240213394165,-0.6212038397789001,0.9726995229721069
79,19,0.567536473274231,0.5504211783409119,-0.6927006244659424,0.8666920065879822
79,20,0.46851593255996704,0.5567980408668518,-0.6105901002883911,0.9718310236930847
79,21,0.5601556897163391,0.5474432110786438,-0.6145212650299072,0.8499905467033386
79,22,0.46451759338378906,0.5543884634971619,-0.5656285285949707,0.957024097442627
79,23,0.46307045221328735,0.6074584126472473,0.09421995282173157,0.9988588094711304
79,24,0.3689437508583069,0.6185454726219177,-0.09403540194034576,0.9990368485450745
79,25,0.5456046462059021,0.6050634384155273,-0.2779923975467682,0.9206379652023315
79,26,0.41486656665802,0.7136958837509155,-0.2656435966491699,0.9742580652236938
79,27,0.4907127320766449,0.7201635837554932,-0.12762019038200378,0.9188495874404907
79,28,0.4231222867965698,0.8176833987236023,-0.2005835920572281,0.9688655734062195
79,29,0.46783363819122314,0.7333034873008728,-0.11623252183198929,0.9050194621086121
79,30,0.4153720438480377,0.8301137685775757,-0.20333245396614075,0.8410657644271851
79,31,0.5623950362205505,0.7504868507385254,-0.23886722326278687,0.9406452775001526
79,32,0.4760361611843109,0.8508517146110535,-0.4185969829559326,0.9505869150161743
80,0,0.5285786986351013,0.47221797704696655,-0.37218496203422546,0.9998607635498047
80,1,0.5360360145568848,0.46166306734085083,-0.3462417721748352,0.999687135219574
80,2,0.5379721522331238,0.46166467666625977,-0.3462546169757843,0.9996324777603149
80,3,0.5398074984550476,0.46161800622940063,-0.34636569023132324,0.9996009469032288
80,4,0.5251591801643372,0.45973095297813416,-0.37546592950820923,0.9997357726097107
80,5,0.5185608267784119,0.45809778571128845,-0.3754867911338806,0.9996871948242188
80,6,0.5114428400993347,0.45617014169692993,-0.37551742792129517,0.9996718168258667
80,7,0.5265612602233887,0.45903581380844116,-0.16178251802921295,0.9990626573562622
80,8,0.4869924783706665,0.45050159096717834,-0.29484373331069946,0.999624490737915
80,9,0.5209075212478638,0.4810444712638855,-0.2963174283504486,0.9998406767845154
80,10,0.5082716345787048,0.4783555865287781,-0.3358217775821686,0.9999234080314636
80,11,0.5349789261817932,0.49641871452331543,-0.05109512060880661,0.9997759461402893
80,12,0.3875507414340973,0.4719458520412445,-0.25581929087638855,0.9999380707740784
80,13,0.5777992010116577,0.5349718928337097,-0.09433828294277191,0.8025096654891968
80,14,0.28719595074653625,0.528355598449707,-0.4009579122066498,0.996237576007843
80,15,0.5766477584838867,0.5474887490272522,-0.42410510778427124,0.8995800018310547
80,16,0.4321177899837494,0.5559645295143127,-0.508843719959259,0.986767053604126
80,17,0.5803998708724976,0.5558823347091675,-0.49159300327301025,0.8610389828681946
80,18,0.46165668964385986,0.5646957755088806,-0.5446698665618896,0.9718791842460632
80,19,0.5679499506950378,0.5502115488052368,-0.5126359462738037,0.8678855299949646
80,20,0.4732453227043152,0.5580691695213318,-0.5301001071929932,0.9708819389343262
80,21,0.5610670447349548,0.5470823049545288,-0.43896737694740295,0.8515390157699585
80,22,0.4684009552001953,0.5551122426986694,-0.4959072172641754,0.9554440379142761
80,23,0.45565223693847656,0.6070573329925537,0.09454486519098282,0.9988439679145813
80,24,0.36511239409446716,0.6185598373413086,-0.09436648339033127,0.9990394115447998
80,25,0.547244131565094,0.6018177270889282,-0.29712599515914917,0.92432701587677
80,26,0.41479724645614624,0.7141156196594238,-0.19936823844909668,0.9752379655838013
80,27,0.4994942843914032,0.7167155742645264,-0.2003551721572876,0.918015718460083
80,28,0.42346882820129395,0.8179336786270142,-0.08397737890481949,0.9696678519248962
80,29,0.4715244770050049,0.7275596857070923,-0.19394749402999878,0.9092250466346741
80,30,0.4105868935585022,0.8329414129257202,-0.08224733918905258,0.8511030673980713
80,31,0.5719968676567078,0.7437804937362671,-0.3064842224121094,0.9406483173370361
80,32,0.4741232991218567,0.8506513833999634,-0.2725383937358856,0.9502118825912476
81,0,0.530570924282074,0.4702151417732239,-0.36354997754096985,0.9998697638511658
81,1,0.5372897386550903,0.4603436589241028,-0.3365790843963623,0.999709963798523
81,2,0.5394963026046753,0.4602236747741699,-0.33666449785232544,0.999660849571228
81,3,0.5415517091751099,0.4599732756614685,-0.3367821276187897,0.9996306300163269
81,4,0.5263469815254211,0.45882558822631836,-0.36781471967697144,0.9997525215148926
81,5,0.5196331143379211,0.45744115114212036,-0.36784490942955017,0.9997062087059021
81,6,0.5127032399177551,0.45572590827941895,-0.3678828477859497,0.9996916651725769
81,7,0.5275172591209412,0.456890344619751,-0.15031270682811737,0.9991449117660522
81,8,0.4885200560092926,0.44974184036254883,-0.2933919131755829,0.9996527433395386
81,9,0.5226679444313049,0.4793873429298401,-0.28708600997924805,0.9998539686203003
81,10,0.5103882551193237,0.4771868586540222,-0.32950758934020996,0.9999299049377441
81,11,0.5355238914489746,0.49492067098617554,-0.031597308814525604,0.9997968673706055
81,12,0.39614900946617126,0.46959084272384644,-0.24978050589561462,0.9999435544013977
81,13,0.5796010494232178,0.5349221229553223,-0.07801893353462219,0.8195732831954956
81,14,0.2917627692222595,0.5265301465988159,-0.36127445101737976,0.9963435530662537
81,15,0.5785499215126038,0.5520641803741455,-0.44239383935928345,0.9079964756965637
81,16,0.4322849214076996,0.5593836903572083,-0.4934864044189453,0.9867183566093445
81,17,0.580869734287262,0.5610336065292358,-0.5169193744659424,0.8722913861274719
81,18,0.4588122069835663,0.571211040019989,-0.5399964451789856,0.9718499779701233
81,19,0.5682864785194397,0.5550104975700378,-0.5329405665397644,0.8784765005111694
81,20,0.47333064675331116,0.5645796060562134,-0.5383137464523315,0.9707980751991272
81,21,0.561378538608551,0.5512005686759949,-0.4558993875980377,0.8630808591842651
81,22,0.4693785011768341,0.5603007078170776,-0.48725229501724243,0.954950213432312
81,23,0.4522691071033478,0.6041246056556702,0.1079699695110321,0.9988707900047302
81,24,0.3638031780719757,0.6156600117683411,-0.10779865086078644,0.9990953207015991
81,25,0.547887921333313,0.6096662282943726,-0.15308630466461182,0.9274170994758606
81,26,0.4163488745689392,0.7114889025688171,-0.33829623460769653,0.9771302938461304
81,27,0.5021299719810486,0.7187643051147461,0.009872917085886002,0.9191493391990662
81,28,0.4245123565196991,0.8167842030525208,-0.292532354593277,0.9720312356948853
81,29,0.4761309325695038,0.7345262765884399,0.02170638181269169,0.9130473732948303
81,30,0.4107861816883087,0.8313915133476257,-0.2978796660900116,0.8631446361541748
81,31,0.5785108208656311,0.7506737112998962,-0.0505232959985733,0.9414765238761902
81,32,0.47600221633911133,0.8508175015449524,-0.5071448087692261,0.9535738229751587
82,0,0.5286329984664917,0.46552950143814087,-0.3358411490917206,0.9998759031295776
82,1,0.5350396633148193,0.45540744066238403,-0.3034249246120453,0.9997280836105347
82,2,0.5370402932167053,0.45533934235572815,-0.303587943315506,0.9996843338012695
82,3,0.5389025211334229,0.45517492294311523,-0.3037315011024475,0.9996553063392639
82,4,0.5242430567741394,0.4533618986606598,-0.3347432613372803,0.9997633099555969
82,5,0.5180943012237549,0.4518198072910309,-0.3347586393356323,0.9997178912162781
82,6,0.5110506415367126,0.44987162947654724,-0.3347785174846649,0.9997033476829529
82,7,0.5244722366333008,0.451740026473999,-0.10022813826799393,0.9992144703865051
82,8,0.4870256781578064,0.44356364011764526,-0.24381814897060394,0.9996703267097473
82,9,0.5207388401031494,0.47414183616638184,-0.2549958825111389,0.9998646378517151
82,10,0.5082871913909912,0.47152042388916016,-0.2970353960990906,0.9999347925186157
82,11,0.5341272950172424,0.49170511960983276,0.032293982803821564,0.9998152852058411
82,12,0.3924790620803833,0.4681144654750824,-0.21206721663475037,0.9999475479125977
82,13,0.577526330947876,0.528822124004364,-0.06400509178638458,0.8334108591079712
82,14,0.29433199763298035,0.5277179479598999,-0.32854482531547546,0.99635249376297
82,15,0.5803870558738708,0.5547249913215637,-0.47944870591163635,0.9154319167137146
82,16,0.4318450093269348,0.5621446967124939,-0.49474436044692993,0.9867815375328064
82,17,0.583219587802887,0.5652357339859009,-0.5661749243736267,0.8827003240585327
82,18,0.45716819167137146,0.5752137303352356,-0.5487213730812073,0.9724349975585938
82,19,0.5698514580726624,0.5593657493591309,-0.5963294506072998,0.8883951306343079
82,20,0.4729336202144623,0.5688667297363281,-0.5512168407440186,0.9714073538780212
82,21,0.5624901056289673,0.5547844171524048,-0.5010327100753784,0.8740071654319763
82,22,0.46915262937545776,0.5645069479942322,-0.49257922172546387,0.9555866122245789
82,23,0.4434404969215393,0.6033076047897339,0.1175307184457779,0.9989125728607178
82,24,0.35747167468070984,0.6124024987220764,-0.11734653264284134,0.999125063419342
82,25,0.5468927621841431,0.6145428419113159,-0.2087547779083252,0.9293489456176758
82,26,0.41689029335975647,0.7097584009170532,-0.3561292886734009,0.9786256551742554
82,27,0.5013518929481506,0.725479781627655,-0.05898299813270569,0.9172457456588745
82,28,0.42466849088668823,0.8159548044204712,-0.2820885479450226,0.973659098148346
82,29,0.4772580564022064,0.7401370406150818,-0.04878590255975723,0.9153774976730347
82,30,0.41085225343704224,0.831233024597168,-0.28433558344841003,0.8724418878555298
82,31,0.5769740343093872,0.7584549784660339,-0.1546470671892166,0.9401456713676453
82,32,0.47802793979644775,0.8508244752883911,-0.5000600218772888,0.9554760456085205
83,0,0.5267201066017151,0.4591290056705475,-0.24542918801307678,0.9998586177825928
83,1,0.5327335596084595,0.449057012796402,-0.20993353426456451,0.9997053146362305
83,2,0.534774899482727,0.44905608892440796,-0.2101334184408188,0.9996657967567444
83,3,0.5367017388343811,0.44897952675819397,-0.2102874368429184,0.9996390342712402
83,4,0.521826982498169,0.4471680223941803,-0.2462354451417923,0.9997233748435974
83,5,0.5156041383743286,0.4457862377166748,-0.24622343480587006,0.9996628165245056
83,6,0.508531391620636,0.4440973699092865,-0.24628615379333496,0.9996434450149536
83,7,0.5230733752250671,0.44693440198898315,-0.007439734414219856,0.9992275834083557
83,8,0.48459362983703613,0.43956583738327026,-0.17071202397346497,0.9996014833450317
83,9,0.5196605324745178,0.46821823716163635,-0.1655481606721878,0.9998621940612793
83,10,0.5066019296646118,0.4658701419830322,-0.21313631534576416,0.9999296069145203
83,11,0.5309416055679321,0.49148067831993103,0.12153112888336182,0.9998300671577454
83,12,0.3905761241912842,0.46585702896118164,-0.16904713213443756,0.9999476671218872
83,13,0.5731547474861145,0.528477132320404,0.03438260778784752,0.8419022560119629
83,14,0.31716814637184143,0.5281168818473816,-0.27224382758140564,0.9959002137184143
83,15,0.5791902542114258,0.5608421564102173,-0.42396658658981323,0.9213612675666809
83,16,0.43428856134414673,0.5684904456138611,-0.41994497179985046,0.986436128616333
83,17,0.5828715562820435,0.5754206776618958,-0.5373646020889282,0.8911762833595276
83,18,0.4570966362953186,0.5841813087463379,-0.4812992811203003,0.9726643562316895
83,19,0.5706436038017273,0.5716860294342041,-0.547102153301239,0.896528422832489
83,20,0.47339731454849243,0.5797386169433594,-0.5020994544029236,0.9716687798500061
83,21,0.5641872882843018,0.5654839277267456,-0.46346691250801086,0.8827823400497437
83,22,0.4677450358867645,0.5725727081298828,-0.4263131022453308,0.9556866884231567
83,23,0.44749587774276733,0.603380560874939,0.1197914406657219,0.9989230632781982
83,24,0.3600453734397888,0.6117087602615356,-0.11949725449085236,0.999091386795044
83,25,0.5486486554145813,0.62066650390625,-0.2574217617511749,0.9317206740379333
83,26,0.4167293906211853,0.7099858522415161,-0.3033384382724762,0.9793761372566223
83,27,0.4998750388622284,0.7266974449157715,-0.07987131178379059,0.9124608039855957
83,28,0.42501723766326904,0.8175193071365356,-0.19722583889961243,0.9745007157325745
83,29,0.47574475407600403,0.7428351640701294,-0.0679645985364914,0.9151297807693481
83,30,0.4108911156654358,0.8397154808044434,-0.19817593693733215,0.8792414665222168
83,31,0.5715031623840332,0.7638555765151978,-0.1945369690656662,0.9368503093719482
83,32,0.479747474193573,0.8507102727890015,-0.4189695715904236,0.9560685157775879
84,0,0.5264891386032104,0.4481806755065918,-0.2969987690448761,0.9998384714126587
84,1,0.532074511051178,0.43825873732566833,-0.2637501060962677,0.9996493458747864
84,2,0.5335333347320557,0.43816742300987244,-0.26389721035957336,0.9996098279953003
84,3,0.5347970724105835,0.43802469968795776,-0.2640083134174347,0.9995844960212708
84,4,0.5213607549667358,0.435729444026947,-0.3005754053592682,0.9996556639671326
84,5,0.5147934556007385,0.43388310074806213,-0.30056917667388916,0.9995877146720886
84,6,0.5074104070663452,0.43197211623191833,-0.3006368577480316,0.9995599389076233
84,7,0.5179128646850586,0.43515530228614807,-0.06859450042247772,0.9991522431373596
84,8,0.48349809646606445,0.4281333386898041,-0.23243100941181183,0.9995025992393494
84,9,0.5180131196975708,0.45631685853004456,-0.22015099227428436,0.9998511075973511
84,10,0.5054991841316223,0.4536820948123932,-0.2685074806213379,0.9999232888221741
84,11,0.518792450428009,0.48046931624412537,0.0756419375538826,0.9998388290405273
84,12,0.3851301968097687,0.4599223732948303,-0.22223135828971863,0.9999468922615051
84,13,0.5644134879112244,0.5287467241287231,0.02610105089843273,0.8509790897369385
84,14,0.3311561942100525,0.532489001750946,-0.31075307726860046,0.9959678649902344
84,15,0.5787408351898193,0.5674914121627808,-0.3307814598083496,0.927356481552124
84,16,0.43957337737083435,0.5780031681060791,-0.4171578288078308,0.9871832132339478
84,17,0.5841522812843323,0.5860920548439026,-0.41377636790275574,0.8992689251899719
84,18,0.45795905590057373,0.5974284410476685,-0.4758492410182953,0.9742920994758606
84,19,0.5739895701408386,0.5833742022514343,-0.4517561197280884,0.904234766960144
84,20,0.4759342670440674,0.5904408693313599,-0.49679285287857056,0.9733598828315735
84,21,0.5676635503768921,0.5775632858276367,-0.3610495328903198,0.8912949562072754
84,22,0.4726663827896118,0.5838204026222229,-0.4221518635749817,0.9582353234291077
84,23,0.4495599567890167,0.6034850478172302,0.11996134370565414,0.9987696409225464
84,24,0.36170119047164917,0.6119276285171509,-0.11966018378734589,0.9988660216331482
84,25,0.5497728586196899,0.6393598914146423,-0.24669039249420166,0.9295448064804077
84,26,0.4160335958003998,0.7109612226486206,-0.27435117959976196,0.9784982204437256
84,27,0.4974265694618225,0.7450489401817322,-0.047353390604257584,0.897688627243042
84,28,0.42476072907447815,0.8176091909408569,-0.15711882710456848,0.9727314710617065
84,29,0.47256767749786377,0.7601837515830994,-0.032881803810596466,0.9073199033737183
84,30,0.41093915700912476,0.8381391763687134,-0.15622153878211975,0.8779407739639282
84,31,0.5709959864616394,0.7782580852508545,-0.1662570685148239,0.925858736038208
84,32,0.4777788817882538,0.8508383631706238,-0.3615151345729828,0.9529816508293152
85,0,0.5171822309494019,0.43481355905532837,-0.3731294870376587,0.9998446702957153
85,1,0.523385763168335,0.42565304040908813,-0.34923335909843445,0.9996494650840759
85,2,0.5247663855552673,0.4257586598396301,-0.3492916226387024,0.999610424041748
85,3,0.5262225866317749,0.4258776605129242,-0.34933704137802124,0.9995864033699036
85,4,0.5126098394393921,0.4227759838104248,-0.38364407420158386,0.9996523261070251
85,5,0.5068356990814209,0.4206603467464447,-0.38365668058395386,0.9995855093002319
85,6,0.4994584023952484,0.4183698296546936,-0.38370582461357117,0.9995545148849487
85,7,0.5095981359481812,0.42401543259620667,-0.17267203330993652,0.9991686940193176
85,8,0.47516459226608276,0.4152609705924988,-0.32857123017311096,0.9994909763336182
85,9,0.5077258944511414,0.44334450364112854,-0.29970794916152954,0.9998565316200256
85,10,0.4956333637237549,0.4399113655090332,-0.34519967436790466,0.9999244809150696
85,11,0.5080127120018005,0.4653962552547455,-0.011519400402903557,0.9998523592948914
85,12,0.37395885586738586,0.4546431005001068,-0.3168218731880188,0.9999479055404663
85,13,0.5467609167098999,0.5281907320022583,0.01945425756275654,0.8615148663520813
85,14,0.3496800661087036,0.5351449847221375,-0.3441152274608612,0.9960286021232605
85,15,0.5762725472450256,0.5727526545524597,-0.2201736718416214,0.9331947565078735
85,16,0.4418882131576538,0.5913299322128296,-0.42735713720321655,0.9878641963005066
85,17,0.5837900042533875,0.5946779251098633,-0.2772952616214752,0.9067475199699402
85,18,0.4585634469985962,0.6112136244773865,-0.4816192090511322,0.975706934928894
85,19,0.57378751039505,0.5923247933387756,-0.32448872923851013,0.9113690853118896
85,20,0.47469332814216614,0.6025054454803467,-0.5022252202033997,0.9748539328575134
85,21,0.5670907497406006,0.5860679149627686,-0.24547454714775085,0.899293065071106
85,22,0.4716600179672241,0.5948195457458496,-0.4319695830345154,0.9605934619903564
85,23,0.4567181169986725,0.6007535457611084,0.10208679735660553,0.9987891912460327
85,24,0.36288726329803467,0.6099337339401245,-0.10189031809568405,0.998798131942749
85,25,0.5432669520378113,0.6533383131027222,-0.24437877535820007,0.9324194192886353
85,26,0.40933549404144287,0.7113972902297974,-0.19719940423965454,0.9771776795387268
85,27,0.49667006731033325,0.7615837454795837,-0.07605209201574326,0.8973360061645508
85,28,0.42449939250946045,0.8169608116149902,-0.0489133782684803,0.9705536365509033
85,29,0.47218891978263855,0.7762292623519897,-0.06596677750349045,0.902276873588562
85,30,0.41095390915870667,0.8321139216423035,-0.045080795884132385,0.8686020970344543
85,31,0.5539959669113159,0.8011198043823242,-0.21036690473556519,0.9250728487968445
85,32,0.4732498526573181,0.8511675596237183,-0.23891760408878326,0.950313925743103
86,0,0.5079244375228882,0.42235779762268066,-0.4679608941078186,0.9998294711112976
86,1,0.5137511491775513,0.4136098325252533,-0.4390735924243927,0.9995714426040649
86,2,0.5158389210700989,0.41390466690063477,-0.43912458419799805,0.9995075464248657
86,3,0.5177835822105408,0.41412949562072754,-0.4391407370567322,0.9994710087776184
86,4,0.5019457340240479,0.4105125367641449,-0.4789424538612366,0.9996014833450317
86,5,0.49543729424476624,0.40843072533607483,-0.47893744707107544,0.999534547328949
86,6,0.48862308263778687,0.4063587188720703,-0.4789952039718628,0.999491810798645
86,7,0.5035269856452942,0.41368040442466736,-0.23269256949424744,0.998903214931488
86,8,0.4652029275894165,0.4048045575618744,-0.4170668423175812,0.9994193911552429
86,9,0.49976471066474915,0.43202266097068787,-0.38284438848495483,0.9998298287391663
86,10,0.4862315356731415,0.42813071608543396,-0.43625614047050476,0.9999129772186279
86,11,0.5033531188964844,0.46064382791519165,-0.028854703530669212,0.9998549818992615
86,12,0.366376668214798,0.45207470655441284,-0.395632266998291,0.9999474883079529
86,13,0.5306447148323059,0.5283598899841309,0.08874750137329102,0.8599838614463806
86,14,0.3596441149711609,0.5386847257614136,-0.4145687222480774,0.9950963258743286
86,15,0.5705766677856445,0.5803500413894653,-0.06321109086275101,0.9344267845153809
86,16,0.44059401750564575,0.5999871492385864,-0.479128360748291,0.9864856600761414
86,17,0.5810236930847168,0.6011441946029663,-0.10448779165744781,0.9076408743858337
86,18,0.45779410004615784,0.619917631149292,-0.5419410467147827,0.974108874797821
86,19,0.5732723474502563,0.5994988679885864,-0.16372253000736237,0.9122083783149719
86,20,0.47417357563972473,0.6131730079650879,-0.5770776271820068,0.9732714295387268
86,21,0.565563976764679,0.5921770334243774,-0.09197938442230225,0.9004199504852295
86,22,0.47135061025619507,0.6050559878349304,-0.4929557740688324,0.9587350487709045
86,23,0.47102847695350647,0.6061140298843384,0.10502095520496368,0.9987235069274902
86,24,0.37830284237861633,0.6149939894676208,-0.10488628596067429,0.9988208413124084
86,25,0.5287822484970093,0.6926419138908386,0.19694635272026062,0.9303327202796936
86,26,0.4066770672798157,0.7144161462783813,-0.1747317910194397,0.9768520593643188
86,27,0.49369528889656067,0.7829478979110718,0.5483378767967224,0.892483651638031
86,28,0.4226137399673462,0.8173510432243347,0.03506172448396683,0.9703564643859863
86,29,0.47075173258781433,0.7954012155532837,0.5747836232185364,0.895423948764801
86,30,0.40911805629730225,0.8331710696220398,0.04560232535004616,0.8670067191123962
86,31,0.5520555973052979,0.8200043439865112,0.4574483633041382,0.9203301072120667
86,32,0.45807355642318726,0.8532896041870117,-0.16270071268081665,0.951030433177948
87,0,0.5007303357124329,0.4160304665565491,-0.46850523352622986,0.9998112916946411
87,1,0.5054711699485779,0.40619269013404846,-0.43877729773521423,0.9994996190071106
87,2,0.5077596306800842,0.40653958916664124,-0.4388347566127777,0.9994186162948608
87,3,0.5099642872810364,0.4068998694419861,-0.4388459026813507,0.9993857741355896
87,4,0.4934198260307312,0.40386444330215454,-0.48503872752189636,0.9995515942573547
87,5,0.48690053820610046,0.40230077505111694,-0.4850597083568573,0.9994838833808899
87,6,0.47995635867118835,0.40073928236961365,-0.4851655662059784,0.9994335174560547
87,7,0.4957452416419983,0.40786638855934143,-0.22706623375415802,0.9986891746520996
87,8,0.4549078345298767,0.3992658257484436,-0.4415469765663147,0.9993571043014526
87,9,0.4933236539363861,0.426013320684433,-0.3811866044998169,0.9998071193695068
87,10,0.4792194366455078,0.42286014556884766,-0.44307807087898254,0.9998987317085266
87,11,0.49884191155433655,0.45761173963546753,-0.016530204564332962,0.9998553395271301
87,12,0.359514057636261,0.4517920911312103,-0.4286656975746155,0.9999461770057678
87,13,0.5207051634788513,0.529245913028717,0.1290593445301056,0.8572731614112854
87,14,0.363047331571579,0.5433849692344666,-0.45004135370254517,0.9947404861450195
87,15,0.5615866184234619,0.5879524946212769,-0.021371930837631226,0.9345478415489197
87,16,0.4397844076156616,0.6079795956611633,-0.5225687026977539,0.9860566854476929
87,17,0.5760940313339233,0.6085302829742432,-0.0608973391354084,0.9064621925354004
87,18,0.45732825994491577,0.6297845840454102,-0.5931903719902039,0.9735970497131348
87,19,0.5693166255950928,0.6080343723297119,-0.12789294123649597,0.9114255309104919
87,20,0.47314634919166565,0.6249013543128967,-0.6241998076438904,0.9727711081504822
87,21,0.5606740117073059,0.6012332439422607,-0.05359343811869621,0.8994706273078918
87,22,0.4702335000038147,0.6170057058334351,-0.5344970226287842,0.9580352902412415
87,23,0.47561895847320557,0.6151868104934692,0.1117200031876564,0.9987256526947021
87,24,0.3840358853340149,0.6207026243209839,-0.11161462217569351,0.9988374710083008
87,25,0.5172008275985718,0.7139785885810852,0.2075350284576416,0.9315811991691589
87,26,0.40439578890800476,0.7266718745231628,-0.03490307182073593,0.9771724939346313
87,27,0.49291855096817017,0.7990602254867554,0.5839465260505676,0.8941328525543213
87,28,0.42262810468673706,0.8230916857719421,0.31211671233177185,0.9714642763137817
87,29,0.470625102519989,0.8088939785957336,0.61258465051651,0.8959610462188721
87,30,0.4097059965133667,0.8380042910575867,0.33471596240997314,0.8704198002815247
87,31,0.5402160882949829,0.830315113067627,0.4680846035480499,0.9220728874206543
87,32,0.4568355977535248,0.8607279658317566,0.12103290855884552,0.953469455242157
88,0,0.4931928515434265,0.4099673330783844,-0.49767300486564636,0.9998040199279785
88,1,0.4990995526313782,0.3996434807777405,-0.46280521154403687,0.9994654655456543
88,2,0.5020965337753296,0.40020355582237244,-0.462838351726532,0.999371349811554
88,3,0.5047916173934937,0.4008205533027649,-0.4628083109855652,0.999328076839447
88,4,0.4852997660636902,0.39711299538612366,-0.5042309761047363,0.9995352029800415
88,5,0.4783995747566223,0.39587461948394775,-0.5042575597763062,0.9994744658470154
88,6,0.47088390588760376,0.39454618096351624,-0.5043319463729858,0.9994224309921265
88,7,0.4926837980747223,0.40312084555625916,-0.23502208292484283,0.9984676837921143
88,8,0.4477398693561554,0.393971711397171,-0.4287063181400299,0.999344527721405
88,9,0.48783063888549805,0.42078956961631775,-0.40648889541625977,0.999781608581543
88,10,0.4713928699493408,0.41821569204330444,-0.46230548620224,0.999887228012085
88,11,0.4964127838611603,0.45777028799057007,-0.013552103191614151,0.9998234510421753
88,12,0.3553811013698578,0.4523155689239502,-0.41013920307159424,0.9999411702156067
88,13,0.5184141397476196,0.5303655862808228,0.13156503438949585,0.8447972536087036
88,14,0.3675299286842346,0.5467159748077393,-0.4310254752635956,0.9943545460700989
88,15,0.5518032312393188,0.5924559831619263,-0.014224390499293804,0.9279155135154724
88,16,0.4409946799278259,0.6101734042167664,-0.5134245753288269,0.9851607084274292
88,17,0.566290557384491,0.6129607558250427,-0.05176416039466858,0.8963994383811951
88,18,0.4568699300289154,0.6324707269668579,-0.5779698491096497,0.9722253084182739
88,19,0.5611552596092224,0.6135035157203674,-0.11482984572649002,0.9019900560379028
88,20,0.47297123074531555,0.6286851167678833,-0.6021052598953247,0.9714024662971497
88,21,0.550933301448822,0.6074163913726807,-0.04464060068130493,0.8897285461425781
88,22,0.46958550810813904,0.6208084225654602,-0.5213021039962769,0.9564245939254761
88,23,0.4795421063899994,0.6174513101577759,0.1151406392455101,0.9986913204193115
88,24,0.3880206346511841,0.6222206354141235,-0.1151198148727417,0.998846709728241
88,25,0.5071001648902893,0.7200373411178589,0.24132391810417175,0.9303286671638489
88,26,0.4038920998573303,0.7284854054450989,-0.03128937631845474,0.9774044752120972
88,27,0.4900316894054413,0.8042518496513367,0.5854398012161255,0.896135151386261
88,28,0.42259377241134644,0.8238665461540222,0.2786508798599243,0.9720816016197205
88,29,0.4700707197189331,0.8140066266059875,0.610289454460144,0.8966492414474487
88,30,0.40974947810173035,0.8377191424369812,0.29774925112724304,0.8704137206077576
88,31,0.5339184999465942,0.8343242406845093,0.4679252505302429,0.9235378503799438
88,32,0.457629531621933,0.8602170944213867,0.08739587664604187,0.9550140500068665
89,0,0.4915948510169983,0.4083981513977051,-0.5065469145774841,0.9998040795326233
89,1,0.4970531165599823,0.39807453751564026,-0.4736317992210388,0.999456524848938
89,2,0.5000691413879395,0.39864376187324524,-0.4736359417438507,0.9993569254875183
89,3,0.5027245879173279,0.39920899271965027,-0.4735783338546753,0.9993075132369995
89,4,0.48351532220840454,0.3956936001777649,-0.5149019956588745,0.9995381832122803
89,5,0.47625303268432617,0.39458972215652466,-0.5149368047714233,0.9994829297065735
89,6,0.46883299946784973,0.3934025466442108,-0.5149959921836853,0.999430239200592
89,7,0.49122729897499084,0.401488721370697,-0.25275927782058716,0.9983538389205933
89,8,0.4449470043182373,0.3928486108779907,-0.44633135199546814,0.9993501901626587
89,9,0.48728904128074646,0.4193611741065979,-0.41801121830940247,0.9997638463973999
89,10,0.4703306555747986,0.4168340265750885,-0.47368502616882324,0.9998791217803955
89,11,0.49673810601234436,0.4577827453613281,-0.027987774461507797,0.9997938871383667
89,12,0.3541805148124695,0.4526670575141907,-0.4299352765083313,0.9999383687973022
89,13,0.5195799469947815,0.5314798951148987,0.111862413585186,0.8353068828582764
89,14,0.3714635968208313,0.5478012561798096,-0.44241631031036377,0.9939534068107605
89,15,0.5487116575241089,0.5943325161933899,-0.023706329986453056,0.9225484132766724
89,16,0.44377246499061584,0.6121398210525513,-0.508354127407074,0.9842581152915955
89,17,0.5594474673271179,0.6147483587265015,-0.05727118253707886,0.8876049518585205
89,18,0.457381010055542,0.6346235275268555,-0.5712339878082275,0.9707829356193542
89,19,0.5551597476005554,0.6153087615966797,-0.119074247777462,0.893768846988678
89,20,0.4722927510738373,0.6311624646186829,-0.5945958495140076,0.9699942469596863
89,21,0.546601414680481,0.608450710773468,-0.053094349801540375,0.8810928463935852
89,22,0.46928465366363525,0.6230940222740173,-0.5157973170280457,0.9547786712646484
89,23,0.47887882590293884,0.6172996759414673,0.11857205629348755,0.9986588358879089
89,24,0.38987070322036743,0.6221293210983276,-0.1186433807015419,0.9988701343536377
89,25,0.49893128871917725,0.7170281410217285,0.27361127734184265,0.9294680953025818
89,26,0.4038173258304596,0.7285923361778259,-0.02455405704677105,0.9778377413749695
89,27,0.4866494834423065,0.8044241070747375,0.5780966281890869,0.8997001647949219
89,28,0.422470360994339,0.8240331411361694,0.25492364168167114,0.9731864333152771
89,29,0.46896231174468994,0.8138502240180969,0.5985637903213501,0.8993552923202515
89,30,0.40977367758750916,0.8375322222709656,0.27032795548439026,0.8733178973197937
89,31,0.5229410529136658,0.8353831171989441,0.45815470814704895,0.9261212944984436
89,32,0.4573487639427185,0.8600156903266907,0.06311174482107162,0.9571681618690491
90,0,0.49300697445869446,0.4093450903892517,-0.4913533627986908,0.9997936487197876
90,1,0.49825677275657654,0.3991473317146301,-0.4611929655075073,0.9994141459465027
90,2,0.5009886622428894,0.3996567130088806,-0.4612196087837219,0.9993066787719727
90,3,0.5033999085426331,0.4001232981681824,-0.4611753821372986,0.999252200126648
90,4,0.4853401482105255,0.396808922290802,-0.504212498664856,0.9995137453079224
90,5,0.4781739115715027,0.39557111263275146,-0.5042563676834106,0.9994649887084961
90,6,0.4707009196281433,0.3942909240722656,-0.5043426156044006,0.9994082450866699
90,7,0.4915951192378998,0.40210309624671936,-0.25364336371421814,0.9981615543365479
90,8,0.44624054431915283,0.39332857728004456,-0.4567413330078125,0.9993193745613098
90,9,0.48834025859832764,0.42003363370895386,-0.4070669710636139,0.9997423887252808
90,10,0.4719301760196686,0.41758590936660767,-0.46518513560295105,0.9998683333396912
90,11,0.4974878132343292,0.457526296377182,-0.03908280283212662,0.9997861385345459
90,12,0.35306477546691895,0.4531169831752777,-0.4363082945346832,0.9999355673789978
90,13,0.5209187269210815,0.5320587754249573,0.1050453931093216,0.83392733335495
90,14,0.3716689944267273,0.5496610999107361,-0.4420256018638611,0.993539571762085
90,15,0.5500699281692505,0.5937883257865906,-0.03336150571703911,0.9226078987121582
90,16,0.4464555084705353,0.6139994859695435,-0.508629560470581,0.9838293194770813
90,17,0.5606339573860168,0.6139697432518005,-0.06908570230007172,0.8864791393280029
90,18,0.45843613147735596,0.6348680257797241,-0.5718826055526733,0.9703816175460815
90,19,0.554931104183197,0.6141008138656616,-0.12945063412189484,0.8929412364959717
90,20,0.4721449911594391,0.6312198042869568,-0.5987696051597595,0.969674825668335
90,21,0.5462802052497864,0.6076294183731079,-0.06187571585178375,0.880165696144104
90,22,0.4692986309528351,0.623849093914032,-0.51732337474823,0.9544463753700256
90,23,0.4796953797340393,0.6170474290847778,0.1195148453116417,0.9986371397972107
90,24,0.3906627595424652,0.6223710775375366,-0.11960213631391525,0.9988787174224854
90,25,0.4939425587654114,0.7137316465377808,0.28959769010543823,0.9268752932548523
90,26,0.40296727418899536,0.7275692224502563,-0.014733650721609592,0.9776577949523926
90,27,0.4805028736591339,0.7978839874267578,0.6228203773498535,0.9002217650413513
90,28,0.42061734199523926,0.822564959526062,0.2776232063770294,0.9733574986457825
90,29,0.4630255103111267,0.8080449104309082,0.6473321914672852,0.8995728492736816
90,30,0.4073747396469116,0.8345691561698914,0.29547959566116333,0.8738492727279663
90,31,0.5176340937614441,0.82837975025177,0.5145125985145569,0.9268770813941956
90,32,0.457333505153656,0.8594143986701965,0.09308210015296936,0.958082377910614
91,0,0.49360916018486023,0.41033101081848145,-0.5062161684036255,0.9997907876968384
91,1,0.4990323781967163,0.40027156472206116,-0.47330442070961,0.9993909001350403
91,2,0.5017616152763367,0.4007570743560791,-0.47333234548568726,0.9992716312408447
91,3,0.5040956139564514,0.4012150168418884,-0.47326919436454773,0.9992100596427917
91,4,0.48623836040496826,0.39795050024986267,-0.514803946018219,0.9995056390762329
91,5,0.47894561290740967,0.39668717980384827,-0.5148058533668518,0.9994572997093201
91,6,0.4718180000782013,0.3953520953655243,-0.5148982405662537,0.9993991851806641
91,7,0.49186012148857117,0.4031717777252197,-0.2562333643436432,0.9980510473251343
91,8,0.4475930631160736,0.3946194648742676,-0.4507767856121063,0.9993018507957458
91,9,0.4884415864944458,0.42072010040283203,-0.41872990131378174,0.9997295141220093
91,10,0.4726288616657257,0.4181869626045227,-0.47467514872550964,0.9998648166656494
91,11,0.4979899525642395,0.4575754702091217,-0.048026684671640396,0.9997912049293518
91,12,0.3541254997253418,0.45320773124694824,-0.4284400939941406,0.9999361038208008
91,13,0.5225603580474854,0.5320149064064026,0.10218942165374756,0.837304949760437
91,14,0.3715880513191223,0.5505386590957642,-0.4536154866218567,0.9933397769927979
91,15,0.5509530305862427,0.5914095640182495,-0.08940640836954117,0.9263786673545837
91,16,0.45244789123535156,0.6114911437034607,-0.5354298949241638,0.9839416742324829
91,17,0.5629192590713501,0.6107988357543945,-0.13515157997608185,0.8912221193313599
91,18,0.46619558334350586,0.6311259269714355,-0.6026545763015747,0.9707638025283813
91,19,0.556419849395752,0.6104947328567505,-0.19001372158527374,0.8973993062973022
91,20,0.4787154793739319,0.6262977719306946,-0.6331894397735596,0.9701173901557922
91,21,0.5475035905838013,0.6043931245803833,-0.11713072657585144,0.8849194645881653
91,22,0.47567319869995117,0.6192786693572998,-0.5460711121559143,0.9552022218704224
91,23,0.48035722970962524,0.6175545454025269,0.11887236684560776,0.9986421465873718
91,24,0.39081108570098877,0.6246124505996704,-0.11897481977939606,0.9989314079284668
91,25,0.4954623281955719,0.705853283405304,0.34932637214660645,0.9244326949119568
91,26,0.4030681252479553,0.7281795740127563,0.013680417090654373,0.9773362278938293
91,27,0.47520774602890015,0.7975108623504639,0.7363470196723938,0.8965994715690613
91,28,0.42018839716911316,0.8225229978561401,0.2920742928981781,0.972812294960022
91,29,0.4560879170894623,0.8078368902206421,0.767911434173584,0.8960597515106201
91,30,0.40698882937431335,0.8340118527412415,0.30895325541496277,0.8730900287628174
91,31,0.5197495818138123,0.8268814086914062,0.653279185295105,0.924643337726593
91,32,0.4575228691101074,0.8588229417800903,0.10937509685754776,0.9578769207000732
92,0,0.5008176565170288,0.4126100540161133,-0.3937120735645294,0.9997697472572327
92,1,0.5052926540374756,0.4025603234767914,-0.3577345907688141,0.9992979168891907
92,2,0.5074533224105835,0.40298157930374146,-0.3577868938446045,0.9991725087165833
92,3,0.5091615915298462,0.4033769965171814,-0.35775473713874817,0.9991207718849182
92,4,0.4942195415496826,0.4002569615840912,-0.4011313021183014,0.9994236826896667
92,5,0.4875582456588745,0.3989579379558563,-0.40110185742378235,0.9993541240692139
92,6,0.48101913928985596,0.39757028222084045,-0.4012167155742645,0.9992750883102417
92,7,0.4946674406528473,0.40494784712791443,-0.15634118020534515,0.9979937076568604
92,8,0.4542497396469116,0.39650505781173706,-0.3544955551624298,0.9990652799606323
92,9,0.4944864809513092,0.42289629578590393,-0.3131331503391266,0.9997127056121826
92,10,0.4799415171146393,0.4203137755393982,-0.3704489469528198,0.9998447895050049
92,11,0.49842697381973267,0.4578842520713806,-0.001993963262066245,0.9997996687889099
92,12,0.3550173342227936,0.45325756072998047,-0.3683229684829712,0.9999291896820068
92,13,0.5264549851417542,0.532476007938385,0.09406202286481857,0.8452785611152649
92,14,0.37212151288986206,0.5495646595954895,-0.42617568373680115,0.9932006001472473
92,15,0.5565527677536011,0.5901764035224915,-0.0979207381606102,0.9300103187561035
92,16,0.4624479413032532,0.6089307069778442,-0.48499178886413574,0.9841578602790833
92,17,0.5661904811859131,0.6090787053108215,-0.14599916338920593,0.895787239074707
92,18,0.4783076047897339,0.6289166212081909,-0.5451093912124634,0.9712026715278625
92,19,0.5584431886672974,0.6085158586502075,-0.19696563482284546,0.9016649127006531
92,20,0.49230873584747314,0.6257234811782837,-0.565305233001709,0.970556914806366
92,21,0.5509837865829468,0.6025131940841675,-0.12389583885669708,0.8891897201538086
92,22,0.4886174201965332,0.6179218888282776,-0.49082034826278687,0.9555419087409973
92,23,0.4812121093273163,0.6183532476425171,0.10595919191837311,0.9986789226531982
92,24,0.3902427554130554,0.6256723999977112,-0.10579216480255127,0.9988981485366821
92,25,0.5090083479881287,0.6830717325210571,-0.18616952002048492,0.9298158884048462
92,26,0.4045136868953705,0.7290277481079102,-0.0345526821911335,0.9754544496536255
92,27,0.4705357849597931,0.7717021107673645,0.1443125307559967,0.8973860144615173
92,28,0.4210602641105652,0.8234332799911499,0.28371062874794006,0.9707590341567993
92,29,0.4491227865219116,0.7785751819610596,0.17239674925804138,0.8957104682922363
92,30,0.4100230038166046,0.834888756275177,0.3034045398235321,0.8666279911994934
92,31,0.5122069716453552,0.8061844110488892,0.023974185809493065,0.9262290596961975
92,32,0.45436885952949524,0.8586570620536804,0.09677810966968536,0.955707311630249
93,0,0.5078906416893005,0.42104506492614746,-0.3349311053752899,0.9997725486755371
93,1,0.5139941573143005,0.4115493893623352,-0.295775830745697,0.9993123412132263
93,2,0.5165046453475952,0.4119676649570465,-0.2958386242389679,0.999189555644989
93,3,0.5183274745941162,0.41232866048812866,-0.2958589196205139,0.9991455674171448
93,4,0.5018435120582581,0.40859538316726685,-0.3343285024166107,0.9994279742240906
93,5,0.49517953395843506,0.40646839141845703,-0.33426058292388916,0.9993486404418945
93,6,0.488052099943161,0.4042172431945801,-0.334319144487381,0.9992734789848328
93,7,0.5039812922477722,0.4127703607082367,-0.07993301749229431,0.998096764087677
93,8,0.4633469581604004,0.40286317467689514,-0.25314152240753174,0.9990417957305908
93,9,0.5013951063156128,0.4314596652984619,-0.24982789158821106,0.9997199177742004
93,10,0.4866607189178467,0.4272107183933258,-0.3000703454017639,0.9998465180397034
93,11,0.5006442666053772,0.46202245354652405,0.06477243453264236,0.9998036623001099
93,12,0.3624037504196167,0.4532316327095032,-0.2651344835758209,0.9999274015426636
93,13,0.5348688364028931,0.5324755907058716,0.056995540857315063,0.8440143465995789
93,14,0.3695579469203949,0.5447532534599304,-0.3515755832195282,0.993310809135437
93,15,0.5614460706710815,0.5801734924316406,-0.27161747217178345,0.9300194978713989
93,16,0.471682608127594,0.5963973999023438,-0.41778764128685,0.9845203757286072
93,17,0.5694661140441895,0.5971380472183228,-0.3452042043209076,0.8971198201179504
93,18,0.4915139079093933,0.6151668429374695,-0.4754815399646759,0.9717198610305786
93,19,0.5620450973510742,0.5943652391433716,-0.3889982998371124,0.9027208685874939
93,20,0.5104905366897583,0.6091989278793335,-0.4876806437969208,0.9710242748260498
93,21,0.5563381910324097,0.5885438323020935,-0.29892483353614807,0.8897815942764282
93,22,0.5034974217414856,0.6047540903091431,-0.4187755286693573,0.9558520317077637
93,23,0.481797456741333,0.6160215139389038,0.10014253109693527,0.9987571835517883
93,24,0.3898058533668518,0.6243476867675781,-0.09981413185596466,0.998930037021637
93,25,0.5305460095405579,0.6574538946151733,-0.3408147394657135,0.9356249570846558
93,26,0.4092322885990143,0.7286038994789124,-0.05768825113773346,0.9758370518684387
93,27,0.47081446647644043,0.7497638463973999,-0.06932604312896729,0.9018059372901917
93,28,0.4235231280326843,0.8249921798706055,0.24828003346920013,0.9710891842842102
93,29,0.44931694865226746,0.7549025416374207,-0.04678443819284439,0.8986865282058716
93,30,0.4165995717048645,0.8358262777328491,0.26490238308906555,0.8651849031448364
93,31,0.5138729214668274,0.7872189283370972,-0.2024400234222412,0.92951500415802
93,32,0.4545913636684418,0.8582642674446106,0.09534510225057602,0.9558237791061401
94,0,0.5188150405883789,0.436240017414093,-0.32720619440078735,0.9997367858886719
94,1,0.5256223678588867,0.4263334274291992,-0.2910734713077545,0.9992522597312927
94,2,0.5269797444343567,0.42646536231040955,-0.29117101430892944,0.9991334676742554
94,3,0.527920126914978,0.42652931809425354,-0.2912341356277466,0.9990959167480469
94,4,0.5156592726707458,0.42339205741882324,-0.3318120837211609,0.9993577599525452
94,5,0.5094807744026184,0.42117422819137573,-0.3317723274230957,0.9992631077766418
94,6,0.5023558735847473,0.41840189695358276,-0.3318448066711426,0.9991828799247742
94,7,0.5113450288772583,0.4238167703151703,-0.08873122185468674,0.9980905055999756
94,8,0.4757794737815857,0.41435447335243225,-0.2711504101753235,0.9989104866981506
94,9,0.5097657442092896,0.4450705945491791,-0.24714423716068268,0.9996965527534485
94,10,0.49775514006614685,0.44151225686073303,-0.30012914538383484,0.9998337030410767
94,11,0.5034536719322205,0.4640532433986664,0.047593340277671814,0.9997954964637756
94,12,0.37027740478515625,0.45545703172683716,-0.28354230523109436,0.9999236464500427
94,13,0.5416384935379028,0.53079754114151,-0.042980313301086426,0.8449992537498474
94,14,0.3685206174850464,0.5438798666000366,-0.36818939447402954,0.993574321269989
94,15,0.5673933625221252,0.5661735534667969,-0.43074700236320496,0.9306255578994751
94,16,0.47618597745895386,0.5865474939346313,-0.43945440649986267,0.9852474331855774
94,17,0.576046347618103,0.5799415707588196,-0.512740433216095,0.8993246555328369
94,18,0.4957483112812042,0.6035595536231995,-0.49593856930732727,0.9729403853416443
94,19,0.5682803988456726,0.5772616863250732,-0.5442567467689514,0.9046456813812256
94,20,0.5155973434448242,0.5963326692581177,-0.5094100832939148,0.9722511172294617
94,21,0.5609703063964844,0.5732561349868774,-0.45465511083602905,0.8916970491409302
94,22,0.5098603367805481,0.5923877954483032,-0.44080355763435364,0.9573137760162354
94,23,0.476175993680954,0.608436644077301,0.10138989239931107,0.9987587928771973
94,24,0.38842102885246277,0.6196050047874451,-0.10110775381326675,0.9988784790039062
94,25,0.551892101764679,0.6375483274459839,-0.28334304690361023,0.9390051960945129
94,26,0.4119400978088379,0.725649356842041,-0.13002140820026398,0.975981593132019
94,27,0.4728165864944458,0.730884850025177,-0.0485408790409565,0.9008498191833496
94,28,0.42351874709129333,0.8250511288642883,0.05606105551123619,0.9711290001869202
94,29,0.4497217535972595,0.7407765984535217,-0.029552215710282326,0.8996354341506958
94,30,0.41573694348335266,0.8355686068534851,0.0625763013958931,0.8661245107650757
94,31,0.5176212191581726,0.769040048122406,-0.15005819499492645,0.9287947416305542
94,32,0.45481863617897034,0.8571077585220337,-0.13795779645442963,0.9547168612480164
95,0,0.5333879590034485,0.44804054498672485,-0.4107622802257538,0.9997257590293884
95,1,0.5405853986740112,0.4384552538394928,-0.3671077787876129,0.9992621541023254
95,2,0.5419522523880005,0.4389161467552185,-0.3672252297401428,0.9991557002067566
95,3,0.5429262518882751,0.4393240809440613,-0.36741846799850464,0.9991118907928467
95,4,0.5311250686645508,0.4352550506591797,-0.4043143391609192,0.9993468523025513
95,5,0.5256295204162598,0.43329328298568726,-0.4042809009552002,0.999243974685669
95,6,0.5187264084815979,0.431009441614151,-0.4043335020542145,0.9991617202758789
95,7,0.5271857380867004,0.4376489222049713,-0.13399314880371094,0.9981881976127625
95,8,0.4907151460647583,0.42704644799232483,-0.2864535450935364,0.9989029765129089
95,9,0.5242509245872498,0.4567314088344574,-0.3236099183559418,0.9997053742408752
95,10,0.5128121376037598,0.4531567096710205,-0.37261760234832764,0.9998390674591064
95,11,0.5189447402954102,0.48593416810035706,-0.020754989236593246,0.9997836947441101
95,12,0.3832104206085205,0.46167808771133423,-0.2968399226665497,0.9999184012413025
95,13,0.564738392829895,0.5440540313720703,-0.20044882595539093,0.8528636693954468
95,14,0.3546065092086792,0.5436354279518127,-0.38042667508125305,0.9937782883644104
95,15,0.5702185034751892,0.5537723302841187,-0.6646050214767456,0.9317784309387207
95,16,0.4721788167953491,0.5750601291656494,-0.49138420820236206,0.9852426648139954
95,17,0.5768007040023804,0.5613945126533508,-0.7636791467666626,0.9008952379226685
95,18,0.49441707134246826,0.5867087841033936,-0.5463828444480896,0.9725288152694702
95,19,0.5681820511817932,0.5539226531982422,-0.7692722678184509,0.9056372046470642
95,20,0.5131691098213196,0.5797696709632874,-0.5454033613204956,0.9717552661895752
95,21,0.5608328580856323,0.5520060062408447,-0.6788076162338257,0.8917741179466248
95,22,0.505026638507843,0.5749548673629761,-0.4866025149822235,0.9558230042457581
95,23,0.4705990254878998,0.6081445217132568,0.097850002348423,0.998737633228302
95,24,0.3852716088294983,0.6188876032829285,-0.09751849621534348,0.9987698197364807
95,25,0.5535488128662109,0.6159550547599792,-0.39003172516822815,0.9421693682670593
95,26,0.41405537724494934,0.72120201587677,-0.12850503623485565,0.9752337336540222
95,27,0.4768522381782532,0.7153952121734619,-0.17435123026371002,0.9019812345504761
95,28,0.4230514168739319,0.8230410814285278,0.09608175605535507,0.9698314666748047
95,29,0.4514891803264618,0.7242298722267151,-0.15716806054115295,0.9019291996955872
95,30,0.4152979552745819,0.8336583971977234,0.10681332647800446,0.8643022179603577
95,31,0.53253573179245,0.7514597177505493,-0.30686500668525696,0.9295140504837036
95,32,0.45357203483581543,0.8548821210861206,-0.10829122364521027,0.9505026340484619
96,0,0.5444487929344177,0.4634740948677063,-0.42890289425849915,0.9997034668922424
96,1,0.5512009263038635,0.4531259536743164,-0.3913944661617279,0.9992642402648926
96,2,0.5521147847175598,0.4532128870487213,-0.39151620864868164,0.9991734623908997
96,3,0.5527220368385315,0.45323291420936584,-0.3917239010334015,0.9991246461868286
96,4,0.542896032333374,0.45059433579444885,-0.428550124168396,0.9993180632591248
96,5,0.537520706653595,0.4489155411720276,-0.42853766679763794,0.9992043375968933
96,6,0.5307981371879578,0.44689837098121643,-0.4286046028137207,0.9991199374198914
96,7,0.5348441004753113,0.44999566674232483,-0.17616549134254456,0.9982724785804749
96,8,0.5022537708282471,0.4417521357536316,-0.33830177783966064,0.9988887906074524
96,9,0.5345210433006287,0.47124043107032776,-0.3456321358680725,0.9997117519378662
96,10,0.5240611433982849,0.46867403388023376,-0.3951426148414612,0.9998413920402527
96,11,0.5293967723846436,0.4937407970428467,-0.05354038253426552,0.9997956156730652
96,12,0.39445847272872925,0.4689945578575134,-0.3067129850387573,0.9999207258224487
96,13,0.5647905468940735,0.5478034615516663,-0.19152991473674774,0.8582893013954163
96,14,0.3415801227092743,0.5439326763153076,-0.40326741337776184,0.9938331842422485
96,15,0.5699800848960876,0.5512427091598511,-0.6154091358184814,0.9326825737953186
96,16,0.47056418657302856,0.5676892995834351,-0.5209161639213562,0.984657883644104
96,17,0.5767307877540588,0.5586076974868774,-0.7077527046203613,0.902349054813385
96,18,0.4954396188259125,0.5769072771072388,-0.5743420720100403,0.9711674451828003
96,19,0.5677163600921631,0.5503016114234924,-0.7136080265045166,0.9067473411560059
96,20,0.511583149433136,0.567392885684967,-0.5732071995735168,0.9704074263572693
96,21,0.560667872428894,0.5473308563232422,-0.6285924315452576,0.8928056955337524
96,22,0.5025022029876709,0.5646758079528809,-0.5165604948997498,0.9533786773681641
96,23,0.4694386422634125,0.6062002182006836,0.09835577011108398,0.9986510276794434
96,24,0.3797866404056549,0.6144589185714722,-0.09802860766649246,0.998754620552063
96,25,0.552431046962738,0.5986670255661011,-0.23506596684455872,0.9375361800193787
96,26,0.41674894094467163,0.7169855833053589,-0.20092321932315826,0.973882257938385
96,27,0.5085941553115845,0.6888085007667542,0.011568828485906124,0.8873830437660217
96,28,0.42303869128227234,0.8227921724319458,-0.0981144830584526,0.9678137898445129
96,29,0.4673568606376648,0.7006732225418091,0.03257684037089348,0.8925954103469849
96,30,0.4146873354911804,0.8325501680374146,-0.09776131063699722,0.8644737601280212
96,31,0.5449709296226501,0.728357195854187,-0.08997949957847595,0.9185699224472046
96,32,0.4565567076206207,0.8548614382743835,-0.3133077621459961,0.9444950222969055
97,0,0.5490846633911133,0.47993770241737366,-0.4458223581314087,0.999707818031311
97,1,0.5557407140731812,0.47013744711875916,-0.4147736132144928,0.9992910623550415
97,2,0.5569086074829102,0.4699643552303314,-0.4148230254650116,0.9992069005966187
97,3,0.5578123331069946,0.4697076380252838,-0.414946973323822,0.9991537928581238
97,4,0.5472496747970581,0.46789437532424927,-0.4558798372745514,0.9993394613265991
97,5,0.5419782996177673,0.46601518988609314,-0.4559319317340851,0.9992322325706482
97,6,0.535865843296051,0.4638281762599945,-0.45603176951408386,0.9991578459739685
97,7,0.5412115454673767,0.4653570055961609,-0.20930097997188568,0.9983648061752319
97,8,0.51031094789505,0.4578455090522766,-0.3970334231853485,0.9989519715309143
97,9,0.5402970910072327,0.487170547246933,-0.3627190887928009,0.9997198581695557
97,10,0.5294354557991028,0.4845027029514313,-0.4174571931362152,0.9998477697372437
97,11,0.5326390862464905,0.497219979763031,-0.03955056518316269,0.9997978806495667
97,12,0.4044936001300812,0.4772774577140808,-0.32940787076950073,0.9999242424964905
97,13,0.5742262601852417,0.5457804203033447,-0.048226498067379,0.8556455969810486
97,14,0.3293391764163971,0.5446560382843018,-0.36825862526893616,0.9939256906509399
97,15,0.5698938369750977,0.5459930896759033,-0.3175930976867676,0.9272847175598145
97,16,0.4695297181606293,0.5611258745193481,-0.3714908957481384,0.9843271970748901
97,17,0.5759127736091614,0.5517278909683228,-0.3691098988056183,0.8955525159835815
97,18,0.49574732780456543,0.5672702789306641,-0.4044131934642792,0.9697821736335754
97,19,0.5655419230461121,0.5474653244018555,-0.3820229470729828,0.8997833132743835
97,20,0.509105920791626,0.5593649744987488,-0.4081554710865021,0.9689555764198303
97,21,0.55948805809021,0.5436471104621887,-0.3280143439769745,0.8865709900856018
97,22,0.5007143616676331,0.5554641485214233,-0.36496502161026,0.9511299133300781
97,23,0.4643246531486511,0.6040501594543457,0.11516543477773666,0.9985591173171997
97,24,0.37601467967033386,0.6142780184745789,-0.11487574875354767,0.9987819790840149
97,25,0.5496677160263062,0.5907870531082153,-0.07722427695989609,0.9199263453483582
97,26,0.4221462309360504,0.7172046899795532,-0.24306511878967285,0.973696231842041
97,27,0.5097731351852417,0.6765546798706055,0.17115448415279388,0.866041898727417
97,28,0.4232045114040375,0.8227919340133667,-0.1833982616662979,0.9690060019493103
97,29,0.46931102871894836,0.6925782561302185,0.19207097589969635,0.8842065334320068
97,30,0.41395440697669983,0.8351844549179077,-0.18652746081352234,0.8740014433860779
97,31,0.5486663579940796,0.7188175916671753,0.12452559918165207,0.9043654799461365
97,32,0.46254581212997437,0.8557611703872681,-0.38579776883125305,0.9457210302352905
98,0,0.5504118800163269,0.4883570075035095,-0.4628525674343109,0.9997220635414124
98,1,0.5574951767921448,0.47921842336654663,-0.43251609802246094,0.9993364810943604
98,2,0.5590476393699646,0.47905176877975464,-0.4325444996356964,0.9992571473121643
98,3,0.5605257153511047,0.47883063554763794,-0.43261197209358215,0.9992002844810486
98,4,0.5485355854034424,0.47663313150405884,-0.47329825162887573,0.9993811845779419
98,5,0.5428979396820068,0.47448429465293884,-0.47339218854904175,0.9992828965187073
98,6,0.5366516709327698,0.47217050194740295,-0.47348111867904663,0.9992179274559021
98,7,0.5452267527580261,0.4740373194217682,-0.22368668019771576,0.9984665513038635
98,8,0.5116528272628784,0.4658070206642151,-0.40967923402786255,0.9990372657775879
98,9,0.541888952255249,0.49620547890663147,-0.37781646847724915,0.9997324347496033
98,10,0.5298531651496887,0.49354520440101624,-0.43207278847694397,0.9998575448989868
98,11,0.5343454480171204,0.49834638833999634,-0.03853720426559448,0.9998091459274292
98,12,0.401812881231308,0.48450249433517456,-0.3432585299015045,0.9999301433563232
98,13,0.5756102800369263,0.5354828834533691,-0.06799326837062836,0.856805145740509
98,14,0.3325788378715515,0.5458193421363831,-0.3525041937828064,0.9940534234046936
98,15,0.5697311758995056,0.5416238903999329,-0.3958739936351776,0.9248072504997253
98,16,0.4687041938304901,0.5584728121757507,-0.33854156732559204,0.9846361875534058
98,17,0.5743638873100281,0.5491135120391846,-0.4574842154979706,0.8923966884613037
98,18,0.49609363079071045,0.5661520957946777,-0.3722758889198303,0.9699109792709351
98,19,0.5608594417572021,0.5459033846855164,-0.4661340117454529,0.8960769772529602
98,20,0.5079875588417053,0.5569057464599609,-0.38098734617233276,0.9691193699836731
98,21,0.5552334189414978,0.5427786707878113,-0.4078695476055145,0.8840709328651428
98,22,0.49949783086776733,0.554175853729248,-0.33336541056632996,0.9513812065124512
98,23,0.46051666140556335,0.6011029481887817,0.12323828041553497,0.998548150062561
98,24,0.3709339201450348,0.6126226186752319,-0.12305935472249985,0.9988675713539124
98,25,0.5480123162269592,0.5926060676574707,0.0742504745721817,0.9026699662208557
98,26,0.42422837018966675,0.7113178372383118,-0.3307233154773712,0.9744114279747009
98,27,0.528386652469635,0.6816884279251099,0.3564326763153076,0.8413931727409363
98,28,0.4232039451599121,0.8191862106323242,-0.2958267033100128,0.970296323299408
98,29,0.4875774383544922,0.6960200071334839,0.37935444712638855,0.868921160697937
98,30,0.4123273193836212,0.8330467939376831,-0.3004474639892578,0.8820750117301941
98,31,0.5786097049713135,0.7211357355117798,0.316760390996933,0.8873716592788696
98,32,0.46628400683403015,0.8557624816894531,-0.5009758472442627,0.9479641318321228
99,0,0.5507293343544006,0.4918515086174011,-0.4520677328109741,0.999741792678833
99,1,0.557590126991272,0.48327136039733887,-0.41975846886634827,0.9993905425071716
99,2,0.5591112971305847,0.4831060767173767,-0.41979727149009705,0.9993175864219666
99,3,0.5607923865318298,0.48289886116981506,-0.4198627173900604,0.9992626309394836
99,4,0.5495105981826782,0.4807611107826233,-0.461272656917572,0.9994321465492249
99,5,0.5443878769874573,0.47866398096084595,-0.4613628387451172,0.9993430972099304
99,6,0.53843754529953,0.47626858949661255,-0.46144482493400574,0.999285876750946
99,7,0.5454795360565186,0.4773782193660736,-0.21789158880710602,0.9985899329185486
99,8,0.5133782029151917,0.4694768488407135,-0.41516342759132385,0.9991267323493958
99,9,0.5417357087135315,0.49973320960998535,-0.3670049011707306,0.9997509121894836
99,10,0.5299413800239563,0.4968181252479553,-0.42177101969718933,0.9998693466186523
99,11,0.5320711135864258,0.4968799650669098,-0.03337695449590683,0.9998217225074768
99,12,0.40176430344581604,0.48626917600631714,-0.3588137626647949,0.9999364018440247
99,13,0.5744876265525818,0.5308040976524353,-0.06487786769866943,0.8589966297149658
99,14,0.3339628577232361,0.5457597374916077,-0.3480284512042999,0.9941615462303162
99,15,0.5716103911399841,0.5352776050567627,-0.38338157534599304,0.921701967716217
99,16,0.46881476044654846,0.5566280484199524,-0.3051510453224182,0.9848690629005432
99,17,0.5750643014907837,0.5427006483078003,-0.45268329977989197,0.8875840902328491
99,18,0.49632975459098816,0.5630280375480652,-0.3330943286418915,0.9698212146759033
99,19,0.5611087679862976,0.5390309691429138,-0.44729894399642944,0.8906062245368958
99,20,0.507108211517334,0.5557600259780884,-0.3424938917160034,0.9691100120544434
99,21,0.5555198788642883,0.5359731316566467,-0.4023667275905609,0.8800577521324158
99,22,0.49891501665115356,0.5523859858512878,-0.29917991161346436,0.951490581035614
99,23,0.45078912377357483,0.6006115674972534,0.1316835731267929,0.9985740184783936
99,24,0.36707186698913574,0.611388623714447,-0.1315511167049408,0.9989667534828186
99,25,0.5475077033042908,0.5991324782371521,0.23387019336223602,0.8834055662155151
99,26,0.42578670382499695,0.7042245864868164,-0.3651801347732544,0.9757030606269836
99,27,0.5367879271507263,0.6888936758041382,0.5086501240730286,0.8158274292945862
99,28,0.42439812421798706,0.8191722631454468,-0.37626978754997253,0.9720237255096436
99,29,0.5134094953536987,0.7014612555503845,0.5302077531814575,0.8495935201644897
99,30,0.4103923738002777,0.8328903913497925,-0.3843262493610382,0.8907110691070557
99,31,0.6019834876060486,0.7207891941070557,0.475267618894577,0.8685415983200073
99,32,0.46994659304618835,0.8561662435531616,-0.581296980381012,0.9511032700538635
100,0,0.5510112643241882,0.48888546228408813,-0.436634361743927,0.9997627139091492
100,1,0.557544469833374,0.4797734320163727,-0.4100446105003357,0.9994432926177979
100,2,0.5588309168815613,0.4796186089515686,-0.4100874066352844,0.9993771314620972
100,3,0.5602104067802429,0.4794301986694336,-0.41013967990875244,0.9993245601654053
100,4,0.5499736070632935,0.4777957797050476,-0.4543493390083313,0.9994808435440063
100,5,0.5449309349060059,0.4761296212673187,-0.4545384645462036,0.99940025806427
100,6,0.5390055179595947,0.47423648834228516,-0.45459163188934326,0.999348521232605
100,7,0.5438664555549622,0.474696546792984,-0.20996978878974915,0.9987116456031799
100,8,0.5131174921989441,0.46789923310279846,-0.402814656496048,0.9992080330848694
100,9,0.5422482490539551,0.49636393785476685,-0.3579249083995819,0.9997713565826416
100,10,0.5311644077301025,0.49359607696533203,-0.41680318117141724,0.9998809695243835
100,11,0.5310482382774353,0.494314581155777,-0.031222255900502205,0.9998347759246826
100,12,0.4000476896762848,0.4861225187778473,-0.3580576479434967,0.9999418258666992
100,13,0.5726261138916016,0.5244358777999878,-0.06393615156412125,0.8624501824378967
100,14,0.3337199091911316,0.5443792343139648,-0.3571207821369171,0.99440997838974
100,15,0.5724440813064575,0.5365000367164612,-0.3647863566875458,0.9240863919258118
100,16,0.46845027804374695,0.5566172003746033,-0.3282422125339508,0.9853866696357727
100,17,0.5766848921775818,0.5434343814849854,-0.4217771887779236,0.8915917873382568
100,18,0.4976890981197357,0.5654269456863403,-0.3607398569583893,0.9706097841262817
100,19,0.5627775192260742,0.5412040948867798,-0.4303033649921417,0.8944118618965149
100,20,0.5092105865478516,0.5579515695571899,-0.36968180537223816,0.9699718356132507
100,21,0.556698203086853,0.5384701490402222,-0.37968742847442627,0.8847506046295166
100,22,0.4998272657394409,0.5542766451835632,-0.3230251669883728,0.9528317451477051
100,23,0.44662097096443176,0.6009076237678528,0.13598471879959106,0.9986249208450317
100,24,0.3649834096431732,0.6117369532585144,-0.1357991248369217,0.9990511536598206
100,25,0.5540956854820251,0.6062601804733276,0.15736322104930878,0.8837619423866272
100,26,0.4304337501525879,0.7032848596572876,-0.37733450531959534,0.9776636958122253
100,27,0.5367736220359802,0.6927512288093567,0.4068678915500641,0.8165731430053711
100,28,0.4270936846733093,0.8175517916679382,-0.3789752125740051,0.974346935749054
100,29,0.5122514963150024,0.7068114876747131,0.4263158142566681,0.8518029451370239
100,30,0.4086264371871948,0.8337928056716919,-0.38589155673980713,0.900131106376648
100,31,0.5975726246833801,0.7255927324295044,0.3727450370788574,0.8688620328903198
100,32,0.478241890668869,0.8545651435852051,-0.5722006559371948,0.9550449848175049
101,0,0.5532791018486023,0.48251834511756897,-0.4021821618080139,0.9997579455375671
101,1,0.5597407221794128,0.4729234576225281,-0.3746360242366791,0.9994500875473022
101,2,0.5607849955558777,0.4726950526237488,-0.3747287690639496,0.9993882179260254
101,3,0.5617351531982422,0.47240105271339417,-0.3748393952846527,0.999334990978241
101,4,0.5524371862411499,0.4712928831577301,-0.422613263130188,0.9994857907295227
101,5,0.5477457046508789,0.46985119581222534,-0.4227348864078522,0.9994058012962341
101,6,0.5416063666343689,0.46807757019996643,-0.42282363772392273,0.9993590116500854
101,7,0.5445598363876343,0.46800464391708374,-0.19318927824497223,0.9987565875053406
101,8,0.5133896470069885,0.4615810811519623,-0.39716076850891113,0.9992433190345764
101,9,0.5452737212181091,0.49002718925476074,-0.32813379168510437,0.9997768998146057
101,10,0.5350105166435242,0.4876365065574646,-0.3920848071575165,0.999886155128479
101,11,0.5342281460762024,0.4939800798892975,-0.02938552387058735,0.9998412728309631
101,12,0.40416595339775085,0.48320189118385315,-0.3688439726829529,0.9999445676803589
101,13,0.5733025074005127,0.5249949097633362,-0.061341363936662674,0.8643993139266968
101,14,0.33370572328567505,0.5421130657196045,-0.42248332500457764,0.9944912195205688
101,15,0.5733742117881775,0.5410717725753784,-0.36520567536354065,0.9235556721687317
101,16,0.46783530712127686,0.5595368146896362,-0.4676213264465332,0.9851080775260925
101,17,0.5771886706352234,0.5487684607505798,-0.4230272173881531,0.8921918272972107
101,18,0.4970448911190033,0.5699480175971985,-0.5155481100082397,0.9702407717704773
101,19,0.5637809038162231,0.5455711483955383,-0.4310397207736969,0.8948546051979065
101,20,0.5087531805038452,0.562850832939148,-0.5200278162956238,0.9696156978607178
101,21,0.557479977607727,0.5426902770996094,-0.38039839267730713,0.8855611681938171
101,22,0.4992535412311554,0.5585638284683228,-0.46379172801971436,0.9518430829048157
101,23,0.44873741269111633,0.6011656522750854,0.13597849011421204,0.9985827207565308
101,24,0.36593329906463623,0.6118823289871216,-0.13579730689525604,0.9990879893302917
101,25,0.5589336156845093,0.6077107191085815,0.06583207100629807,0.8851675391197205
101,26,0.43384402990341187,0.7055715322494507,-0.3774046301841736,0.9788751602172852
101,27,0.5296165943145752,0.6976462602615356,0.3501526415348053,0.8130044937133789
101,28,0.4288526773452759,0.8177138566970825,-0.3212891221046448,0.9759260416030884
101,29,0.5035650134086609,0.711261510848999,0.3731885552406311,0.8499459028244019
101,30,0.40851232409477234,0.8376617431640625,-0.324607253074646,0.9070073962211609
101,31,0.594397246837616,0.7320499420166016,0.298408180475235,0.8650171160697937
101,32,0.4795064628124237,0.8549656867980957,-0.5345132350921631,0.9574224948883057
102,0,0.5534436702728271,0.48167842626571655,-0.299593448638916,0.9997683763504028
102,1,0.5596131682395935,0.4715311527252197,-0.2669945955276489,0.9994850158691406
102,2,0.560604453086853,0.47109097242355347,-0.26713865995407104,0.9994297623634338
102,3,0.5614094138145447,0.4705433249473572,-0.2672773003578186,0.9993798732757568
102,4,0.5517544746398926,0.47071146965026855,-0.3069108724594116,0.999512791633606
102,5,0.5465295314788818,0.46933993697166443,-0.30692875385284424,0.9994353652000427
102,6,0.5399366021156311,0.46704235672950745,-0.3069922626018524,0.9993917942047119
102,7,0.5431955456733704,0.46558132767677307,-0.080648273229599,0.9988530278205872
102,8,0.5119084119796753,0.4613412320613861,-0.26104244589805603,0.9992911219596863
102,9,0.544144868850708,0.4898201823234558,-0.2257322072982788,0.9997922778129578
102,10,0.5340383052825928,0.4861220419406891,-0.2790069282054901,0.9998937249183655
102,11,0.5381228923797607,0.49314039945602417,0.03371090441942215,0.9998549222946167
102,12,0.4079265594482422,0.47470182180404663,-0.2633601725101471,0.9999488592147827
102,13,0.575847864151001,0.5261752009391785,-0.08334291726350784,0.8720995187759399
102,14,0.33438920974731445,0.5357319712638855,-0.38593265414237976,0.994485080242157
102,15,0.5775411128997803,0.5432089567184448,-0.49086448550224304,0.9283155202865601
102,16,0.46769583225250244,0.5615242719650269,-0.4858957529067993,0.9849660992622375
102,17,0.5804650187492371,0.5512081980705261,-0.5727902054786682,0.8991743326187134
102,18,0.4954393208026886,0.5711345076560974,-0.5431162118911743,0.970460057258606
102,19,0.5670356154441833,0.5485601425170898,-0.5903275012969971,0.9015964865684509
102,20,0.5082001090049744,0.563144326210022,-0.5479958653450012,0.9698053002357483
102,21,0.5603583455085754,0.5454175472259521,-0.5080767273902893,0.8924003839492798
102,22,0.49883824586868286,0.560142457485199,-0.48432067036628723,0.9515907168388367
102,23,0.45188724994659424,0.6016643047332764,0.13393782079219818,0.9986164569854736
102,24,0.36799338459968567,0.6121180057525635,-0.13373933732509613,0.9991443753242493
102,25,0.5614787340164185,0.6165534257888794,-0.020816324278712273,0.8878915905952454
102,26,0.43504172563552856,0.7062094807624817,-0.4374810457229614,0.980190634727478
102,27,0.5264331102371216,0.7227464914321899,0.2650003433227539,0.8118594288825989
102,28,0.4277779757976532,0.8187697529792786,-0.41748881340026855,0.977059543132782
102,29,0.5057090520858765,0.732154905796051,0.287393182516098,0.8494876027107239
102,30,0.40390172600746155,0.8421027064323425,-0.4249088168144226,0.9108572006225586
102,31,0.5973682999610901,0.7515896558761597,0.1959652155637741,0.86249840259552
102,32,0.4793567359447479,0.8553816676139832,-0.6531025171279907,0.958833634853363
103,0,0.551819384098053,0.4665941596031189,-0.24197250604629517,0.9997653961181641
103,1,0.5579204559326172,0.4559747278690338,-0.20983530580997467,0.9994935989379883
103,2,0.558984100818634,0.4557957053184509,-0.20998071134090424,0.9994434714317322
103,3,0.5598830580711365,0.4555043578147888,-0.2100936472415924,0.9993988275527954
103,4,0.5500332117080688,0.45422977209091187,-0.24935510754585266,0.9995102286338806
103,5,0.5449194312095642,0.45252174139022827,-0.24933883547782898,0.9994228482246399
103,6,0.5381765365600586,0.45031705498695374,-0.24940656125545502,0.9993778467178345
103,7,0.5427456498146057,0.45125293731689453,-0.022132346406579018,0.9989151358604431
103,8,0.5102105736732483,0.4449988901615143,-0.20044247806072235,0.9992856979370117
103,9,0.5431180596351624,0.4755419194698334,-0.1670762002468109,0.9997994303703308
103,10,0.5322504043579102,0.4717203974723816,-0.21899382770061493,0.9998958706855774
103,11,0.5365562438964844,0.4835013747215271,0.09445463865995407,0.9998651742935181
103,12,0.40915006399154663,0.4648365080356598,-0.20623914897441864,0.9999489784240723
103,13,0.5705816745758057,0.5235217809677124,-0.016504904255270958,0.8769100308418274
103,14,0.33904945850372314,0.5309468507766724,-0.3148180842399597,0.9946383237838745
103,15,0.5786716938018799,0.5446478128433228,-0.436599463224411,0.9329833388328552
103,16,0.46688783168792725,0.5623870491981506,-0.47569727897644043,0.9853163361549377
103,17,0.5847426056861877,0.5541307330131531,-0.5175201296806335,0.9061169624328613
103,18,0.4893125295639038,0.5765525698661804,-0.5204826593399048,0.971346914768219
103,19,0.5718144178390503,0.5506047606468201,-0.5429438352584839,0.908461332321167
103,20,0.503958523273468,0.5703319311141968,-0.5229488611221313,0.97068190574646
103,21,0.5640087723731995,0.5455095767974854,-0.455559104681015,0.8993100523948669
103,22,0.4980041980743408,0.5661636590957642,-0.4781527519226074,0.952759325504303
103,23,0.4569483995437622,0.601991593837738,0.12791253626346588,0.9986302256584167
103,24,0.370455265045166,0.6122482419013977,-0.12757053971290588,0.9990257620811462
103,25,0.5627138614654541,0.6306619644165039,-0.29549211263656616,0.8933191895484924
103,26,0.433920294046402,0.7122771739959717,-0.2738283574581146,0.9780480861663818
103,27,0.5253709554672241,0.7439961433410645,-0.15270650386810303,0.8081652522087097
103,28,0.4274539649486542,0.8202283978462219,-0.14177165925502777,0.9714173674583435
103,29,0.5023272633552551,0.754059910774231,-0.14439912140369415,0.8483250141143799
103,30,0.40373489260673523,0.8481424450874329,-0.13977335393428802,0.9034909605979919
103,31,0.592970609664917,0.7696641683578491,-0.2784026861190796,0.8598924279212952
103,32,0.4782094359397888,0.8559315800666809,-0.35329434275627136,0.9491627812385559
104,0,0.5450460314750671,0.44693493843078613,-0.249495267868042,0.9997588992118835
104,1,0.5524005889892578,0.437419593334198,-0.2181796431541443,0.9994752407073975
104,2,0.5541436076164246,0.43769949674606323,-0.21832908689975739,0.9994234442710876
104,3,0.5556204915046692,0.4378909170627594,-0.21842581033706665,0.999380350112915
104,4,0.5415019392967224,0.43421751260757446,-0.25352224707603455,0.9994847178459167
104,5,0.5360407829284668,0.4323560297489166,-0.253484845161438,0.9993937015533447
104,6,0.5291576981544495,0.4302474856376648,-0.25353530049324036,0.9993426203727722
104,7,0.5379273891448975,0.4350392818450928,-0.0324624702334404,0.9989022016525269
104,8,0.506141722202301,0.4273659288883209,-0.19239376485347748,0.9992588758468628
104,9,0.5356436967849731,0.4564884603023529,-0.17564019560813904,0.9997996687889099
104,10,0.5239765048027039,0.45189934968948364,-0.2222297191619873,0.9998971819877625
104,11,0.5278245210647583,0.4739605486392975,0.0913281962275505,0.9998730421066284
104,12,0.4084935784339905,0.45506352186203003,-0.21686269342899323,0.999951183795929
104,13,0.5678739547729492,0.5229911804199219,-0.007653059437870979,0.879517674446106
104,14,0.35324370861053467,0.5290728807449341,-0.30713438987731934,0.9948070049285889
104,15,0.5815115571022034,0.5474331974983215,-0.420232355594635,0.9377500414848328
104,16,0.4665674567222595,0.5725064873695374,-0.40466225147247314,0.98595130443573
104,17,0.58906090259552,0.5626420974731445,-0.49809539318084717,0.9130597114562988
104,18,0.485146701335907,0.5913935899734497,-0.46128302812576294,0.9727249145507812
104,19,0.5775654315948486,0.5590529441833496,-0.5177074670791626,0.9152517914772034
104,20,0.5017648339271545,0.5876068472862244,-0.475734680891037,0.9720611572265625
104,21,0.5697553753852844,0.5529505014419556,-0.4539359509944916,0.9063732624053955
104,22,0.49656999111175537,0.5817938446998596,-0.40867969393730164,0.9549863338470459
104,23,0.466174453496933,0.6026365756988525,0.12626294791698456,0.9984691143035889
104,24,0.3785226047039032,0.6123557686805725,-0.1258431077003479,0.9989317059516907
104,25,0.5625960230827332,0.6558305621147156,-0.26646173000335693,0.8908998966217041
104,26,0.433117538690567,0.7125957608222961,-0.2853323221206665,0.9783197045326233
104,27,0.5201744437217712,0.7547645568847656,0.11561544239521027,0.7934867143630981
104,28,0.42636600136756897,0.8202214241027832,-0.17394854128360748,0.9707154035568237
104,29,0.49385178089141846,0.7651658654212952,0.14022964239120483,0.8387001752853394
104,30,0.4038993716239929,0.847708523273468,-0.17273277044296265,0.9001822471618652
104,31,0.5883753299713135,0.7878082990646362,0.07421411573886871,0.8465306162834167
104,32,0.47681644558906555,0.8559149503707886,-0.36641091108322144,0.9475950598716736
105,0,0.5371326208114624,0.43365663290023804,-0.34479454159736633,0.9997560381889343
105,1,0.544431746006012,0.4247669577598572,-0.3181164860725403,0.9994431734085083
105,2,0.5462810397148132,0.42510396242141724,-0.31814825534820557,0.9993751049041748
105,3,0.547859787940979,0.42537856101989746,-0.31806308031082153,0.9993306398391724
105,4,0.5336161851882935,0.42143335938453674,-0.3531337380409241,0.9994755387306213
105,5,0.5278530120849609,0.4192304015159607,-0.3530505299568176,0.9993845224380493
105,6,0.5219569206237793,0.41707906126976013,-0.35308995842933655,0.9993327856063843
105,7,0.5314980745315552,0.4236089587211609,-0.12173618376255035,0.9987310171127319
105,8,0.5009451508522034,0.41437768936157227,-0.2834841310977936,0.9992424845695496
105,9,0.526908814907074,0.4426921308040619,-0.26367366313934326,0.9997894167900085
105,10,0.5163301229476929,0.43798965215682983,-0.3102366030216217,0.9998963475227356
105,11,0.5234658718109131,0.4657022953033447,0.07504024356603622,0.9998807311058044
105,12,0.40821343660354614,0.44887980818748474,-0.2843608558177948,0.9999544024467468
105,13,0.5631940364837646,0.5224552750587463,0.03916502371430397,0.8829789757728577
105,14,0.3629821836948395,0.5284382700920105,-0.33942925930023193,0.9948205351829529
105,15,0.5833414196968079,0.5573632121086121,-0.23660874366760254,0.9416564702987671
105,16,0.4653110206127167,0.5832810401916504,-0.43331989645957947,0.9861995577812195
105,17,0.5902182459831238,0.575616180896759,-0.300815224647522,0.9180119633674622
105,18,0.4811507761478424,0.6042523384094238,-0.49701762199401855,0.9733111262321472
105,19,0.5799548029899597,0.5719484090805054,-0.3507576286792755,0.9201421141624451
105,20,0.49677810072898865,0.5991790294647217,-0.5181952714920044,0.9726320505142212
105,21,0.573451042175293,0.5655612349510193,-0.2650914192199707,0.9113321304321289
105,22,0.4939328134059906,0.5923052430152893,-0.4399160146713257,0.9560399055480957
105,23,0.4863227307796478,0.6031630039215088,0.12160469591617584,0.998448371887207
105,24,0.393954336643219,0.6119115352630615,-0.12128648906946182,0.9989955425262451
105,25,0.5473278760910034,0.6819897890090942,0.24011459946632385,0.8923503160476685
105,26,0.4325563311576843,0.7126432657241821,-0.23251067101955414,0.979250967502594
105,27,0.5106395483016968,0.7705534100532532,0.5836613178253174,0.7976343631744385
105,28,0.4268980324268341,0.8183773756027222,-0.14466477930545807,0.9716522693634033
105,29,0.4906807243824005,0.7820395231246948,0.6091002821922302,0.8327817320823669
105,30,0.4072072207927704,0.8374485969543457,-0.14675292372703552,0.8978434205055237
105,31,0.5702046751976013,0.8065180778503418,0.5021392107009888,0.8475044369697571
105,32,0.4707157611846924,0.8547841310501099,-0.35643717646598816,0.9498422145843506
106,0,0.5287123322486877,0.42511287331581116,-0.36307403445243835,0.9997539520263672
106,1,0.5353886485099792,0.416301429271698,-0.3372272551059723,0.9994167685508728
106,2,0.5371379256248474,0.41658705472946167,-0.33728155493736267,0.9993404746055603
106,3,0.5387746095657349,0.4168044924736023,-0.3372306823730469,0.9993084073066711
106,4,0.5251246690750122,0.4131115972995758,-0.388877272605896,0.999469518661499
106,5,0.5194295048713684,0.4110117554664612,-0.3888756334781647,0.9993798732757568
106,6,0.5140621662139893,0.4088882505893707,-0.3889758586883545,0.9993234872817993
106,7,0.5241625905036926,0.415455162525177,-0.14005908370018005,0.9985566735267639
106,8,0.4936802387237549,0.4060729444026947,-0.3843865692615509,0.9992250800132751
106,9,0.5191498398780823,0.4340741038322449,-0.27949589490890503,0.9997677206993103
106,10,0.508897602558136,0.4301261305809021,-0.3501076400279999,0.9998856782913208
106,11,0.5130833983421326,0.45528119802474976,0.0666194036602974,0.9998876452445984
106,12,0.40740105509757996,0.4456537365913391,-0.3866162896156311,0.999955415725708
106,13,0.5440345406532288,0.5174230337142944,0.1914648860692978,0.8825944662094116
106,14,0.36309686303138733,0.5291327238082886,-0.4250427782535553,0.9947509169578552
106,15,0.5827804803848267,0.5632284283638,0.024445051327347755,0.9451765418052673
106,16,0.4446820020675659,0.5949419736862183,-0.495259165763855,0.9862748384475708
106,17,0.5894244313240051,0.5851327180862427,-0.015819242224097252,0.9220631718635559
106,18,0.4483656883239746,0.6178796887397766,-0.5605403184890747,0.9736205339431763
106,19,0.5793161988258362,0.5843454599380493,-0.07964316010475159,0.9243659973144531
106,20,0.47329986095428467,0.6160950660705566,-0.5844799280166626,0.9729347229003906
106,21,0.5731821060180664,0.5774080753326416,-0.005704514216631651,0.9154375195503235
106,22,0.4735963046550751,0.6084180474281311,-0.5022812485694885,0.9564350247383118
106,23,0.49291348457336426,0.6054561734199524,0.14199917018413544,0.9984542727470398
106,24,0.4064783453941345,0.6119742393493652,-0.14182049036026,0.9990226626396179
106,25,0.5339571237564087,0.7067570686340332,0.31502288579940796,0.8930889964103699
106,26,0.429324209690094,0.7154464721679688,-0.17337621748447418,0.9800805449485779
106,27,0.5028486251831055,0.792628824710846,0.6037731766700745,0.8091641664505005
106,28,0.4268305003643036,0.8189059495925903,-0.03407809138298035,0.9731768369674683
106,29,0.48198017477989197,0.8036907911300659,0.6234703660011292,0.8402119874954224
106,30,0.40793943405151367,0.8373169898986816,-0.03221926838159561,0.8995710015296936
106,31,0.5664446353912354,0.8211424946784973,0.5020949244499207,0.8567211031913757
106,32,0.4696595072746277,0.857213020324707,-0.24378851056098938,0.9530236124992371
107,0,0.5218988060951233,0.41767653822898865,-0.4244076907634735,0.9997562170028687
107,1,0.5271379947662354,0.4076721668243408,-0.39534690976142883,0.9994125366210938
107,2,0.5292128920555115,0.40769854187965393,-0.3953845500946045,0.9993307590484619
107,3,0.5310632586479187,0.40778928995132446,-0.39538446068763733,0.9993059039115906
107,4,0.5166199803352356,0.4051662087440491,-0.4476281404495239,0.9994753003120422
107,5,0.5104260444641113,0.40334606170654297,-0.4476730227470398,0.9993897676467896
107,6,0.5048237442970276,0.40146350860595703,-0.4477427303791046,0.9993323683738708
107,7,0.5162785053253174,0.4071686267852783,-0.1812754124403,0.9984449744224548
107,8,0.48264724016189575,0.39896854758262634,-0.42397549748420715,0.9992423057556152
107,9,0.51417076587677,0.4266273081302643,-0.33496910333633423,0.9997511506080627
107,10,0.5030166506767273,0.4239615797996521,-0.40569403767585754,0.9998739361763
107,11,0.5077232122421265,0.45117202401161194,0.06039395183324814,0.9998857378959656
107,12,0.4031161367893219,0.44440898299217224,-0.4185757637023926,0.9999545812606812
107,13,0.5320576429367065,0.5177242159843445,0.20769892632961273,0.8739570379257202
107,14,0.3676990568637848,0.5298727750778198,-0.44175079464912415,0.9948702454566956
107,15,0.5780436396598816,0.5711455345153809,0.06402069330215454,0.9458114504814148
107,16,0.4356342852115631,0.6066851615905762,-0.5009724497795105,0.9867380857467651
107,17,0.5866503119468689,0.5930324196815491,0.03629583492875099,0.921572208404541
107,18,0.44098252058029175,0.6311453580856323,-0.5648404359817505,0.9744194746017456
107,19,0.5786771178245544,0.5932711362838745,-0.035343050956726074,0.9245290160179138
107,20,0.46130913496017456,0.6305277347564697,-0.5866107940673828,0.9737802147865295
107,21,0.5725408792495728,0.5861036777496338,0.03063732013106346,0.9152258038520813
107,22,0.4627196788787842,0.6241622567176819,-0.507324755191803,0.957817554473877
107,23,0.49296095967292786,0.6054355502128601,0.1485322117805481,0.9984278678894043
107,24,0.41144049167633057,0.6107509136199951,-0.14843812584877014,0.9989657998085022
107,25,0.5167478919029236,0.7148647308349609,0.2158345729112625,0.8929381966590881
107,26,0.4272397756576538,0.7181450724601746,-0.12438929826021194,0.9800184369087219
107,27,0.4989461302757263,0.8061035871505737,0.4513551890850067,0.8193670511245728
107,28,0.4272213280200958,0.8197931051254272,0.08614575862884521,0.9741036295890808
107,29,0.4788074791431427,0.8162062764167786,0.4654690623283386,0.8469083309173584
107,30,0.4110863506793976,0.8367074131965637,0.09417355805635452,0.8980318903923035
107,31,0.5468522906303406,0.8347184062004089,0.3385297656059265,0.8646831512451172
107,32,0.4695794880390167,0.8577213287353516,-0.12042394280433655,0.9552990198135376
108,0,0.514301598072052,0.41036853194236755,-0.5125226974487305,0.9997692108154297
108,1,0.5181599259376526,0.40026673674583435,-0.4769847095012665,0.9994421601295471
108,2,0.5207251906394958,0.40040120482444763,-0.47702348232269287,0.9993594288825989
108,3,0.5230210423469543,0.40054336190223694,-0.477044939994812,0.9993367195129395
108,4,0.5057767033576965,0.39853063225746155,-0.5244250297546387,0.999505341053009
108,5,0.49949896335601807,0.39722976088523865,-0.5244713425636292,0.9994255900382996
108,6,0.49336421489715576,0.3960414230823517,-0.5245116353034973,0.9993711113929749
108,7,0.5093995332717896,0.40143853425979614,-0.2369297295808792,0.9984545111656189
108,8,0.47237950563430786,0.3955605626106262,-0.45802366733551025,0.9992883205413818
108,9,0.5091937184333801,0.42021140456199646,-0.4151145815849304,0.999750554561615
108,10,0.49656617641448975,0.41820821166038513,-0.47878578305244446,0.9998713135719299
108,11,0.5062790513038635,0.45162972807884216,0.04181945323944092,0.9998806715011597
108,12,0.39699646830558777,0.4471680521965027,-0.43600746989250183,0.9999503493309021
108,13,0.5279747247695923,0.518215537071228,0.17962637543678284,0.8627611398696899
108,14,0.3698152005672455,0.5322616696357727,-0.4524993598461151,0.9947013258934021
108,15,0.5697421431541443,0.5807732939720154,0.03831091895699501,0.9439957737922668
108,16,0.4172797203063965,0.6104484796524048,-0.5193684697151184,0.9864406585693359
108,17,0.5802356004714966,0.6033927202224731,0.009847823530435562,0.9170587658882141
108,18,0.42081841826438904,0.6333786845207214,-0.5842466354370117,0.9737561941146851
108,19,0.5761345028877258,0.6042851805686951,-0.06010811775922775,0.9208856821060181
108,20,0.43851611018180847,0.6341170072555542,-0.6100811958312988,0.9731795787811279
108,21,0.5699825882911682,0.5968846082687378,0.005547926761209965,0.9109283089637756
108,22,0.4417707324028015,0.626693844795227,-0.5280229449272156,0.95717853307724
108,23,0.49171707034111023,0.6055205464363098,0.14709033071994781,0.9984608292579651
108,24,0.4127950072288513,0.6107071042060852,-0.14707979559898376,0.9989416003227234
108,25,0.5031954050064087,0.7217281460762024,0.2258259654045105,0.8924805521965027
108,26,0.42547476291656494,0.7230547666549683,-0.08750510960817337,0.9791404604911804
108,27,0.4944577217102051,0.8120083808898926,0.47862815856933594,0.8301227688789368
108,28,0.42721715569496155,0.8204486966133118,0.17476724088191986,0.9745697379112244
108,29,0.47773870825767517,0.8223205804824829,0.4925472140312195,0.8533846735954285
108,30,0.4149375557899475,0.8353219032287598,0.18862125277519226,0.8923863768577576
108,31,0.5339221358299255,0.8401451110839844,0.33701908588409424,0.8727089166641235
108,32,0.4634934365749359,0.8580828905105591,-0.028287312015891075,0.9570543766021729
109,0,0.5100337266921997,0.4078157842159271,-0.4566662311553955,0.9997828602790833
109,1,0.5123398900032043,0.3977287709712982,-0.4233846962451935,0.9994766712188721
109,2,0.5149715542793274,0.39786943793296814,-0.42344141006469727,0.9993969202041626
109,3,0.5174147486686707,0.3979587256908417,-0.42348015308380127,0.9993776679039001
109,4,0.49945151805877686,0.3964269459247589,-0.46871045231819153,0.9995340704917908
109,5,0.4930371046066284,0.3954964876174927,-0.46874627470970154,0.9994591474533081
109,6,0.48595374822616577,0.39461013674736023,-0.46880799531936646,0.999406099319458
109,7,0.5043296217918396,0.39979711174964905,-0.20190630853176117,0.9985220432281494
109,8,0.4636826515197754,0.3950553834438324,-0.4236597716808319,0.9993299841880798
109,9,0.5068913698196411,0.41819682717323303,-0.3679906129837036,0.9997599124908447
109,10,0.4928821921348572,0.4168766438961029,-0.42874303460121155,0.999871551990509
109,11,0.5074848532676697,0.45444685220718384,0.07441210001707077,0.9998820424079895
109,12,0.3881363868713379,0.44862833619117737,-0.4053345024585724,0.9999431371688843
109,13,0.5298537611961365,0.5254614353179932,0.21237081289291382,0.8550042510032654
109,14,0.38458892703056335,0.534331202507019,-0.3849915862083435,0.9932384490966797
109,15,0.5626576542854309,0.5933383703231812,0.06076398491859436,0.9422526359558105
109,16,0.4061757028102875,0.6124541759490967,-0.4836866557598114,0.9833847284317017
109,17,0.572660505771637,0.6134425401687622,0.02613728493452072,0.9131428003311157
109,18,0.40525439381599426,0.634546160697937,-0.5628042221069336,0.969372570514679
109,19,0.5698115229606628,0.6142380833625793,-0.042462483048439026,0.9176845550537109
109,20,0.42318102717399597,0.6357142329216003,-0.5792658925056458,0.9689773917198181
109,21,0.5636051893234253,0.6089984178543091,0.02825683169066906,0.9071339964866638
109,22,0.4251817464828491,0.6282060146331787,-0.5208348035812378,0.9520928263664246
109,23,0.4942348599433899,0.6069691181182861,0.14540226757526398,0.9985295534133911
109,24,0.4148438274860382,0.6109415292739868,-0.14539910852909088,0.9989416599273682
109,25,0.4959948658943176,0.7243787050247192,0.22255852818489075,0.8907548785209656
109,26,0.4253097176551819,0.7263407111167908,-0.07988253235816956,0.9774937033653259
109,27,0.4913009703159332,0.8145437240600586,0.4794699251651764,0.8391290903091431
109,28,0.4275014102458954,0.821190357208252,0.18769589066505432,0.9740567803382874
109,29,0.47615846991539,0.8243919610977173,0.4936348497867584,0.8589343428611755
109,30,0.4158090054988861,0.8353177905082703,0.2021685242652893,0.8825005888938904
109,31,0.5258201360702515,0.8439291715621948,0.3331027925014496,0.8794677257537842
109,32,0.4637615978717804,0.8582967519760132,-0.014234929345548153,0.9576220512390137
110,0,0.50654536485672,0.40353360772132874,-0.4998759925365448,0.9997891783714294
110,1,0.5080886483192444,0.3935561776161194,-0.46390172839164734,0.9994916915893555
110,2,0.5109280943870544,0.3937031924724579,-0.4639372229576111,0.9994082450866699
110,3,0.5136789679527283,0.3938888609409332,-0.46394839882850647,0.9993870854377747
110,4,0.4945448040962219,0.3926296830177307,-0.5040035247802734,0.9995517730712891
110,5,0.4878198504447937,0.39221134781837463,-0.504066526889801,0.9994837641716003
110,6,0.4802516996860504,0.39179617166519165,-0.5041307806968689,0.9994334578514099
110,7,0.5017150044441223,0.39702916145324707,-0.23136430978775024,0.9984797835350037
110,8,0.45814505219459534,0.3935603201389313,-0.42152103781700134,0.999360978603363
110,9,0.5054487586021423,0.414645254611969,-0.4072677493095398,0.999751627445221
110,10,0.4904622733592987,0.4139672815799713,-0.4609590768814087,0.9998649954795837
110,11,0.5079330205917358,0.4545075297355652,0.03148895502090454,0.9998525381088257
110,12,0.38655972480773926,0.44951337575912476,-0.4067387878894806,0.9999381899833679
110,13,0.5295382738113403,0.5308228731155396,0.16112183034420013,0.8350820541381836
110,14,0.38838449120521545,0.5391671061515808,-0.4116232693195343,0.992967963218689
110,15,0.554932713508606,0.5994762182235718,0.03012934699654579,0.9352879524230957
110,16,0.4065171480178833,0.6178824305534363,-0.5000229477882385,0.9831570982933044
110,17,0.5625230669975281,0.619115948677063,0.0018121759640052915,0.9022788405418396
110,18,0.403157502412796,0.6405075788497925,-0.5666824579238892,0.9689704775810242
110,19,0.5603458881378174,0.6200019717216492,-0.0624922439455986,0.9077507853507996
110,20,0.41861259937286377,0.6417926549911499,-0.5952091217041016,0.9686424136161804
110,21,0.5545943975448608,0.6153055429458618,0.0003027873462997377,0.8961195349693298
110,22,0.42355766892433167,0.6342282891273499,-0.51752769947052,0.9519853591918945
110,23,0.4955829977989197,0.6090315580368042,0.1451304703950882,0.9985470771789551
110,24,0.41562187671661377,0.6111963987350464,-0.14494845271110535,0.9989365339279175
110,25,0.4912095069885254,0.7232338786125183,0.22097031772136688,0.8852941393852234
110,26,0.4252975881099701,0.7259466648101807,-0.06847541779279709,0.9751213788986206
110,27,0.4864828288555145,0.8120452165603638,0.46841689944267273,0.8442794680595398
110,28,0.4270612895488739,0.8207731246948242,0.1967734694480896,0.9723498821258545
110,29,0.4695364534854889,0.8221611976623535,0.4824133515357971,0.8605490326881409
110,30,0.41460120677948,0.8330047726631165,0.21191120147705078,0.8694109916687012
110,31,0.5201181769371033,0.8426340818405151,0.33143919706344604,0.8833194971084595
110,32,0.4638238549232483,0.8581504821777344,0.00799844041466713,0.956770658493042
111,0,0.5046210885047913,0.4016665518283844,-0.5807690620422363,0.9997704029083252
111,1,0.5060507655143738,0.3911282420158386,-0.5453689098358154,0.9994550943374634
111,2,0.5090242028236389,0.39120152592658997,-0.5453576445579529,0.9993444681167603
111,3,0.5119656920433044,0.3912968337535858,-0.5453338027000427,0.9993030428886414
111,4,0.4917707145214081,0.39046376943588257,-0.5883389115333557,0.9995512366294861
111,5,0.4843904674053192,0.39019250869750977,-0.5885015726089478,0.9994937777519226
111,6,0.4761609435081482,0.389894962310791,-0.5886434316635132,0.999454915523529
111,7,0.4997543394565582,0.39496755599975586,-0.30916061997413635,0.9980915188789368
111,8,0.4550771117210388,0.3926580846309662,-0.5074190497398376,0.9993972778320312
111,9,0.5044974684715271,0.41367191076278687,-0.48555341362953186,0.999679684638977
111,10,0.4882669150829315,0.413394033908844,-0.5425158739089966,0.9998470544815063
111,11,0.5101938247680664,0.45298656821250916,-0.030073681846261024,0.9995505809783936
111,12,0.38703417778015137,0.44993749260902405,-0.4982239305973053,0.9999396204948425
111,13,0.5195492506027222,0.5341700315475464,0.11196751147508621,0.7618629336357117
111,14,0.38522011041641235,0.5429843664169312,-0.4997776746749878,0.9932544827461243
111,15,0.532258927822113,0.6040492057800293,-0.039770204573869705,0.8588667511940002
111,16,0.4079624116420746,0.6197801232337952,-0.5283580422401428,0.9828969240188599
111,17,0.5380715131759644,0.6215595602989197,-0.06875436753034592,0.8280960917472839
111,18,0.4050637483596802,0.6422759890556335,-0.5863323211669922,0.9680676460266113
111,19,0.5384432673454285,0.6220887303352356,-0.12746214866638184,0.8340694904327393
111,20,0.42121341824531555,0.6425701379776001,-0.6052122116088867,0.9677526354789734
111,21,0.5334979891777039,0.6170004606246948,-0.06907663494348526,0.8241350054740906
111,22,0.4258643686771393,0.635003924369812,-0.5345029830932617,0.9512678384780884
111,23,0.49937769770622253,0.6090071201324463,0.1497703194618225,0.998489499092102
111,24,0.4262792468070984,0.6104769706726074,-0.14985792338848114,0.9989593029022217
111,25,0.48832058906555176,0.719321608543396,0.26859089732170105,0.8766737580299377
111,26,0.42543891072273254,0.7253878712654114,-0.046147070825099945,0.9749512672424316
111,27,0.48146897554397583,0.8087209463119507,0.5429554581642151,0.8492482900619507
111,28,0.4270479083061218,0.8189476132392883,0.2347835749387741,0.9728336334228516
111,29,0.46267950534820557,0.8183779716491699,0.560217022895813,0.8619637489318848
111,30,0.4145257771015167,0.8296812176704407,0.2521358132362366,0.8666177988052368
111,31,0.5174132585525513,0.842202365398407,0.410018652677536,0.8884792327880859
111,32,0.4652922749519348,0.8575464487075806,0.04612114652991295,0.9583524465560913
112,0,0.5029047727584839,0.4005069136619568,-0.6229734420776367,0.9997731447219849
112,1,0.5043255686759949,0.3898821473121643,-0.5852314233779907,0.9994644522666931
112,2,0.5075961351394653,0.3899174630641937,-0.5852548480033875,0.9993516802787781
112,3,0.5109114050865173,0.3900073170661926,-0.5852576494216919,0.9993030428886414
112,4,0.48931175470352173,0.3895106911659241,-0.6232051253318787,0.9995645880699158
112,5,0.48170334100723267,0.3895151913166046,-0.6233575940132141,0.9995149970054626
112,6,0.47353222966194153,0.38941043615341187,-0.623478889465332,0.9994825124740601
112,7,0.5001451969146729,0.394092857837677,-0.33298346400260925,0.9980459809303284
112,8,0.45312851667404175,0.3925364315509796,-0.5082677006721497,0.9994354248046875
112,9,0.5040618181228638,0.41219672560691833,-0.52208012342453,0.9996660351753235
112,10,0.4867510199546814,0.41223573684692383,-0.5722600817680359,0.999843180179596
112,11,0.517689049243927,0.45196810364723206,-0.05063340440392494,0.9994727373123169
112,12,0.3865589499473572,0.45037397742271423,-0.469889372587204,0.9999384880065918
112,13,0.5211164951324463,0.533476710319519,0.08725892007350922,0.713449239730835
112,14,0.383325457572937,0.5429853796958923,-0.46205559372901917,0.9934684634208679
112,15,0.5307649970054626,0.5987274646759033,-0.0582415945827961,0.8086570501327515
112,16,0.4103217124938965,0.6182140111923218,-0.5106971859931946,0.9823388457298279
112,17,0.5371090173721313,0.6176484227180481,-0.09993475675582886,0.7759937644004822
112,18,0.41011542081832886,0.6410735845565796,-0.5692039728164673,0.966331422328949
112,19,0.5351390838623047,0.6182487607002258,-0.148177370429039,0.7831164598464966
112,20,0.4254349172115326,0.6407326459884644,-0.5921164751052856,0.9660704731941223
112,21,0.529694676399231,0.6123780012130737,-0.08091052621603012,0.7739830613136292
112,22,0.4282848834991455,0.6331243515014648,-0.5175572037696838,0.9496646523475647
112,23,0.5001426935195923,0.6084843873977661,0.14936307072639465,0.9984375834465027
112,24,0.4250558614730835,0.6091911196708679,-0.14931203424930573,0.9989327788352966
112,25,0.4927709400653839,0.7190917730331421,0.21800017356872559,0.8732810616493225
112,26,0.4274963438510895,0.7253277897834778,-0.07475300133228302,0.9741016626358032
112,27,0.4822990894317627,0.8106273412704468,0.48878636956214905,0.855725109577179
112,28,0.4281177818775177,0.8183455467224121,0.2042393833398819,0.9723720550537109
112,29,0.4620532691478729,0.8204957842826843,0.5049490332603455,0.8621148467063904
112,30,0.41696470975875854,0.8293719291687012,0.2196100503206253,0.8582183122634888
112,31,0.5202616453170776,0.8439940214157104,0.39902976155281067,0.8932068347930908
112,32,0.46886003017425537,0.8572070002555847,-0.009943842887878418,0.9587702751159668
113,0,0.5027883648872375,0.3979734182357788,-0.5485414266586304,0.9997679591178894
113,1,0.5035842061042786,0.3876436650753021,-0.5115691423416138,0.9994608163833618
113,2,0.5068281888961792,0.3877114951610565,-0.5116046667098999,0.9993337392807007
113,3,0.5099414587020874,0.3877549171447754,-0.5116075277328491,0.999273955821991
113,4,0.4888084828853607,0.3873966634273529,-0.5518060922622681,0.9995743632316589
113,5,0.4812304973602295,0.38733020424842834,-0.5519128441810608,0.999531090259552
113,6,0.4732280373573303,0.38728126883506775,-0.5520210862159729,0.9995073676109314
113,7,0.49951469898223877,0.3918651044368744,-0.276140958070755,0.9979044198989868
113,8,0.451599657535553,0.3909778594970703,-0.47630974650382996,0.9994730353355408
113,9,0.504357635974884,0.40984025597572327,-0.45396173000335693,0.9996426701545715
113,10,0.48701775074005127,0.4099218249320984,-0.5070512294769287,0.9998396039009094
113,11,0.5213877558708191,0.452262818813324,-0.044793639332056046,0.9992852807044983
113,12,0.386728972196579,0.45006221532821655,-0.4410606026649475,0.9999397993087769
113,13,0.5187339782714844,0.5329691171646118,0.11494404822587967,0.6534981727600098
113,14,0.38290759921073914,0.5426486730575562,-0.4532100260257721,0.9933931231498718
113,15,0.5262190699577332,0.5987788438796997,-0.033800721168518066,0.7433503270149231
113,16,0.41268983483314514,0.6164235472679138,-0.440139502286911,0.9800402522087097
113,17,0.5338647961616516,0.6184181571006775,-0.06681528687477112,0.7136175632476807
113,18,0.41357091069221497,0.6389636993408203,-0.49036458134651184,0.96165531873703
113,19,0.5330065488815308,0.6192651987075806,-0.11995943635702133,0.7208957672119141
113,20,0.4289272725582123,0.6379210352897644,-0.5140994787216187,0.9613422751426697
113,21,0.5274500250816345,0.6128001809120178,-0.06202032417058945,0.7132634520530701
113,22,0.43130072951316833,0.6303116083145142,-0.44657886028289795,0.9446549415588379
113,23,0.5016188621520996,0.6093044281005859,0.14838653802871704,0.9983499050140381
113,24,0.42607077956199646,0.6093595623970032,-0.14842703938484192,0.9989240169525146
113,25,0.4945690929889679,0.7203584909439087,0.2484719455242157,0.8653773665428162
113,26,0.429604172706604,0.7249735593795776,-0.05354703217744827,0.972501277923584
113,27,0.4822695553302765,0.8082607984542847,0.537241518497467,0.8581008911132812
113,28,0.4281631112098694,0.8182052373886108,0.24191755056381226,0.9703047275543213
113,29,0.46158817410469055,0.8178719282150269,0.5548532009124756,0.859838604927063
113,30,0.41663217544555664,0.8295234441757202,0.2604491710662842,0.8459086418151855
113,31,0.521727442741394,0.8427694439888,0.40271326899528503,0.895847737789154
113,32,0.47434988617897034,0.8572312593460083,0.04660565033555031,0.9576851725578308
114,0,0.5015775561332703,0.3958587348461151,-0.5391916632652283,0.9997637271881104
114,1,0.5022470355033875,0.3853299021720886,-0.494262158870697,0.9994617104530334
114,2,0.5057798624038696,0.3853837549686432,-0.4942563474178314,0.9993258714675903
114,3,0.5090603232383728,0.38540366291999817,-0.4941411316394806,0.999254047870636
114,4,0.48677393794059753,0.3852502703666687,-0.5298303961753845,0.9995836615562439
114,5,0.4787670075893402,0.3852415084838867,-0.5300166606903076,0.9995459318161011
114,6,0.4704551696777344,0.3852388262748718,-0.5302242040634155,0.9995298385620117
114,7,0.4992567300796509,0.38983163237571716,-0.21749211847782135,0.9977883100509644
114,8,0.44981253147125244,0.38950061798095703,-0.3989507853984833,0.9995074272155762
114,9,0.5044595003128052,0.4080471098423004,-0.43357083201408386,0.9996199607849121
114,10,0.48653051257133484,0.4082367420196533,-0.47994565963745117,0.9998354315757751
114,11,0.5234979391098022,0.4522666037082672,0.04884772747755051,0.9991294741630554
114,12,0.3873041868209839,0.4483506679534912,-0.39699065685272217,0.9999405741691589
114,13,0.5148549675941467,0.5329154133796692,0.17784461379051208,0.5964030623435974
114,14,0.3780558407306671,0.5388314127922058,-0.38526514172554016,0.9933797717094421
114,15,0.5249424576759338,0.5982106328010559,0.007173379883170128,0.6812695264816284
114,16,0.4119652211666107,0.6160816550254822,-0.3834397494792938,0.9774796962738037
114,17,0.5319042205810547,0.6182788610458374,-0.02679402567446232,0.6548022627830505
114,18,0.41281750798225403,0.6359943151473999,-0.4328013062477112,0.9561954140663147
114,19,0.5311293005943298,0.6205479502677917,-0.08447328954935074,0.6622036695480347
114,20,0.42954859137535095,0.6348024606704712,-0.45411229133605957,0.9557102918624878
114,21,0.5247759222984314,0.6135841608047485,-0.024404210969805717,0.6556041836738586
114,22,0.43183669447898865,0.6274083852767944,-0.3884409964084625,0.9383170008659363
114,23,0.504525899887085,0.6097920536994934,0.14721308648586273,0.9983264207839966
114,24,0.4265557527542114,0.6094319224357605,-0.1472606062889099,0.9989370107650757
114,25,0.4953908622264862,0.7225815057754517,0.2223816066980362,0.8630766272544861
114,26,0.4302833080291748,0.7249048352241516,-0.06931858509778976,0.9712615609169006
114,27,0.4821687936782837,0.811895489692688,0.5174445509910583,0.8634926080703735
114,28,0.42881426215171814,0.8184582591056824,0.24676677584648132,0.9695186018943787
114,29,0.4615759253501892,0.8224828839302063,0.5365281701087952,0.859546422958374
114,30,0.4169919788837433,0.829992413520813,0.2664234936237335,0.8374797105789185
114,31,0.5218124985694885,0.8448389172554016,0.3700598478317261,0.9000779390335083
114,32,0.4747500419616699,0.8576465845108032,0.037620410323143005,0.9579978585243225
115,0,0.5015420913696289,0.39523810148239136,-0.5202300548553467,0.9997683763504028
115,1,0.502608597278595,0.38465365767478943,-0.4813886880874634,0.9994745850563049
115,2,0.5062605738639832,0.3847978413105011,-0.4814104735851288,0.9993362426757812
115,3,0.5095340013504028,0.38492387533187866,-0.481365829706192,0.9992566108703613
115,4,0.4868169128894806,0.38462546467781067,-0.5216655135154724,0.9996008276939392
115,5,0.4787715971469879,0.38455575704574585,-0.5217931270599365,0.9995675683021545
115,6,0.47020551562309265,0.38453394174575806,-0.5219318866729736,0.9995565414428711
115,7,0.499800443649292,0.3895581364631653,-0.20606829226016998,0.9977370500564575
115,8,0.4492737948894501,0.3882463574409485,-0.380095899105072,0.9995421767234802
115,9,0.5048316121101379,0.40765371918678284,-0.42461585998535156,0.9996084570884705
115,10,0.48652830719947815,0.4074628949165344,-0.47954943776130676,0.9998357892036438
115,11,0.5235512256622314,0.452388197183609,0.0702114924788475,0.9989921450614929
115,12,0.38897883892059326,0.445915162563324,-0.3756435811519623,0.9999423623085022
115,13,0.5136598944664001,0.532686710357666,0.19370923936367035,0.5482998490333557
115,14,0.37019461393356323,0.5334884524345398,-0.3748047351837158,0.9936546683311462
115,15,0.5261937379837036,0.5969211459159851,0.011955521069467068,0.6326292157173157
115,16,0.41130658984184265,0.6106929779052734,-0.408327579498291,0.9773102402687073
115,17,0.534058690071106,0.6175680756568909,-0.023302292451262474,0.608184278011322
115,18,0.4117750823497772,0.6340601444244385,-0.46263647079467773,0.9550179839134216
115,19,0.5335281491279602,0.6189396381378174,-0.0848521888256073,0.6160467267036438
115,20,0.42887985706329346,0.6322339773178101,-0.4832213819026947,0.9544133543968201
115,21,0.5266806483268738,0.6128772497177124,-0.021117907017469406,0.609912097454071
115,22,0.4315600097179413,0.624973714351654,-0.41345328092575073,0.9369456171989441
115,23,0.5068502426147461,0.6097824573516846,0.1468663066625595,0.9982492327690125
115,24,0.4282638430595398,0.6092638969421387,-0.14692308008670807,0.9989402890205383
115,25,0.4965111315250397,0.7235314846038818,0.21172593533992767,0.862030565738678
115,26,0.4314740002155304,0.725658655166626,-0.08148770034313202,0.9712725281715393
115,27,0.48292362689971924,0.8157609105110168,0.4980499744415283,0.8691262602806091
115,28,0.4304395020008087,0.8222951889038086,0.1996166706085205,0.9699093103408813
115,29,0.4617668092250824,0.826981246471405,0.5188291668891907,0.8610284328460693
115,30,0.4184815287590027,0.835511326789856,0.2146129161119461,0.834567129611969
115,31,0.523341178894043,0.8475844264030457,0.3283745348453522,0.9044532179832458
115,32,0.48129162192344666,0.8613627552986145,-0.01580617018043995,0.9591159224510193
116,0,0.5011080503463745,0.39590826630592346,-0.5121173858642578,0.9997648000717163
116,1,0.5023424625396729,0.3853382468223572,-0.47353023290634155,0.9994610548019409
116,2,0.5059239864349365,0.38551560044288635,-0.47356030344963074,0.9993126392364502
116,3,0.5091050267219543,0.3857318162918091,-0.4735350012779236,0.9992237687110901
116,4,0.4868381917476654,0.3848080635070801,-0.5152838230133057,0.9996007084846497
116,5,0.47892874479293823,0.3846628665924072,-0.5154078006744385,0.9995709657669067
116,6,0.4703828990459442,0.3845876455307007,-0.5155332684516907,0.9995651245117188
116,7,0.4990246295928955,0.39034873247146606,-0.20728202164173126,0.997571587562561
116,8,0.44829466938972473,0.3884030878543854,-0.37375608086586,0.99955815076828
116,9,0.5045253038406372,0.4080231785774231,-0.4168010652065277,0.9995905756950378
116,10,0.4859633445739746,0.4076972007751465,-0.4784088432788849,0.9998317956924438
116,11,0.5237399339675903,0.4522539973258972,0.05736645683646202,0.998944103717804
116,12,0.38895273208618164,0.44513216614723206,-0.34470123052597046,0.9999427795410156
116,13,0.5138729810714722,0.5320377945899963,0.1810251921415329,0.5265235304832458
116,14,0.3590894341468811,0.532380223274231,-0.35661041736602783,0.9939321875572205
116,15,0.526708722114563,0.5956531167030334,-0.004653605166822672,0.6190505623817444
116,16,0.40858837962150574,0.6065374612808228,-0.43340790271759033,0.9780949354171753
116,17,0.5351598262786865,0.6158612370491028,-0.043848756700754166,0.5914005041122437
116,18,0.40641289949417114,0.6300010681152344,-0.5002277493476868,0.9560896158218384
116,19,0.5348043441772461,0.6166394948959351,-0.10700324177742004,0.6003694534301758
116,20,0.42620015144348145,0.6273866295814514,-0.5247998833656311,0.9554422497749329
116,21,0.527423620223999,0.6105892658233643,-0.03750453144311905,0.5930649638175964
116,22,0.4288317859172821,0.6197770833969116,-0.44255393743515015,0.938302218914032
116,23,0.5092199444770813,0.6101200580596924,0.13912895321846008,0.9981620907783508
116,24,0.42992913722991943,0.6093299388885498,-0.13920120894908905,0.9989238381385803
116,25,0.4975045621395111,0.723822295665741,0.20879168808460236,0.86485356092453
116,26,0.4325074851512909,0.7265118956565857,-0.07716154307126999,0.9715477228164673
116,27,0.4830245077610016,0.8170865774154663,0.48065775632858276,0.875576376914978
116,28,0.431584894657135,0.8242615461349487,0.19652900099754333,0.9703965783119202
116,29,0.4636804759502411,0.8285409808158875,0.49508145451545715,0.8643651008605957
116,30,0.42051589488983154,0.837695300579071,0.210017591714859,0.8322848081588745
116,31,0.5243492126464844,0.8485329747200012,0.29606378078460693,0.908785343170166
116,32,0.48062554001808167,0.8625245094299316,-0.02691592648625374,0.9599339365959167
117,0,0.501344621181488,0.3950410485267639,-0.4855913817882538,0.9997562766075134
117,1,0.5022635459899902,0.384315550327301,-0.443898469209671,0.9994447231292725
117,2,0.505711555480957,0.3844483494758606,-0.44392916560173035,0.9992879033088684
117,3,0.5087238550186157,0.38466310501098633,-0.4438953399658203,0.9991888403892517
117,4,0.48701319098472595,0.384024441242218,-0.4786898195743561,0.9995953440666199
117,5,0.47930657863616943,0.3839844763278961,-0.4787616729736328,0.999570369720459
117,6,0.47079476714134216,0.3840770125389099,-0.47886988520622253,0.9995696544647217
117,7,0.49852654337882996,0.3897494077682495,-0.18713997304439545,0.9974313974380493
117,8,0.44904759526252747,0.3880739212036133,-0.34420275688171387,0.9995700716972351
117,9,0.5047650933265686,0.407066285610199,-0.38825708627700806,0.9995682239532471
117,10,0.48645058274269104,0.40687379240989685,-0.43585285544395447,0.9998252987861633
117,11,0.5237486958503723,0.45241183042526245,0.06608359515666962,0.9989006519317627
117,12,0.3896137773990631,0.44465112686157227,-0.32212719321250916,0.9999410510063171
117,13,0.5155455470085144,0.5317782759666443,0.19397254288196564,0.501353919506073
117,14,0.3538435101509094,0.5318408012390137,-0.34450194239616394,0.9941772222518921
117,15,0.5322542786598206,0.5950887203216553,0.015515057370066643,0.6057434678077698
117,16,0.40546828508377075,0.6025313138961792,-0.4372403025627136,0.9787173867225647
117,17,0.5411612391471863,0.6151304841041565,-0.022772006690502167,0.5764683485031128
117,18,0.40359097719192505,0.6256608963012695,-0.5014102458953857,0.9568295478820801
117,19,0.5399316549301147,0.6162844896316528,-0.0843927189707756,0.5862546563148499
117,20,0.42407476902008057,0.6227933168411255,-0.524996280670166,0.9561125636100769
117,21,0.5329450368881226,0.6103007793426514,-0.016260474920272827,0.5777279734611511
117,22,0.4273604452610016,0.6146467328071594,-0.4453984200954437,0.9392585754394531
117,23,0.5088278651237488,0.6101396679878235,0.13575810194015503,0.9980663061141968
117,24,0.43079766631126404,0.6093817949295044,-0.1358775943517685,0.998867392539978
117,25,0.49809974431991577,0.7233123183250427,0.2054545134305954,0.8608840703964233
117,26,0.4335264563560486,0.7269457578659058,-0.07548428326845169,0.96915602684021
117,27,0.48354387283325195,0.8173235058784485,0.466251403093338,0.8768347501754761
117,28,0.43175578117370605,0.825241208076477,0.1931244134902954,0.9676634073257446
117,29,0.46361956000328064,0.8282515406608582,0.47954919934272766,0.8585318326950073
117,30,0.4204511046409607,0.838448703289032,0.2070825845003128,0.8190824389457703
117,31,0.5247860550880432,0.8491157293319702,0.28866058588027954,0.9091495275497437
117,32,0.4812052845954895,0.8647490739822388,-0.02659963257610798,0.9576729536056519
118,0,0.5008585453033447,0.39301538467407227,-0.4745982587337494,0.9997671246528625
118,1,0.5018882155418396,0.3827213644981384,-0.4310106635093689,0.9994678497314453
118,2,0.5055031776428223,0.38297244906425476,-0.4310601055622101,0.999316930770874
118,3,0.5086260437965393,0.3832676112651825,-0.43104851245880127,0.9992216229438782
118,4,0.4864141643047333,0.38255220651626587,-0.46350035071372986,0.9996121525764465
118,5,0.47868257761001587,0.3825233280658722,-0.4635429382324219,0.9995895624160767
118,6,0.4698590636253357,0.38256916403770447,-0.4636232256889343,0.9995894432067871
118,7,0.49870070815086365,0.3886697590351105,-0.17074061930179596,0.9975101947784424
118,8,0.4478740990161896,0.3867131769657135,-0.3218734860420227,0.9995914101600647
118,9,0.5048770904541016,0.40556806325912476,-0.37462884187698364,0.9995841383934021
118,10,0.4863876402378082,0.40540629625320435,-0.4181171953678131,0.9998301267623901
118,11,0.5244078040122986,0.45258599519729614,0.08134835213422775,0.9989498853683472
118,12,0.39039430022239685,0.44347015023231506,-0.2932918667793274,0.9999403953552246
118,13,0.5286074876785278,0.530849814414978,0.21278254687786102,0.5025099515914917
118,14,0.3531253933906555,0.5292578935623169,-0.31688618659973145,0.9943485856056213
118,15,0.5486193895339966,0.5933772921562195,0.020068125799298286,0.6205758452415466
118,16,0.40281355381011963,0.5988044142723083,-0.4394129812717438,0.9794091582298279
118,17,0.5563474297523499,0.6134104132652283,-0.02224595472216606,0.5875545144081116
118,18,0.4008721113204956,0.6221475601196289,-0.5040185451507568,0.957889199256897
118,19,0.5540212988853455,0.6138870716094971,-0.0903094932436943,0.5982430577278137
118,20,0.4213726818561554,0.6194185614585876,-0.5314013361930847,0.9571514129638672
118,21,0.5478460192680359,0.6078433394432068,-0.014385068789124489,0.5877225399017334
118,22,0.42426180839538574,0.6110807061195374,-0.4464360177516937,0.9406077861785889
118,23,0.5109133720397949,0.6098432540893555,0.1333816945552826,0.9980806708335876
118,24,0.4310794472694397,0.6089658141136169,-0.133467435836792,0.9988662600517273
118,25,0.49869710206985474,0.7248400449752808,0.18496407568454742,0.8634355068206787
118,26,0.4340746998786926,0.7274161577224731,-0.07904759794473648,0.9691889882087708
118,27,0.48408862948417664,0.818559467792511,0.4403117597103119,0.8817971348762512
118,28,0.4318394958972931,0.8267310857772827,0.18249480426311493,0.9679726362228394
118,29,0.4639175832271576,0.8297873735427856,0.45255109667778015,0.860155463218689
118,30,0.4205310344696045,0.8401530981063843,0.19630588591098785,0.8153753876686096
118,31,0.5252834558486938,0.8523074984550476,0.2598959803581238,0.9123013615608215
118,32,0.4807901680469513,0.8658869862556458,-0.04272540286183357,0.9582027792930603
119,0,0.500521719455719,0.39271658658981323,-0.5004135966300964,0.9997830986976624
119,1,0.5015878677368164,0.38246965408325195,-0.45836809277534485,0.9995022416114807
119,2,0.5053287744522095,0.3826228678226471,-0.4583912193775177,0.9993607401847839
119,3,0.5085978507995605,0.382829874753952,-0.45835986733436584,0.9992712736129761
119,4,0.48613595962524414,0.38229307532310486,-0.48987486958503723,0.9996371269226074
119,5,0.47827503085136414,0.38236626982688904,-0.4899106025695801,0.9996165633201599
119,6,0.46924126148223877,0.38252702355384827,-0.4899594485759735,0.9996159672737122
119,7,0.49883994460105896,0.3879763185977936,-0.1944102644920349,0.9976509809494019
119,8,0.44656872749328613,0.38702744245529175,-0.32617032527923584,0.99961918592453
119,9,0.5049819350242615,0.4050511419773102,-0.3988126218318939,0.9996109008789062
119,10,0.4864486753940582,0.40490207076072693,-0.44125083088874817,0.9998404383659363
119,11,0.5255264043807983,0.45106983184814453,0.06449319422245026,0.9990290999412537
119,12,0.390291690826416,0.4437415599822998,-0.3155326247215271,0.9999414682388306
119,13,0.5467562079429626,0.5286533236503601,0.1940629929304123,0.5279302597045898
119,14,0.34836265444755554,0.5290721654891968,-0.3324121832847595,0.9946464896202087
119,15,0.5681943893432617,0.5914617776870728,0.00431984243914485,0.6506832838058472
119,16,0.4013410210609436,0.5966943502426147,-0.45208030939102173,0.9806119799613953
119,17,0.576737105846405,0.6126001477241516,-0.0328979566693306,0.6165869235992432
119,18,0.401131272315979,0.619653582572937,-0.5189323425292969,0.9600862264633179
119,19,0.5705849528312683,0.6130990386009216,-0.1028466522693634,0.6272343993186951
119,20,0.4207151532173157,0.6162222027778625,-0.5499953627586365,0.9593788981437683
119,21,0.5645083785057068,0.6067876815795898,-0.027131766080856323,0.6160109639167786
119,22,0.42280709743499756,0.6077229976654053,-0.46246761083602905,0.9435829520225525
119,23,0.5130841135978699,0.6080988645553589,0.1332210898399353,0.9981101155281067
119,24,0.4332045614719391,0.6081738471984863,-0.133316308259964,0.9988623857498169
119,25,0.4992724657058716,0.7235861420631409,0.1849941611289978,0.8642189502716064
119,26,0.4348757565021515,0.727281391620636,-0.0799480676651001,0.9693341255187988
119,27,0.48435112833976746,0.8175355195999146,0.4275188148021698,0.885890543460846
119,28,0.4323212206363678,0.8265021443367004,0.16262513399124146,0.9682485461235046
119,29,0.46413302421569824,0.8285640478134155,0.4384893774986267,0.863041341304779
119,30,0.4211958646774292,0.8399268984794617,0.17326320707798004,0.8130471110343933
119,31,0.5256147384643555,0.8506671786308289,0.2574978470802307,0.9150699377059937
119,32,0.4841420352458954,0.8660591244697571,-0.06787716597318649,0.9583550095558167
120,0,0.5001410245895386,0.3931446969509125,-0.5141782164573669,0.9997959733009338
120,1,0.501409649848938,0.38278457522392273,-0.472004234790802,0.9995300769805908
120,2,0.5051772594451904,0.38291236758232117,-0.4720308482646942,0.9993974566459656
120,3,0.5084515810012817,0.3831140100955963,-0.471995085477829,0.9993125200271606
120,4,0.485762357711792,0.38242754340171814,-0.5029923915863037,0.9996548891067505
120,5,0.4778587222099304,0.3824383616447449,-0.5030248165130615,0.9996365308761597
120,6,0.4689461886882782,0.38254716992378235,-0.5030836462974548,0.999635636806488
120,7,0.499013215303421,0.3881727159023285,-0.208212211728096,0.997776985168457
120,8,0.4464413523674011,0.3869253695011139,-0.33715906739234924,0.9996388554573059
120,9,0.5049242377281189,0.4049298167228699,-0.412667840719223,0.9996349811553955
120,10,0.4860839545726776,0.404867559671402,-0.4543043375015259,0.9998489618301392
120,11,0.5264748334884644,0.45096883177757263,0.04001663625240326,0.9991059303283691
120,12,0.39013704657554626,0.4440070688724518,-0.3089532256126404,0.9999399185180664
120,13,0.5535528063774109,0.5276728868484497,0.18777145445346832,0.5529006123542786
120,14,0.3454033434391022,0.529251217842102,-0.31868523359298706,0.994803249835968
120,15,0.5743882060050964,0.5914156436920166,-0.025823939591646194,0.6769438982009888
120,16,0.4009651243686676,0.595472514629364,-0.4521344006061554,0.9812787771224976
120,17,0.5819408893585205,0.6121565103530884,-0.07439744472503662,0.6415771245956421
120,18,0.4025397002696991,0.618639349937439,-0.5192450881004333,0.9611718654632568
120,19,0.5760046243667603,0.6125158071517944,-0.14817173779010773,0.652187705039978
120,20,0.42160654067993164,0.615440845489502,-0.5510539412498474,0.9604876041412354
120,21,0.5703524947166443,0.6062158346176147,-0.0605040118098259,0.6400822997093201
120,22,0.4231712818145752,0.6066849827766418,-0.46309322118759155,0.9450734257698059
120,23,0.5141993761062622,0.6078823208808899,0.12154892086982727,0.9981623291969299
120,24,0.4328685402870178,0.6080248951911926,-0.12164156883955002,0.9988500475883484
120,25,0.5005134344100952,0.7226907014846802,0.16768687963485718,0.8690561652183533
120,26,0.43532541394233704,0.7272147536277771,-0.08018096536397934,0.9688704013824463
120,27,0.4847317039966583,0.8170725107192993,0.4323500692844391,0.891413688659668
120,28,0.43280190229415894,0.8263422250747681,0.19108763337135315,0.9679772257804871
120,29,0.4648931324481964,0.8278876543045044,0.4443017840385437,0.8636286854743958
120,30,0.4223049283027649,0.8398803472518921,0.20479772984981537,0.8069434762001038
120,31,0.5245534777641296,0.8505972623825073,0.2617512047290802,0.9184483289718628
120,32,0.483797550201416,0.8659586906433105,-0.04305455461144447,0.9582303166389465
121,0,0.5000035166740417,0.3920932412147522,-0.5256795287132263,0.9998082518577576
121,1,0.5012990236282349,0.38214054703712463,-0.485118567943573,0.9995562434196472
121,2,0.505108118057251,0.3822835087776184,-0.48514196276664734,0.9994321465492249
121,3,0.5083825588226318,0.3824850916862488,-0.4851112365722656,0.9993524551391602
121,4,0.48571518063545227,0.3819606900215149,-0.5166093111038208,0.9996726512908936
121,5,0.4777882993221283,0.38197359442710876,-0.5166541337966919,0.9996564388275146
121,6,0.46886706352233887,0.38206902146339417,-0.516722559928894,0.9996553063392639
121,7,0.49912500381469727,0.3873620927333832,-0.23121832311153412,0.9978981018066406
121,8,0.44625169038772583,0.3862183094024658,-0.3696000874042511,0.9996586441993713
121,9,0.5049682855606079,0.4040658473968506,-0.42749276757240295,0.9996589422225952
121,10,0.48604774475097656,0.4040866792201996,-0.46997177600860596,0.9998576641082764
121,11,0.5280227065086365,0.450123131275177,0.003141985274851322,0.999172568321228
121,12,0.38974207639694214,0.4441106915473938,-0.31799501180648804,0.9999384880065918
121,13,0.5561016798019409,0.5257018804550171,0.1507568508386612,0.5766946077346802
121,14,0.34560903906822205,0.5294992327690125,-0.3244766592979431,0.9949651956558228
121,15,0.5745013356208801,0.5881430506706238,-0.05234745889902115,0.700137734413147
121,16,0.40079236030578613,0.5954297780990601,-0.4535168409347534,0.9818351864814758
121,17,0.5842396020889282,0.6101009845733643,-0.10173110663890839,0.6631931662559509
121,18,0.40296146273612976,0.6187041997909546,-0.5203602313995361,0.96208655834198
121,19,0.5790382623672485,0.6103421449661255,-0.17407462000846863,0.6738812923431396
121,20,0.42146503925323486,0.6157452464103699,-0.553982138633728,0.9614172577857971
121,21,0.573051393032074,0.6036700010299683,-0.08715520054101944,0.6611862182617188
121,22,0.42283934354782104,0.6070383191108704,-0.4659229815006256,0.9463812708854675
121,23,0.516182541847229,0.6059650182723999,0.11337938159704208,0.9981897473335266
121,24,0.4333483874797821,0.6070350408554077,-0.11347441375255585,0.9988272786140442
121,25,0.5016174912452698,0.722094714641571,0.15294583141803741,0.8752475380897522
121,26,0.4355655312538147,0.7268744111061096,-0.0810944214463234,0.969253420829773
121,27,0.4864497184753418,0.8169978260993958,0.4253435432910919,0.8976420760154724
121,28,0.4327913522720337,0.826257050037384,0.19000877439975739,0.9683512449264526
121,29,0.46718186140060425,0.8276958465576172,0.4386386573314667,0.8664892315864563
121,30,0.42302757501602173,0.8398502469062805,0.20317186415195465,0.8025854825973511
121,31,0.5248060822486877,0.8511311411857605,0.24360811710357666,0.9224169850349426
121,32,0.48288464546203613,0.8656437993049622,-0.044692859053611755,0.9585656523704529
122,0,0.49993908405303955,0.3925888240337372,-0.519928514957428,0.9998202919960022
122,1,0.5013807415962219,0.38249483704566956,-0.47969022393226624,0.9995830655097961
122,2,0.5051848292350769,0.38263368606567383,-0.4797167181968689,0.9994670152664185
122,3,0.5084565877914429,0.38284608721733093,-0.4796905517578125,0.9993920922279358
122,4,0.48580554127693176,0.38214442133903503,-0.5123220086097717,0.999690592288971
122,5,0.4779145419597626,0.38211506605148315,-0.5123717188835144,0.9996760487556458
122,6,0.4690616726875305,0.3821653425693512,-0.512444257736206,0.9996747970581055
122,7,0.4992154538631439,0.38767585158348083,-0.22718866169452667,0.9980226755142212
122,8,0.4464226961135864,0.38627341389656067,-0.37037497758865356,0.9996778964996338
122,9,0.5049874186515808,0.40419667959213257,-0.42172977328300476,0.9996809363365173
122,10,0.48596423864364624,0.4042026996612549,-0.46584802865982056,0.9998656511306763
122,11,0.5285847783088684,0.44943302869796753,0.011304181069135666,0.9992363452911377
122,12,0.3897552490234375,0.44412049651145935,-0.3119664490222931,0.9999378323554993
122,13,0.5574633479118347,0.5250461101531982,0.151559978723526,0.5973065495491028
122,14,0.34661898016929626,0.5296452641487122,-0.31783899664878845,0.9950907230377197
122,15,0.5753165483474731,0.5875075459480286,-0.04887848347425461,0.7212747931480408
122,16,0.4001833498477936,0.5956723093986511,-0.44961220026016235,0.9823290109634399
122,17,0.5848513841629028,0.6095107197761536,-0.09622400254011154,0.6830872297286987
122,18,0.4026983976364136,0.6188811659812927,-0.5162237286567688,0.9628617763519287
122,19,0.5804024338722229,0.6099274754524231,-0.16689035296440125,0.6938222646713257
122,20,0.42099127173423767,0.6159796714782715,-0.5530861020088196,0.9622268080711365
122,21,0.57451993227005,0.6034117937088013,-0.0831885039806366,0.6804256439208984
122,22,0.42241546511650085,0.6073638200759888,-0.4629870653152466,0.9475407004356384
122,23,0.516631007194519,0.6052128076553345,0.1117752194404602,0.9982398748397827
122,24,0.43413856625556946,0.606328547000885,-0.11185099184513092,0.9988319277763367
122,25,0.5023655295372009,0.721657395362854,0.14627212285995483,0.8801021575927734
122,26,0.4357730746269226,0.7258397936820984,-0.08251229673624039,0.9690001606941223
122,27,0.4865743815898895,0.8168112635612488,0.4156794250011444,0.9028204679489136
122,28,0.4331555962562561,0.8260883092880249,0.1853782832622528,0.9686576724052429
122,29,0.4675312042236328,0.8275381922721863,0.4291404187679291,0.8684762716293335
122,30,0.42366722226142883,0.8392168283462524,0.19853729009628296,0.7993803024291992
122,31,0.5248885750770569,0.8512254953384399,0.2356162667274475,0.9257426261901855
122,32,0.48222002387046814,0.8654996156692505,-0.04602011665701866,0.959020733833313
123,0,0.499772310256958,0.3923886716365814,-0.5241655111312866,0.9998330473899841
123,1,0.5012953877449036,0.3823559284210205,-0.48386114835739136,0.999612033367157
123,2,0.505139946937561,0.3824769854545593,-0.4838891625404358,0.999504566192627
123,3,0.5084207653999329,0.3826904296875,-0.4838680326938629,0.9994348287582397
123,4,0.4857078194618225,0.3819692134857178,-0.5156620740890503,0.9997100234031677
123,5,0.4777343273162842,0.38197061419487,-0.5157075524330139,0.9996971487998962
123,6,0.46884167194366455,0.38209104537963867,-0.5157666206359863,0.9996956586837769
123,7,0.49930593371391296,0.3876667618751526,-0.22927652299404144,0.998158872127533
123,8,0.44592955708503723,0.38639748096466064,-0.3726218640804291,0.9996991157531738
123,9,0.5049951076507568,0.40391063690185547,-0.42493268847465515,0.9997050762176514
123,10,0.4857964813709259,0.40389952063560486,-0.46802738308906555,0.9998749494552612
123,11,0.5294111371040344,0.44908803701400757,0.010584626346826553,0.9993005990982056
123,12,0.3896386921405792,0.4440985321998596,-0.31275877356529236,0.999938428401947
123,13,0.5597645044326782,0.5245014429092407,0.1487644910812378,0.6199175715446472
123,14,0.3473503887653351,0.529742419719696,-0.3182221055030823,0.9952720403671265
123,15,0.5751985907554626,0.5866251587867737,-0.0568973533809185,0.7428818941116333
123,16,0.40045687556266785,0.5957114100456238,-0.45174023509025574,0.9830455183982849
123,17,0.5854930281639099,0.6088321208953857,-0.10664258897304535,0.7045471668243408
123,18,0.4024103283882141,0.6189950704574585,-0.5198357105255127,0.9641477465629578
123,19,0.5803846716880798,0.6091006994247437,-0.1786535233259201,0.7150750160217285
123,20,0.4206733703613281,0.6163110136985779,-0.5557321310043335,0.9635428786277771
123,21,0.5742698907852173,0.6026774048805237,-0.09172798693180084,0.7013499736785889
123,22,0.42251184582710266,0.6078089475631714,-0.46552398800849915,0.9493280053138733
123,23,0.517209529876709,0.6048223972320557,0.11094169318675995,0.9983196258544922
123,24,0.43484559655189514,0.6058703064918518,-0.11101856082677841,0.998850405216217
123,25,0.5030238032341003,0.7213428616523743,0.13941560685634613,0.8850839734077454
123,26,0.4357549846172333,0.7255029678344727,-0.08322135359048843,0.9692254662513733
123,27,0.4872196316719055,0.8167423009872437,0.4205109477043152,0.9077560305595398
123,28,0.43317916989326477,0.8258185386657715,0.19392885267734528,0.9689726233482361
123,29,0.468111127614975,0.8275207281112671,0.4347071647644043,0.8708482384681702
123,30,0.4242321848869324,0.8383005857467651,0.20826652646064758,0.7962246537208557
123,31,0.5250418186187744,0.8505805134773254,0.2435656636953354,0.9289747476577759
123,32,0.48154017329216003,0.8640233874320984,-0.037342414259910583,0.9594519734382629
124,0,0.49975183606147766,0.3925780951976776,-0.5224437117576599,0.9998452067375183
124,1,0.5013338923454285,0.3824746012687683,-0.48320290446281433,0.9996389150619507
124,2,0.5051747560501099,0.3825942873954773,-0.4832308888435364,0.9995401501655579
124,3,0.5084417462348938,0.38281604647636414,-0.4832065999507904,0.9994752407073975
124,4,0.4857643246650696,0.3820561170578003,-0.5145710706710815,0.9997275471687317
124,5,0.4777803122997284,0.38206639885902405,-0.5146136283874512,0.9997161626815796
124,6,0.46890097856521606,0.3822002708911896,-0.5146658420562744,0.9997138381004333
124,7,0.49937036633491516,0.38780564069747925,-0.23197801411151886,0.9982919096946716
124,8,0.44584381580352783,0.38657107949256897,-0.3737291097640991,0.9997170567512512
124,9,0.5050152540206909,0.40397271513938904,-0.42409664392471313,0.9997275471687317
124,10,0.4857330322265625,0.4039744436740875,-0.46673595905303955,0.999883234500885
124,11,0.530199408531189,0.4491048753261566,0.0015999075258150697,0.9993606209754944
124,12,0.3891248404979706,0.4441525340080261,-0.30721789598464966,0.9999380111694336
124,13,0.560048520565033,0.5245473980903625,0.1401664763689041,0.6445469856262207
124,14,0.34841373562812805,0.5298182964324951,-0.30353814363479614,0.9953373670578003
124,15,0.5762414932250977,0.5867467522621155,-0.06054842099547386,0.763817548751831
124,16,0.4007228910923004,0.5957791805267334,-0.44016188383102417,0.9834599494934082
124,17,0.5867487192153931,0.6088182330131531,-0.10959672182798386,0.7260069847106934
124,18,0.4021662771701813,0.6191327571868896,-0.5062161087989807,0.9649631381034851
124,19,0.581358790397644,0.6090951561927795,-0.18238574266433716,0.7361859679222107
124,20,0.42001694440841675,0.6169003248214722,-0.5464295148849487,0.9644128680229187
124,21,0.5752847194671631,0.6028215885162354,-0.09537383168935776,0.7224918603897095
124,22,0.42239463329315186,0.6086534857749939,-0.45558688044548035,0.950616717338562
124,23,0.5174207091331482,0.6038625836372375,0.10568732023239136,0.998386025428772
124,24,0.43470391631126404,0.6050959825515747,-0.10573815554380417,0.9988624453544617
124,25,0.5040518641471863,0.7211726903915405,0.1289672702550888,0.890739917755127
124,26,0.43573299050331116,0.7247282266616821,-0.08382600545883179,0.9695925712585449
124,27,0.487453430891037,0.8164035677909851,0.39589762687683105,0.9127900004386902
124,28,0.43291857838630676,0.8253955841064453,0.18417313694953918,0.969495415687561
124,29,0.4683282673358917,0.8271797299385071,0.4090581238269806,0.8729302287101746
124,30,0.42416539788246155,0.837418258190155,0.1962832510471344,0.7934044599533081
124,31,0.5245478749275208,0.8501855134963989,0.21360687911510468,0.9321737885475159
124,32,0.4772241413593292,0.8632645606994629,-0.05407782271504402,0.9599717259407043
125,0,0.49935805797576904,0.39261800050735474,-0.5518680214881897,0.9998528361320496
125,1,0.5010513067245483,0.38257741928100586,-0.5130447149276733,0.9996566772460938
125,2,0.5049411654472351,0.3827086091041565,-0.5130717158317566,0.9995642304420471
125,3,0.5082787871360779,0.3829299807548523,-0.5130675435066223,0.9995028972625732
125,4,0.48539701104164124,0.38214462995529175,-0.5425562858581543,0.9997369647026062
125,5,0.4774036109447479,0.3821691870689392,-0.5426183342933655,0.9997270703315735
125,6,0.4685342609882355,0.38233113288879395,-0.5426843762397766,0.9997243285179138
125,7,0.4994369149208069,0.3879207968711853,-0.25809723138809204,0.9983885884284973
125,8,0.44558990001678467,0.38669663667678833,-0.39471548795700073,0.9997288584709167
125,9,0.5048485398292542,0.40401944518089294,-0.4517674446105957,0.9997445344924927
125,10,0.4854133129119873,0.40393200516700745,-0.4916505515575409,0.9998886585235596
125,11,0.5304195284843445,0.4491744041442871,-0.014630970545113087,0.9994089603424072
125,12,0.3889314532279968,0.4440423548221588,-0.3127128481864929,0.9999373555183411
125,13,0.5587407946586609,0.5245715379714966,0.1240510493516922,0.6573745608329773
125,14,0.3510604500770569,0.5298981070518494,-0.3115311563014984,0.9952307343482971
125,15,0.5761073231697083,0.5881491899490356,-0.07141511887311935,0.7743129134178162
125,16,0.4009192883968353,0.5964260101318359,-0.4410950541496277,0.9827603101730347
125,17,0.586437463760376,0.6100130081176758,-0.11909253150224686,0.733851969242096
125,18,0.40238136053085327,0.620275616645813,-0.5066109299659729,0.9634789824485779
125,19,0.5805115103721619,0.6101630926132202,-0.19002026319503784,0.7443698644638062
125,20,0.42022407054901123,0.6192102432250977,-0.5463132262229919,0.9629508852958679
125,21,0.5744184851646423,0.6043875217437744,-0.10546180605888367,0.7299948930740356
125,22,0.422616571187973,0.6111900806427002,-0.4558998644351959,0.9489162564277649
125,23,0.5173526406288147,0.6038411855697632,0.10694964975118637,0.9984402656555176
125,24,0.4345037639141083,0.6048170924186707,-0.10702060908079147,0.998865008354187
125,25,0.5044383406639099,0.7210811972618103,0.1250956952571869,0.8942417502403259
125,26,0.43568336963653564,0.7249719500541687,-0.08416054397821426,0.9695256948471069
125,27,0.4875377118587494,0.8163434863090515,0.410209983587265,0.916340708732605
125,28,0.43291154503822327,0.8253164291381836,0.20780010521411896,0.9693871736526489
125,29,0.4683549702167511,0.8272207379341125,0.42883774638175964,0.872930645942688
125,30,0.42424389719963074,0.8371272087097168,0.22340905666351318,0.7884040474891663
125,31,0.5243034958839417,0.850394606590271,0.2263997346162796,0.9341701865196228
125,32,0.47696536779403687,0.8632118105888367,-0.02968290075659752,0.9599634408950806
126,0,0.4992843568325043,0.3927449584007263,-0.5147665143013,0.9998601675033569
126,1,0.5010388493537903,0.382717490196228,-0.4777248799800873,0.9996721744537354
126,2,0.5049223303794861,0.3828509449958801,-0.4777758717536926,0.9995861053466797
126,3,0.5082612633705139,0.38306546211242676,-0.47778138518333435,0.9995285868644714
126,4,0.48544079065322876,0.382276713848114,-0.5078806281089783,0.9997449517250061
126,5,0.47748002409935,0.38229596614837646,-0.507923424243927,0.9997362494468689
126,6,0.4686325788497925,0.38245120644569397,-0.5079672932624817,0.9997318983078003
126,7,0.49948880076408386,0.3879886865615845,-0.23067964613437653,0.9984714984893799
126,8,0.4457087218761444,0.3868210017681122,-0.37186771631240845,0.9997360706329346
126,9,0.5047503709793091,0.4040850102901459,-0.41760003566741943,0.9997589588165283
126,10,0.48538991808891296,0.40395697951316833,-0.4584072530269623,0.9998922944068909
126,11,0.5308073163032532,0.44924110174179077,0.005352533422410488,0.9994530081748962
126,12,0.38890430331230164,0.44360584020614624,-0.3081851601600647,0.9999368190765381
126,13,0.5579538345336914,0.5247308015823364,0.13957880437374115,0.6715806722640991
126,14,0.3612675964832306,0.5299604535102844,-0.30453354120254517,0.995184063911438
126,15,0.5755558609962463,0.5897918939590454,-0.04877271130681038,0.7883114218711853
126,16,0.4024217426776886,0.597579836845398,-0.4321017861366272,0.9828280210494995
126,17,0.5856282114982605,0.6115622520446777,-0.09581688046455383,0.7468542456626892
126,18,0.40242111682891846,0.6216878294944763,-0.4977003335952759,0.9637281894683838
126,19,0.5790664553642273,0.6115866303443909,-0.1692037731409073,0.7574339509010315
126,20,0.42041534185409546,0.6213372945785522,-0.5382099747657776,0.9632430672645569
126,21,0.5730946063995361,0.6055829524993896,-0.08358784765005112,0.742666482925415
126,22,0.4227861762046814,0.6133979558944702,-0.4477938711643219,0.9493851065635681
126,23,0.5171232223510742,0.602882444858551,0.10820604860782623,0.9984809160232544
126,24,0.4343472719192505,0.6038087010383606,-0.10828958451747894,0.9988711476325989
126,25,0.5053738951683044,0.7209906578063965,0.12640418112277985,0.895507276058197
126,26,0.4359946846961975,0.7242685556411743,-0.09585563838481903,0.96932452917099
126,27,0.4882363975048065,0.8165190815925598,0.375689834356308,0.9185658693313599
126,28,0.4339649975299835,0.8252207636833191,0.15556421875953674,0.9693931937217712
126,29,0.4687933921813965,0.8273541331291199,0.3875862956047058,0.8737543225288391
126,30,0.42531055212020874,0.8370963335037231,0.16590115427970886,0.7851779460906982
126,31,0.5247737169265747,0.8503935933113098,0.19330842792987823,0.9355301260948181
126,32,0.47698429226875305,0.8624776005744934,-0.08097153902053833,0.9600433707237244
127,0,0.49898266792297363,0.3928018808364868,-0.5325028896331787,0.9998642802238464
127,1,0.5008634328842163,0.38282379508018494,-0.4931902587413788,0.9996832013130188
127,2,0.5047743916511536,0.3829585909843445,-0.4932478666305542,0.9996013045310974
127,3,0.5081822276115417,0.38318073749542236,-0.49326321482658386,0.9995456337928772
127,4,0.4852030873298645,0.3823581635951996,-0.5231940150260925,0.9997499585151672
127,5,0.4773297905921936,0.38235756754875183,-0.523269772529602,0.9997429251670837
127,6,0.4685231149196625,0.38247746229171753,-0.523339569568634,0.9997389912605286
127,7,0.49952757358551025,0.38808244466781616,-0.2373722642660141,0.9985324740409851
127,8,0.4457639157772064,0.3872154951095581,-0.375344455242157,0.9997466206550598
127,9,0.5045983195304871,0.40415897965431213,-0.4318362772464752,0.9997693300247192
127,10,0.4852762520313263,0.40401044487953186,-0.4716959297657013,0.999894917011261
127,11,0.5307867527008057,0.4493212103843689,0.005514051299542189,0.9994808435440063
127,12,0.38934096693992615,0.4435907006263733,-0.3189634382724762,0.9999377131462097
127,13,0.557147204875946,0.5247589945793152,0.13818660378456116,0.6592610478401184
127,14,0.3656342327594757,0.5302456021308899,-0.30917054414749146,0.9949386119842529
127,15,0.5696218013763428,0.5921719074249268,-0.06143970042467117,0.7730309367179871
127,16,0.4043349027633667,0.6013625264167786,-0.42284050583839417,0.9811655282974243
127,17,0.5772597789764404,0.6123373508453369,-0.10867662727832794,0.7278661727905273
127,18,0.40460407733917236,0.6254159212112427,-0.486829549074173,0.9605589509010315
127,19,0.5723429918289185,0.612619161605835,-0.1781291365623474,0.7395124435424805
127,20,0.4220905005931854,0.6245643496513367,-0.5264378190040588,0.9601185917854309
127,21,0.5669873952865601,0.6073164343833923,-0.09590718895196915,0.7241649627685547
127,22,0.4249257743358612,0.6169018745422363,-0.43805423378944397,0.9456972479820251
127,23,0.5169609189033508,0.6029554605484009,0.11349917203187943,0.9985066652297974
127,24,0.43431082367897034,0.60373455286026,-0.11357098817825317,0.9988757967948914
127,25,0.5054246783256531,0.7218008041381836,0.12805508077144623,0.8949788212776184
127,26,0.43637898564338684,0.7243613004684448,-0.10224710404872894,0.9689200520515442
127,27,0.4882834851741791,0.8167482614517212,0.38681232929229736,0.9198803305625916
127,28,0.4339369833469391,0.8251557350158691,0.15890425443649292,0.968795120716095
127,29,0.46880894899368286,0.8277251124382019,0.39948493242263794,0.871755063533783
127,30,0.42527076601982117,0.837181568145752,0.171084463596344,0.7784746885299683
127,31,0.5248385667800903,0.8506020307540894,0.21062594652175903,0.9361319541931152
127,32,0.4772249460220337,0.8620877265930176,-0.0744895339012146,0.9597137570381165
128,0,0.49898093938827515,0.3928603529930115,-0.5306777954101562,0.9998624324798584
128,1,0.5008825659751892,0.3828924000263214,-0.4912654161453247,0.9996808767318726
128,2,0.5047932267189026,0.3830210268497467,-0.49131396412849426,0.9995977878570557
128,3,0.5082003474235535,0.38323497772216797,-0.4913204312324524,0.9995406866073608
128,4,0.48522746562957764,0.3824159502983093,-0.5224767327308655,0.9997472167015076
128,5,0.4773532748222351,0.38238945603370667,-0.5225380659103394,0.9997414946556091
128,6,0.46852996945381165,0.3825329840183258,-0.522590160369873,0.999739408493042
128,7,0.4995589852333069,0.3881308436393738,-0.23641592264175415,0.9985256791114807
128,8,0.4458320736885071,0.3876035511493683,-0.37294840812683105,0.9997513890266418
128,9,0.5045839548110962,0.40429168939590454,-0.430511474609375,0.999769389629364
128,10,0.4852502644062042,0.40418189764022827,-0.47088873386383057,0.9998933672904968
128,11,0.5308012366294861,0.4502280652523041,0.010464093647897243,0.9994819760322571
128,12,0.38980671763420105,0.44370412826538086,-0.3193455934524536,0.9999383091926575
128,13,0.5533971786499023,0.5255787372589111,0.13839082419872284,0.6334807276725769
128,14,0.37149497866630554,0.5307517647743225,-0.3061067759990692,0.9945142269134521
128,15,0.5644519329071045,0.5921682119369507,-0.05979147553443909,0.7440825700759888
128,16,0.4061608612537384,0.6037308573722839,-0.3971336781978607,0.9786059260368347
128,17,0.5695867538452148,0.612479031085968,-0.10543981194496155,0.6980097889900208
128,18,0.4058206379413605,0.6273065209388733,-0.4568648934364319,0.9560055136680603
128,19,0.5667248368263245,0.612669050693512,-0.17175716161727905,0.7104517817497253
128,20,0.4226468801498413,0.6266117095947266,-0.49497202038764954,0.9555596113204956
128,21,0.5591554641723633,0.6070863604545593,-0.0938371792435646,0.6951889991760254
128,22,0.42567968368530273,0.6192609667778015,-0.41158950328826904,0.940514326095581
128,23,0.5171076059341431,0.6038740873336792,0.11432652175426483,0.9984976649284363
128,24,0.43473994731903076,0.6042848825454712,-0.11438843607902527,0.9988778233528137
128,25,0.5055522918701172,0.722731351852417,0.1289961338043213,0.8960443735122681
128,26,0.43648406863212585,0.7246091365814209,-0.09605824202299118,0.9690141677856445
128,27,0.48833873867988586,0.8173243403434753,0.4048817455768585,0.92194002866745
128,28,0.4339423179626465,0.8251039385795593,0.18756817281246185,0.9688789248466492
128,29,0.4686402678489685,0.8287779092788696,0.4190019965171814,0.8723418116569519
128,30,0.42523545026779175,0.8380053639411926,0.20180371403694153,0.7773804664611816
128,31,0.5251820683479309,0.8518000841140747,0.2170751541852951,0.9374454021453857
128,32,0.47747036814689636,0.8621479272842407,-0.0463624969124794,0.960028350353241
129,0,0.4989975690841675,0.39295053482055664,-0.5132390260696411,0.9998648762702942
129,1,0.5009031295776367,0.3830419182777405,-0.47127121686935425,0.9996890425682068
129,2,0.5048065185546875,0.3831818401813507,-0.4713396430015564,0.9996070861816406
129,3,0.508234977722168,0.38339146971702576,-0.4713432788848877,0.9995484352111816
129,4,0.48524221777915955,0.382551908493042,-0.5019841194152832,0.9997531175613403
129,5,0.47735023498535156,0.3825272023677826,-0.5020639896392822,0.9997487664222717
129,6,0.46849876642227173,0.38269299268722534,-0.5021459460258484,0.9997479319572449
129,7,0.49962112307548523,0.3883478045463562,-0.2119138538837433,0.9985495209693909
129,8,0.44584283232688904,0.3878605365753174,-0.35132378339767456,0.9997629523277283
129,9,0.5045874118804932,0.40440964698791504,-0.4121202230453491,0.999771237373352
129,10,0.4852278530597687,0.40425005555152893,-0.4521523714065552,0.9998941421508789
129,11,0.5305781364440918,0.4502545893192291,0.04627210274338722,0.9994680881500244
129,12,0.39050984382629395,0.4437241554260254,-0.31623855233192444,0.9999393224716187
129,13,0.5461118817329407,0.5257239937782288,0.1611713469028473,0.5994367003440857
129,14,0.37090691924095154,0.531079888343811,-0.3038254380226135,0.9944321513175964
129,15,0.5555394291877747,0.5937972664833069,-0.03495561331510544,0.7118731141090393
129,16,0.40699678659439087,0.6068597435951233,-0.38495564460754395,0.9777089357376099
129,17,0.5605963468551636,0.6136729717254639,-0.07735705375671387,0.6660630702972412
129,18,0.40595245361328125,0.6300718188285828,-0.4429035186767578,0.9540755748748779
129,19,0.5602707266807556,0.6137959957122803,-0.1395757496356964,0.6790654063224792
129,20,0.42308509349823,0.6293104290962219,-0.4755534827709198,0.9536134600639343
129,21,0.5539586544036865,0.6080511808395386,-0.06786875426769257,0.6642313003540039
129,22,0.4261530637741089,0.6224126815795898,-0.39662209153175354,0.9385004043579102
129,23,0.5153326392173767,0.6038936972618103,0.12016532570123672,0.9984896779060364
129,24,0.4345289468765259,0.6043106317520142,-0.12022411823272705,0.9988842606544495
129,25,0.505590558052063,0.7222099304199219,0.13157857954502106,0.8900721669197083
129,26,0.4367983043193817,0.7243179082870483,-0.10219430923461914,0.9670872092247009
129,27,0.4884655475616455,0.8172670602798462,0.4059601128101349,0.9196444749832153
129,28,0.43403160572052,0.8252061605453491,0.17394712567329407,0.9671527147293091
129,29,0.46865174174308777,0.828691303730011,0.4200546145439148,0.8682786226272583
129,30,0.42545437812805176,0.8382750749588013,0.18760737776756287,0.7699000835418701
129,31,0.5252357125282288,0.8517230153083801,0.22300545871257782,0.9358116388320923
129,32,0.47845378518104553,0.8620259165763855,-0.05894400179386139,0.9586181044578552
130,0,0.4992063641548157,0.3932725787162781,-0.527342677116394,0.9998735189437866
130,1,0.5011231899261475,0.3832470774650574,-0.48505881428718567,0.9997094869613647
130,2,0.5049886107444763,0.3833684027194977,-0.4850967824459076,0.9996318817138672
130,3,0.5083948969841003,0.3835577368736267,-0.485073983669281,0.9995758533477783
130,4,0.48549991846084595,0.3827573359012604,-0.5158583521842957,0.9997700452804565
130,5,0.4776510000228882,0.38273510336875916,-0.5159463286399841,0.9997663497924805
130,6,0.4689154326915741,0.3828766644001007,-0.5160042643547058,0.999765932559967
130,7,0.4997362792491913,0.3884374797344208,-0.22423066198825836,0.998633086681366
130,8,0.4464430510997772,0.3880383372306824,-0.36414921283721924,0.9997808337211609
130,9,0.5047100782394409,0.404665470123291,-0.4260886609554291,0.9997830390930176
130,10,0.4855562448501587,0.40450698137283325,-0.4665684998035431,0.9998998641967773
130,11,0.5305518507957458,0.45053091645240784,0.04199908673763275,0.9994751214981079
130,12,0.3915281891822815,0.44385963678359985,-0.3423087000846863,0.9999421238899231
130,13,0.5452576279640198,0.5259426832199097,0.15984024107456207,0.5847457051277161
130,14,0.37487563490867615,0.5337318181991577,-0.33765724301338196,0.9945736527442932
130,15,0.5545068383216858,0.5938228368759155,-0.030055012553930283,0.705024003982544
130,16,0.4085996448993683,0.6088125705718994,-0.41041314601898193,0.9782182574272156
130,17,0.5609948635101318,0.6140691637992859,-0.06977149099111557,0.6562771201133728
130,18,0.4087643623352051,0.6323928833007812,-0.46854862570762634,0.9548768997192383
130,19,0.5597575902938843,0.614109218120575,-0.13260406255722046,0.6698598265647888
130,20,0.42515334486961365,0.6308289766311646,-0.497419536113739,0.9544416666030884
130,21,0.5532926917076111,0.6086406707763672,-0.06234195455908775,0.6542695760726929
130,22,0.42817816138267517,0.6237088441848755,-0.42040273547172546,0.9396340847015381
130,23,0.5143465399742126,0.6051564812660217,0.12823781371116638,0.9985134601593018
130,24,0.4344053566455841,0.6053627133369446,-0.1283593624830246,0.998920202255249
130,25,0.5056478977203369,0.7221599817276001,0.18522462248802185,0.8883459568023682
130,26,0.43664610385894775,0.7240748405456543,-0.08951997756958008,0.9678427577018738
130,27,0.4884302020072937,0.8169864416122437,0.4413820803165436,0.9210361242294312
130,28,0.4338105022907257,0.8248865008354187,0.17713075876235962,0.9679606556892395
130,29,0.46827664971351624,0.8283246755599976,0.45412567257881165,0.8715288043022156
130,30,0.4240983724594116,0.8379724621772766,0.1904750019311905,0.7735209465026855
130,31,0.5255534052848816,0.8513830900192261,0.27603864669799805,0.9372597932815552
130,32,0.4794832468032837,0.8617826700210571,-0.0448162816464901,0.9596565365791321
131,0,0.49927380681037903,0.3932842016220093,-0.49191367626190186,0.9998785257339478
131,1,0.5011705160140991,0.38317689299583435,-0.4496084749698639,0.9997206926345825
131,2,0.5050511956214905,0.3832622468471527,-0.4496717154979706,0.9996452331542969
131,3,0.5085076689720154,0.3833898603916168,-0.4496704041957855,0.999591588973999
131,4,0.4855159819126129,0.38283365964889526,-0.48165613412857056,0.9997794032096863
131,5,0.4776364266872406,0.3828214406967163,-0.4817124605178833,0.9997759461402893
131,6,0.46878522634506226,0.3829617202281952,-0.4817747473716736,0.999775767326355
131,7,0.500072717666626,0.38826626539230347,-0.19595421850681305,0.998677670955658
131,8,0.4464564919471741,0.388072669506073,-0.34274226427078247,0.999790608882904
131,9,0.5049751996994019,0.4047655165195465,-0.39361920952796936,0.9997891783714294
131,10,0.48563241958618164,0.4045776426792145,-0.4357592761516571,0.9999015927314758
131,11,0.5309842824935913,0.45051470398902893,0.06191110238432884,0.9994852542877197
131,12,0.3939463794231415,0.44387179613113403,-0.3360998332500458,0.9999431371688843
131,13,0.5453192591667175,0.5259981155395508,0.1814306080341339,0.5746840834617615
131,14,0.37885940074920654,0.5342574119567871,-0.33959588408470154,0.9945898056030273
131,15,0.5549301505088806,0.5937911868095398,0.003054060973227024,0.7052035927772522
131,16,0.4096513092517853,0.6083739399909973,-0.4411253333091736,0.9786208868026733
131,17,0.5616757869720459,0.6139484643936157,-0.03525546193122864,0.6541661024093628
131,18,0.4089873135089874,0.631916880607605,-0.5062276124954224,0.955662727355957
131,19,0.5607229471206665,0.6140028238296509,-0.10106506198644638,0.6683026552200317
131,20,0.4251477122306824,0.6307618021965027,-0.5375121831893921,0.9552428722381592
131,21,0.5537503361701965,0.608476996421814,-0.030077727511525154,0.6521273255348206
131,22,0.4282195568084717,0.6236897110939026,-0.4534555673599243,0.9405619502067566
131,23,0.5143706202507019,0.6051687002182007,0.13160710036754608,0.9985249042510986
131,24,0.43507733941078186,0.6054351925849915,-0.13171818852424622,0.9989336133003235
131,25,0.505693793296814,0.7220853567123413,0.18294425308704376,0.8842592835426331
131,26,0.4366399645805359,0.7240718603134155,-0.08987939357757568,0.9677829146385193
131,27,0.4886283576488495,0.8167966604232788,0.43772071599960327,0.9198262691497803
131,28,0.43414297699928284,0.8247191309928894,0.16547805070877075,0.9678022265434265
131,29,0.4694426953792572,0.8280752897262573,0.4510652422904968,0.871900200843811
131,30,0.424102246761322,0.8378466367721558,0.1779956966638565,0.7728243470191956
131,31,0.5261096358299255,0.8507719039916992,0.27060994505882263,0.9367939829826355
131,32,0.48112842440605164,0.8615792393684387,-0.05109245330095291,0.9595942497253418
132,0,0.4995119273662567,0.3933570683002472,-0.5155489444732666,0.9998852610588074
132,1,0.5013260245323181,0.3832174241542816,-0.47462332248687744,0.9997360706329346
132,2,0.5052728652954102,0.3833043575286865,-0.47467875480651855,0.9996654391288757
132,3,0.5087819695472717,0.3834267258644104,-0.47468405961990356,0.9996145367622375
132,4,0.48574259877204895,0.38286659121513367,-0.5055273771286011,0.9997896552085876
132,5,0.47788792848587036,0.38284993171691895,-0.5055876970291138,0.999786913394928
132,6,0.46907365322113037,0.3829883933067322,-0.5056251883506775,0.9997860789299011
132,7,0.5006002187728882,0.3882872462272644,-0.21998265385627747,0.9987530708312988
132,8,0.4468158185482025,0.3880975544452667,-0.36254066228866577,0.9998008012771606
132,9,0.5053920745849609,0.4048435688018799,-0.41643527150154114,0.9998009204864502
132,10,0.4858602285385132,0.4046648442745209,-0.4573739767074585,0.9999055862426758
132,11,0.5320625305175781,0.4504903256893158,0.039599351584911346,0.9995145797729492
132,12,0.39444729685783386,0.443919837474823,-0.3370378613471985,0.9999433755874634
132,13,0.5455231666564941,0.5261110067367554,0.16343969106674194,0.5787885785102844
132,14,0.3827604055404663,0.5342313647270203,-0.3373229503631592,0.9946209192276001
132,15,0.5552148818969727,0.5945420861244202,-0.011206272058188915,0.7136254906654358
132,16,0.4106590747833252,0.6083561182022095,-0.44260457158088684,0.9790065884590149
132,17,0.561786949634552,0.6148366928100586,-0.0494869127869606,0.6602017879486084
132,18,0.40909647941589355,0.6320511698722839,-0.5075626969337463,0.956451952457428
132,19,0.560792088508606,0.6148735880851746,-0.11884868144989014,0.6746712923049927
132,20,0.42529982328414917,0.6313363313674927,-0.5429246425628662,0.9560896754264832
132,21,0.5539626479148865,0.6094300150871277,-0.04522688686847687,0.6581807732582092
132,22,0.4287712872028351,0.624250054359436,-0.4566182792186737,0.9417150020599365
132,23,0.5143483877182007,0.6041671633720398,0.13134996592998505,0.9985809922218323
132,24,0.4350040853023529,0.6045123338699341,-0.13147523999214172,0.9989586472511292
132,25,0.506551206111908,0.721912145614624,0.14382874965667725,0.8837586045265198
132,26,0.43682268261909485,0.7236417531967163,-0.10387153923511505,0.9677603840827942
132,27,0.48934608697891235,0.8167594075202942,0.3993218243122101,0.9205685257911682
132,28,0.4345853626728058,0.8241656422615051,0.15151973068714142,0.9678717851638794
132,29,0.46972572803497314,0.8280426859855652,0.41192197799682617,0.8714932799339294
132,30,0.42480146884918213,0.8368999361991882,0.16358238458633423,0.7704946398735046
132,31,0.5263166427612305,0.8508450388908386,0.22304695844650269,0.937175989151001
132,32,0.481112539768219,0.8611458539962769,-0.07491422444581985,0.9598193764686584
133,0,0.5004898309707642,0.39341339468955994,-0.5330396294593811,0.9998891353607178
133,1,0.5018287897109985,0.38326963782310486,-0.4920329749584198,0.9997434020042419
133,2,0.5057235360145569,0.3833588659763336,-0.4920904040336609,0.9996756911277771
133,3,0.5092326402664185,0.38348299264907837,-0.4920985698699951,0.9996268153190613
133,4,0.48632457852363586,0.3829212784767151,-0.5250504016876221,0.999795138835907
133,5,0.4784339964389801,0.3829115629196167,-0.5251286625862122,0.9997933506965637
133,6,0.4695354402065277,0.3830507695674896,-0.5251971483230591,0.9997917413711548
133,7,0.5010347366333008,0.3883305490016937,-0.23803214728832245,0.998785674571991
133,8,0.4472452700138092,0.3883165717124939,-0.3910689353942871,0.9998065829277039
133,9,0.5062980055809021,0.4049023687839508,-0.4341244697570801,0.999807596206665
133,10,0.4868195354938507,0.4047304689884186,-0.47794830799102783,0.9999076128005981
133,11,0.5347336530685425,0.45050010085105896,0.0205401498824358,0.9995379447937012
133,12,0.3946102559566498,0.44509395956993103,-0.361704558134079,0.9999432563781738
133,13,0.5486816763877869,0.5260730385780334,0.1473475843667984,0.5899870991706848
133,14,0.3833784759044647,0.535539984703064,-0.3689243197441101,0.9947271347045898
133,15,0.559051513671875,0.5943995714187622,-0.03591689467430115,0.7273645401000977
133,16,0.4108709692955017,0.6088831424713135,-0.4887039065361023,0.9796923995018005
133,17,0.566720724105835,0.6147314310073853,-0.0795789435505867,0.6728008389472961
133,18,0.4091208577156067,0.6322002410888672,-0.5581057071685791,0.9578253030776978
133,19,0.5643320083618164,0.6147706508636475,-0.1504676342010498,0.6873325705528259
133,20,0.4260110557079315,0.6312889456748962,-0.5957047343254089,0.9574897885322571
133,21,0.5576682686805725,0.609390377998352,-0.07063408941030502,0.6705256700515747
133,22,0.4292781949043274,0.624130129814148,-0.5037480592727661,0.9433879852294922
133,23,0.5149063467979431,0.6051959991455078,0.13228851556777954,0.9985899925231934
133,24,0.4353000223636627,0.6060833930969238,-0.132394939661026,0.998953104019165
133,25,0.5066144466400146,0.7218669056892395,0.16773617267608643,0.8828617930412292
133,26,0.43726763129234314,0.7236343622207642,-0.10358580201864243,0.9681903719902039
133,27,0.4893527925014496,0.8167425394058228,0.4131178855895996,0.9207397103309631
133,28,0.43494176864624023,0.8237557411193848,0.15469442307949066,0.9679788947105408
133,29,0.4693536162376404,0.8277686834335327,0.4244864284992218,0.8727611899375916
133,30,0.4248907268047333,0.8367308378219604,0.1669229120016098,0.7701912522315979
133,31,0.5266635417938232,0.8508052825927734,0.24315688014030457,0.9373836517333984
133,32,0.483534038066864,0.8609140515327454,-0.0718616470694542,0.959758460521698
134,0,0.5029206275939941,0.3936529755592346,-0.5210402011871338,0.9998894929885864
134,1,0.5035021901130676,0.38334712386131287,-0.48182928562164307,0.9997409582138062
134,2,0.5071237087249756,0.3834129869937897,-0.4819093346595764,0.9996757507324219
134,3,0.5102958083152771,0.383512407541275,-0.4819343686103821,0.999629557132721
134,4,0.48853814601898193,0.38314756751060486,-0.5162805318832397,0.9997879862785339
134,5,0.480632483959198,0.3831155598163605,-0.5163387060165405,0.999786913394928
134,6,0.47169461846351624,0.3832218050956726,-0.5164293646812439,0.9997835755348206
134,7,0.5014257431030273,0.38834863901138306,-0.23204341530799866,0.9987866878509521
134,8,0.44929492473602295,0.388340026140213,-0.38875770568847656,0.9997949600219727
134,9,0.50792396068573,0.4051998257637024,-0.42293304204940796,0.9998117089271545
134,10,0.48917436599731445,0.40528321266174316,-0.46901410818099976,0.9999067783355713
134,11,0.5378720164299011,0.4504643976688385,0.02107034996151924,0.9995724558830261
134,12,0.3952646851539612,0.44558078050613403,-0.33951646089553833,0.9999406337738037
134,13,0.5537152886390686,0.5260835289955139,0.14823856949806213,0.6143587231636047
134,14,0.3826749920845032,0.5354952216148376,-0.34030628204345703,0.9948067665100098
134,15,0.5646252632141113,0.5936962366104126,-0.04322589933872223,0.7481989860534668
134,16,0.41091296076774597,0.6062699556350708,-0.47304627299308777,0.9805101752281189
134,17,0.5717242956161499,0.6140729784965515,-0.09260257333517075,0.6949248909950256
134,18,0.40918323397636414,0.6295503973960876,-0.54006427526474,0.9594358205795288
134,19,0.5658476948738098,0.6141113042831421,-0.16459724307060242,0.7089478373527527
134,20,0.426026314496994,0.6282517313957214,-0.5766549110412598,0.9591097831726074
134,21,0.5592540502548218,0.6083356142044067,-0.07812810689210892,0.6920060515403748
134,22,0.42941316962242126,0.6209303736686707,-0.4870701730251312,0.9451931118965149
134,23,0.5160194039344788,0.6053339838981628,0.12424897402524948,0.998637855052948
134,24,0.43548426032066345,0.6061933040618896,-0.12429578602313995,0.9989466071128845
134,25,0.5079927444458008,0.7222215533256531,0.1284545212984085,0.8872048258781433
134,26,0.4381195604801178,0.7238364219665527,-0.10454180836677551,0.9682334661483765
134,27,0.4902550280094147,0.8168864250183105,0.41175493597984314,0.9231355786323547
134,28,0.4349185824394226,0.8237477540969849,0.17134366929531097,0.9682040810585022
134,29,0.4694750905036926,0.8277570009231567,0.42510515451431274,0.8737162351608276
134,30,0.42521053552627563,0.8365721702575684,0.18611562252044678,0.7681776881217957
134,31,0.526698112487793,0.8516289591789246,0.23555098474025726,0.9389816522598267
134,32,0.48223286867141724,0.8608543276786804,-0.060580506920814514,0.9601264595985413
135,0,0.5041265487670898,0.39369210600852966,-0.5226592421531677,0.999894917011261
135,1,0.5042765140533447,0.3833713233470917,-0.4833747148513794,0.9997521042823792
135,2,0.5078557729721069,0.38341325521469116,-0.48344874382019043,0.9996914267539978
135,3,0.5110976099967957,0.38348984718322754,-0.48346206545829773,0.9996481537818909
135,4,0.48934632539749146,0.38318365812301636,-0.5162352323532104,0.9997949600219727
135,5,0.48137855529785156,0.383137047290802,-0.5162928104400635,0.9997944831848145
135,6,0.4723778963088989,0.38328391313552856,-0.5163751840591431,0.9997901916503906
135,7,0.502013087272644,0.3883708715438843,-0.23324500024318695,0.998842179775238
135,8,0.4495982825756073,0.3886061906814575,-0.3879513144493103,0.9998000860214233
135,9,0.5091695785522461,0.40523678064346313,-0.4247981309890747,0.9998224377632141
135,10,0.4908149838447571,0.40546441078186035,-0.46873584389686584,0.999910831451416
135,11,0.5441572666168213,0.44976359605789185,0.008867187425494194,0.9996075630187988
135,12,0.39588263630867004,0.4470340609550476,-0.31900814175605774,0.999939501285553
135,13,0.5640296936035156,0.5252329707145691,0.13703958690166473,0.6429336667060852
135,14,0.3775690793991089,0.5360053181648254,-0.31225812435150146,0.9949968457221985
135,15,0.5724369883537292,0.5914627909660339,-0.0755443349480629,0.7699828147888184
135,16,0.41092580556869507,0.6055729985237122,-0.47221165895462036,0.9814616441726685
135,17,0.5781077146530151,0.6120461225509644,-0.13011614978313446,0.7194100618362427
135,18,0.4096376299858093,0.6289665102958679,-0.5339246392250061,0.961254358291626
135,19,0.5685907602310181,0.6119100451469421,-0.2009638249874115,0.7325905561447144
135,20,0.4272097647190094,0.6273704767227173,-0.568408727645874,0.9609532356262207
135,21,0.562527060508728,0.6056214570999146,-0.1094760075211525,0.7160497307777405
135,22,0.43054690957069397,0.6198992133140564,-0.4848608374595642,0.9474849104881287
135,23,0.5205932855606079,0.605754554271698,0.11807431280612946,0.9986913204193115
135,24,0.43831533193588257,0.6065395474433899,-0.11812277138233185,0.998956561088562
135,25,0.5094097852706909,0.7222152352333069,0.12474147975444794,0.8905630707740784
135,26,0.43978047370910645,0.7238093018531799,-0.10419297963380814,0.9683762192726135
135,27,0.49072444438934326,0.8168932795524597,0.3940822184085846,0.925717830657959
135,28,0.4352356791496277,0.8235330581665039,0.16794247925281525,0.9683864116668701
135,29,0.46958452463150024,0.827717661857605,0.40704545378685,0.875541627407074
135,30,0.42536333203315735,0.8362085223197937,0.18165861070156097,0.7665634751319885
135,31,0.5268058180809021,0.8520364761352539,0.21308553218841553,0.9406185150146484
135,32,0.4818875193595886,0.8610016703605652,-0.06338874250650406,0.9602258205413818
136,0,0.5056409239768982,0.3938532769680023,-0.48225003480911255,0.9998998641967773
136,1,0.5052167773246765,0.38346067070961,-0.4445265829563141,0.999762237071991
136,2,0.5085510611534119,0.38347065448760986,-0.444588303565979,0.999704897403717
136,3,0.5116556286811829,0.3835291862487793,-0.4445733428001404,0.9996643662452698
136,4,0.4910790026187897,0.3833625614643097,-0.4759477972984314,0.9998033046722412
136,5,0.4834021329879761,0.38337355852127075,-0.4759984016418457,0.9998027682304382
136,6,0.4748341143131256,0.38359907269477844,-0.4760739505290985,0.9997978210449219
136,7,0.5023565292358398,0.38838818669319153,-0.20643119513988495,0.9988873600959778
136,8,0.4512258768081665,0.3889952003955841,-0.3551318943500519,0.9998068809509277
136,9,0.51026451587677,0.4054564833641052,-0.3890407979488373,0.9998305439949036
136,10,0.49308276176452637,0.4057334065437317,-0.43136417865753174,0.9999145269393921
136,11,0.5468718409538269,0.44866544008255005,0.01800202950835228,0.9996367692947388
136,12,0.3960953950881958,0.44831475615501404,-0.29567569494247437,0.9999397993087769
136,13,0.5724585056304932,0.5230892896652222,0.13900575041770935,0.6698223352432251
136,14,0.3730243146419525,0.5359665155410767,-0.2967134118080139,0.995233952999115
136,15,0.5762951374053955,0.586757481098175,-0.07090364396572113,0.7905762791633606
136,16,0.4131612479686737,0.6003711819648743,-0.44642817974090576,0.9825543761253357
136,17,0.5805692672729492,0.6077619791030884,-0.12537100911140442,0.7430917024612427
136,18,0.41392579674720764,0.6237691640853882,-0.5111114382743835,0.963394284248352
136,19,0.5696468949317932,0.6065715551376343,-0.1936231255531311,0.7553384900093079
136,20,0.433830589056015,0.6211663484573364,-0.544536828994751,0.9630976915359497
136,21,0.563931941986084,0.5997459292411804,-0.10394634306430817,0.7393723130226135
136,22,0.4353259205818176,0.6115750074386597,-0.4579840898513794,0.9501894116401672
136,23,0.5242529511451721,0.6057784557342529,0.11818558722734451,0.998694896697998
136,24,0.44191715121269226,0.6067426800727844,-0.11823759973049164,0.9989584684371948
136,25,0.5106692910194397,0.7215007543563843,0.13927845656871796,0.8888226747512817
136,26,0.4461279511451721,0.7224364280700684,-0.11569565534591675,0.9683038592338562
136,27,0.4906838834285736,0.8188468813896179,0.3708103597164154,0.9253700375556946
136,28,0.44331327080726624,0.825225830078125,0.08232138305902481,0.9682674407958984
136,29,0.46958351135253906,0.8290513157844543,0.37950435280799866,0.8773777484893799
136,30,0.43129339814186096,0.837631106376648,0.08800962567329407,0.7680101990699768
136,31,0.5277867913246155,0.8534356355667114,0.20481109619140625,0.9402216076850891
136,32,0.486179381608963,0.8630027770996094,-0.14213576912879944,0.9594943523406982
137,0,0.5061914920806885,0.39675602316856384,-0.5455712080001831,0.9999071359634399
137,1,0.506138801574707,0.3854582905769348,-0.5140068531036377,0.9997778534889221
137,2,0.5096364617347717,0.38529255986213684,-0.5140258073806763,0.9997243285179138
137,3,0.5129274129867554,0.38522058725357056,-0.5139846801757812,0.9996861815452576
137,4,0.4918181896209717,0.38581186532974243,-0.5381774306297302,0.9998162984848022
137,5,0.4841887056827545,0.3860059678554535,-0.5382401943206787,0.999815821647644
137,6,0.47581061720848083,0.3862919211387634,-0.5382637977600098,0.9998106956481934
137,7,0.505291223526001,0.3895128071308136,-0.28008317947387695,0.998959481716156
137,8,0.45281338691711426,0.39160746335983276,-0.39869168400764465,0.9998186826705933
137,9,0.5111423134803772,0.40802860260009766,-0.4520373046398163,0.9998416900634766
137,10,0.4940626323223114,0.4090375304222107,-0.48538738489151,0.999920129776001
137,11,0.5525850653648376,0.4475952088832855,-0.05086301267147064,0.9996679425239563
137,12,0.39693206548690796,0.4497167468070984,-0.301896870136261,0.9999416470527649
137,13,0.5851286053657532,0.5178271532058716,0.08303608000278473,0.6989306211471558
137,14,0.3649689257144928,0.5337720513343811,-0.29789242148399353,0.9955061078071594
137,15,0.5847755670547485,0.5801847577095032,-0.1282019019126892,0.8104469776153564
137,16,0.414142906665802,0.5926274061203003,-0.4463517963886261,0.983659565448761
137,17,0.5827298760414124,0.6018509268760681,-0.1850719302892685,0.7665751576423645
137,18,0.4220048785209656,0.616734504699707,-0.5108964443206787,0.9655373692512512
137,19,0.5700565576553345,0.5992952585220337,-0.24808980524539948,0.7777707576751709
137,20,0.4399877190589905,0.6111456155776978,-0.5440167784690857,0.9652590751647949
137,21,0.5655649900436401,0.5922834873199463,-0.15697656571865082,0.7627130746841431
137,22,0.4390764534473419,0.6013872027397156,-0.45789605379104614,0.9530066251754761
137,23,0.5287467837333679,0.6039960980415344,0.10600859671831131,0.9987181425094604
137,24,0.44474563002586365,0.6050817370414734,-0.10606717318296432,0.9989765286445618
137,25,0.514579176902771,0.7140594124794006,0.13398082554340363,0.8783901929855347
137,26,0.4596286416053772,0.7118921279907227,-0.12390570342540741,0.964955747127533
137,27,0.49037081003189087,0.8150857090950012,0.30941247940063477,0.9185854196548462
137,28,0.45031535625457764,0.8179728388786316,0.03728125989437103,0.9646293520927429
137,29,0.46917083859443665,0.8262160420417786,0.3148200213909149,0.8732293248176575
137,30,0.4366392493247986,0.831326961517334,0.04044262319803238,0.7622087001800537
137,31,0.5287449359893799,0.8481194376945496,0.15050911903381348,0.9342543482780457
137,32,0.48850810527801514,0.8564022183418274,-0.18210867047309875,0.9541348814964294
138,0,0.5096725821495056,0.39925912022590637,-0.4668779671192169,0.9999117255210876
138,1,0.5086165070533752,0.3875083327293396,-0.43081867694854736,0.9997875690460205
138,2,0.5116606950759888,0.387241005897522,-0.43089261651039124,0.9997372627258301
138,3,0.5145108103752136,0.38703039288520813,-0.43088221549987793,0.9997021555900574
138,4,0.4955218732357025,0.3880311846733093,-0.45897847414016724,0.9998243451118469
138,5,0.4880988299846649,0.3882737159729004,-0.459012508392334,0.999823272228241
138,6,0.4800555408000946,0.3886650800704956,-0.45902717113494873,0.9998178482055664
138,7,0.5059353113174438,0.3909996747970581,-0.19039344787597656,0.9990095496177673
138,8,0.4554339647293091,0.393990159034729,-0.32210078835487366,0.9998241662979126
138,9,0.5133793354034424,0.41026943922042847,-0.3711986243724823,0.9998494982719421
138,10,0.4981614053249359,0.41142648458480835,-0.4088676869869232,0.9999237060546875
138,11,0.5567430853843689,0.4475851058959961,0.016017021611332893,0.9996981620788574
138,12,0.39709603786468506,0.45229068398475647,-0.2312394082546234,0.9999423623085022
138,13,0.6029201149940491,0.5149627923965454,0.10350584238767624,0.7259055972099304
138,14,0.3518926799297333,0.527260959148407,-0.21602536737918854,0.9955959916114807
138,15,0.5896280407905579,0.5733861923217773,-0.1591416299343109,0.8281687498092651
138,16,0.415755957365036,0.5845010280609131,-0.37310197949409485,0.9838218092918396
138,17,0.5828308463096619,0.5935116410255432,-0.22952546179294586,0.7874873280525208
138,18,0.42907243967056274,0.6085439324378967,-0.4377324879169464,0.9658696055412292
138,19,0.570015013217926,0.5884432196617126,-0.2879583537578583,0.7977533340454102
138,20,0.4464133381843567,0.6018099188804626,-0.47158321738243103,0.965576708316803
138,21,0.5659607648849487,0.5827789902687073,-0.18784616887569427,0.7833049893379211
138,22,0.4437519907951355,0.5926117897033691,-0.3841122090816498,0.9530851244926453
138,23,0.5318878889083862,0.6033462285995483,0.1054818332195282,0.9987305998802185
138,24,0.44793713092803955,0.6034717559814453,-0.1054447591304779,0.9989977478981018
138,25,0.5185210108757019,0.7136362195014954,0.09923651069402695,0.8696805238723755
138,26,0.46996816992759705,0.7078400254249573,-0.2615225613117218,0.963367760181427
138,27,0.4913131296634674,0.8168895840644836,0.2559199929237366,0.9129120707511902
138,28,0.4517817199230194,0.8174141645431519,-0.16127559542655945,0.9632151126861572
138,29,0.46924641728401184,0.8304017782211304,0.2584436237812042,0.8674445748329163
138,30,0.439683735370636,0.8308448791503906,-0.16488657891750336,0.7616727948188782
138,31,0.529612123966217,0.848225474357605,0.07970662415027618,0.9285185933113098
138,32,0.48475152254104614,0.8541165590286255,-0.39896973967552185,0.9526589512825012
139,0,0.5120668411254883,0.4054771363735199,-0.42658722400665283,0.9999186396598816
139,1,0.5105606913566589,0.394527792930603,-0.39937230944633484,0.9998033046722412
139,2,0.513362467288971,0.3942084014415741,-0.39943015575408936,0.9997574687004089
139,3,0.5160329341888428,0.39392203092575073,-0.39947691559791565,0.999725878238678
139,4,0.4977317452430725,0.3949205279350281,-0.42213550209999084,0.9998375177383423
139,5,0.49044907093048096,0.39507946372032166,-0.42217758297920227,0.9998365044593811
139,6,0.4825775921344757,0.3954196274280548,-0.42214375734329224,0.9998315572738647
139,7,0.5074199438095093,0.3962048888206482,-0.19165730476379395,0.9990910887718201
139,8,0.4585568308830261,0.3995179831981659,-0.3037298321723938,0.999837338924408
139,9,0.5146117210388184,0.41618603467941284,-0.3426278531551361,0.9998613595962524
139,10,0.49998995661735535,0.41768336296081543,-0.3739336133003235,0.9999297261238098
139,11,0.5590426325798035,0.4480617046356201,0.003735022386536002,0.9997272491455078
139,12,0.39882710576057434,0.45448294281959534,-0.21235275268554688,0.9999462962150574
139,13,0.6150692701339722,0.5120617151260376,0.09854060411453247,0.75162273645401
139,14,0.33759281039237976,0.5230790972709656,-0.1779210865497589,0.9957898259162903
139,15,0.5909118056297302,0.5618726015090942,-0.12918971478939056,0.8444029092788696
139,16,0.41807061433792114,0.5758426189422607,-0.28368499875068665,0.983522355556488
139,17,0.5834003686904907,0.5801376700401306,-0.18837006390094757,0.8065031170845032
139,18,0.4365891218185425,0.5970567464828491,-0.33215320110321045,0.9646840691566467
139,19,0.569995105266571,0.576086699962616,-0.24739913642406464,0.8158683776855469
139,20,0.4516584277153015,0.5896601676940918,-0.3527277410030365,0.9643067121505737
139,21,0.5663813948631287,0.5706714391708374,-0.1798667013645172,0.8019605875015259
139,22,0.44803887605667114,0.5827532410621643,-0.28849467635154724,0.9516774415969849
139,23,0.5311558842658997,0.5920121669769287,0.09256701171398163,0.9987532496452332
139,24,0.44756826758384705,0.592535674571991,-0.09244173020124435,0.9990329742431641
139,25,0.5184483528137207,0.7003899812698364,0.028887825086712837,0.847352147102356
139,26,0.48188531398773193,0.6909730434417725,-0.36907297372817993,0.9591859579086304
139,27,0.4906854033470154,0.8149568438529968,0.10094388574361801,0.894288182258606
139,28,0.45750555396080017,0.8100634813308716,-0.3475951850414276,0.9584359526634216
139,29,0.46921029686927795,0.8291794657707214,0.0980028435587883,0.8500474691390991
139,30,0.44598862528800964,0.8252595663070679,-0.35445329546928406,0.7582422494888306
139,31,0.5300195217132568,0.845724880695343,-0.05814959108829498,0.9126489162445068
139,32,0.48927387595176697,0.845328152179718,-0.571152925491333,0.9485762119293213
140,0,0.5136576890945435,0.4150483012199402,-0.4154070019721985,0.9999221563339233
140,1,0.5136228203773499,0.4041931629180908,-0.3841454088687897,0.9998104572296143
140,2,0.5169293284416199,0.4041089117527008,-0.38422155380249023,0.9997669458389282
140,3,0.5201903581619263,0.4040318429470062,-0.3843125104904175,0.9997393488883972
140,4,0.49931764602661133,0.4037643373012543,-0.4070400297641754,0.9998453259468079
140,5,0.4919201731681824,0.4034958779811859,-0.40713775157928467,0.9998447299003601
140,6,0.4840025305747986,0.40337029099464417,-0.40714114904403687,0.9998418092727661
140,7,0.5138038396835327,0.404388427734375,-0.16075924038887024,0.9991297721862793
140,8,0.46188732981681824,0.40509161353111267,-0.2698267102241516,0.9998478889465332
140,9,0.5162227749824524,0.42427676916122437,-0.3235522210597992,0.9998647570610046
140,10,0.5007753372192383,0.4246426224708557,-0.35535380244255066,0.9999334812164307
140,11,0.5641939640045166,0.4497275948524475,0.048862524330616,0.9997522234916687
140,12,0.40294504165649414,0.4559694826602936,-0.16513411700725555,0.9999505281448364
140,13,0.6245054006576538,0.5096535682678223,0.10588661581277847,0.7733275890350342
140,14,0.3267075717449188,0.5211353898048401,-0.12792742252349854,0.9959625601768494
140,15,0.594260036945343,0.5499017238616943,-0.1260891705751419,0.8569970726966858
140,16,0.4214739203453064,0.5652862787246704,-0.2405112087726593,0.9829440712928772
140,17,0.5853423476219177,0.5683426856994629,-0.18580904603004456,0.8197027444839478
140,18,0.4449065327644348,0.5816776752471924,-0.28998303413391113,0.9628667235374451
140,19,0.570608377456665,0.5637553930282593,-0.2298438996076584,0.8281689882278442
140,20,0.45974934101104736,0.5741821527481079,-0.30747997760772705,0.9623045921325684
140,21,0.5678015947341919,0.5584848523139954,-0.1538238525390625,0.8132219910621643
140,22,0.4533982574939728,0.5688334703445435,-0.2422020137310028,0.9489262700080872
140,23,0.5316519141197205,0.5885803699493408,0.09113342314958572,0.9987845420837402
140,24,0.4475283622741699,0.5885084867477417,-0.09086157381534576,0.9991021156311035
140,25,0.5183934569358826,0.6955097317695618,0.06428558379411697,0.8198890089988708
140,26,0.5023033022880554,0.6587387323379517,-0.6093894243240356,0.9593455791473389
140,27,0.49181756377220154,0.8094919919967651,0.17931963503360748,0.8690564036369324
140,28,0.46601754426956177,0.7954810857772827,-0.6072537899017334,0.9562705159187317
140,29,0.4743715822696686,0.8276910781860352,0.17873308062553406,0.8253090977668762
140,30,0.44932684302330017,0.8121412396430969,-0.6128608584403992,0.7632149457931519
140,31,0.5341499447822571,0.8396867513656616,0.004234031308442354,0.8880385160446167
140,32,0.4989359974861145,0.8353580236434937,-0.8508915305137634,0.9474544525146484
141,0,0.5188286900520325,0.43001824617385864,-0.42800480127334595,0.9999249577522278
141,1,0.5184942483901978,0.41806912422180176,-0.3958365023136139,0.9998186826705933
141,2,0.5213952660560608,0.41776832938194275,-0.39591705799102783,0.9997770190238953
141,3,0.5242651700973511,0.41748666763305664,-0.39601799845695496,0.9997549057006836
141,4,0.505038321018219,0.4174714982509613,-0.4217069447040558,0.9998534917831421
141,5,0.4977385699748993,0.41694265604019165,-0.42181268334388733,0.9998522996902466
141,6,0.4896712005138397,0.4163913130760193,-0.4218348562717438,0.9998520612716675
141,7,0.5172551870346069,0.4169120788574219,-0.16741347312927246,0.9991822242736816
141,8,0.46635177731513977,0.4171528220176697,-0.28879228234291077,0.9998577833175659
141,9,0.520738959312439,0.43838492035865784,-0.3330700099468231,0.9998675584793091
141,10,0.5055878758430481,0.43894869089126587,-0.368660569190979,0.9999364614486694
141,11,0.5666676163673401,0.454793781042099,0.04162409529089928,0.9997762441635132
141,12,0.4025662839412689,0.46355295181274414,-0.16512829065322876,0.9999544024467468
141,13,0.6385183334350586,0.5082071423530579,0.09040330350399017,0.7948731780052185
141,14,0.31253501772880554,0.5221539735794067,-0.13018107414245605,0.9959484338760376
141,15,0.5981006622314453,0.5415593385696411,-0.1775674968957901,0.8699961304664612
141,16,0.42510467767715454,0.5581448674201965,-0.25586143136024475,0.9817085862159729
141,17,0.5875165462493896,0.5563980340957642,-0.23951108753681183,0.8345355987548828
141,18,0.45222651958465576,0.5712908506393433,-0.3033809959888458,0.9592708349227905
141,19,0.571940004825592,0.5523052215576172,-0.26218223571777344,0.8421816825866699
141,20,0.46690818667411804,0.5633241534233093,-0.32114529609680176,0.9585925936698914
141,21,0.5701242685317993,0.5476287603378296,-0.1902076154947281,0.8269175291061401
141,22,0.459365576505661,0.5597347617149353,-0.2563447654247284,0.9432817101478577
141,23,0.5311622023582458,0.5860581994056702,0.08447490632534027,0.9988070726394653
141,24,0.44730085134506226,0.5876292586326599,-0.08421234786510468,0.9991520643234253
141,25,0.509393036365509,0.69527268409729,-0.02712383307516575,0.7803215980529785
141,26,0.5051161646842957,0.6441493630409241,-0.6572907567024231,0.9506471753120422
141,27,0.4918135404586792,0.8099119067192078,-0.0012337113730609417,0.8265730142593384
141,28,0.47204557061195374,0.7810431122779846,-0.7121772170066833,0.9439672231674194
141,29,0.475882887840271,0.8247968554496765,-0.010807698592543602,0.7852041721343994
141,30,0.4539177715778351,0.8052939176559448,-0.7237615585327148,0.7602472305297852
141,31,0.5332683324813843,0.8382828831672668,-0.21346423029899597,0.8543066382408142
141,32,0.5013018846511841,0.8239198923110962,-0.9765421748161316,0.9409700036048889
142,0,0.5230312943458557,0.4398995041847229,-0.32166337966918945,0.9999246001243591
142,1,0.5225030183792114,0.42867594957351685,-0.28992071747779846,0.9998188018798828
142,2,0.5257081985473633,0.4280189871788025,-0.2900080680847168,0.9997779726982117
142,3,0.5286571383476257,0.42737236618995667,-0.29010459780693054,0.9997624754905701
142,4,0.5086306929588318,0.4287869930267334,-0.3107852339744568,0.9998562335968018
142,5,0.501605749130249,0.4283143877983093,-0.3108944594860077,0.9998547434806824
142,6,0.493966281414032,0.4278387129306793,-0.3109503984451294,0.9998586177825928
142,7,0.52298903465271,0.4268624186515808,-0.07724080234766006,0.9992082118988037
142,8,0.47330254316329956,0.42910441756248474,-0.17595027387142181,0.999863862991333
142,9,0.5259617567062378,0.4477100372314453,-0.23338697850704193,0.9998607039451599
142,10,0.510284960269928,0.44927865266799927,-0.26255080103874207,0.9999358654022217
142,11,0.5708943009376526,0.4611305594444275,0.08870641142129898,0.9997974634170532
142,12,0.4062820374965668,0.46568942070007324,-0.06608572602272034,0.9999576807022095
142,13,0.6476615071296692,0.5079814791679382,0.09042152762413025,0.8137785196304321
142,14,0.30974888801574707,0.5225769281387329,-0.08319725096225739,0.9957670569419861
142,15,0.5978448390960693,0.5378196239471436,-0.17501427233219147,0.8811140060424805
142,16,0.42770886421203613,0.5520381927490234,-0.25920140743255615,0.9800060987472534
142,17,0.587950587272644,0.5498765110969543,-0.2322564274072647,0.8466574549674988
142,18,0.4585636854171753,0.5602536797523499,-0.30740565061569214,0.9553253054618835
142,19,0.57300865650177,0.5446541905403137,-0.24624519050121307,0.8533874750137329
142,20,0.47198086977005005,0.5538276433944702,-0.3185766935348511,0.9544607400894165
142,21,0.5715703368186951,0.5407400727272034,-0.18136636912822723,0.8371279239654541
142,22,0.46375080943107605,0.5509324073791504,-0.25855720043182373,0.9374712705612183
142,23,0.5308111906051636,0.5862132906913757,0.07604370266199112,0.9988399147987366
142,24,0.4438282549381256,0.5859599113464355,-0.07577436417341232,0.9992073178291321
142,25,0.5018401145935059,0.697796642780304,0.013442771509289742,0.7582797408103943
142,26,0.5043456554412842,0.6239460110664368,-0.6722989678382874,0.950035572052002
142,27,0.48908424377441406,0.8096505999565125,0.0430917888879776,0.8061298727989197
142,28,0.4787672758102417,0.762745201587677,-0.7253894209861755,0.9419127702713013
142,29,0.4642338752746582,0.8249427676200867,0.034052781760692596,0.7621886134147644
142,30,0.4586814045906067,0.783348560333252,-0.7333281636238098,0.7684997320175171
142,31,0.5325865149497986,0.8387182950973511,-0.15449783205986023,0.8366184830665588
142,32,0.5109472274780273,0.8047904968261719,-0.9607640504837036,0.940960168838501
143,0,0.5256561040878296,0.4534437656402588,-0.6322439908981323,0.9999272227287292
143,1,0.5263196229934692,0.4419735372066498,-0.596636176109314,0.9998264312744141
143,2,0.5295634865760803,0.4410308301448822,-0.5966830253601074,0.9997873902320862
143,3,0.5328004956245422,0.4400630593299866,-0.5968233942985535,0.9997745156288147
143,4,0.5118919610977173,0.4430195391178131,-0.6192538738250732,0.9998624920845032
143,5,0.5048598051071167,0.44300371408462524,-0.6194719672203064,0.999860942363739
143,6,0.49691909551620483,0.44293516874313354,-0.6195492744445801,0.9998666048049927
143,7,0.5293494462966919,0.4385015070438385,-0.3326513469219208,0.9992573857307434
143,8,0.4760119616985321,0.44282039999961853,-0.439486026763916,0.9998732209205627
143,9,0.5294962525367737,0.46039342880249023,-0.5231603384017944,0.9998680353164673
143,10,0.5134291648864746,0.4627693295478821,-0.5546514987945557,0.9999400973320007
143,11,0.5751327276229858,0.46896934509277344,-0.08098385483026505,0.9998169541358948
143,12,0.4145194888114929,0.4704139232635498,-0.2738145589828491,0.9999606013298035
143,13,0.6600423455238342,0.5075923800468445,-0.09416314214468002,0.8318800926208496
143,14,0.3080971837043762,0.5224789977073669,-0.33194705843925476,0.9958866238594055
143,15,0.5974327325820923,0.5324685573577881,-0.34347856044769287,0.8919164538383484
143,16,0.42748910188674927,0.5429444909095764,-0.5137131810188293,0.9801865816116333
143,17,0.586837112903595,0.5436626672744751,-0.3989134132862091,0.8587214350700378
143,18,0.4588022828102112,0.5489763021469116,-0.5680395364761353,0.9547557234764099
143,19,0.5722904205322266,0.5370352268218994,-0.4032220244407654,0.8646474480628967
143,20,0.4704805910587311,0.5437511801719666,-0.5751736760139465,0.9537622332572937
143,21,0.5714443325996399,0.5340545177459717,-0.34628596901893616,0.8480097651481628
143,22,0.462491512298584,0.5426493883132935,-0.511652946472168,0.9359488487243652
143,23,0.529735803604126,0.5861599445343018,0.0809132382273674,0.998871386051178
143,24,0.44241705536842346,0.5843384861946106,-0.08067552000284195,0.9992662668228149
143,25,0.5003287196159363,0.6957845687866211,0.037672292441129684,0.7508885860443115
143,26,0.5046853423118591,0.626488983631134,-0.7480691075325012,0.9519420862197876
143,27,0.4775085151195526,0.7951070070266724,0.24691540002822876,0.7934778928756714
143,28,0.49475425481796265,0.7643790245056152,-0.7322821617126465,0.9453528523445129
143,29,0.4527556002140045,0.8092665672302246,0.2567284405231476,0.7550290822982788
143,30,0.47470927238464355,0.7844772338867188,-0.7344592809677124,0.7828288674354553
143,31,0.5226190686225891,0.8333121538162231,0.07551601529121399,0.8230147361755371
143,32,0.528337836265564,0.8075572848320007,-0.9942994117736816,0.9443809986114502
144,0,0.525263786315918,0.4618336260318756,-0.5584145188331604,0.999931812286377
144,1,0.5272389650344849,0.45033901929855347,-0.527587890625,0.9998399615287781
144,2,0.5310091376304626,0.44941335916519165,-0.5276836156845093,0.9998038411140442
144,3,0.5346039533615112,0.4483562409877777,-0.5278404355049133,0.9997930526733398
144,4,0.5124148726463318,0.45152387022972107,-0.5445607900619507,0.999872624874115
144,5,0.5050758123397827,0.4513870179653168,-0.5446985960006714,0.9998704195022583
144,6,0.4971521496772766,0.45122355222702026,-0.5446966290473938,0.9998770356178284
144,7,0.5335034728050232,0.44616323709487915,-0.28894832730293274,0.9993233680725098
144,8,0.47689053416252136,0.4499649107456207,-0.3793852925300598,0.9998840689659119
144,9,0.5297443270683289,0.46828994154930115,-0.4591260254383087,0.9998788237571716
144,10,0.5131675004959106,0.4705355167388916,-0.48346492648124695,0.9999452233314514
144,11,0.5793982744216919,0.4737118184566498,-0.07193242758512497,0.9998349547386169
144,12,0.4168868064880371,0.4727579653263092,-0.20779810845851898,0.9999637603759766
144,13,0.6659071445465088,0.5082498788833618,-0.1679282784461975,0.8484167456626892
144,14,0.30095231533050537,0.522927463054657,-0.27680525183677673,0.9958726763725281
144,15,0.6093320846557617,0.5267960429191589,-0.46981438994407654,0.9020582437515259
144,16,0.42709410190582275,0.5406742095947266,-0.45786193013191223,0.9801844954490662
144,17,0.5920470356941223,0.5369592905044556,-0.5337642431259155,0.8705698251724243
144,18,0.45744043588638306,0.5459870100021362,-0.5101163387298584,0.9535238146781921
144,19,0.576208770275116,0.5314042568206787,-0.5251850485801697,0.8757323026657104
144,20,0.4689036011695862,0.5398708581924438,-0.5143448710441589,0.9522923231124878
144,21,0.5764647722244263,0.5287908315658569,-0.4684895873069763,0.8589975833892822
144,22,0.46158531308174133,0.5386610627174377,-0.45497822761535645,0.9332497715950012
144,23,0.5273130536079407,0.5869916677474976,0.07324608415365219,0.9989444613456726
144,24,0.4366914629936218,0.5841711759567261,-0.0729309618473053,0.9993225932121277
144,25,0.4990679919719696,0.6972647309303284,-0.00013948112609796226,0.7545948028564453
144,26,0.5047082901000977,0.6179494261741638,-0.7115042805671692,0.9540336728096008
144,27,0.47484439611434937,0.798540472984314,0.16750647127628326,0.7913573980331421
144,28,0.48807042837142944,0.7487353086471558,-0.719788670539856,0.94797283411026
144,29,0.44370871782302856,0.810928225517273,0.17365506291389465,0.7519260048866272
144,30,0.4780186414718628,0.7663961052894592,-0.7241122126579285,0.7956121563911438
144,31,0.5225743055343628,0.8347681164741516,-0.025825135409832,0.8192559480667114
144,32,0.5272939801216125,0.7891587615013123,-0.9764584302902222,0.9475820660591125
145,0,0.5279433131217957,0.4633251130580902,-0.5103656053543091,0.9999358057975769
145,1,0.5306831002235413,0.4521225094795227,-0.4879029095172882,0.999851405620575
145,2,0.534381628036499,0.45107632875442505,-0.4881552755832672,0.9998176097869873
145,3,0.5377417802810669,0.44996166229248047,-0.4885060489177704,0.9998090267181396
145,4,0.5157297253608704,0.4535033702850342,-0.49212315678596497,0.999881386756897
145,5,0.5080326199531555,0.45354923605918884,-0.49225643277168274,0.9998785853385925
145,6,0.4995773434638977,0.4534705579280853,-0.4921964108943939,0.9998863339424133
145,7,0.5359795093536377,0.4474031329154968,-0.2828340530395508,0.9993794560432434
145,8,0.47769439220428467,0.45192474126815796,-0.31001830101013184,0.9998936057090759
145,9,0.5317970514297485,0.47063392400741577,-0.41702088713645935,0.9998873472213745
145,10,0.5148048400878906,0.4732015132904053,-0.42700257897377014,0.9999493956565857
145,11,0.5805405378341675,0.47517794370651245,-0.04191775247454643,0.9998512268066406
145,12,0.4166403114795685,0.4739602208137512,-0.1408623903989792,0.999966561794281
145,13,0.666883111000061,0.5085800290107727,-0.07708277553319931,0.8632097244262695
145,14,0.3020020127296448,0.5258277654647827,-0.1440735012292862,0.9956047534942627
145,15,0.6112403273582458,0.5283387899398804,-0.34360337257385254,0.9108589291572571
145,16,0.4277360141277313,0.5423346757888794,-0.2970549762248993,0.9793720245361328
145,17,0.5941995978355408,0.5371690392494202,-0.40264981985092163,0.8801283836364746
145,18,0.4611169099807739,0.5481328964233398,-0.33958953619003296,0.9503664374351501
145,19,0.5786929726600647,0.5317339897155762,-0.4048336148262024,0.8845700025558472
145,20,0.4718652069568634,0.5419574975967407,-0.34608399868011475,0.9488222599029541
145,21,0.5792796015739441,0.5293096303939819,-0.3461363911628723,0.8670603632926941
145,22,0.4628699719905853,0.5406633615493774,-0.29355865716934204,0.9276390075683594
145,23,0.524874210357666,0.5867822766304016,0.06715796887874603,0.9990081787109375
145,24,0.43172091245651245,0.5825968980789185,-0.06677044928073883,0.9993711709976196
145,25,0.4949149787425995,0.6950470209121704,-0.010227611288428307,0.7605733871459961
145,26,0.5020204186439514,0.6224110126495361,-0.6724539399147034,0.9557886123657227
145,27,0.473575621843338,0.7993651032447815,0.08701948076486588,0.7882535457611084
145,28,0.48441052436828613,0.7509327530860901,-0.7325598001480103,0.9498251080513
145,29,0.44163966178894043,0.8133801221847534,0.08439560234546661,0.7481136322021484
145,30,0.47437751293182373,0.7683779001235962,-0.7432478070259094,0.8059862852096558
145,31,0.5229024887084961,0.8349153399467468,-0.12238815426826477,0.8156892657279968
145,32,0.5228248834609985,0.7903214693069458,-0.9994083642959595,0.9502131342887878
146,0,0.5306159257888794,0.46022385358810425,-0.4640236794948578,0.9999403953552246
146,1,0.5322716236114502,0.44897913932800293,-0.4361867606639862,0.9998635053634644
146,2,0.5356365442276001,0.44794097542762756,-0.4363836646080017,0.9998321533203125
146,3,0.5387412309646606,0.44673532247543335,-0.4365994334220886,0.9998251795768738
146,4,0.51814204454422,0.45005375146865845,-0.4506484866142273,0.999890923500061
146,5,0.5103268027305603,0.4499293863773346,-0.45076149702072144,0.9998877644538879
146,6,0.5015373229980469,0.44976335763931274,-0.45076629519462585,0.9998958110809326
146,7,0.5357991456985474,0.4438156187534332,-0.21119339764118195,0.9994332194328308
146,8,0.47812649607658386,0.4481787085533142,-0.2791726291179657,0.9999030232429504
146,9,0.5338961482048035,0.4672102928161621,-0.36717110872268677,0.9998965859413147
146,10,0.5169866681098938,0.47015851736068726,-0.38796406984329224,0.9999537467956543
146,11,0.5810425281524658,0.4741131663322449,0.016147147864103317,0.9998658895492554
146,12,0.4164433777332306,0.47460848093032837,-0.1287749856710434,0.9999693632125854
146,13,0.6599403619766235,0.5103631019592285,-0.05215893313288689,0.8765336275100708
146,14,0.30586665868759155,0.5271119475364685,-0.10855353623628616,0.9955814480781555
146,15,0.6110894083976746,0.5295265913009644,-0.2927999794483185,0.9190399050712585
146,16,0.4285157024860382,0.5474640130996704,-0.2530479431152344,0.9793470501899719
146,17,0.5935553312301636,0.5404244661331177,-0.3527611196041107,0.8899218440055847
146,18,0.4607852101325989,0.5563324689865112,-0.29735270142555237,0.9495065808296204
146,19,0.5786316394805908,0.5346484184265137,-0.36458495259284973,0.8938467502593994
146,20,0.47384485602378845,0.550588071346283,-0.3159502446651459,0.9478643536567688
146,21,0.5790160298347473,0.5316036939620972,-0.30012986063957214,0.8764109015464783
146,22,0.4642864167690277,0.5474761724472046,-0.254639208316803,0.9259997606277466
146,23,0.5242881774902344,0.5872291922569275,0.0710492953658104,0.9990540742874146
146,24,0.43071094155311584,0.5836531519889832,-0.07073420286178589,0.9994129538536072
146,25,0.49628129601478577,0.6936690211296082,-0.0037692957557737827,0.7551151514053345
146,26,0.5001406669616699,0.6312182545661926,-0.6423295140266418,0.9548339247703552
146,27,0.47138693928718567,0.794998049736023,0.06484093517065048,0.7733125686645508
146,28,0.482360303401947,0.7608437538146973,-0.7021574378013611,0.9491448998451233
146,29,0.44459816813468933,0.812627911567688,0.05988333001732826,0.7380719780921936
146,30,0.4720061719417572,0.7780369520187378,-0.7137788534164429,0.8115512132644653
146,31,0.5213021636009216,0.8313655853271484,-0.14432823657989502,0.8060696125030518
146,32,0.5224103927612305,0.8003032803535461,-0.9682465195655823,0.9509540796279907
147,0,0.5320094227790833,0.4542277455329895,-0.6722410917282104,0.999932587146759
147,1,0.5327928066253662,0.4427993893623352,-0.6490077376365662,0.9998356699943542
147,2,0.5360884070396423,0.44196468591690063,-0.6490873098373413,0.9997925758361816
147,3,0.5391836762428284,0.4409819543361664,-0.6492408514022827,0.9997929334640503
147,4,0.5186390280723572,0.44350677728652954,-0.6684202551841736,0.999878466129303
147,5,0.5106632709503174,0.4432598948478699,-0.6686057448387146,0.9998723864555359
147,6,0.5016909837722778,0.44299349188804626,-0.6686830520629883,0.9998871684074402
147,7,0.5365391969680786,0.43867039680480957,-0.41326189041137695,0.9993433356285095
147,8,0.47891348600387573,0.4423585832118988,-0.5020315647125244,0.999899685382843
147,9,0.5354254245758057,0.4616556763648987,-0.5703119039535522,0.9998906254768372
147,10,0.5191080570220947,0.4636939465999603,-0.5963917374610901,0.9999532699584961
147,11,0.584162712097168,0.4721822142601013,-0.14506635069847107,0.9998780488967896
147,12,0.41800960898399353,0.4731416702270508,-0.3277292847633362,0.9999712705612183
147,13,0.655269980430603,0.5124263167381287,-0.05389147251844406,0.8882619738578796
147,14,0.3183584213256836,0.5271933674812317,-0.27530431747436523,0.9957745671272278
147,15,0.6084412336349487,0.5301780104637146,-0.28223615884780884,0.9259445667266846
147,16,0.4355067014694214,0.5551729798316956,-0.40529143810272217,0.9793330430984497
147,17,0.5891265273094177,0.5430542826652527,-0.3375610113143921,0.8976404666900635
147,18,0.4643441140651703,0.5670626759529114,-0.4559321999549866,0.948771059513092
147,19,0.5772109627723694,0.5399577021598816,-0.36051952838897705,0.9011855721473694
147,20,0.47935643792152405,0.5609790086746216,-0.4791332185268402,0.947130560874939
147,21,0.578101396560669,0.5365875363349915,-0.29273340106010437,0.8838522434234619
147,22,0.4723459780216217,0.5566550493240356,-0.4081495404243469,0.924599289894104
147,23,0.5267108678817749,0.5891950130462646,0.07340843230485916,0.9989101886749268
147,24,0.43463385105133057,0.5844063758850098,-0.07312780618667603,0.9993617534637451
147,25,0.49637848138809204,0.6951479315757751,0.027603494003415108,0.7351130247116089
147,26,0.5017560720443726,0.6670287847518921,-0.5099920034408569,0.9509652256965637
147,27,0.4680585563182831,0.7966910600662231,0.11414609849452972,0.7652716636657715
147,28,0.48126521706581116,0.7769433259963989,-0.5035933256149292,0.948110044002533
147,29,0.44224247336387634,0.8137796521186829,0.1101050153374672,0.7357869148254395
147,30,0.4630284607410431,0.7965030670166016,-0.5107091069221497,0.8183605670928955
147,31,0.519319474697113,0.8321431875228882,-0.10529515892267227,0.7987395524978638
147,32,0.5214285254478455,0.8166599273681641,-0.7735471725463867,0.9494096040725708
148,0,0.5312119722366333,0.4525865912437439,-0.5892460346221924,0.9999352693557739
148,1,0.5319541096687317,0.44153785705566406,-0.5634576678276062,0.9998383522033691
148,2,0.5352474451065063,0.44046705961227417,-0.56351238489151,0.9997959136962891
148,3,0.5383740067481995,0.4391420781612396,-0.5636053085327148,0.9997975826263428
148,4,0.518169641494751,0.4423135221004486,-0.5859553813934326,0.9998817443847656
148,5,0.5105953216552734,0.44194403290748596,-0.5860809087753296,0.9998752474784851
148,6,0.5020235180854797,0.44132766127586365,-0.5861539840698242,0.9998900294303894
148,7,0.5352985262870789,0.43371543288230896,-0.3338480293750763,0.9993517398834229
148,8,0.4791337251663208,0.4377247393131256,-0.43853065371513367,0.9999025464057922
148,9,0.5346591472625732,0.4588913023471832,-0.49168750643730164,0.9998956918716431
148,10,0.5183929204940796,0.4599267542362213,-0.5218899846076965,0.9999557137489319
148,11,0.5828638076782227,0.46838584542274475,-0.09096019715070724,0.9998896718025208
148,12,0.4173550605773926,0.4708636403083801,-0.30536124110221863,0.9999734163284302
148,13,0.6514929533004761,0.5142260193824768,-0.0337093323469162,0.8987456560134888
148,14,0.33599933981895447,0.5288861989974976,-0.266374796628952,0.9960010051727295
148,15,0.606695294380188,0.5414206981658936,-0.3195767402648926,0.9327596426010132
148,16,0.4416370391845703,0.5730341672897339,-0.3890422284603119,0.9798291921615601
148,17,0.5890617966651917,0.5524909496307373,-0.3851942718029022,0.9064331650733948
148,18,0.4642358124256134,0.5910875797271729,-0.44493377208709717,0.9495860934257507
148,19,0.5768319964408875,0.5483604669570923,-0.4156617820262909,0.9096639752388
148,20,0.4813232719898224,0.5848243236541748,-0.45921948552131653,0.9479648470878601
148,21,0.5774075984954834,0.5451490879058838,-0.3348756730556488,0.8932090401649475
148,22,0.47587302327156067,0.5791757702827454,-0.3910992443561554,0.9253975749015808
148,23,0.5293410420417786,0.5931841731071472,0.08784454315900803,0.9988364577293396
148,24,0.44157159328460693,0.5886990427970886,-0.08792509138584137,0.99933922290802
148,25,0.4971030354499817,0.6955172419548035,0.06884392350912094,0.7146986126899719
148,26,0.4972764849662781,0.6960729360580444,-0.37950587272644043,0.945281445980072
148,27,0.4687638580799103,0.7974466681480408,0.18081259727478027,0.7565218806266785
148,28,0.4577345550060272,0.8058109283447266,-0.3427693247795105,0.9446336030960083
148,29,0.4451342225074768,0.817223072052002,0.18089430034160614,0.7280855774879456
148,30,0.43925708532333374,0.8201559782028198,-0.34957045316696167,0.8134211301803589
148,31,0.519494354724884,0.8321995735168457,0.015814146026968956,0.7927622199058533
148,32,0.49529916048049927,0.8327711820602417,-0.5814480185508728,0.9454571008682251
149,0,0.530968964099884,0.4384978413581848,-0.6429314017295837,0.9999387860298157
149,1,0.5318211317062378,0.427084743976593,-0.6129334568977356,0.9998448491096497
149,2,0.5351209044456482,0.42617854475975037,-0.6129714846611023,0.9998043775558472
149,3,0.5381789207458496,0.4252775311470032,-0.6130209565162659,0.9998058676719666
149,4,0.5181406140327454,0.42799535393714905,-0.6392072439193726,0.9998862743377686
149,5,0.510653555393219,0.42780765891075134,-0.6393153071403503,0.9998798370361328
149,6,0.5026865005493164,0.4273894429206848,-0.6393790245056152,0.9998931288719177
149,7,0.534493625164032,0.4219590723514557,-0.3606572151184082,0.9993674755096436
149,8,0.4798246920108795,0.4248637557029724,-0.4824511706829071,0.999904990196228
149,9,0.5343208909034729,0.44527125358581543,-0.537545382976532,0.9999009966850281
149,10,0.5182815790176392,0.44627299904823303,-0.5728909969329834,0.999957799911499
149,11,0.5819377899169922,0.4611731469631195,-0.09375208616256714,0.9998999834060669
149,12,0.417507141828537,0.4659212529659271,-0.3585719168186188,0.9999749660491943
149,13,0.6358683705329895,0.5152660012245178,-0.0494825504720211,0.9076604843139648
149,14,0.3538344204425812,0.5309283137321472,-0.3315851092338562,0.9962405562400818
149,15,0.6045932173728943,0.5580072999000549,-0.38307955861091614,0.938927412033081
149,16,0.44082221388816833,0.5843889713287354,-0.44076696038246155,0.9807391166687012
149,17,0.5890094041824341,0.572268545627594,-0.4561975598335266,0.9145188927650452
149,18,0.4632435142993927,0.606914222240448,-0.49653488397598267,0.9516568779945374
149,19,0.5767718553543091,0.5674372315406799,-0.4962845742702484,0.917481541633606
149,20,0.4794831871986389,0.6032932996749878,-0.5246568322181702,0.9501213431358337
149,21,0.5767185091972351,0.5638806819915771,-0.40455013513565063,0.9019818305969238
149,22,0.47382837533950806,0.5961789488792419,-0.44709303975105286,0.9282128810882568
149,23,0.5308767557144165,0.5933090448379517,0.11205467581748962,0.9988484978675842
149,24,0.4482018053531647,0.5893359184265137,-0.11226802319288254,0.9993359446525574
149,25,0.5026021003723145,0.6955826878547668,0.10407412797212601,0.704425573348999
149,26,0.4896308481693268,0.6936637163162231,-0.3556481599807739,0.9439873695373535
149,27,0.4694066643714905,0.8040710687637329,0.2520374655723572,0.7566914558410645
149,28,0.4492376148700714,0.8093698620796204,-0.29723379015922546,0.9442932605743408
149,29,0.44609299302101135,0.822777271270752,0.255927711725235,0.729613721370697
149,30,0.42718666791915894,0.8247247934341431,-0.3028255105018616,0.8112414479255676
149,31,0.5197836756706238,0.8346654176712036,0.09221342951059341,0.7945120930671692
149,32,0.48954862356185913,0.8399639129638672,-0.5366408824920654,0.9443469643592834
150,0,0.5308209657669067,0.42641258239746094,-0.743790864944458,0.9999412298202515
150,1,0.5316854119300842,0.4146093428134918,-0.7119562029838562,0.9998463988304138
150,2,0.5349223017692566,0.41394299268722534,-0.7119668126106262,0.999807596206665
150,3,0.5379365086555481,0.41333141922950745,-0.7119929790496826,0.9998078942298889
150,4,0.518139660358429,0.41526898741722107,-0.7447827458381653,0.999887228012085
150,5,0.5107941627502441,0.41502323746681213,-0.7449111342430115,0.9998812675476074
150,6,0.5030575394630432,0.4147512912750244,-0.744943380355835,0.9998915195465088
150,7,0.5341187119483948,0.411518394947052,-0.43834254145622253,0.9993613958358765
150,8,0.4798833131790161,0.41323351860046387,-0.5911656022071838,0.999901294708252
150,9,0.5340234041213989,0.4342860281467438,-0.6300832629203796,0.9998990297317505
150,10,0.5180776119232178,0.43492335081100464,-0.674096405506134,0.9999553561210632
150,11,0.5801379680633545,0.45391735434532166,-0.13262724876403809,0.999907910823822
150,12,0.41726964712142944,0.46192970871925354,-0.4685407280921936,0.9999739527702332
150,13,0.613290548324585,0.5156100988388062,-0.0011407777201384306,0.9127635359764099
150,14,0.3729037046432495,0.5337704420089722,-0.43672558665275574,0.9963796138763428
150,15,0.6027049422264099,0.5726739168167114,-0.22499027848243713,0.9431292414665222
150,16,0.439741313457489,0.5962806940078735,-0.5575554966926575,0.9811704754829407
150,17,0.5896429419517517,0.5901297926902771,-0.2838503420352936,0.9190154671669006
150,18,0.4544714689254761,0.6196064949035645,-0.6251102685928345,0.9530811309814453
150,19,0.5777269005775452,0.5865815877914429,-0.3656652569770813,0.9221110343933105
150,20,0.47404175996780396,0.6177977323532104,-0.6637665033340454,0.9517410397529602
150,21,0.5767950415611267,0.581279993057251,-0.26126065850257874,0.9070357084274292
150,22,0.4713236093521118,0.6098336577415466,-0.5705223679542542,0.9304246306419373
150,23,0.5323388576507568,0.6014400720596313,0.12260226160287857,0.9988669157028198
150,24,0.4502519965171814,0.5991420149803162,-0.12267366051673889,0.9993069767951965
150,25,0.507727861404419,0.703482449054718,0.16601072251796722,0.7163624167442322
150,26,0.4800826609134674,0.7026389837265015,-0.20456084609031677,0.9468005895614624
150,27,0.4683098793029785,0.8077446818351746,0.3715304136276245,0.7728683352470398
150,28,0.4400469958782196,0.8062549829483032,-0.03728275001049042,0.9474347233772278
150,29,0.4423638582229614,0.8230277895927429,0.37977972626686096,0.7464670538902283
150,30,0.423951119184494,0.8221847414970398,-0.03326233848929405,0.8162950277328491
150,31,0.5205238461494446,0.8414257168769836,0.19683460891246796,0.8086492419242859
150,32,0.47540542483329773,0.8447874188423157,-0.2651095390319824,0.9467485547065735
151,0,0.5305307507514954,0.4172370433807373,-0.8445019125938416,0.9999459385871887
151,1,0.5314868092536926,0.40593767166137695,-0.8072401881217957,0.9998575448989868
151,2,0.5347306132316589,0.40530452132225037,-0.8072202205657959,0.999821662902832
151,3,0.5377618670463562,0.4047117829322815,-0.8072212934494019,0.9998214244842529
151,4,0.5178398489952087,0.4065626561641693,-0.842129111289978,0.999895453453064
151,5,0.5104768872261047,0.40652337670326233,-0.8422924280166626,0.9998900890350342
151,6,0.5027334094047546,0.40635475516319275,-0.8423203229904175,0.9998988509178162
151,7,0.5339952707290649,0.40518879890441895,-0.5292606353759766,0.9993950724601746
151,8,0.4791666567325592,0.4077398180961609,-0.6943877935409546,0.9999064803123474
151,9,0.5339750647544861,0.42704129219055176,-0.7321634292602539,0.9999043345451355
151,10,0.5178297162055969,0.42889705300331116,-0.7796681523323059,0.9999576210975647
151,11,0.5744460821151733,0.4511706829071045,-0.2368314564228058,0.9999136924743652
151,12,0.41646304726600647,0.45954465866088867,-0.5689166784286499,0.9999722838401794
151,13,0.5951200723648071,0.5172991752624512,-0.1306127905845642,0.9173770546913147
151,14,0.3860441744327545,0.5368114709854126,-0.5498831272125244,0.9965556859970093
151,15,0.5965293645858765,0.580202043056488,-0.3689756989479065,0.9474034309387207
151,16,0.43914562463760376,0.6086010336875916,-0.6575220823287964,0.982028603553772
151,17,0.5896324515342712,0.5997554063796997,-0.4341154396533966,0.9240553975105286
151,18,0.4470968544483185,0.6315633058547974,-0.7248924970626831,0.955350399017334
151,19,0.5776659846305847,0.5988558530807495,-0.5014925599098206,0.927085280418396
151,20,0.46628764271736145,0.6301482915878296,-0.7652748227119446,0.9541568756103516
151,21,0.5759899020195007,0.593076229095459,-0.4021967053413391,0.9126929640769958
151,22,0.46920934319496155,0.6230789422988892,-0.6711248755455017,0.9338818788528442
151,23,0.532760500907898,0.6003521680831909,0.12069609761238098,0.9989068508148193
151,24,0.45413732528686523,0.5982440710067749,-0.12081754207611084,0.9993219375610352
151,25,0.5087988376617432,0.7038606405258179,0.19016346335411072,0.726274847984314
151,26,0.4749491512775421,0.7033427357673645,-0.21229471266269684,0.9484782218933105
151,27,0.4689580798149109,0.8079094886779785,0.408078670501709,0.7849298119544983
151,28,0.4388856589794159,0.8078610301017761,-0.08345978707075119,0.9495044946670532
151,29,0.44337937235832214,0.8207831382751465,0.41781458258628845,0.7571465969085693
151,30,0.41956111788749695,0.8200621604919434,-0.08431751281023026,0.8148286938667297
151,31,0.5197983384132385,0.841438889503479,0.24388299882411957,0.8193359971046448
151,32,0.4770098924636841,0.8470394015312195,-0.32703959941864014,0.9478728771209717
152,0,0.5304867625236511,0.4113823473453522,-0.7692893743515015,0.9999503493309021
152,1,0.5312445163726807,0.40093937516212463,-0.7299336194992065,0.999868631362915
152,2,0.5344674587249756,0.40053772926330566,-0.7299076318740845,0.9998355507850647
152,3,0.5374818444252014,0.4001219868659973,-0.7298877239227295,0.9998347759246826
152,4,0.5176345109939575,0.40125784277915955,-0.7653095722198486,0.999903678894043
152,5,0.5102185010910034,0.4012373387813568,-0.7654557824134827,0.9998989701271057
152,6,0.5024026036262512,0.40134191513061523,-0.7654570937156677,0.9999064803123474
152,7,0.5314518809318542,0.40179094672203064,-0.45846205949783325,0.9994350671768188
152,8,0.4789493680000305,0.4040357172489166,-0.6250272989273071,0.9999129772186279
152,9,0.5336036086082458,0.42121949791908264,-0.6608914136886597,0.9999103546142578
152,10,0.5176976323127747,0.4231225848197937,-0.7088346481323242,0.9999601244926453
152,11,0.5711347460746765,0.4509389400482178,-0.16710932552814484,0.9999186992645264
152,12,0.41630542278289795,0.4587405323982239,-0.5416514873504639,0.9999722838401794
152,13,0.5886041522026062,0.5202566385269165,-0.07231247425079346,0.9181675910949707
152,14,0.39807239174842834,0.542195200920105,-0.5325924158096313,0.9967139959335327
152,15,0.5893840789794922,0.5874875783920288,-0.21827548742294312,0.950074315071106
152,16,0.4385887086391449,0.614841103553772,-0.6327094435691833,0.98279869556427
152,17,0.5886868238449097,0.6087565422058105,-0.2657758593559265,0.9264827966690063
152,18,0.4424152374267578,0.6393080353736877,-0.7013717293739319,0.9573805332183838
152,19,0.5763436555862427,0.607998788356781,-0.33751216530799866,0.9296163320541382
152,20,0.4621099829673767,0.6361765265464783,-0.7329095602035522,0.9563159942626953
152,21,0.5718931555747986,0.603439211845398,-0.2516925036907196,0.9153432250022888
152,22,0.4671139121055603,0.6276988983154297,-0.6436306834220886,0.9370074272155762
152,23,0.532743513584137,0.6001719236373901,0.13779307901859283,0.9989625215530396
152,24,0.4568587839603424,0.6006128191947937,-0.1379466950893402,0.9993531703948975
152,25,0.5113627910614014,0.7060335874557495,0.2300630509853363,0.7333351969718933
152,26,0.47601616382598877,0.7050641775131226,-0.20174908638000488,0.9511063694953918
152,27,0.4691772758960724,0.8078811764717102,0.45571234822273254,0.7973791360855103
152,28,0.4401366710662842,0.8064552545547485,-0.050495248287916183,0.9527100324630737
152,29,0.44406813383102417,0.8190113306045532,0.46634453535079956,0.7701821327209473
152,30,0.41704317927360535,0.8190131187438965,-0.048205990344285965,0.8204041719436646
152,31,0.5198479294776917,0.8414987325668335,0.3096751570701599,0.8304061889648438
152,32,0.4799737334251404,0.8461516499519348,-0.2691110074520111,0.9505059123039246
153,0,0.5300874710083008,0.4093436598777771,-0.7718042731285095,0.9999532699584961
153,1,0.5305082201957703,0.3983975052833557,-0.7322379350662231,0.9998749494552612
153,2,0.5338295698165894,0.39793556928634644,-0.7322415709495544,0.9998437166213989
153,3,0.5369101166725159,0.39745983481407166,-0.7322291135787964,0.9998420476913452
153,4,0.5169053077697754,0.3989499807357788,-0.7684493064880371,0.9999082088470459
153,5,0.5093238949775696,0.3990755081176758,-0.7686007022857666,0.9999040961265564
153,6,0.5013770461082458,0.3992813229560852,-0.768641471862793,0.9999099969863892
153,7,0.529691755771637,0.4000924527645111,-0.45895346999168396,0.9994461536407471
153,8,0.4768347442150116,0.40323901176452637,-0.6283648014068604,0.9999144077301025
153,9,0.5333920121192932,0.4192711412906647,-0.6625158786773682,0.9999115467071533
153,10,0.517507016658783,0.42129555344581604,-0.7111701369285583,0.9999600648880005
153,11,0.5691046118736267,0.45009487867355347,-0.1642211526632309,0.9999226927757263
153,12,0.41510137915611267,0.45897889137268066,-0.5412342548370361,0.9999701380729675
153,13,0.5866234302520752,0.5216115713119507,-0.057955704629421234,0.9184686541557312
153,14,0.4056795835494995,0.5464786887168884,-0.5246363282203674,0.9967537522315979
153,15,0.5867606997489929,0.5884640216827393,-0.23001162707805634,0.952538788318634
153,16,0.4382229149341583,0.6176502108573914,-0.6283842921257019,0.9833096861839294
153,17,0.5878549218177795,0.6103451251983643,-0.28260302543640137,0.9289590120315552
153,18,0.4396800696849823,0.6419866681098938,-0.6989847421646118,0.9589804410934448
153,19,0.574238657951355,0.6089932322502136,-0.34707406163215637,0.9321772456169128
153,20,0.4589759111404419,0.6384971737861633,-0.7354937195777893,0.9580457210540771
153,21,0.568963348865509,0.6038438081741333,-0.26076629757881165,0.9181526899337769
153,22,0.4644501507282257,0.6300630569458008,-0.6415212154388428,0.9395084381103516
153,23,0.5334136486053467,0.6000678539276123,0.13911491632461548,0.9990057945251465
153,24,0.45758479833602905,0.6019278764724731,-0.13923847675323486,0.9993691444396973
153,25,0.5147461295127869,0.7062000036239624,0.23385217785835266,0.739972710609436
153,26,0.47683265805244446,0.703791081905365,-0.18005682528018951,0.9528923630714417
153,27,0.46859240531921387,0.807590126991272,0.46431031823158264,0.8083568215370178
153,28,0.4401308298110962,0.8049823045730591,-0.0064110723324120045,0.9552200436592102
153,29,0.4440206289291382,0.817569375038147,0.47559937834739685,0.7816095352172852
153,30,0.4205792248249054,0.8189910650253296,-0.0019798013381659985,0.8227393627166748
153,31,0.5194052457809448,0.8413016200065613,0.31943416595458984,0.8406368494033813
153,32,0.4841476082801819,0.846410870552063,-0.22033827006816864,0.9526265859603882
154,0,0.5292425751686096,0.4097105860710144,-0.8119580745697021,0.9999556541442871
154,1,0.5289271473884583,0.3985423743724823,-0.7734658122062683,0.9998792409896851
154,2,0.5321831703186035,0.3980322480201721,-0.7734777927398682,0.9998494982719421
154,3,0.5352841019630432,0.39750513434410095,-0.7734795212745667,0.999846875667572
154,4,0.5155996680259705,0.39941996335983276,-0.8092969059944153,0.9999112486839294
154,5,0.5080914497375488,0.3996656835079193,-0.8094775080680847,0.9999079704284668
154,6,0.5000812411308289,0.40004080533981323,-0.809539258480072,0.999912440776825
154,7,0.5273391008377075,0.4003925919532776,-0.4951094388961792,0.9994502663612366
154,8,0.4754125773906708,0.40420594811439514,-0.6619081497192383,0.9999148845672607
154,9,0.5327310562133789,0.4194548726081848,-0.6996678113937378,0.9999108910560608
154,10,0.5171835422515869,0.42175182700157166,-0.7475993037223816,0.9999592304229736
154,11,0.5685980319976807,0.4494033455848694,-0.18942250311374664,0.9999268651008606
154,12,0.4132203459739685,0.4590146541595459,-0.5627526044845581,0.9999690651893616
154,13,0.5867748856544495,0.5214971303939819,-0.059548426419496536,0.9188007712364197
154,14,0.4091015160083771,0.5474626421928406,-0.5376084446907043,0.9968597292900085
154,15,0.5867555737495422,0.5870930552482605,-0.23754069209098816,0.9544551372528076
154,16,0.4403369426727295,0.6164757013320923,-0.6491884589195251,0.9840347170829773
154,17,0.5876325368881226,0.609573483467102,-0.2850802540779114,0.9307032823562622
154,18,0.4399891197681427,0.639248251914978,-0.7216721177101135,0.9609575867652893
154,19,0.5738996863365173,0.6081202626228333,-0.3725455701351166,0.9340454339981079
154,20,0.4591575562953949,0.6360440850257874,-0.760791540145874,0.9601760506629944
154,21,0.5684236884117126,0.6026164293289185,-0.2798159420490265,0.9202532172203064
154,22,0.4644317626953125,0.6282040476799011,-0.6635624170303345,0.9425457119941711
154,23,0.5346033573150635,0.5996747016906738,0.13542062044143677,0.9990454912185669
154,24,0.4571090638637543,0.6017104983329773,-0.13551484048366547,0.9993845224380493
154,25,0.5187965631484985,0.7052590250968933,0.20962755382061005,0.7474551200866699
154,26,0.4797156751155853,0.6993019580841064,-0.2106810212135315,0.9546065926551819
154,27,0.46849510073661804,0.8054624795913696,0.47136810421943665,0.8171653151512146
154,28,0.4391753375530243,0.8043044805526733,-0.020277291536331177,0.9575009942054749
154,29,0.44435441493988037,0.8139645457267761,0.4860697388648987,0.7900235652923584
154,30,0.42166590690612793,0.812402606010437,-0.013252710923552513,0.8255337476730347
154,31,0.5159277319908142,0.8408303260803223,0.32443925738334656,0.8489945530891418
154,32,0.4793750047683716,0.8448175191879272,-0.23666001856327057,0.9547785520553589
155,0,0.5291404128074646,0.4122953414916992,-0.8712418675422668,0.9999581575393677
155,1,0.5288317799568176,0.4012623727321625,-0.8355031609535217,0.9998845458030701
155,2,0.5321087837219238,0.40071040391921997,-0.8355106115341187,0.9998570084571838
155,3,0.5351464152336121,0.4001450538635254,-0.8355568647384644,0.9998540282249451
155,4,0.5155710577964783,0.40211501717567444,-0.8706520199775696,0.9999145269393921
155,5,0.5080376863479614,0.40229296684265137,-0.8708470463752747,0.9999120235443115
155,6,0.5000110268592834,0.4025762677192688,-0.8709058165550232,0.9999153017997742
155,7,0.5269548892974854,0.40218934416770935,-0.5566285848617554,0.999467670917511
155,8,0.4753728210926056,0.4059573709964752,-0.7207881212234497,0.9999170303344727
155,9,0.5324480533599854,0.42187047004699707,-0.7569847702980042,0.9999144077301025
155,10,0.5169756412506104,0.42413073778152466,-0.8043394088745117,0.9999605417251587
155,11,0.5688313245773315,0.44988569617271423,-0.24676568806171417,0.9999326467514038
155,12,0.4121815860271454,0.45911407470703125,-0.584722638130188,0.9999701380729675
155,13,0.591311514377594,0.5215920209884644,-0.1439947932958603,0.9241041541099548
155,14,0.4015127420425415,0.5459290742874146,-0.5555301308631897,0.9970287680625916
155,15,0.5870165228843689,0.5847557783126831,-0.4119723439216614,0.9578139185905457
155,16,0.44289499521255493,0.6102502942085266,-0.6865361928939819,0.9848694205284119
155,17,0.5875288844108582,0.6058884859085083,-0.47971493005752563,0.9349892735481262
155,18,0.44585147500038147,0.6322184205055237,-0.7600414752960205,0.9630127549171448
155,19,0.573759913444519,0.6035225987434387,-0.5461903214454651,0.9382047653198242
155,20,0.4652291238307953,0.6286931037902832,-0.7993125319480896,0.9623303413391113
155,21,0.5684402585029602,0.5977998971939087,-0.44506174325942993,0.9249030947685242
155,22,0.4684413969516754,0.6216356158256531,-0.6999477744102478,0.9454127550125122
155,23,0.5378953218460083,0.5925396680831909,0.13216637074947357,0.9990919232368469
155,24,0.4566214382648468,0.5961740016937256,-0.13223306834697723,0.9994112253189087
155,25,0.5252835750579834,0.7010520696640015,0.1858215481042862,0.7479771971702576
155,26,0.4854891896247864,0.6979997754096985,-0.25124767422676086,0.9546999335289001
155,27,0.470204621553421,0.8048019409179688,0.41747575998306274,0.8200475573539734
155,28,0.43943753838539124,0.8015535473823547,-0.12657460570335388,0.9581484198570251
155,29,0.44745492935180664,0.8143414258956909,0.427675724029541,0.7910077571868896
155,30,0.4228251278400421,0.8128426671028137,-0.13491034507751465,0.8229288458824158
155,31,0.5161702632904053,0.840551495552063,0.31203076243400574,0.8521630764007568
155,32,0.4754098355770111,0.8420855402946472,-0.4121192395687103,0.9554775357246399
156,0,0.5288600325584412,0.4142972528934479,-0.8506585955619812,0.9999589323997498
156,1,0.5283440351486206,0.40362635254859924,-0.822290301322937,0.9998801946640015
156,2,0.531545877456665,0.40282779932022095,-0.8223071694374084,0.9998533725738525
156,3,0.534555196762085,0.4020683169364929,-0.822388231754303,0.9998505711555481
156,4,0.5150589942932129,0.40478286147117615,-0.8529496788978577,0.9999104142189026
156,5,0.5076022148132324,0.40509161353111267,-0.8531736731529236,0.9999092817306519
156,6,0.499617338180542,0.4050745964050293,-0.8532752394676208,0.9999118447303772
156,7,0.526127815246582,0.4024224281311035,-0.5746219754219055,0.9994638562202454
156,8,0.47503942251205444,0.40616291761398315,-0.7193118333816528,0.9999141693115234
156,9,0.5320245623588562,0.42350396513938904,-0.747038722038269,0.9999169707298279
156,10,0.5164951086044312,0.4254637658596039,-0.78924161195755,0.9999616146087646
156,11,0.5691676139831543,0.44965094327926636,-0.29647910594940186,0.9999385476112366
156,12,0.4100751578807831,0.4613637328147888,-0.5786535739898682,0.999971866607666
156,13,0.5984265804290771,0.5214048027992249,-0.17037150263786316,0.9310134053230286
156,14,0.40049001574516296,0.5449689626693726,-0.5477117896080017,0.9972434043884277
156,15,0.5872551202774048,0.5826801657676697,-0.3823528587818146,0.9615688323974609
156,16,0.4444195628166199,0.6084243655204773,-0.6587573289871216,0.9858232140541077
156,17,0.5870971083641052,0.6024414300918579,-0.43808305263519287,0.9402888417243958
156,18,0.4511403441429138,0.6306205987930298,-0.7232615351676941,0.9651433229446411
156,19,0.5704922676086426,0.6000469923019409,-0.4934723377227783,0.9432040452957153
156,20,0.46867942810058594,0.6261875629425049,-0.7544804811477661,0.9644674062728882
156,21,0.5656864047050476,0.5947756767272949,-0.40718477964401245,0.9306473731994629
156,22,0.47009608149528503,0.6197624802589417,-0.6680655479431152,0.9483388066291809
156,23,0.5380990505218506,0.5814144015312195,0.12084895372390747,0.9991357922554016
156,24,0.45497289299964905,0.5867191553115845,-0.12102267146110535,0.9994308352470398
156,25,0.5286742448806763,0.6848533153533936,0.09060217440128326,0.7300160527229309
156,26,0.4957420825958252,0.678511381149292,-0.32611241936683655,0.9486898183822632
156,27,0.47286415100097656,0.7957879304885864,0.2372811883687973,0.8002301454544067
156,28,0.4542110860347748,0.7947337031364441,-0.22187627851963043,0.9530393481254578
156,29,0.4521007835865021,0.8109155893325806,0.24092456698417664,0.772249698638916
156,30,0.433806449174881,0.8094847798347473,-0.22467170655727386,0.8103286623954773
156,31,0.5203742384910583,0.8359478712081909,0.08345144987106323,0.8386348485946655
156,32,0.48568183183670044,0.832282543182373,-0.4585239887237549,0.9506381154060364
157,0,0.5287430286407471,0.426160991191864,-0.5434369444847107,0.999958872795105
157,1,0.5281983613967896,0.41460371017456055,-0.5179345011711121,0.9998794198036194
157,2,0.5314414501190186,0.41380739212036133,-0.5180312395095825,0.9998537302017212
157,3,0.5344786047935486,0.4130091667175293,-0.5181946158409119,0.9998533725738525
157,4,0.5150046348571777,0.41525405645370483,-0.5412334203720093,0.9999086856842041
157,5,0.5075418949127197,0.41510945558547974,-0.5413216352462769,0.9999064207077026
157,6,0.4995931386947632,0.41482195258140564,-0.5413221716880798,0.9999098777770996
157,7,0.5261228084564209,0.41180747747421265,-0.288155198097229,0.9994732141494751
157,8,0.4749932587146759,0.41540461778640747,-0.40072953701019287,0.9999161958694458
157,9,0.5317314863204956,0.4347382187843323,-0.4458175301551819,0.9999206066131592
157,10,0.5163111090660095,0.435940682888031,-0.47846150398254395,0.9999632835388184
157,11,0.570290207862854,0.4507763981819153,-0.06032507121562958,0.9999444484710693
157,12,0.4103454649448395,0.46437573432922363,-0.26455169916152954,0.9999740719795227
157,13,0.6176678538322449,0.5206679701805115,-0.007872957736253738,0.9371209740638733
157,14,0.37246403098106384,0.5425618886947632,-0.21470008790493011,0.9970192909240723
157,15,0.5880839228630066,0.5709912776947021,-0.26458457112312317,0.9648556113243103
157,16,0.4457543194293976,0.5950245261192322,-0.3292129933834076,0.9818825125694275
157,17,0.5857710242271423,0.5913988947868347,-0.32668763399124146,0.9447890520095825
157,18,0.4583145081996918,0.6153786182403564,-0.37504303455352783,0.9580668807029724
157,19,0.5680527687072754,0.5852633118629456,-0.35542792081832886,0.9473984241485596
157,20,0.4757381081581116,0.6080316305160522,-0.407936692237854,0.9571409821510315
157,21,0.5642998814582825,0.5790234804153442,-0.27769601345062256,0.9352140426635742
157,22,0.4739624559879303,0.6020031571388245,-0.33705976605415344,0.9394289255142212
157,23,0.541215717792511,0.5835378766059875,0.10726054757833481,0.9991983771324158
157,24,0.4591667950153351,0.5871979594230652,-0.10692806541919708,0.9994705319404602
157,25,0.5330759882926941,0.6998977065086365,0.08852353692054749,0.739429235458374
157,26,0.5423087477684021,0.6654933094978333,-0.663642942905426,0.950641930103302
157,27,0.48004642128944397,0.8046455383300781,0.2030310332775116,0.8089144229888916
157,28,0.45724761486053467,0.7188214063644409,-0.5753883123397827,0.9412675499916077
157,29,0.4535231292247772,0.821243941783905,0.2033492773771286,0.7804630398750305
157,30,0.43721580505371094,0.7208026647567749,-0.5696757435798645,0.8000799417495728
157,31,0.5236037969589233,0.8367890119552612,0.05090629309415817,0.8429167866706848
157,32,0.466161847114563,0.7518671751022339,-0.7327316403388977,0.9449906945228577
158,0,0.5290021300315857,0.4368356764316559,-0.6387943029403687,0.9999573230743408
158,1,0.5283055305480957,0.42467039823532104,-0.6059352159500122,0.9998718500137329
158,2,0.5315719842910767,0.423861563205719,-0.6060051918029785,0.9998447299003601
158,3,0.534656286239624,0.4229939877986908,-0.6061026453971863,0.9998461008071899
158,4,0.5150909423828125,0.42534202337265015,-0.6341893076896667,0.9999047517776489
158,5,0.5076681971549988,0.4252889156341553,-0.634305477142334,0.9999029636383057
158,6,0.4997061491012573,0.42513784766197205,-0.634332001209259,0.999908447265625
158,7,0.5268331170082092,0.4204091429710388,-0.35337063670158386,0.9994571208953857
158,8,0.4751138985157013,0.425990492105484,-0.4870026409626007,0.9999183416366577
158,9,0.5322399139404297,0.4447903037071228,-0.5361229777336121,0.9999202489852905
158,10,0.5169776678085327,0.44608020782470703,-0.5745112299919128,0.9999644160270691
158,11,0.5729213953018188,0.454850435256958,-0.10240023583173752,0.9999496340751648
158,12,0.411018967628479,0.46797046065330505,-0.36221224069595337,0.9999761581420898
158,13,0.6340151429176331,0.5174246430397034,-0.028118209913372993,0.942682147026062
158,14,0.34604957699775696,0.5404893159866333,-0.32785844802856445,0.9971804022789001
158,15,0.5882180333137512,0.5592552423477173,-0.28384214639663696,0.9674851298332214
158,16,0.44619205594062805,0.580956220626831,-0.45121705532073975,0.982090175151825
158,17,0.5843238234519958,0.5781317353248596,-0.3486941456794739,0.9476798176765442
158,18,0.46362918615341187,0.5960816740989685,-0.508292555809021,0.9577409029006958
158,19,0.565398097038269,0.5731310844421387,-0.36950233578681946,0.9500393271446228
158,20,0.47946205735206604,0.5875688791275024,-0.5363292098045349,0.9568010568618774
158,21,0.5608834028244019,0.5678621530532837,-0.28225916624069214,0.9376167058944702
158,22,0.4755690395832062,0.5820795893669128,-0.45799458026885986,0.9383437037467957
158,23,0.5409667491912842,0.584607720375061,0.10460466891527176,0.9992473721504211
158,24,0.4591114819049835,0.5879032015800476,-0.10432306677103043,0.9995108842849731
158,25,0.5276483297348022,0.7003008127212524,0.0938660278916359,0.7422385811805725
158,26,0.5279462933540344,0.6382372975349426,-0.664392352104187,0.9535362720489502
158,27,0.480307936668396,0.8057230114936829,0.25202715396881104,0.8121411800384521
158,28,0.46665751934051514,0.7467917203903198,-0.57664555311203,0.9432594776153564
158,29,0.456098347902298,0.8212219476699829,0.25567975640296936,0.7800490260124207
158,30,0.44470658898353577,0.7570449113845825,-0.5741109848022461,0.8086841702461243
158,31,0.5283851027488708,0.8381885290145874,0.08136244118213654,0.8444609642028809
158,32,0.4770815670490265,0.7865153551101685,-0.809471070766449,0.9475039839744568
159,0,0.5296261310577393,0.44942107796669006,-0.651275098323822,0.9999424815177917
159,1,0.5285856127738953,0.4379737973213196,-0.637411892414093,0.9998376965522766
159,2,0.531717836856842,0.43682464957237244,-0.6376023888587952,0.999800980091095
159,3,0.5347302556037903,0.4355354309082031,-0.6379183530807495,0.9998122453689575
159,4,0.5152229070663452,0.43941807746887207,-0.6451252698898315,0.9998769760131836
159,5,0.5078580379486084,0.4395442605018616,-0.6452344059944153,0.9998711347579956
159,6,0.49975132942199707,0.43970173597335815,-0.6453520655632019,0.9998869895935059
159,7,0.5279132723808289,0.43238115310668945,-0.410642147064209,0.9993581175804138
159,8,0.4751020073890686,0.4403311312198639,-0.5186119675636292,0.9999067187309265
159,9,0.5332890152931213,0.45633596181869507,-0.5582433342933655,0.9999045133590698
159,10,0.5177134275436401,0.4598926901817322,-0.5979019999504089,0.9999600648880005
159,11,0.5766534209251404,0.46251314878463745,-0.17339979112148285,0.9999536871910095
159,12,0.4101482033729553,0.4761928915977478,-0.3423565626144409,0.999975860118866
159,13,0.6446828246116638,0.5173335671424866,-0.11491186171770096,0.9476367235183716
159,14,0.3308461606502533,0.5403839349746704,-0.33225569128990173,0.996974527835846
159,15,0.5884237289428711,0.5528767704963684,-0.36574822664260864,0.969979465007782
159,16,0.4458482563495636,0.57032710313797,-0.4559439420700073,0.9811198711395264
159,17,0.5824377536773682,0.5663596987724304,-0.42336195707321167,0.9508562088012695
159,18,0.4662039875984192,0.5803314447402954,-0.5169051885604858,0.9552503228187561
159,19,0.5640281438827515,0.5615389347076416,-0.44219106435775757,0.9529330730438232
159,20,0.4796101152896881,0.5703270435333252,-0.5705513954162598,0.9543007016181946
159,21,0.5606997609138489,0.5576010942459106,-0.37172064185142517,0.9404363632202148
159,22,0.475230872631073,0.5677228569984436,-0.4770289659500122,0.9345168471336365
159,23,0.5408365726470947,0.5829451084136963,0.06965938955545425,0.9992770552635193
159,24,0.45731833577156067,0.5855703353881836,-0.06923945993185043,0.99953693151474
159,25,0.5205211639404297,0.7005058526992798,0.03227612376213074,0.7405742406845093
159,26,0.5227181911468506,0.6165815591812134,-0.6816746592521667,0.9528564214706421
159,27,0.48020029067993164,0.8080657124519348,0.19132769107818604,0.8119017481803894
159,28,0.47811320424079895,0.73514324426651,-0.6304194331169128,0.9418675899505615
159,29,0.4562493562698364,0.8230463862419128,0.1943962723016739,0.7767363786697388
159,30,0.46667954325675964,0.7487753629684448,-0.6296169757843018,0.8129761815071106
159,31,0.5299457311630249,0.8389407992362976,-0.015138358809053898,0.8408333659172058
159,32,0.48866379261016846,0.7777475118637085,-0.8811679482460022,0.9474759101867676
160,0,0.5295813083648682,0.4610043168067932,-0.7610276341438293,0.9998958706855774
160,1,0.5286022424697876,0.4503689706325531,-0.7366690635681152,0.999757707118988
160,2,0.5317287445068359,0.4491909444332123,-0.7367945909500122,0.9996945858001709
160,3,0.5347291827201843,0.4478946328163147,-0.7370479106903076,0.9997305274009705
160,4,0.5153520107269287,0.4521796703338623,-0.7582420110702515,0.999812662601471
160,5,0.5080463290214539,0.4524880349636078,-0.7584177851676941,0.9997889995574951
160,6,0.4999189078807831,0.4528677463531494,-0.7584313154220581,0.9998337030410767
160,7,0.5282471776008606,0.4443899095058441,-0.48565059900283813,0.9991744756698608
160,8,0.47510582208633423,0.4528258740901947,-0.5946430563926697,0.9998764991760254
160,9,0.533324122428894,0.4679037630558014,-0.6530007719993591,0.9998566508293152
160,10,0.517637312412262,0.4710094928741455,-0.686019241809845,0.9999457001686096
160,11,0.5771816968917847,0.46848782896995544,-0.22137968242168427,0.9999567866325378
160,12,0.4088377356529236,0.4867568910121918,-0.3699977397918701,0.9999679327011108
160,13,0.6543067693710327,0.5155264139175415,-0.18505363166332245,0.9519103765487671
160,14,0.3147296607494354,0.5406098961830139,-0.41103440523147583,0.9963212609291077
160,15,0.5918340682983398,0.5462120771408081,-0.4447512626647949,0.9715839624404907
160,16,0.4426919221878052,0.5614058971405029,-0.6155394911766052,0.9773247838020325
160,17,0.5824745893478394,0.5575555562973022,-0.49804383516311646,0.9521602988243103
160,18,0.4663437604904175,0.5660129189491272,-0.6729181408882141,0.9465134739875793
160,19,0.5652552843093872,0.5526348352432251,-0.5174976587295532,0.9539158344268799
160,20,0.47893306612968445,0.5573327541351318,-0.682908296585083,0.9456954598426819
160,21,0.5646311640739441,0.5488377809524536,-0.45276471972465515,0.9404178857803345
160,22,0.4736016094684601,0.5559452176094055,-0.6150938868522644,0.9221823215484619
160,23,0.5359439253807068,0.5855515003204346,0.06723415106534958,0.9992550611495972
160,24,0.4516127407550812,0.5864681005477905,-0.06679119169712067,0.9995322823524475
160,25,0.511551558971405,0.7005336880683899,0.04588012769818306,0.7370811104774475
160,26,0.5192254185676575,0.595700204372406,-0.7481199502944946,0.9498846530914307
160,27,0.4791417717933655,0.8081903457641602,0.22901621460914612,0.8106231093406677
160,28,0.49038946628570557,0.7115623950958252,-0.6955156326293945,0.9374244213104248
160,29,0.4553917348384857,0.8227781057357788,0.23409709334373474,0.7698084115982056
160,30,0.48500797152519226,0.727675199508667,-0.6938927173614502,0.8166922330856323
160,31,0.5298256874084473,0.8385270237922668,0.029690803959965706,0.8344923257827759
160,32,0.5030102729797363,0.7474555373191833,-0.9362790584564209,0.9459063410758972
161,0,0.5297864675521851,0.47184449434280396,-0.7504072189331055,0.9998607635498047
161,1,0.5290625691413879,0.4612049460411072,-0.7272905707359314,0.9996871948242188
161,2,0.5322102904319763,0.45999735593795776,-0.7273832559585571,0.9996045827865601
161,3,0.5352053642272949,0.4586790204048157,-0.7275625467300415,0.9996501803398132
161,4,0.5159077048301697,0.46322840452194214,-0.7491583228111267,0.9997542500495911
161,5,0.5084653496742249,0.4635983109474182,-0.7493312358856201,0.9997175931930542
161,6,0.5002999305725098,0.46391066908836365,-0.7493249773979187,0.9997810125350952
161,7,0.5298305749893188,0.4551343023777008,-0.48737597465515137,0.9990295767784119
161,8,0.47534865140914917,0.46287474036216736,-0.5894660353660583,0.9998528361320496
161,9,0.5339630842208862,0.4774812161922455,-0.6457017660140991,0.9998320937156677
161,10,0.518241822719574,0.4808533191680908,-0.6767445206642151,0.9999380707740784
161,11,0.5777729749679565,0.4740675985813141,-0.2201177030801773,0.9999597072601318
161,12,0.408998966217041,0.4911327362060547,-0.3817630708217621,0.9999646544456482
161,13,0.6566526889801025,0.5132831931114197,-0.19878517091274261,0.9560278058052063
161,14,0.3104003369808197,0.5412504076957703,-0.40470796823501587,0.9962273240089417
161,15,0.5979027152061462,0.5431267619132996,-0.48656001687049866,0.9731535911560059
161,16,0.43842053413391113,0.5557221174240112,-0.5870519280433655,0.9756474494934082
161,17,0.5852937698364258,0.5536003112792969,-0.5474169254302979,0.9536677598953247
161,18,0.4663345217704773,0.559106171131134,-0.6598442196846008,0.9423193335533142
161,19,0.5737237930297852,0.5471241474151611,-0.5693056583404541,0.9551193118095398
161,20,0.4788365364074707,0.5511976480484009,-0.6534935235977173,0.9413996338844299
161,21,0.5741020441055298,0.5438088178634644,-0.4973881244659424,0.94123375415802
161,22,0.47185105085372925,0.5493135452270508,-0.5993826985359192,0.9157559275627136
161,23,0.5306984782218933,0.5924230813980103,0.07506144046783447,0.9992599487304688
161,24,0.4500814974308014,0.5889132022857666,-0.07471216470003128,0.999512255191803
161,25,0.5119144320487976,0.7044890522956848,0.05795817822217941,0.7407730221748352
161,26,0.5164024829864502,0.6135144829750061,-0.6284853219985962,0.9503436088562012
161,27,0.47454339265823364,0.8079532384872437,0.23227515816688538,0.8182751536369324
161,28,0.5038750171661377,0.7092171311378479,-0.5580981969833374,0.933134138584137
161,29,0.45097023248672485,0.8226721882820129,0.23571893572807312,0.7802382111549377
161,30,0.4935861825942993,0.7230014801025391,-0.5553404688835144,0.8208595514297485
161,31,0.5290901064872742,0.8376942873001099,0.0495690181851387,0.8372336626052856
161,32,0.5309507250785828,0.7406848669052124,-0.773002028465271,0.9433488249778748
162,0,0.5297690629959106,0.4775766432285309,-0.8320243954658508,0.999791145324707
162,1,0.5290816426277161,0.46616190671920776,-0.8088013529777527,0.9995898008346558
162,2,0.5322292447090149,0.46490588784217834,-0.8089587092399597,0.9994804263114929
162,3,0.5352333784103394,0.4634600281715393,-0.8091792464256287,0.9995377063751221
162,4,0.5158815383911133,0.4691741466522217,-0.8256272077560425,0.9996688961982727
162,5,0.5084434747695923,0.469704806804657,-0.8257931470870972,0.9996050000190735
162,6,0.5002861022949219,0.4700499176979065,-0.8257626891136169,0.9997068047523499
162,7,0.5304042100906372,0.45960673689842224,-0.5634488463401794,0.9989063739776611
162,8,0.4753934144973755,0.46845823526382446,-0.639469563961029,0.9998252987861633
162,9,0.5338937640190125,0.48325252532958984,-0.7261083126068115,0.9997938275337219
162,10,0.51816725730896,0.48744043707847595,-0.7482659220695496,0.9999257922172546
162,11,0.579539954662323,0.47968578338623047,-0.30358222126960754,0.9999624490737915
162,12,0.4090043008327484,0.49325791001319885,-0.4114472568035126,0.9999601244926453
162,13,0.6579264402389526,0.5122836828231812,-0.3951013684272766,0.9595135450363159
162,14,0.3052155077457428,0.5443822741508484,-0.5114447474479675,0.9956128001213074
162,15,0.6057085394859314,0.5410734415054321,-0.7381871342658997,0.9740561246871948
162,16,0.43352997303009033,0.5526893138885498,-0.76871657371521,0.9736356139183044
162,17,0.5907021760940552,0.551877498626709,-0.8079109191894531,0.9541086554527283
162,18,0.46577590703964233,0.5560308694839478,-0.8314482569694519,0.9373025298118591
162,19,0.5803409814834595,0.5449696183204651,-0.8241888284683228,0.9552398920059204
162,20,0.4771685302257538,0.5474332571029663,-0.82868891954422,0.9359805583953857
162,21,0.5805855393409729,0.5418583750724792,-0.7481839656829834,0.9399945735931396
162,22,0.46881914138793945,0.5463378429412842,-0.7655412554740906,0.907182514667511
162,23,0.5272905230522156,0.5935682654380798,0.06937232613563538,0.9992960691452026
162,24,0.44695693254470825,0.5894004702568054,-0.06890074163675308,0.9995166659355164
162,25,0.5086644887924194,0.7039456963539124,0.013729781843721867,0.7409127950668335
162,26,0.5153889060020447,0.5908163189888,-0.6689449548721313,0.9451966881752014
162,27,0.4726913869380951,0.8077718019485474,0.15358813107013702,0.8193107843399048
162,28,0.5068105459213257,0.6903431415557861,-0.639610767364502,0.926809549331665
162,29,0.4501599967479706,0.8223525881767273,0.15388916432857513,0.7817097306251526
162,30,0.5000945329666138,0.7077588438987732,-0.6420886516571045,0.8226564526557922
162,31,0.5289776921272278,0.8373546600341797,-0.057863421738147736,0.835636556148529
162,32,0.5315207839012146,0.7156535983085632,-0.8760150671005249,0.941689133644104
163,0,0.5298392176628113,0.477947473526001,-0.9077612161636353,0.9997210502624512
163,1,0.5294374823570251,0.4666813313961029,-0.8831589818000793,0.9994561672210693
163,2,0.5325610041618347,0.46547168493270874,-0.883259654045105,0.9993165731430054
163,3,0.5355157852172852,0.4641168713569641,-0.883457362651825,0.9993695020675659
163,4,0.5161019563674927,0.469308078289032,-0.9067788124084473,0.9995788335800171
163,5,0.5086208581924438,0.46968594193458557,-0.9070127010345459,0.9995176196098328
163,6,0.5003533363342285,0.4698696732521057,-0.9070674180984497,0.9996476769447327
163,7,0.5310996174812317,0.46006593108177185,-0.6266375780105591,0.9985576272010803
163,8,0.4753990173339844,0.4676647186279297,-0.7344858050346375,0.9997987747192383
163,9,0.5341030359268188,0.4835006296634674,-0.7969059348106384,0.9997347593307495
163,10,0.51816326379776,0.4874209463596344,-0.8283951878547668,0.9999096989631653
163,11,0.5811710357666016,0.4789820611476898,-0.3220871090888977,0.9999646544456482
163,12,0.4088573753833771,0.4913347661495209,-0.5181487798690796,0.999958872795105
163,13,0.6574074029922485,0.5112265348434448,-0.2750067710876465,0.9626542925834656
163,14,0.3060016930103302,0.5446189641952515,-0.5714690089225769,0.9955539107322693
163,15,0.6085759997367859,0.5422469973564148,-0.5446470379829407,0.9751337170600891
163,16,0.4334600567817688,0.5521343350410461,-0.7623252272605896,0.9743137359619141
163,17,0.5941486954689026,0.5530207753181458,-0.6472399234771729,0.9547405242919922
163,18,0.46552926301956177,0.5560950040817261,-0.8213986158370972,0.9377933144569397
163,19,0.5845813751220703,0.5457245111465454,-0.6826246380805969,0.9558326005935669
163,20,0.4769445061683655,0.5476739406585693,-0.8253035545349121,0.9364611506462097
163,21,0.5840910077095032,0.5427126884460449,-0.5630938410758972,0.9394974708557129
163,22,0.46880903840065,0.5461897253990173,-0.7585896253585815,0.9066526293754578
163,23,0.5256738662719727,0.5909459590911865,0.06992441415786743,0.9993129968643188
163,24,0.4421035349369049,0.5881615281105042,-0.06965963542461395,0.9995357394218445
163,25,0.5091919898986816,0.7003375291824341,0.02965470962226391,0.7431070804595947
163,26,0.5139852166175842,0.603603184223175,-0.7441838383674622,0.9437294602394104
163,27,0.4691290855407715,0.8055937886238098,0.21805095672607422,0.8169736266136169
163,28,0.5025434494018555,0.7107587456703186,-0.7009022235870361,0.9291828870773315
163,29,0.4469503164291382,0.8182805776596069,0.22934678196907043,0.7785925269126892
163,30,0.49287521839141846,0.7272190451622009,-0.7028090357780457,0.8264192342758179
163,31,0.5289331078529358,0.8353525996208191,-0.04485181346535683,0.8316953778266907
163,32,0.524255633354187,0.7423372864723206,-0.9701829552650452,0.9437870979309082
164,0,0.5304163098335266,0.4727669358253479,-0.8354793190956116,0.9997021555900574
164,1,0.5299668908119202,0.4614188075065613,-0.8086126446723938,0.9994408488273621
164,2,0.5329549312591553,0.4602770209312439,-0.8087039589881897,0.9993032813072205
164,3,0.5357850193977356,0.4589596688747406,-0.808868408203125,0.9993447065353394
164,4,0.516815721988678,0.4637611508369446,-0.8326371312141418,0.9995688796043396
164,5,0.5092006921768188,0.46414700150489807,-0.8328307867050171,0.9995142221450806
164,6,0.5006531476974487,0.4644347131252289,-0.8328608870506287,0.9996488690376282
164,7,0.5311625003814697,0.45542654395103455,-0.5612911581993103,0.9985065460205078
164,8,0.47540557384490967,0.4629390239715576,-0.6797288060188293,0.9998010396957397
164,9,0.53464674949646,0.47888463735580444,-0.7271946668624878,0.9997178316116333
164,10,0.5185048580169678,0.4824542999267578,-0.759553849697113,0.9999067187309265
164,11,0.5810028910636902,0.4781748354434967,-0.2800978720188141,0.999967098236084
164,12,0.40859901905059814,0.48970407247543335,-0.4481459856033325,0.9999598264694214
164,13,0.6565300822257996,0.510907769203186,-0.23699869215488434,0.965887725353241
164,14,0.30990085005760193,0.5445090532302856,-0.4476402997970581,0.9954934120178223
164,15,0.6105069518089294,0.5441998243331909,-0.5104215145111084,0.9764590859413147
164,16,0.4336186647415161,0.5541027784347534,-0.6298346519470215,0.975439190864563
164,17,0.599642276763916,0.5546777844429016,-0.5775609612464905,0.9557875990867615
164,18,0.46661946177482605,0.5589086413383484,-0.682350218296051,0.9397490620613098
164,19,0.5875383615493774,0.5482121706008911,-0.6067047715187073,0.9568899869918823
164,20,0.4777626097202301,0.5515791177749634,-0.686066210269928,0.9384370446205139
164,21,0.5864538550376892,0.5450106263160706,-0.5247585773468018,0.9396933913230896
164,22,0.4688849151134491,0.549969494342804,-0.622747004032135,0.9082533121109009
164,23,0.5234826803207397,0.5905197858810425,0.0739089697599411,0.9992854595184326
164,24,0.4387063682079315,0.5880180597305298,-0.0736115500330925,0.9995555877685547
164,25,0.5095253586769104,0.6980794668197632,0.03775893151760101,0.7435746788978577
164,26,0.510425329208374,0.6068627238273621,-0.7955735325813293,0.943808376789093
164,27,0.4682258665561676,0.7996515035629272,0.225288525223732,0.801891565322876
164,28,0.49932798743247986,0.7148772478103638,-0.82249516248703,0.9303866028785706
164,29,0.4432072639465332,0.8141378164291382,0.2331814020872116,0.7662602663040161
164,30,0.4889962077140808,0.7356079816818237,-0.8326138257980347,0.8251092433929443
164,31,0.52680504322052,0.832188606262207,0.0058562555350363255,0.8190834522247314
164,32,0.5235400199890137,0.7523316144943237,-1.1096465587615967,0.9449750185012817
165,0,0.5303925275802612,0.4687517583370209,-0.6729811429977417,0.9997244477272034
165,1,0.5298541784286499,0.4572526812553406,-0.6478460431098938,0.9994819164276123
165,2,0.5327597260475159,0.4561545252799988,-0.6479511857032776,0.9993535280227661
165,3,0.535480260848999,0.45491066575050354,-0.6481115221977234,0.9993929266929626
165,4,0.5167989134788513,0.4598298668861389,-0.669642448425293,0.9996014833450317
165,5,0.5091386437416077,0.4605671465396881,-0.6698265671730042,0.9995515942573547
165,6,0.5004898905754089,0.4613893926143646,-0.6698811054229736,0.9996767640113831
165,7,0.5305704474449158,0.4533752501010895,-0.4100290834903717,0.9986096024513245
165,8,0.47531989216804504,0.46098366379737854,-0.5098531246185303,0.9998161792755127
165,9,0.5345513820648193,0.4751203954219818,-0.5703223943710327,0.9997380971908569
165,10,0.5184854865074158,0.4797285497188568,-0.5994781255722046,0.9999136328697205
165,11,0.5808544754981995,0.4764566421508789,-0.1409122198820114,0.9999699592590332
165,12,0.40859946608543396,0.4856012761592865,-0.32305988669395447,0.9999630451202393
165,13,0.6544715762138367,0.5104808211326599,-0.026676923036575317,0.9687356948852539
165,14,0.31394514441490173,0.5421873927116394,-0.2737479507923126,0.9955285787582397
165,15,0.6111381649971008,0.5453093647956848,-0.21114063262939453,0.9776569604873657
165,16,0.43376654386520386,0.556052565574646,-0.40565699338912964,0.9761313796043396
165,17,0.6041966080665588,0.5565555691719055,-0.2565630078315735,0.9571989178657532
165,18,0.4662785828113556,0.563270092010498,-0.45167863368988037,0.9408550262451172
165,19,0.5906115174293518,0.5508970618247986,-0.28639769554138184,0.9583684802055359
165,20,0.47758200764656067,0.5563673377037048,-0.4753827452659607,0.939676821231842
165,21,0.5882037878036499,0.5474174618721008,-0.22270317375659943,0.9408934712409973
165,22,0.46868759393692017,0.5537127256393433,-0.40813758969306946,0.9097941517829895
165,23,0.5237603187561035,0.5902723073959351,0.07571322470903397,0.9992820620536804
165,24,0.4386972188949585,0.5879386067390442,-0.07539353519678116,0.9995812773704529
165,25,0.5031245350837708,0.6946092247962952,0.04081648588180542,0.7395178079605103
165,26,0.5077658891677856,0.6090989112854004,-0.7299981117248535,0.9446104168891907
165,27,0.46599075198173523,0.7933709025382996,0.22387243807315826,0.7830662131309509
165,28,0.4970255494117737,0.7467765212059021,-0.7547988891601562,0.9334626197814941
165,29,0.4397708475589752,0.8060057759284973,0.23029568791389465,0.7526763677597046
165,30,0.48611482977867126,0.766280472278595,-0.7639206647872925,0.8283641338348389
165,31,0.5209752917289734,0.827455997467041,0.022118570283055305,0.8052712082862854
165,32,0.5221274495124817,0.7832548022270203,-1.0285348892211914,0.9469993710517883
166,0,0.5295644998550415,0.4586569368839264,-0.715008556842804,0.9997442960739136
166,1,0.5282170176506042,0.44718605279922485,-0.686403751373291,0.9995216727256775
166,2,0.5310757756233215,0.4463442265987396,-0.6864919662475586,0.9994000792503357
166,3,0.5337710380554199,0.445352703332901,-0.6866411566734314,0.9994401335716248
166,4,0.5153025388717651,0.4482593536376953,-0.7064464688301086,0.999631941318512
166,5,0.5074000954627991,0.44846972823143005,-0.7066315412521362,0.9995856881141663
166,6,0.49841007590293884,0.44871464371681213,-0.7066715955734253,0.9997032880783081
166,7,0.5290651321411133,0.44179263710975647,-0.4334169626235962,0.9987085461616516
166,8,0.47404247522354126,0.4487496018409729,-0.5222081542015076,0.9998287558555603
166,9,0.5334508419036865,0.46567463874816895,-0.6089787483215332,0.9997570514678955
166,10,0.5176050066947937,0.4672413468360901,-0.6364017128944397,0.9999191761016846
166,11,0.5807527899742126,0.473935067653656,-0.15569226443767548,0.9999724626541138
166,12,0.408467173576355,0.4790402352809906,-0.32417404651641846,0.9999653697013855
166,13,0.6532325148582458,0.5093353390693665,-0.010304129682481289,0.971520185470581
166,14,0.31422159075737,0.5390304923057556,-0.26276275515556335,0.9957272410392761
166,15,0.6132891774177551,0.5460988283157349,-0.1796649992465973,0.9790877103805542
166,16,0.435839980840683,0.5579739809036255,-0.3922298848628998,0.9772748947143555
166,17,0.6084930896759033,0.5566372871398926,-0.22483108937740326,0.9587813019752502
166,18,0.4664228558540344,0.564070999622345,-0.44528812170028687,0.9425910115242004
166,19,0.5926158428192139,0.5536993741989136,-0.267900288105011,0.9598297476768494
166,20,0.4795604646205902,0.5596184134483337,-0.47260162234306335,0.9414170980453491
166,21,0.5891439914703369,0.5495269894599915,-0.19670337438583374,0.9427485466003418
166,22,0.47091567516326904,0.5556530356407166,-0.39699143171310425,0.9122068881988525
166,23,0.5241592526435852,0.5875391364097595,0.06913692504167557,0.9992998838424683
166,24,0.4387030303478241,0.5863420963287354,-0.0688670352101326,0.9995837807655334
166,25,0.5101560950279236,0.6787148714065552,-0.18940459191799164,0.722052276134491
166,26,0.5046256184577942,0.6257205009460449,-0.6581326127052307,0.9359316229820251
166,27,0.46609824895858765,0.7920131683349609,-0.18537992238998413,0.7496381998062134
166,28,0.48335644602775574,0.7698706984519958,-0.6847471594810486,0.9202753901481628
166,29,0.44015032052993774,0.8052851557731628,-0.19718638062477112,0.7301640510559082
166,30,0.4661155641078949,0.7976558804512024,-0.6955078840255737,0.8201457858085632
166,31,0.5192204117774963,0.8243743181228638,-0.43986865878105164,0.7825173735618591
166,32,0.5213293433189392,0.8104501962661743,-0.9719209671020508,0.9374828338623047
167,0,0.5286141633987427,0.4441106915473938,-0.5544675588607788,0.9997575879096985
167,1,0.5271958112716675,0.4324512481689453,-0.5286210775375366,0.9995408058166504
167,2,0.5298836827278137,0.4316597878932953,-0.5287253260612488,0.9994215965270996
167,3,0.5324628949165344,0.4308018684387207,-0.5288642644882202,0.9994665384292603
167,4,0.5141192674636841,0.4330010414123535,-0.5537856221199036,0.9996495842933655
167,5,0.5065180659294128,0.4328088164329529,-0.5539370775222778,0.9996062517166138
167,6,0.497598260641098,0.4326481819152832,-0.5540100932121277,0.9997189044952393
167,7,0.5275267362594604,0.42731842398643494,-0.29473018646240234,0.9987281560897827
167,8,0.47287872433662415,0.4327161908149719,-0.40973442792892456,0.9998310804367065
167,9,0.5321291089057922,0.451488733291626,-0.45360592007637024,0.9997636079788208
167,10,0.5166565179824829,0.45238885283470154,-0.48741859197616577,0.9999210238456726
167,11,0.577860414981842,0.4636639654636383,-0.036789968609809875,0.9999741911888123
167,12,0.4087231457233429,0.4696769714355469,-0.26480430364608765,0.9999679327011108
167,13,0.6471266150474548,0.5094515681266785,0.10339490324258804,0.9731045961380005
167,14,0.3243347108364105,0.5363509058952332,-0.2004832625389099,0.9957809448242188
167,15,0.614040732383728,0.550366222858429,-0.10811647027730942,0.9791844487190247
167,16,0.4408951997756958,0.5633238554000854,-0.3310650587081909,0.9767662882804871
167,17,0.6129418611526489,0.5666136145591736,-0.16253861784934998,0.9581271409988403
167,18,0.4675666093826294,0.5772283673286438,-0.38586875796318054,0.9411183595657349
167,19,0.594726026058197,0.5642954111099243,-0.20595550537109375,0.9593397974967957
167,20,0.482308030128479,0.5728374719619751,-0.4188118278980255,0.9400721788406372
167,21,0.5904553532600403,0.5582079291343689,-0.12774892151355743,0.9415944218635559
167,22,0.4760468304157257,0.5673187971115112,-0.33825305104255676,0.9101927876472473
167,23,0.5243259072303772,0.5876254439353943,0.07905302941799164,0.9992786645889282
167,24,0.44129207730293274,0.5870470404624939,-0.07880110293626785,0.9995906949043274
167,25,0.5053303241729736,0.6817834377288818,-0.07676967233419418,0.6856921911239624
167,26,0.5055962204933167,0.6710615754127502,-0.6280221343040466,0.9295172095298767
167,27,0.46685630083084106,0.8002259135246277,0.054211653769016266,0.714814305305481
167,28,0.4721583425998688,0.7959600687026978,-0.6868081092834473,0.9172359108924866
167,29,0.4436313211917877,0.8117024302482605,0.05147823691368103,0.6998125910758972
167,30,0.4525599181652069,0.8153747320175171,-0.702880322933197,0.8186044096946716
167,31,0.5205546617507935,0.8261640667915344,-0.15925097465515137,0.7578803300857544
167,32,0.5168961882591248,0.8264904022216797,-0.9793552160263062,0.9360064268112183
168,0,0.5258975028991699,0.43252629041671753,-0.5988442897796631,0.9997701644897461
168,1,0.5248057246208191,0.4213178753852844,-0.5693706274032593,0.9995521306991577
168,2,0.5275774598121643,0.420461505651474,-0.5694568753242493,0.9994372725486755
168,3,0.5301237106323242,0.4196072220802307,-0.5695751905441284,0.9994825720787048
168,4,0.5115750432014465,0.42228013277053833,-0.5992668271064758,0.99965900182724
168,5,0.5040832757949829,0.4221867024898529,-0.5994081497192383,0.9996193647384644
168,6,0.4959298074245453,0.422031968832016,-0.5994841456413269,0.9997248649597168
168,7,0.5244030952453613,0.41746869683265686,-0.3205239772796631,0.9987220168113708
168,8,0.4717079699039459,0.4214724898338318,-0.45733314752578735,0.9998275637626648
168,9,0.5291734933853149,0.4400862753391266,-0.49297845363616943,0.9997684955596924
168,10,0.5138847827911377,0.44151490926742554,-0.532791256904602,0.9999208450317383
168,11,0.5732800364494324,0.4569329619407654,-0.03671359643340111,0.9999756813049316
168,12,0.40875566005706787,0.46391424536705017,-0.3240106999874115,0.9999698996543884
168,13,0.6272271275520325,0.5095847845077515,0.11451960355043411,0.9738034009933472
168,14,0.3345039486885071,0.5324639081954956,-0.29070571064949036,0.9959799647331238
168,15,0.6146419644355774,0.557257354259491,-0.09748749434947968,0.9795997738838196
168,16,0.441239595413208,0.5703297853469849,-0.4183748960494995,0.9772378206253052
168,17,0.6173567175865173,0.5766914486885071,-0.14731812477111816,0.9586812853813171
168,18,0.46548765897750854,0.589350163936615,-0.47566837072372437,0.941902756690979
168,19,0.5997909307479858,0.5757007002830505,-0.19912108778953552,0.9599781632423401
168,20,0.48214298486709595,0.5837458372116089,-0.5019299983978271,0.9407922029495239
168,21,0.5936185717582703,0.5685151815414429,-0.12136188894510269,0.9424193501472473
168,22,0.475654274225235,0.5773444175720215,-0.42374417185783386,0.9112064242362976
168,23,0.5246044397354126,0.5875146389007568,0.10455013066530228,0.9992243647575378
168,24,0.44325414299964905,0.5871603488922119,-0.10439649969339371,0.9995652437210083
168,25,0.505082368850708,0.6850677728652954,-0.038854777812957764,0.6504491567611694
168,26,0.5004155039787292,0.6821594834327698,-0.5368786454200745,0.9202371835708618
168,27,0.4668359160423279,0.8017007112503052,0.10752728581428528,0.69184410572052
168,28,0.4632796049118042,0.8076038360595703,-0.5826672911643982,0.9155735373497009
168,29,0.4427962005138397,0.8153702616691589,0.10665406286716461,0.6819536685943604
168,30,0.44191721081733704,0.8281106948852539,-0.6003603339195251,0.8159899711608887
168,31,0.5207055807113647,0.8279708027839661,-0.09893126785755157,0.7448135018348694
168,32,0.5105694532394409,0.8351137042045593,-0.8769671320915222,0.9343826174736023
169,0,0.5226441621780396,0.41955623030662537,-0.6291088461875916,0.9997857809066772
169,1,0.5219711065292358,0.40829700231552124,-0.5984319448471069,0.9995730519294739
169,2,0.5248785018920898,0.4076026380062103,-0.5984969139099121,0.9994646906852722
169,3,0.5274708867073059,0.4069864749908447,-0.5985898971557617,0.9995044469833374
169,4,0.5085124373435974,0.4093964993953705,-0.629237711429596,0.9996737241744995
169,5,0.5011181235313416,0.4095463156700134,-0.6293551325798035,0.9996371865272522
169,6,0.49356651306152344,0.40959295630455017,-0.6294138431549072,0.999731719493866
169,7,0.5207829475402832,0.40661877393722534,-0.346777081489563,0.9987494945526123
169,8,0.47039303183555603,0.4099811911582947,-0.48763424158096313,0.9998241662979126
169,9,0.5262673497200012,0.42771363258361816,-0.523027777671814,0.9997770190238953
169,10,0.510685920715332,0.4295676350593567,-0.5638836622238159,0.9999212622642517
169,11,0.5678711533546448,0.4497640132904053,-0.05863041430711746,0.9999759197235107
169,12,0.4089590609073639,0.45634084939956665,-0.3673473000526428,0.9999706745147705
169,13,0.6102338433265686,0.509618878364563,0.07260310649871826,0.9735007882118225
169,14,0.34618446230888367,0.5276037454605103,-0.3350425362586975,0.9961650967597961
169,15,0.6139907836914062,0.5650748014450073,-0.15882636606693268,0.9805593490600586
169,16,0.4404527544975281,0.5770484805107117,-0.46146586537361145,0.9784226417541504
169,17,0.6189969182014465,0.5848174691200256,-0.21116934716701508,0.9605525135993958
169,18,0.4561023712158203,0.5984248518943787,-0.5186206102371216,0.9448259472846985
169,19,0.6029187440872192,0.5844478011131287,-0.268999308347702,0.9618826508522034
169,20,0.47362610697746277,0.5943831205368042,-0.540953516960144,0.9437528848648071
169,21,0.5956786274909973,0.5778101682662964,-0.18627344071865082,0.9452472925186157
169,22,0.47029927372932434,0.5873619318008423,-0.4659278392791748,0.9157102108001709
169,23,0.524814248085022,0.5865832567214966,0.11797352135181427,0.9990943670272827
169,24,0.44415828585624695,0.5871509909629822,-0.11794188618659973,0.9995071887969971
169,25,0.5051983594894409,0.6857089400291443,0.08012942224740982,0.6320695877075195
169,26,0.49146220088005066,0.6887468099594116,-0.4196723997592926,0.9125244617462158
169,27,0.46694186329841614,0.8017095327377319,0.23178759217262268,0.6780429482460022
169,28,0.4589955508708954,0.8152734637260437,-0.4229464530944824,0.9124005436897278
169,29,0.4439006745815277,0.8163368105888367,0.2356419861316681,0.6716541647911072
169,30,0.439087450504303,0.8374856114387512,-0.4358936846256256,0.8069508671760559
169,31,0.5210049748420715,0.8280357122421265,0.0791020318865776,0.7369751334190369
169,32,0.5111021399497986,0.8432828187942505,-0.6902114748954773,0.9295909404754639
170,0,0.5206883549690247,0.41052356362342834,-0.6999658346176147,0.9998052716255188
170,1,0.5204648971557617,0.399658739566803,-0.6613608598709106,0.9996094107627869
170,2,0.5234130620956421,0.3992322087287903,-0.6613101959228516,0.9995104074478149
170,3,0.5260955095291138,0.39876648783683777,-0.661272406578064,0.9995455145835876
170,4,0.5066627860069275,0.40033188462257385,-0.701311469078064,0.9997016191482544
170,5,0.4993852376937866,0.40049678087234497,-0.7014374732971191,0.999668538570404
170,6,0.49177122116088867,0.4006587862968445,-0.701495885848999,0.9997531771659851
170,7,0.5179122686386108,0.3996783494949341,-0.3738899528980255,0.9988384246826172
170,8,0.4693603515625,0.40190616250038147,-0.5664482712745667,0.9998355507850647
170,9,0.5236147046089172,0.41951751708984375,-0.5881194472312927,0.999794065952301
170,10,0.507780134677887,0.42159146070480347,-0.640393853187561,0.9999266266822815
170,11,0.5631569623947144,0.4467185437679291,-0.09457143396139145,0.999975323677063
170,12,0.40896064043045044,0.45122939348220825,-0.4790347218513489,0.9999712705612183
170,13,0.5993124842643738,0.512287437915802,0.009502168744802475,0.9724544286727905
170,14,0.35873255133628845,0.5260368585586548,-0.47549983859062195,0.9963682293891907
170,15,0.6131924390792847,0.573360800743103,-0.1941618174314499,0.9812490940093994
170,16,0.4373012185096741,0.5812557339668274,-0.5785768032073975,0.9796429872512817
170,17,0.61789870262146,0.594903826713562,-0.216896191239357,0.9619901180267334
170,18,0.44712838530540466,0.6070378422737122,-0.6449723243713379,0.948022186756134
170,19,0.6020049452781677,0.5949490666389465,-0.3549507260322571,0.9633803963661194
170,20,0.4677221179008484,0.605609655380249,-0.6800904870033264,0.9470182657241821
170,21,0.5947045087814331,0.5901610851287842,-0.23164056241512299,0.9476335048675537
170,22,0.4664105176925659,0.5968737602233887,-0.5898824334144592,0.9205885529518127
170,23,0.5248656272888184,0.5878428220748901,0.12977005541324615,0.9990448355674744
170,24,0.44479089975357056,0.5892428159713745,-0.1298316866159439,0.9994965195655823
170,25,0.5058953166007996,0.6920603513717651,0.20158492028713226,0.6422435641288757
170,26,0.4768710732460022,0.6993236541748047,-0.3141230642795563,0.91707843542099
170,27,0.4668392241001129,0.8032559156417847,0.4226706326007843,0.6935039162635803
170,28,0.4553755819797516,0.818446934223175,-0.26850590109825134,0.9180506467819214
170,29,0.4437462389469147,0.816672146320343,0.4330559968948364,0.6837100982666016
170,30,0.43598368763923645,0.8391255140304565,-0.27806001901626587,0.8100878000259399
170,31,0.5207185745239258,0.8330823183059692,0.2760082483291626,0.7506187558174133
170,32,0.5081937909126282,0.8515390157699585,-0.5316656827926636,0.9325222373008728
171,0,0.5196426510810852,0.4045041501522064,-0.6335650682449341,0.9998235702514648
171,1,0.5194071531295776,0.39423683285713196,-0.5924187302589417,0.9996454119682312
171,2,0.5222583413124084,0.3939087986946106,-0.5924254655838013,0.9995556473731995
171,3,0.5248808860778809,0.3935747742652893,-0.5924002528190613,0.9995865821838379
171,4,0.505868136882782,0.3943409323692322,-0.6307938098907471,0.999728798866272
171,5,0.4986657500267029,0.39435437321662903,-0.6308637261390686,0.9996989369392395
171,6,0.49089059233665466,0.39438456296920776,-0.6308789849281311,0.9997745156288147
171,7,0.5151160955429077,0.39538419246673584,-0.3180302083492279,0.9989368319511414
171,8,0.4673088490962982,0.39711692929267883,-0.4988192617893219,0.9998486638069153
171,9,0.5216527581214905,0.4141589105129242,-0.5246041417121887,0.9998112916946411
171,10,0.506172239780426,0.4165460169315338,-0.5763503313064575,0.9999322295188904
171,11,0.5590761303901672,0.4474053978919983,-0.02517308108508587,0.9999741315841675
171,12,0.40671777725219727,0.4502461552619934,-0.4430345892906189,0.999971866607666
171,13,0.5867157578468323,0.5157284140586853,0.11553944647312164,0.9649303555488586
171,14,0.37024781107902527,0.5271298289299011,-0.4341490566730499,0.9964703917503357
171,15,0.608354926109314,0.5809298753738403,-0.11169219762086868,0.9807332158088684
171,16,0.42945337295532227,0.5842905640602112,-0.5577592849731445,0.980731189250946
171,17,0.6168506741523743,0.6029373407363892,-0.16354915499687195,0.961534321308136
171,18,0.43495699763298035,0.6084319353103638,-0.6238231658935547,0.9511640667915344
171,19,0.6006222367286682,0.6028848886489868,-0.24398493766784668,0.9631900191307068
171,20,0.4545465111732483,0.6069227457046509,-0.6589389443397522,0.9502614736557007
171,21,0.5938915014266968,0.5985316634178162,-0.14859861135482788,0.9479919075965881
171,22,0.45449188351631165,0.5982075929641724,-0.5685049891471863,0.9254035353660583
171,23,0.5249991416931152,0.5951499938964844,0.14735010266304016,0.9990553855895996
171,24,0.44667142629623413,0.598068118095398,-0.14743536710739136,0.9995070695877075
171,25,0.5061920881271362,0.7031503915786743,0.2877989411354065,0.663349986076355
171,26,0.4667680859565735,0.7101361155509949,-0.2282201200723648,0.9240731596946716
171,27,0.4670790731906891,0.8051020503044128,0.5548282265663147,0.7179584503173828
171,28,0.4467184245586395,0.8199060559272766,-0.1222991868853569,0.924981951713562
171,29,0.4445938169956207,0.8169375658035278,0.5691801905632019,0.7073215246200562
171,30,0.43060314655303955,0.8364726305007935,-0.12557804584503174,0.818897545337677
171,31,0.5225552320480347,0.8349067568778992,0.4113486111164093,0.7708490490913391
171,32,0.5002627968788147,0.8557969331741333,-0.37040355801582336,0.937373697757721
172,0,0.517579972743988,0.4012543261051178,-0.6543126702308655,0.9998394846916199
172,1,0.5173331499099731,0.3900434374809265,-0.619343638420105,0.9996761083602905
172,2,0.5200156569480896,0.38976871967315674,-0.6193885207176208,0.9995946288108826
172,3,0.5224910974502563,0.389533132314682,-0.6194398403167725,0.9996216893196106
172,4,0.5044237375259399,0.3901800811290741,-0.6511518955230713,0.9997520446777344
172,5,0.49727362394332886,0.39021509885787964,-0.6512631177902222,0.999725341796875
172,6,0.4894120395183563,0.3902472257614136,-0.6512920260429382,0.999792754650116
172,7,0.511768102645874,0.39256376028060913,-0.3547796607017517,0.9990193843841553
172,8,0.46483176946640015,0.3939778208732605,-0.5259134769439697,0.9998589158058167
172,9,0.5191126465797424,0.41179218888282776,-0.5429435968399048,0.9998257160186768
172,10,0.5039092302322388,0.4127740263938904,-0.5799295902252197,0.9999365210533142
172,11,0.5545106530189514,0.4471178650856018,-0.06391891092061996,0.9999697804450989
172,12,0.40296250581741333,0.4511670172214508,-0.47924304008483887,0.9999708533287048
172,13,0.5766156315803528,0.5202758312225342,0.05057113617658615,0.9589133858680725
172,14,0.37491708993911743,0.5273416042327881,-0.484500914812088,0.9966230988502502
172,15,0.5955726504325867,0.5881380438804626,-0.14478972554206848,0.9798427820205688
172,16,0.42842674255371094,0.5948811769485474,-0.5922490358352661,0.9817784428596497
172,17,0.6050732731819153,0.6095108389854431,-0.19103728234767914,0.9600605368614197
172,18,0.4325575828552246,0.6195583939552307,-0.6607782244682312,0.9540466070175171
172,19,0.5915424823760986,0.6094148755073547,-0.26320308446884155,0.9620275497436523
172,20,0.4520050883293152,0.6189597845077515,-0.6926160454750061,0.9532268643379211
172,21,0.5842916965484619,0.6043223738670349,-0.1781424880027771,0.9471949934959412
172,22,0.4529825747013092,0.6117956042289734,-0.603596031665802,0.9298835396766663
172,23,0.5247012376785278,0.5963771343231201,0.14030975103378296,0.9990720748901367
172,24,0.4462105929851532,0.599797248840332,-0.1403869390487671,0.9995115399360657
172,25,0.5062211751937866,0.7074385285377502,0.2552097737789154,0.6853786110877991
172,26,0.455555260181427,0.712612509727478,-0.14808183908462524,0.9303788542747498
172,27,0.4685472249984741,0.8059663772583008,0.49929550290107727,0.7404892444610596
172,28,0.4438028931617737,0.8190819025039673,-0.003113999031484127,0.9313417673110962
172,29,0.44764941930770874,0.8171606063842773,0.5120331048965454,0.7283639311790466
172,30,0.4298483431339264,0.833227276802063,-0.0021292243618518114,0.8262959718704224
172,31,0.5225992798805237,0.8364176750183105,0.3517996370792389,0.7893682718276978
172,32,0.49399101734161377,0.8571155667304993,-0.23447269201278687,0.9417665004730225
173,0,0.5139531493186951,0.39779403805732727,-0.6079573035240173,0.9998535513877869
173,1,0.5149194598197937,0.3871673047542572,-0.5695695877075195,0.9997033476829529
173,2,0.5181463360786438,0.38712814450263977,-0.569554328918457,0.9996289610862732
173,3,0.5209815502166748,0.3871341943740845,-0.5695242285728455,0.999652087688446
173,4,0.5013973712921143,0.38716259598731995,-0.6032695174217224,0.9997729659080505
173,5,0.49400830268859863,0.3871733546257019,-0.6033636331558228,0.9997491836547852
173,6,0.48613959550857544,0.38720327615737915,-0.6033809781074524,0.9998093247413635
173,7,0.5110219717025757,0.3911832869052887,-0.3200206458568573,0.9990907907485962
173,8,0.4626016914844513,0.3914978802204132,-0.4821837544441223,0.9998685121536255
173,9,0.5162520408630371,0.40862908959388733,-0.5090595483779907,0.9998380541801453
173,10,0.5002734065055847,0.4091072082519531,-0.5535179972648621,0.9999402761459351
173,11,0.5502597093582153,0.44862326979637146,-0.05379227548837662,0.9999598264694214
173,12,0.40163663029670715,0.4498916566371918,-0.45382601022720337,0.9999702572822571
173,13,0.5705726146697998,0.5241479277610779,0.06643664836883545,0.9444385170936584
173,14,0.3793451189994812,0.5291425585746765,-0.46367186307907104,0.996670663356781
173,15,0.5864077806472778,0.5926663875579834,-0.10844539105892181,0.975763738155365
173,16,0.42455944418907166,0.6020251512527466,-0.5733740925788879,0.9824061393737793
173,17,0.5936644077301025,0.6138428449630737,-0.15001250803470612,0.9540061354637146
173,18,0.42802801728248596,0.6272963881492615,-0.639136016368866,0.9560844898223877
173,19,0.581901490688324,0.6141238808631897,-0.2172243297100067,0.9564973711967468
173,20,0.4467531442642212,0.6260102987289429,-0.6678822040557861,0.9553363919258118
173,21,0.5750435590744019,0.6092657446861267,-0.1400153785943985,0.9413608312606812
173,22,0.4486679434776306,0.6178697347640991,-0.5829440355300903,0.9332272410392761
173,23,0.5235363245010376,0.6016696691513062,0.1418922245502472,0.9990742206573486
173,24,0.44536107778549194,0.6039894819259644,-0.1420314908027649,0.9995173811912537
173,25,0.5051027536392212,0.7123136520385742,0.2753255367279053,0.7014142870903015
173,26,0.44867923855781555,0.7162578105926514,-0.12881255149841309,0.935819685459137
173,27,0.468733549118042,0.8071997761726379,0.5182660222053528,0.7594200968742371
173,28,0.4406769275665283,0.8221136331558228,0.021036485210061073,0.9367700815200806
173,29,0.44809916615486145,0.8179749250411987,0.5314999222755432,0.7466765642166138
173,30,0.42761725187301636,0.8384596109390259,0.023432567715644836,0.8316277265548706
173,31,0.5227035284042358,0.8380511999130249,0.38614681363105774,0.8051987886428833
173,32,0.49208399653434753,0.8588252067565918,-0.1957901567220688,0.9452923536300659
174,0,0.5119021534919739,0.3969630300998688,-0.5457021594047546,0.9998640418052673
174,1,0.5130298733711243,0.3864504396915436,-0.5065209865570068,0.9997231364250183
174,2,0.5164665579795837,0.3864191174507141,-0.5065503120422363,0.9996544718742371
174,3,0.5195077657699585,0.3864402770996094,-0.5065246820449829,0.9996737241744995
174,4,0.49910202622413635,0.38622379302978516,-0.5398197770118713,0.9997873306274414
174,5,0.491466224193573,0.38617098331451416,-0.5398826003074646,0.9997660517692566
174,6,0.483145147562027,0.3861910402774811,-0.5399093627929688,0.9998189806938171
174,7,0.5091536045074463,0.39054420590400696,-0.26285865902900696,0.999138355255127
174,8,0.4595871865749359,0.3901634216308594,-0.4200756847858429,0.9998723268508911
174,9,0.514979362487793,0.4080386161804199,-0.4507836103439331,0.999846875667572
174,10,0.4976464509963989,0.4080275595188141,-0.4955699145793915,0.9999415278434753
174,11,0.5467261672019958,0.4495908319950104,-0.02206643857061863,0.9999497532844543
174,12,0.3990339934825897,0.44977647066116333,-0.39372682571411133,0.9999675154685974
174,13,0.5620757341384888,0.5258374810218811,0.09657704830169678,0.9269339442253113
174,14,0.3850075304508209,0.5315383076667786,-0.40320032835006714,0.9963234663009644
174,15,0.5695788860321045,0.5939539670944214,-0.07975916564464569,0.9680981636047363
174,16,0.4196993410587311,0.6061516404151917,-0.5056222081184387,0.9815747737884521
174,17,0.5755338072776794,0.6160095930099487,-0.1225145161151886,0.9430727362632751
174,18,0.4214481711387634,0.6303804516792297,-0.5723254084587097,0.9556413292884827
174,19,0.5667267441749573,0.6165034174919128,-0.18821391463279724,0.9464207291603088
174,20,0.4383968412876129,0.6295050978660583,-0.6057022213935852,0.9549787044525146
174,21,0.5600687861442566,0.6111651062965393,-0.11109194159507751,0.9306896924972534
174,22,0.4411841034889221,0.6223562955856323,-0.5194134712219238,0.933458685874939
174,23,0.521894097328186,0.6033432483673096,0.1372896283864975,0.9990874528884888
174,24,0.443037748336792,0.6049450635910034,-0.13739067316055298,0.9995062947273254
174,25,0.5040447115898132,0.7150856256484985,0.2375382035970688,0.7168566584587097
174,26,0.44258421659469604,0.718216598033905,-0.0892852246761322,0.9399269223213196
174,27,0.47045981884002686,0.808836817741394,0.47079595923423767,0.7765308618545532
174,28,0.43938472867012024,0.8217239379882812,0.12465136498212814,0.9409473538398743
174,29,0.44963082671165466,0.8191099166870117,0.48258650302886963,0.762907862663269
174,30,0.4276184141635895,0.8350866436958313,0.13325679302215576,0.8313391804695129
174,31,0.5227188467979431,0.8407580256462097,0.3198864161968231,0.8194792866706848
174,32,0.48648229241371155,0.8577629923820496,-0.08889789879322052,0.9477229714393616
175,0,0.5108015537261963,0.3957589864730835,-0.5376617312431335,0.9998700618743896
175,1,0.5120933651924133,0.38514208793640137,-0.49893730878829956,0.9997339844703674
175,2,0.5156279802322388,0.3851953148841858,-0.49897345900535583,0.9996678829193115
175,3,0.5186376571655273,0.3853066861629486,-0.4989447593688965,0.9996821284294128
175,4,0.497673362493515,0.3849565386772156,-0.5301914811134338,0.9997957944869995
175,5,0.4899616241455078,0.3849030137062073,-0.5302635431289673,0.9997770190238953
175,6,0.4816197156906128,0.3849733769893646,-0.5303218960762024,0.9998241066932678
175,7,0.5081705451011658,0.38951021432876587,-0.2585262060165405,0.9991466403007507
175,8,0.458818256855011,0.388950914144516,-0.40466737747192383,0.9998725652694702
175,9,0.5144351720809937,0.40684160590171814,-0.444104939699173,0.999848484992981
175,10,0.496512770652771,0.4065731465816498,-0.4858570992946625,0.9999399781227112
175,11,0.5449533462524414,0.44969576597213745,-0.016336441040039062,0.9999171495437622
175,12,0.3976546823978424,0.4495285451412201,-0.3821201026439667,0.999964714050293
175,13,0.5567504167556763,0.528810441493988,0.10039473325014114,0.8940092921257019
175,14,0.3911897838115692,0.5361417531967163,-0.3896583616733551,0.9957588315010071
175,15,0.5589376091957092,0.5972929000854492,-0.05946029722690582,0.9472900032997131
175,16,0.4180111885070801,0.6109614372253418,-0.48467546701431274,0.9801199436187744
175,17,0.5642208456993103,0.6185760498046875,-0.09680090844631195,0.9179815053939819
175,18,0.41719478368759155,0.6351838111877441,-0.5490968227386475,0.9541456699371338
175,19,0.5583233833312988,0.6187509894371033,-0.15802066028118134,0.9224469661712646
175,20,0.4339354634284973,0.6339559555053711,-0.581452488899231,0.9535640478134155
175,21,0.5525782108306885,0.6135944724082947,-0.08879121392965317,0.9060404300689697
175,22,0.43749868869781494,0.6269448399543762,-0.49781548976898193,0.9324260950088501
175,23,0.5167249441146851,0.6078379154205322,0.13662485778331757,0.9990797638893127
175,24,0.43992191553115845,0.6092225313186646,-0.13675254583358765,0.999489963054657
175,25,0.5033454298973083,0.716844379901886,0.25096163153648376,0.7299709916114807
175,26,0.44126594066619873,0.7202845215797424,-0.05849413946270943,0.9438167810440063
175,27,0.4704706370830536,0.8089874982833862,0.495151549577713,0.7920418977737427
175,28,0.4383014738559723,0.8219360113143921,0.1780390441417694,0.9447742104530334
175,29,0.4495081901550293,0.8193280100822449,0.5083271265029907,0.777983546257019
175,30,0.4267033338546753,0.834930419921875,0.18965785205364227,0.8326025009155273
175,31,0.5226625800132751,0.8411316871643066,0.35330912470817566,0.8325225114822388
175,32,0.4876057803630829,0.8583158254623413,-0.022923801094293594,0.9500815868377686
176,0,0.5082383155822754,0.39302772283554077,-0.5811811089515686,0.999871015548706
176,1,0.5102538466453552,0.38257068395614624,-0.5444002151489258,0.999732494354248
176,2,0.5142650604248047,0.3826400339603424,-0.5444352626800537,0.9996659755706787
176,3,0.5177618265151978,0.3827514052391052,-0.544436514377594,0.9996726512908936
176,4,0.4939165413379669,0.38229674100875854,-0.5754687190055847,0.9997965097427368
176,5,0.4856542944908142,0.38213059306144714,-0.5755684971809387,0.9997799396514893
176,6,0.47693562507629395,0.38214755058288574,-0.5756288766860962,0.9998230338096619
176,7,0.5084277391433716,0.38725873827934265,-0.2972687780857086,0.9990911483764648
176,8,0.45607709884643555,0.3860014081001282,-0.442187637090683,0.9998679161071777
176,9,0.5130278468132019,0.40433478355407715,-0.4825635254383087,0.9998376369476318
176,10,0.493946373462677,0.4046115279197693,-0.5243731737136841,0.9999340176582336
176,11,0.5439454913139343,0.4500795900821686,-0.035942453891038895,0.9998313188552856
176,12,0.3959110379219055,0.4492483139038086,-0.38316264748573303,0.9999606013298035
176,13,0.5483450889587402,0.5294514894485474,0.07439354062080383,0.851575493812561
176,14,0.3866848349571228,0.5361173152923584,-0.38617146015167236,0.9952328205108643
176,15,0.5487061142921448,0.5970608592033386,-0.11022636294364929,0.9047614932060242
176,16,0.41273337602615356,0.6081058979034424,-0.4608042538166046,0.9772765636444092
176,17,0.5541075468063354,0.6191721558570862,-0.15312263369560242,0.870966911315918
176,18,0.4065997302532196,0.6314836740493774,-0.5186045169830322,0.9493649005889893
176,19,0.5509205460548401,0.619841456413269,-0.21364973485469818,0.8770173788070679
176,20,0.4215156137943268,0.6302585005760193,-0.5553268194198608,0.948806881904602
176,21,0.5447623133659363,0.6135243773460388,-0.1392713040113449,0.8611385226249695
176,22,0.42701226472854614,0.6238551139831543,-0.474460631608963,0.9276729226112366
176,23,0.5144628882408142,0.6086739301681519,0.13197515904903412,0.999011754989624
176,24,0.4342963397502899,0.6091787815093994,-0.1322140097618103,0.9994538426399231
176,25,0.5021085739135742,0.7179093956947327,0.22764812409877777,0.7476696968078613
176,26,0.4400094747543335,0.7201774716377258,-0.03853880241513252,0.9473956823348999
176,27,0.47091245651245117,0.8112622499465942,0.48851728439331055,0.8084381818771362
176,28,0.43661606311798096,0.8242629170417786,0.2503393292427063,0.9484732747077942
176,29,0.4495292603969574,0.8219910860061646,0.501769483089447,0.7923052310943604
176,30,0.425126314163208,0.8378450274467468,0.2645561993122101,0.8330456614494324
176,31,0.5223720073699951,0.8438605070114136,0.3162968158721924,0.8457589149475098
176,32,0.47962602972984314,0.8596677780151367,0.022046850994229317,0.9526298642158508
177,0,0.506695032119751,0.39165812730789185,-0.5945501923561096,0.9998669624328613
177,1,0.5090541839599609,0.38180989027023315,-0.5572652816772461,0.9997186660766602
177,2,0.5130475163459778,0.38197654485702515,-0.5572980642318726,0.9996499419212341
177,3,0.5166804194450378,0.382131963968277,-0.557296633720398,0.9996473789215088
177,4,0.4927433729171753,0.381287157535553,-0.5882358551025391,0.9997881650924683
177,5,0.48421478271484375,0.38105806708335876,-0.5883541107177734,0.9997748136520386
177,6,0.4753418266773224,0.3809133768081665,-0.5884494185447693,0.9998154044151306
177,7,0.5074465274810791,0.38692599534988403,-0.30931124091148376,0.9989889860153198
177,8,0.4542890787124634,0.3850950002670288,-0.45331043004989624,0.9998579621315002
177,9,0.5111470818519592,0.4035342335700989,-0.4961736500263214,0.9998213648796082
177,10,0.49202659726142883,0.40369123220443726,-0.5377112627029419,0.9999254941940308
177,11,0.5415968298912048,0.45054811239242554,-0.045946016907691956,0.9997288584709167
177,12,0.39445939660072327,0.44700536131858826,-0.38737747073173523,0.999957263469696
177,13,0.5451710820198059,0.5290332436561584,0.06308183819055557,0.8036121726036072
177,14,0.38384848833084106,0.5354519486427307,-0.37632933259010315,0.9947834014892578
177,15,0.5350751280784607,0.5940320491790771,-0.12485088407993317,0.8490892648696899
177,16,0.4085870385169983,0.6051916480064392,-0.44477570056915283,0.9740678071975708
177,17,0.5401182770729065,0.615172266960144,-0.1682448834180832,0.8133302330970764
177,18,0.400741308927536,0.6282988786697388,-0.5024096369743347,0.943894624710083
177,19,0.5376561284065247,0.6157455444335938,-0.22949250042438507,0.8204778432846069
177,20,0.41516998410224915,0.6273688077926636,-0.53797447681427,0.9433150291442871
177,21,0.533081591129303,0.6105998158454895,-0.15496006608009338,0.8058121204376221
177,22,0.42046406865119934,0.6209649443626404,-0.45796266198158264,0.9220044612884521
177,23,0.5108363628387451,0.6073366403579712,0.12253999710083008,0.9989280104637146
177,24,0.4280475676059723,0.6077946424484253,-0.12274376302957535,0.9994129538536072
177,25,0.49993035197257996,0.7164557576179504,0.21366208791732788,0.7654443979263306
177,26,0.43613192439079285,0.7184225916862488,-0.04706937447190285,0.950867772102356
177,27,0.4735512137413025,0.811994194984436,0.4610292315483093,0.8238037824630737
177,28,0.43432578444480896,0.8233118057250977,0.24384020268917084,0.9519459009170532
177,29,0.45379066467285156,0.8222932815551758,0.4737150967121124,0.8039085268974304
177,30,0.42372429370880127,0.8358701467514038,0.25742799043655396,0.8326574563980103
177,31,0.521917462348938,0.84551602602005,0.2874179184436798,0.8579261302947998
177,32,0.46978288888931274,0.8596173524856567,0.0031626068521291018,0.955114483833313
178,0,0.5061201453208923,0.3903135657310486,-0.520511269569397,0.9998751878738403
178,1,0.5085009932518005,0.3809986710548401,-0.4798180162906647,0.9997351169586182
178,2,0.5125060677528381,0.3811658024787903,-0.4798719584941864,0.9996703863143921
178,3,0.5162490606307983,0.3813289999961853,-0.4798318147659302,0.9996640086174011
178,4,0.49211248755455017,0.38028281927108765,-0.5085580348968506,0.999801754951477
178,5,0.4835747480392456,0.3800092339515686,-0.5086612105369568,0.999790370464325
178,6,0.47449687123298645,0.37967944145202637,-0.5087553858757019,0.9998270273208618
178,7,0.5073742866516113,0.3858867287635803,-0.23321548104286194,0.999029815196991
178,8,0.45329999923706055,0.3836445212364197,-0.3654157519340515,0.9998668432235718
178,9,0.5107186436653137,0.40193063020706177,-0.4254615902900696,0.9998295307159424
178,10,0.4913492500782013,0.40192848443984985,-0.4632824659347534,0.9999291300773621
178,11,0.5417280793190002,0.449899286031723,0.01783984899520874,0.9996769428253174
178,12,0.3929356038570404,0.4457218050956726,-0.3362385034561157,0.9999588131904602
178,13,0.5414125323295593,0.5283194780349731,0.12697657942771912,0.7608560919761658
178,14,0.3825317919254303,0.5340269804000854,-0.33459651470184326,0.9949037432670593
178,15,0.5335429906845093,0.5922390222549438,-0.0692797377705574,0.8111720085144043
178,16,0.40435677766799927,0.6034167408943176,-0.4375995993614197,0.9746679663658142
178,17,0.5401493310928345,0.6131548285484314,-0.11193043738603592,0.7743594646453857
178,18,0.3974302411079407,0.6270395517349243,-0.4993113577365875,0.9453451633453369
178,19,0.5362936854362488,0.6142467260360718,-0.17442408204078674,0.7822449803352356
178,20,0.4128566384315491,0.6265450119972229,-0.5319979190826416,0.9447747468948364
178,21,0.5311368107795715,0.6084200143814087,-0.10122200846672058,0.7683039903640747
178,22,0.4178028404712677,0.6195958852767944,-0.4499371349811554,0.9244387149810791
178,23,0.5081360936164856,0.606430172920227,0.1271454095840454,0.9988529086112976
178,24,0.4274406135082245,0.6069856882095337,-0.12730082869529724,0.9994162321090698
178,25,0.4976048767566681,0.7154809832572937,0.22223468124866486,0.7786943316459656
178,26,0.43487828969955444,0.7177656888961792,-0.11375154554843903,0.9547363519668579
178,27,0.47348853945732117,0.811920166015625,0.46090927720069885,0.8368621468544006
178,28,0.4350329637527466,0.825670599937439,0.06745319068431854,0.9555902481079102
178,29,0.4536803066730499,0.8226243853569031,0.47161373496055603,0.8152053952217102
178,30,0.42338624596595764,0.841887354850769,0.07298260927200317,0.837746262550354
178,31,0.522567093372345,0.8451756238937378,0.29363808035850525,0.8683810234069824
178,32,0.47319021821022034,0.8644126653671265,-0.17036797106266022,0.9578326940536499
179,0,0.5064536333084106,0.38939520716667175,-0.46191173791885376,0.9998781085014343
179,1,0.5083736181259155,0.38002458214759827,-0.4205060601234436,0.9997397065162659
179,2,0.512139081954956,0.3801766633987427,-0.4205753803253174,0.9996764659881592
179,3,0.5156617760658264,0.3803721070289612,-0.4205489754676819,0.9996657967567444
179,4,0.4924643933773041,0.3794720470905304,-0.4540609121322632,0.9998071193695068
179,5,0.48407745361328125,0.3793858289718628,-0.45412665605545044,0.999797523021698
179,6,0.47500964999198914,0.3791748583316803,-0.45421844720840454,0.9998303055763245
179,7,0.5056442618370056,0.3850756585597992,-0.18002387881278992,0.9990220069885254
179,8,0.4528167247772217,0.3833434581756592,-0.3348221182823181,0.9998686909675598
179,9,0.510772168636322,0.4014457166194916,-0.36941802501678467,0.9998317360877991
179,10,0.4918029308319092,0.40150541067123413,-0.4138658344745636,0.9999300241470337
179,11,0.541056752204895,0.4497774541378021,0.0538036935031414,0.999652624130249
179,12,0.3905860185623169,0.4444813132286072,-0.32300078868865967,0.9999590516090393
179,13,0.5454448461532593,0.5279099345207214,0.15917831659317017,0.7338764071464539
179,14,0.37500643730163574,0.5322451591491699,-0.3450421392917633,0.994982123374939
179,15,0.5397273898124695,0.5931108593940735,-0.038386691361665726,0.7955607771873474
179,16,0.39925357699394226,0.6023991107940674,-0.4565814435482025,0.9752527475357056
179,17,0.546043872833252,0.6140536665916443,-0.08157414197921753,0.7561967968940735
179,18,0.3949377238750458,0.6261616945266724,-0.5185965895652771,0.9468225240707397
179,19,0.5411202907562256,0.6146335005760193,-0.14575092494487762,0.7648762464523315
179,20,0.412324994802475,0.625247597694397,-0.5501794219017029,0.9461943507194519
179,21,0.5350123643875122,0.6080746650695801,-0.07074151188135147,0.7502438426017761
179,22,0.41702598333358765,0.6181061267852783,-0.4677900969982147,0.9263577461242676
179,23,0.5062361359596252,0.6073850393295288,0.13388998806476593,0.9988148212432861
179,24,0.4244746267795563,0.6077610850334167,-0.1339961737394333,0.9994134306907654
179,25,0.4948533773422241,0.7160172462463379,0.24526606500148773,0.7895085215568542
179,26,0.4345428943634033,0.7223190665245056,-0.11023493856191635,0.9580316543579102
179,27,0.4733890891075134,0.8122499585151672,0.4949411153793335,0.8475407958030701
179,28,0.43496444821357727,0.8271030187606812,0.07243505865335464,0.9586347341537476
179,29,0.4535970389842987,0.8226706385612488,0.5074976086616516,0.824981689453125
179,30,0.4221898913383484,0.8427174687385559,0.07665181905031204,0.840898871421814
179,31,0.5241594910621643,0.8448870778083801,0.34174343943595886,0.8771440982818604
179,32,0.4761950969696045,0.8676889538764954,-0.15891703963279724,0.9599456787109375
180,0,0.50627201795578,0.3881530463695526,-0.5042310357093811,0.9998845458030701
180,1,0.5079262852668762,0.37890368700027466,-0.46263763308525085,0.9997519254684448
180,2,0.5116056799888611,0.37912267446517944,-0.4626791179180145,0.9996914863586426
180,3,0.5150684118270874,0.3794019818305969,-0.46264398097991943,0.9996779561042786
180,4,0.4922139048576355,0.3784801661968231,-0.4960572421550751,0.9998179078102112
180,5,0.48401662707328796,0.37847182154655457,-0.49613359570503235,0.9998096823692322
180,6,0.4748723804950714,0.3783285617828369,-0.4962019622325897,0.999839186668396
180,7,0.5049301385879517,0.3845096826553345,-0.21383309364318848,0.9990450143814087
180,8,0.45191696286201477,0.3825516402721405,-0.3697476387023926,0.9998748302459717
180,9,0.5106298923492432,0.4003089964389801,-0.4082728922367096,0.9998374581336975
180,10,0.49171289801597595,0.40048202872276306,-0.45286691188812256,0.9999329447746277
180,11,0.540145754814148,0.4499533772468567,0.028544288128614426,0.9996281862258911
180,12,0.38848263025283813,0.4438009262084961,-0.339054137468338,0.9999594688415527
180,13,0.5474197864532471,0.5277552604675293,0.14737890660762787,0.7165520787239075
180,14,0.3637446165084839,0.5317540168762207,-0.35544463992118835,0.9952277541160583
180,15,0.5437926650047302,0.5925897359848022,-0.050106730312108994,0.7895949482917786
180,16,0.3938203454017639,0.6016994118690491,-0.46193376183509827,0.9764686226844788
180,17,0.5502526760101318,0.6134927272796631,-0.09406455606222153,0.7470216751098633
180,18,0.3900775611400604,0.6253799796104431,-0.531048059463501,0.9492960572242737
180,19,0.5446632504463196,0.6136069297790527,-0.15965738892555237,0.7564886808395386
180,20,0.408159464597702,0.6241546869277954,-0.554614782333374,0.9486559629440308
180,21,0.5385927557945251,0.6070370078086853,-0.08290190249681473,0.7410596013069153
180,22,0.4124639630317688,0.616972804069519,-0.47081464529037476,0.9296685457229614
180,23,0.5065061450004578,0.607427716255188,0.1341443955898285,0.9987900853157043
180,24,0.42332637310028076,0.607819139957428,-0.13424570858478546,0.9994190335273743
180,25,0.49498218297958374,0.7175406217575073,0.2469758838415146,0.8008734583854675
180,26,0.4341881573200226,0.7224386930465698,-0.10704564303159714,0.9610983729362488
180,27,0.4736270010471344,0.8136955499649048,0.5029925107955933,0.8580412268638611
180,28,0.43430671095848083,0.8282222747802734,0.07892923802137375,0.9616093039512634
180,29,0.4535183310508728,0.8243635892868042,0.5161739587783813,0.8346431851387024
180,30,0.42014122009277344,0.8431104421615601,0.0827050507068634,0.8449013233184814
180,31,0.5246515274047852,0.8463488817214966,0.3464893400669098,0.8856508731842041
180,32,0.47784286737442017,0.87126624584198,-0.15964160859584808,0.9621259570121765
181,0,0.5057850480079651,0.38822659850120544,-0.4877205789089203,0.9998903870582581
181,1,0.5071537494659424,0.378950297832489,-0.44500482082366943,0.9997633099555969
181,2,0.5107837915420532,0.37917762994766235,-0.44504067301750183,0.9997052550315857
181,3,0.5141161680221558,0.3794446885585785,-0.44499728083610535,0.999689519405365
181,4,0.4916834235191345,0.3785235285758972,-0.48004117608070374,0.9998276233673096
181,5,0.4836074113845825,0.3784436583518982,-0.4800933301448822,0.9998204708099365
181,6,0.4745188355445862,0.3783166706562042,-0.4801411032676697,0.9998468160629272
181,7,0.5036426782608032,0.3843962550163269,-0.1951218992471695,0.9990675449371338
181,8,0.4513597786426544,0.3824498951435089,-0.3589063882827759,0.9998802542686462
181,9,0.5102654099464417,0.4003916382789612,-0.3916224241256714,0.9998430013656616
181,10,0.4913664162158966,0.40040749311447144,-0.4384973645210266,0.9999356269836426
181,11,0.538655698299408,0.4497462809085846,0.04352686554193497,0.9996212124824524
181,12,0.3867945075035095,0.4433369040489197,-0.33528536558151245,0.9999598860740662
181,13,0.5502364039421082,0.527626097202301,0.16201737523078918,0.7060753703117371
181,14,0.3567425310611725,0.530836284160614,-0.36045143008232117,0.9954749941825867
181,15,0.5458670854568481,0.5920747518539429,-0.036984000355005264,0.7926747798919678
181,16,0.3884270489215851,0.6013023257255554,-0.47144970297813416,0.9778245091438293
181,17,0.5522587895393372,0.6131539344787598,-0.08182767033576965,0.7481752634048462
181,18,0.38627246022224426,0.6248306632041931,-0.5449599027633667,0.9520846009254456
181,19,0.5463452935218811,0.6131037473678589,-0.14871647953987122,0.7580578923225403
181,20,0.4043419361114502,0.6236094236373901,-0.5643748641014099,0.9514340162277222
181,21,0.5400592088699341,0.6064018607139587,-0.07031900435686111,0.7417092323303223
181,22,0.4084632396697998,0.6166200041770935,-0.47871115803718567,0.933329164981842
181,23,0.5066627264022827,0.6074304580688477,0.1369221806526184,0.9987938404083252
181,24,0.4235136806964874,0.6079203486442566,-0.13702896237373352,0.9994244575500488
181,25,0.49488723278045654,0.7189671993255615,0.25235456228256226,0.810945987701416
181,26,0.4332362413406372,0.7228093147277832,-0.0938882827758789,0.9637860655784607
181,27,0.47362712025642395,0.8149884939193726,0.5073410272598267,0.8674743175506592
181,28,0.43253806233406067,0.8293874859809875,0.11314038187265396,0.9642427563667297
181,29,0.4531976580619812,0.8252109289169312,0.520840048789978,0.8439861536026001
181,30,0.41797447204589844,0.8431553840637207,0.11972158402204514,0.8483690619468689
181,31,0.5247279405593872,0.8466030359268188,0.3564620614051819,0.8934526443481445
181,32,0.4792824983596802,0.8728251457214355,-0.11542754620313644,0.964029848575592
182,0,0.5047705173492432,0.38798636198043823,-0.5131460428237915,0.9998930096626282
182,1,0.5066672563552856,0.3788507282733917,-0.47161170840263367,0.9997681379318237
182,2,0.5104244947433472,0.3791016936302185,-0.47164735198020935,0.9997101426124573
182,3,0.5137199759483337,0.3793473243713379,-0.4716102182865143,0.9996899962425232
182,4,0.49091991782188416,0.37851232290267944,-0.5048178434371948,0.9998330473899841
182,5,0.4827877879142761,0.37837788462638855,-0.5048803687095642,0.9998267292976379
182,6,0.47381508350372314,0.37825626134872437,-0.5049440860748291,0.9998507499694824
182,7,0.5038424730300903,0.3842068314552307,-0.21929548680782318,0.9990529417991638
182,8,0.45120489597320557,0.38162487745285034,-0.3750495910644531,0.9998834133148193
182,9,0.5098024010658264,0.4003402292728424,-0.41581156849861145,0.9998430013656616
182,10,0.49056363105773926,0.4001888334751129,-0.4604286253452301,0.9999368190765381
182,11,0.5388333797454834,0.4497712552547455,0.02306346967816353,0.9996076226234436
182,12,0.38386332988739014,0.44309598207473755,-0.33490946888923645,0.99996018409729
182,13,0.5516391396522522,0.527475118637085,0.1463414579629898,0.697708010673523
182,14,0.34828343987464905,0.5303224921226501,-0.3587724566459656,0.99570232629776
182,15,0.54667729139328,0.5916864275932312,-0.057453081011772156,0.7954505681991577
182,16,0.38505956530570984,0.6011376976966858,-0.4806908071041107,0.9791839122772217
182,17,0.5536469221115112,0.6128049492835999,-0.10336504876613617,0.7494345903396606
182,18,0.382671058177948,0.6247240304946899,-0.5555010437965393,0.9548646211624146
182,19,0.5467901229858398,0.6126101613044739,-0.16951219737529755,0.7595428228378296
182,20,0.40312978625297546,0.6223975419998169,-0.577943742275238,0.9542251825332642
182,21,0.5407571196556091,0.6060117483139038,-0.09053458273410797,0.7424535751342773
182,22,0.40686148405075073,0.6145728826522827,-0.4890162944793701,0.9370368123054504
182,23,0.5068292617797852,0.607690691947937,0.13572469353675842,0.9987995028495789
182,24,0.4212605059146881,0.6081546545028687,-0.1358528882265091,0.9994270205497742
182,25,0.495082825422287,0.7188947796821594,0.24948817491531372,0.822648286819458
182,26,0.43149226903915405,0.7229147553443909,-0.06299667805433273,0.9662129878997803
182,27,0.4758767783641815,0.8152148127555847,0.5145575404167175,0.8770582675933838
182,28,0.4320340156555176,0.8291932344436646,0.1929938644170761,0.9664896130561829
182,29,0.45638975501060486,0.8254557847976685,0.5287388563156128,0.8534600734710693
182,30,0.4187169373035431,0.8422385454177856,0.2049626260995865,0.8499155640602112
182,31,0.5247611999511719,0.8467926979064941,0.353849321603775,0.9010043740272522
182,32,0.47728848457336426,0.8715704083442688,-0.03479892015457153,0.9655436277389526
183,0,0.5048779845237732,0.38843974471092224,-0.49482372403144836,0.9999005198478699
183,1,0.5066331028938293,0.3791637122631073,-0.45293208956718445,0.9997838139533997
183,2,0.510322630405426,0.3793891966342926,-0.45295822620391846,0.9997292757034302
183,3,0.513489305973053,0.3796050250530243,-0.4529125988483429,0.9997091889381409
183,4,0.49098747968673706,0.3787911534309387,-0.4885178506374359,0.9998449683189392
183,5,0.48288047313690186,0.3785712420940399,-0.4885507822036743,0.9998391270637512
183,6,0.47389063239097595,0.3783877193927765,-0.4885794222354889,0.9998605847358704
183,7,0.502947211265564,0.3843820095062256,-0.20399209856987,0.9991061091423035
183,8,0.4510361850261688,0.38172703981399536,-0.37129613757133484,0.999890923500061
183,9,0.5097116827964783,0.40050435066223145,-0.3987051546573639,0.9998525977134705
183,10,0.4905780851840973,0.4004214406013489,-0.4467024803161621,0.9999409914016724
183,11,0.5372008085250854,0.4498473107814789,0.03345716744661331,0.9996254444122314
183,12,0.38321536779403687,0.44304099678993225,-0.3377119302749634,0.9999617338180542
183,13,0.5522026419639587,0.5273642539978027,0.15549275279045105,0.7024968862533569
183,14,0.3408450782299042,0.5299726724624634,-0.3658943474292755,0.9959639310836792
183,15,0.5496545433998108,0.5914747714996338,-0.05083632469177246,0.8085122108459473
183,16,0.3838047385215759,0.6009225845336914,-0.49873462319374084,0.9806150197982788
183,17,0.5597534775733948,0.612705409526825,-0.09847849607467651,0.7631506323814392
183,18,0.3824867606163025,0.6245154142379761,-0.5720492601394653,0.9578220248222351
183,19,0.5518080592155457,0.6124454736709595,-0.16744786500930786,0.7730194926261902
183,20,0.4013732969760895,0.6222181916236877,-0.5945127606391907,0.9571990966796875
183,21,0.5449024438858032,0.605782151222229,-0.08508948236703873,0.7558802366256714
183,22,0.40525224804878235,0.6141536831855774,-0.5068495273590088,0.9409995675086975
183,23,0.5061264634132385,0.6078401803970337,0.13719409704208374,0.9988386034965515
183,24,0.4210813641548157,0.6087205410003662,-0.13732299208641052,0.9994497299194336
183,25,0.4952755868434906,0.7190893888473511,0.27333447337150574,0.8318048715591431
183,26,0.43115779757499695,0.7227100133895874,-0.07774669677019119,0.9685772061347961
183,27,0.4758787453174591,0.8150264024734497,0.5412959456443787,0.8848262429237366
183,28,0.4321545958518982,0.8298835754394531,0.13307172060012817,0.9688078761100769
183,29,0.4561578631401062,0.8253447413444519,0.5565189123153687,0.8616931438446045
183,30,0.41907036304473877,0.8436559438705444,0.14033706486225128,0.8550134897232056
183,31,0.5248411297798157,0.8468511700630188,0.3979034423828125,0.9073895812034607
183,32,0.477979838848114,0.8707140684127808,-0.09376507997512817,0.967296838760376
184,0,0.5027117133140564,0.38833102583885193,-0.5018962025642395,0.9999085664749146
184,1,0.5051769018173218,0.37898099422454834,-0.4596595764160156,0.9998010396957397
184,2,0.5091609954833984,0.3792397379875183,-0.4596826732158661,0.9997504353523254
184,3,0.5124877095222473,0.3794693350791931,-0.4596308767795563,0.9997311234474182
184,4,0.4889509975910187,0.378528356552124,-0.49230054020881653,0.9998574256896973
184,5,0.4808061420917511,0.37826406955718994,-0.49232932925224304,0.9998520016670227
184,6,0.4716886878013611,0.3779376447200775,-0.49234649538993835,0.9998711943626404
184,7,0.5029429793357849,0.38415390253067017,-0.20586052536964417,0.9991693496704102
184,8,0.4495415687561035,0.3810248374938965,-0.360151082277298,0.99989914894104
184,9,0.5082334876060486,0.40033721923828125,-0.40420740842819214,0.9998633861541748
184,10,0.48826250433921814,0.40018028020858765,-0.44854381680488586,0.9999454021453857
184,11,0.5368101000785828,0.44964471459388733,0.03456079587340355,0.9996474385261536
184,12,0.3822931945323944,0.44261521100997925,-0.3196074664592743,0.9999635219573975
184,13,0.5530617833137512,0.5272318720817566,0.1621982753276825,0.7102932333946228
184,14,0.3407690227031708,0.5299367904663086,-0.35121652483940125,0.9961963891983032
184,15,0.5562644004821777,0.5915393233299255,-0.04377616196870804,0.8219711780548096
184,16,0.3809572458267212,0.6006640195846558,-0.4944331645965576,0.9819753170013428
184,17,0.5679694414138794,0.6129863262176514,-0.09062018990516663,0.7778388261795044
184,18,0.37905222177505493,0.6242011785507202,-0.5681012272834778,0.9606270790100098
184,19,0.5588425993919373,0.6127054691314697,-0.16296488046646118,0.7873567938804626
184,20,0.39872902631759644,0.6220314502716064,-0.5916491746902466,0.9600355625152588
184,21,0.5521566867828369,0.6060940027236938,-0.07896362245082855,0.7704183459281921
184,22,0.40316006541252136,0.614078938961029,-0.5034321546554565,0.9448440074920654
184,23,0.5063654184341431,0.6076796054840088,0.13684798777103424,0.9988881945610046
184,24,0.4211532175540924,0.6086010932922363,-0.1369616538286209,0.9994695782661438
184,25,0.49586889147758484,0.7189096212387085,0.26051267981529236,0.8404930830001831
184,26,0.4306405782699585,0.7216725945472717,-0.07313846796751022,0.9705873131752014
184,27,0.4760133624076843,0.8149207830429077,0.5183048248291016,0.8920295238494873
184,28,0.4309854209423065,0.8290036916732788,0.15239106118679047,0.9707098603248596
184,29,0.45600783824920654,0.8252766728401184,0.5320682525634766,0.8691367506980896
184,30,0.41836902499198914,0.8428437113761902,0.16153693199157715,0.8571906089782715
184,31,0.524776041507721,0.8471037149429321,0.3663616180419922,0.913171648979187
184,32,0.4760352373123169,0.8694451451301575,-0.07192010432481766,0.9686349630355835
185,0,0.5008799433708191,0.3876190781593323,-0.5093317627906799,0.9999148845672607
185,1,0.5037204623222351,0.37846699357032776,-0.466989129781723,0.999814510345459
185,2,0.5078404545783997,0.3787400722503662,-0.46701177954673767,0.9997669458389282
185,3,0.5112391114234924,0.37901386618614197,-0.4669620394706726,0.9997477531433105
185,4,0.4875141978263855,0.37800541520118713,-0.4997325837612152,0.9998672008514404
185,5,0.47938892245292664,0.3777778446674347,-0.49977102875709534,0.9998621940612793
185,6,0.47038260102272034,0.37747398018836975,-0.49980050325393677,0.9998793005943298
185,7,0.5023182034492493,0.38380640745162964,-0.21204254031181335,0.9992166757583618
185,8,0.44807928800582886,0.38052818179130554,-0.367707222700119,0.9999053478240967
185,9,0.5067158341407776,0.39949488639831543,-0.411391943693161,0.9998716711997986
185,10,0.4864380657672882,0.3991810977458954,-0.4558309018611908,0.9999487996101379
185,11,0.5359189510345459,0.4492693543434143,0.02705616131424904,0.9996629357337952
185,12,0.38073527812957764,0.4423416256904602,-0.3221345543861389,0.9999641180038452
185,13,0.553440511226654,0.5271784067153931,0.15531431138515472,0.7188324332237244
185,14,0.33944082260131836,0.5298699140548706,-0.3495523929595947,0.9963886141777039
185,15,0.5592244267463684,0.5915635228157043,-0.050096575170755386,0.8335902094841003
185,16,0.37931743264198303,0.6004777550697327,-0.49229103326797485,0.9831037521362305
185,17,0.5707366466522217,0.613020122051239,-0.09749924391508102,0.7901186347007751
185,18,0.37745195627212524,0.6239498257637024,-0.5657407641410828,0.9629150032997131
185,19,0.5619128346443176,0.6126713156700134,-0.16904327273368835,0.7994107007980347
185,20,0.3971647620201111,0.621755838394165,-0.5912065505981445,0.9623523354530334
185,21,0.5553404688835144,0.6061735153198242,-0.08508212864398956,0.7826181054115295
185,22,0.4018707573413849,0.6138507127761841,-0.5021775960922241,0.9479991793632507
185,23,0.5064114928245544,0.6073556542396545,0.1342717558145523,0.998910129070282
185,24,0.42127662897109985,0.6084831953048706,-0.1343856155872345,0.9994744062423706
185,25,0.49686524271965027,0.7186195850372314,0.24029763042926788,0.8486405611038208
185,26,0.43101271986961365,0.7213907241821289,-0.08030625432729721,0.9719603061676025
185,27,0.475824236869812,0.8150842785835266,0.5158818364143372,0.8979431390762329
185,28,0.4309920072555542,0.829264760017395,0.15485967695713043,0.9720250964164734
185,29,0.4552636742591858,0.8256257772445679,0.5316758155822754,0.8744724988937378
185,30,0.41857120394706726,0.8426515460014343,0.16458334028720856,0.855546772480011
185,31,0.5207250118255615,0.8480409383773804,0.35135191679000854,0.9177208542823792
185,32,0.4745433032512665,0.8700688481330872,-0.07796940207481384,0.9692285060882568
186,0,0.5001717209815979,0.3866346776485443,-0.4936508536338806,0.9999164938926697
186,1,0.5024932622909546,0.37748074531555176,-0.4509742259979248,0.9998177289962769
186,2,0.5065711736679077,0.37778985500335693,-0.4510032534599304,0.9997713565826416
186,3,0.5098958015441895,0.37810009717941284,-0.4509679079055786,0.999751627445221
186,4,0.48646968603134155,0.37713757157325745,-0.4866364300251007,0.9998688101768494
186,5,0.47841572761535645,0.37702780961990356,-0.4866824746131897,0.9998642802238464
186,6,0.46951040625572205,0.3768828511238098,-0.4867519438266754,0.9998794198036194
186,7,0.5009306073188782,0.38333481550216675,-0.19807292520999908,0.9992236495018005
186,8,0.44727253913879395,0.3802763819694519,-0.36545154452323914,0.9999039173126221
186,9,0.5061665177345276,0.3988243639469147,-0.3963153064250946,0.9998742341995239
186,10,0.4860713481903076,0.3985692262649536,-0.444474995136261,0.9999491572380066
186,11,0.5344581604003906,0.4493030905723572,0.03568902984261513,0.9996718168258667
186,12,0.3800871968269348,0.4419432580471039,-0.32574108242988586,0.999962329864502
186,13,0.5534302592277527,0.527263879776001,0.16496434807777405,0.7234060168266296
186,14,0.34126153588294983,0.5297260284423828,-0.3520044684410095,0.9964693188667297
186,15,0.5602809190750122,0.5914871096611023,-0.03818351775407791,0.8422608375549316
186,16,0.3796437680721283,0.6005786657333374,-0.491530179977417,0.9838405251502991
186,17,0.5718016028404236,0.6131036877632141,-0.08604421466588974,0.7986820340156555
186,18,0.3776754140853882,0.6239734888076782,-0.5652003884315491,0.9644048810005188
186,19,0.5640633702278137,0.612836480140686,-0.15991443395614624,0.8080042600631714
186,20,0.3971831798553467,0.6216772794723511,-0.5908235907554626,0.9638413190841675
186,21,0.5575849413871765,0.6064597368240356,-0.07408925890922546,0.790941596031189
186,22,0.40168097615242004,0.613933265209198,-0.5019137263298035,0.9499467611312866
186,23,0.5067359209060669,0.607272744178772,0.13359789550304413,0.9989157915115356
186,24,0.4213724434375763,0.6083931922912598,-0.13369308412075043,0.9994597434997559
186,25,0.49754711985588074,0.718783438205719,0.20739470422267914,0.8572047352790833
186,26,0.4308856427669525,0.7229626774787903,-0.0766046866774559,0.9729992151260376
186,27,0.4760170876979828,0.8150089979171753,0.5088810324668884,0.9034346342086792
186,28,0.42976367473602295,0.8297058343887329,0.2097063660621643,0.9732445478439331
186,29,0.45544111728668213,0.8255756497383118,0.5255170464515686,0.878738522529602
186,30,0.41866546869277954,0.8424315452575684,0.22447505593299866,0.8537582755088806
186,31,0.5196869969367981,0.8485071063041687,0.3456665277481079,0.922079861164093
186,32,0.47130125761032104,0.8698927164077759,-0.023056747391819954,0.9699848294258118
187,0,0.49922892451286316,0.3860304057598114,-0.457352876663208,0.9999173283576965
187,1,0.5013099312782288,0.37697598338127136,-0.41402584314346313,0.9998196363449097
187,2,0.5053606629371643,0.37731561064720154,-0.41406771540641785,0.9997736811637878
187,3,0.5086848139762878,0.3776562213897705,-0.4140356779098511,0.9997535943984985
187,4,0.4855429232120514,0.3766377866268158,-0.4518861472606659,0.9998701214790344
187,5,0.47758451104164124,0.3765474855899811,-0.45192641019821167,0.9998658299446106
187,6,0.4687456488609314,0.3764282464981079,-0.45200029015541077,0.9998794198036194
187,7,0.4998343884944916,0.3830038607120514,-0.1647128313779831,0.9992250204086304
187,8,0.44628286361694336,0.3800390362739563,-0.34224486351013184,0.9999024868011475
187,9,0.5053398609161377,0.39815211296081543,-0.36175549030303955,0.999875545501709
187,10,0.48530739545822144,0.3979629576206207,-0.412725567817688,0.9999491572380066
187,11,0.5328779816627502,0.4493245482444763,0.05989816039800644,0.9996713995933533
187,12,0.37952643632888794,0.44165000319480896,-0.3164263069629669,0.9999607801437378
187,13,0.5515002608299255,0.5272144675254822,0.18355825543403625,0.7227433919906616
187,14,0.34172090888023376,0.529496967792511,-0.3480357825756073,0.9965226054191589
187,15,0.559798538684845,0.5914161801338196,-0.01794416271150112,0.8464532494544983
187,16,0.3799789547920227,0.6004821062088013,-0.48227137327194214,0.9843804240226746
187,17,0.5709560513496399,0.6130329966545105,-0.06537465751171112,0.8015716075897217
187,18,0.3777306079864502,0.6240974068641663,-0.5555597543716431,0.9654858112335205
187,19,0.5637112259864807,0.6127580404281616,-0.13748013973236084,0.811150074005127
187,20,0.3973902463912964,0.6216076016426086,-0.5819453001022339,0.9648963212966919
187,21,0.557303249835968,0.6064051389694214,-0.05335363745689392,0.7934544682502747
187,22,0.40190428495407104,0.6138380765914917,-0.49292051792144775,0.9512783885002136
187,23,0.5068891048431396,0.6071856617927551,0.13340964913368225,0.9989174008369446
187,24,0.42141786217689514,0.6083096265792847,-0.13350826501846313,0.9994483590126038
187,25,0.4976806938648224,0.7186752557754517,0.20208483934402466,0.8637621998786926
187,26,0.430633544921875,0.7227944731712341,-0.07546084374189377,0.9737117290496826
187,27,0.47587698698043823,0.8149751424789429,0.5043824315071106,0.9076162576675415
187,28,0.4295758605003357,0.8297550082206726,0.20817966759204865,0.9742027521133423
187,29,0.4550805389881134,0.8256641626358032,0.51991206407547,0.8822102546691895
187,30,0.4187973141670227,0.842296302318573,0.22214120626449585,0.8521049618721008
187,31,0.5187810659408569,0.8488782644271851,0.3431667685508728,0.9255673289299011
187,32,0.4701903462409973,0.8699054718017578,-0.024306148290634155,0.9705155491828918
188,0,0.4980037212371826,0.38622909784317017,-0.4742722809314728,0.9999149441719055
188,1,0.5003588199615479,0.3772350549697876,-0.4314289093017578,0.9998114705085754
188,2,0.5043630599975586,0.3775734305381775,-0.43147456645965576,0.9997645020484924
188,3,0.5076221227645874,0.3779121935367584,-0.43144941329956055,0.9997425675392151
188,4,0.4845859110355377,0.3768403232097626,-0.46781378984451294,0.9998618364334106
188,5,0.4767089784145355,0.3767074942588806,-0.4678609073162079,0.9998583197593689
188,6,0.4680485129356384,0.37654241919517517,-0.4679393470287323,0.9998701810836792
188,7,0.4990716576576233,0.38316792249679565,-0.17896823585033417,0.9991821646690369
188,8,0.44594043493270874,0.3799959719181061,-0.35043084621429443,0.9998909831047058
188,9,0.5034683346748352,0.3981953561306,-0.37709468603134155,0.9998723268508911
188,10,0.48394206166267395,0.39795002341270447,-0.4261668026447296,0.9999464154243469
188,11,0.5321385264396667,0.44933223724365234,0.05061556026339531,0.9996776580810547
188,12,0.3783929944038391,0.4415624737739563,-0.3149622082710266,0.9999571442604065
188,13,0.5513042211532593,0.5272020101547241,0.17481298744678497,0.7256914377212524
188,14,0.34224173426628113,0.5295709371566772,-0.33766427636146545,0.9965085983276367
188,15,0.5592886805534363,0.5913616418838501,-0.029360976070165634,0.851863443851471
188,16,0.3806309700012207,0.6004602909088135,-0.47490349411964417,0.9847751259803772
188,17,0.5697370171546936,0.6131119132041931,-0.07723371684551239,0.8063333630561829
188,18,0.37870529294013977,0.6245412826538086,-0.5480771660804749,0.9663457870483398
188,19,0.5627096891403198,0.6129153966903687,-0.14811189472675323,0.8160786628723145
188,20,0.39830848574638367,0.6223192811012268,-0.5786128640174866,0.9657790064811707
188,21,0.5565139055252075,0.6065271496772766,-0.06429527699947357,0.7979709506034851
188,22,0.40269920229911804,0.6142635345458984,-0.48729264736175537,0.952436089515686
188,23,0.5067812204360962,0.6071216464042664,0.12942761182785034,0.9989073276519775
188,24,0.4204772412776947,0.6082471013069153,-0.1294863224029541,0.9994121193885803
188,25,0.4977269768714905,0.718966007232666,0.15551762282848358,0.8713229894638062
188,26,0.42906609177589417,0.7228121757507324,-0.07883885502815247,0.9740359783172607
188,27,0.47586050629615784,0.8149198293685913,0.48539331555366516,0.911861002445221
188,28,0.4290451109409332,0.8295474052429199,0.20420020818710327,0.9747604727745056
188,29,0.45501190423965454,0.8253202438354492,0.5056236982345581,0.8841528296470642
188,30,0.41886812448501587,0.8421624898910522,0.2193828523159027,0.8473463654518127
188,31,0.5170470476150513,0.8493536710739136,0.31494784355163574,0.9287720918655396
188,32,0.46783265471458435,0.8697547912597656,-0.0320851132273674,0.9706980586051941
189,0,0.4960877001285553,0.3857552111148834,-0.47997164726257324,0.9999110102653503
189,1,0.49852490425109863,0.37689757347106934,-0.439097136259079,0.9998006224632263
189,2,0.5025656223297119,0.37725383043289185,-0.4391261339187622,0.999752402305603
189,3,0.5060007572174072,0.37763211131095886,-0.4390900135040283,0.9997273683547974
189,4,0.4826516807079315,0.37650442123413086,-0.4750596284866333,0.9998535513877869
189,5,0.47487491369247437,0.3764106035232544,-0.4751059114933014,0.9998511075973511
189,6,0.46606674790382385,0.3762509524822235,-0.47516560554504395,0.9998607635498047
189,7,0.49800822138786316,0.3830457925796509,-0.18805693089962006,0.999119222164154
189,8,0.44409459829330444,0.3799646198749542,-0.3561634123325348,0.9998801350593567
189,9,0.5018041133880615,0.3976917862892151,-0.38251978158950806,0.9998651146888733
189,10,0.4822003245353699,0.397516131401062,-0.43138596415519714,0.9999421834945679
189,11,0.5318638682365417,0.44941797852516174,0.0456276535987854,0.9996601343154907
189,12,0.37800461053848267,0.44154858589172363,-0.3172619342803955,0.9999533891677856
189,13,0.5515851974487305,0.5271787643432617,0.17363056540489197,0.7181342840194702
189,14,0.3459770977497101,0.5304931402206421,-0.3406895399093628,0.996359646320343
189,15,0.5582705736160278,0.591367244720459,-0.03079516440629959,0.8488465547561646
189,16,0.3843616843223572,0.600934624671936,-0.4757385551929474,0.9844146370887756
189,17,0.56730717420578,0.6134218573570251,-0.07941461354494095,0.8013585209846497
189,18,0.3821778893470764,0.6259537935256958,-0.548243522644043,0.9658375382423401
189,19,0.5599351525306702,0.6131854057312012,-0.1491159200668335,0.8116952180862427
189,20,0.40153610706329346,0.6248050928115845,-0.578864336013794,0.9652553200721741
189,21,0.5534161925315857,0.6069377660751343,-0.06497543305158615,0.7929779887199402
189,22,0.4054717719554901,0.6170476675033569,-0.48767751455307007,0.9517627954483032
189,23,0.5065520405769348,0.6070451736450195,0.129567489027977,0.9988682866096497
189,24,0.4200361967086792,0.6079968214035034,-0.12962272763252258,0.999381959438324
189,25,0.497775137424469,0.7181584239006042,0.17492273449897766,0.8747717142105103
189,26,0.42863336205482483,0.7226724028587341,-0.08261676877737045,0.9747457504272461
189,27,0.47663405537605286,0.814355194568634,0.48330625891685486,0.914687991142273
189,28,0.4291585683822632,0.8293520212173462,0.18081484735012054,0.9754262566566467
189,29,0.45645835995674133,0.8243950605392456,0.5026611089706421,0.8857788443565369
189,30,0.41891470551490784,0.8419580459594727,0.19334277510643005,0.8443967700004578
189,31,0.5178371667861938,0.8487039804458618,0.31501442193984985,0.9309930801391602
189,32,0.46861159801483154,0.8695109486579895,-0.05368086323142052,0.9708807468414307
190,0,0.4956182837486267,0.38570207357406616,-0.48408079147338867,0.9999110102653503
190,1,0.49765706062316895,0.37685245275497437,-0.4420313835144043,0.9997991919517517
190,2,0.5016051530838013,0.37719786167144775,-0.44206175208091736,0.9997496604919434
190,3,0.5050472617149353,0.3775765895843506,-0.44202807545661926,0.9997228384017944
190,4,0.4819728136062622,0.3764609396457672,-0.4772641956806183,0.999854326248169
190,5,0.4743056297302246,0.3763916492462158,-0.4773264229297638,0.9998525977134705
190,6,0.4653903543949127,0.3762473464012146,-0.4774043560028076,0.9998615384101868
190,7,0.49661704897880554,0.38296717405319214,-0.19159403443336487,0.9990957379341125
190,8,0.44280868768692017,0.3800499141216278,-0.35661256313323975,0.9998799562454224
190,9,0.5012568831443787,0.3977440297603607,-0.3873976767063141,0.9998632669448853
190,10,0.48174378275871277,0.3976304233074188,-0.4350101351737976,0.9999415874481201
190,11,0.5292412042617798,0.44944024085998535,0.043632637709379196,0.9996330142021179
190,12,0.37783321738243103,0.4414415955543518,-0.32389652729034424,0.999953031539917
190,13,0.5486621856689453,0.5270525217056274,0.1675957292318344,0.7077568173408508
190,14,0.3471892774105072,0.5308170318603516,-0.355865478515625,0.9964112639427185
190,15,0.5516095757484436,0.591340184211731,-0.033859264105558395,0.8431742191314697
190,16,0.390217125415802,0.6010183095932007,-0.4817884564399719,0.9847995042800903
190,17,0.5598302483558655,0.6134251952171326,-0.0806640088558197,0.7932462096214294
190,18,0.3875133991241455,0.6262380480766296,-0.5542029738426208,0.9666048884391785
190,19,0.5528741478919983,0.6131836175918579,-0.1492299884557724,0.8040613532066345
190,20,0.4084952771663666,0.6251858472824097,-0.5814419984817505,0.9659897089004517
190,21,0.5455651879310608,0.6069391369819641,-0.06773235648870468,0.7846439480781555
190,22,0.41161811351776123,0.6175706386566162,-0.49218007922172546,0.9526849389076233
190,23,0.5060797333717346,0.6068772673606873,0.13090810179710388,0.9988172054290771
190,24,0.4199896454811096,0.6077951192855835,-0.130957692861557,0.9993588924407959
190,25,0.49780768156051636,0.7178604602813721,0.1773999035358429,0.8781466484069824
190,26,0.428750216960907,0.7224671840667725,-0.08457285165786743,0.9755868911743164
190,27,0.47731488943099976,0.8143268823623657,0.4590364694595337,0.9171044230461121
190,28,0.4292716681957245,0.8293098211288452,0.17323873937129974,0.9762656092643738
190,29,0.45647019147872925,0.8243882060050964,0.4746990501880646,0.8880581855773926
190,30,0.4190894365310669,0.8418919444084167,0.18504579365253448,0.8441279530525208
190,31,0.5187027454376221,0.8486701846122742,0.2968020439147949,0.9331163763999939
190,32,0.46908479928970337,0.8693461418151855,-0.06189299002289772,0.9713494777679443
191,0,0.4945369362831116,0.3858521580696106,-0.5563926100730896,0.9999134540557861
191,1,0.4962387979030609,0.37698715925216675,-0.5168286561965942,0.9998025894165039
191,2,0.5000117421150208,0.37732449173927307,-0.5168401598930359,0.9997547268867493
191,3,0.5032176971435547,0.3776933550834656,-0.5168224573135376,0.9997279644012451
191,4,0.48099207878112793,0.37659865617752075,-0.5523490309715271,0.9998569488525391
191,5,0.4733668863773346,0.37652555108070374,-0.5524652004241943,0.9998562335968018
191,6,0.4646171033382416,0.37637996673583984,-0.5525586605072021,0.9998641014099121
191,7,0.4942612051963806,0.38301804661750793,-0.26752740144729614,0.9991124272346497
191,8,0.4416772127151489,0.38015419244766235,-0.4340173900127411,0.999880313873291
191,9,0.4997645616531372,0.39788618683815,-0.4591754972934723,0.9998658299446106
191,10,0.48070216178894043,0.3977856934070587,-0.5070748329162598,0.9999417066574097
191,11,0.5279415845870972,0.44934654235839844,-0.020656755194067955,0.9996280670166016
191,12,0.37629637122154236,0.4414442479610443,-0.38580992817878723,0.9999513030052185
191,13,0.5467990040779114,0.5267337560653687,0.11213681846857071,0.7092146873474121
191,14,0.3539738655090332,0.5314787030220032,-0.3894837200641632,0.9964540600776672
191,15,0.5494450330734253,0.591117262840271,-0.07708078622817993,0.84256911277771
191,16,0.3972747325897217,0.6015529036521912,-0.507768452167511,0.9850249290466309
191,17,0.5566136240959167,0.6132307052612305,-0.12253834307193756,0.7899155616760254
191,18,0.3968048393726349,0.6269675493240356,-0.5785706043243408,0.9671097993850708
191,19,0.5503228306770325,0.6130369901657104,-0.1930600106716156,0.8012940287590027
191,20,0.4146270453929901,0.6259476542472839,-0.6090071797370911,0.9665361046791077
191,21,0.5435624718666077,0.6067789196968079,-0.11134235560894012,0.7815001010894775
191,22,0.41739967465400696,0.6185234785079956,-0.519562304019928,0.9534458518028259
191,23,0.5060329437255859,0.602540135383606,0.1276496946811676,0.9987439513206482
191,24,0.4199504554271698,0.6039484739303589,-0.12769880890846252,0.999311625957489
191,25,0.4977562427520752,0.714798629283905,0.16091850399971008,0.8816033601760864
191,26,0.42841848731040955,0.7212565541267395,-0.09182814508676529,0.9759026169776917
191,27,0.4780365824699402,0.8142580986022949,0.42837777733802795,0.9187901020050049
191,28,0.42935478687286377,0.8292043805122375,0.1608540415763855,0.9765801429748535
191,29,0.4577217102050781,0.8243115544319153,0.44210487604141235,0.887798011302948
191,30,0.4194695055484772,0.8418175578117371,0.17146573960781097,0.8409110307693481
191,31,0.5186124444007874,0.8488189578056335,0.2530197203159332,0.9343799352645874
191,32,0.4681125581264496,0.8692110180854797,-0.08511713147163391,0.9711465835571289
192,0,0.492170125246048,0.3859298825263977,-0.5507704019546509,0.9999171495437622
192,1,0.4941997230052948,0.3769223392009735,-0.5078538656234741,0.9998103976249695
192,2,0.49808794260025024,0.3772414028644562,-0.5078738331794739,0.9997644424438477
192,3,0.5014247894287109,0.37760129570961,-0.5078426599502563,0.9997379183769226
192,4,0.4784804582595825,0.3764302730560303,-0.542152464389801,0.9998619556427002
192,5,0.4706704020500183,0.3763464093208313,-0.5422477126121521,0.9998617768287659
192,6,0.4621574282646179,0.3762402832508087,-0.5423429012298584,0.9998685121536255
192,7,0.4932170808315277,0.38293933868408203,-0.25246337056159973,0.9991424679756165
192,8,0.4401651918888092,0.38018301129341125,-0.41515544056892395,0.9998839497566223
192,9,0.4978989064693451,0.397842139005661,-0.4517444968223572,0.9998710751533508
192,10,0.47848960757255554,0.39759689569473267,-0.4977474510669708,0.9999433755874634
192,11,0.5256470441818237,0.44931021332740784,-0.009349470026791096,0.9996395111083984
192,12,0.3757548928260803,0.4414040148258209,-0.37855878472328186,0.9999517798423767
192,13,0.5431352257728577,0.5267103910446167,0.12023825943470001,0.7084510326385498
192,14,0.3564203381538391,0.5314809083938599,-0.3920760154724121,0.9964985847473145
192,15,0.5482566952705383,0.5925025939941406,-0.07486841827630997,0.8446251153945923
192,16,0.404197096824646,0.6029403209686279,-0.5104399919509888,0.9854586720466614
192,17,0.5556348562240601,0.6142341494560242,-0.12184276431798935,0.7911322712898254
192,18,0.4054670035839081,0.6277306079864502,-0.5820637941360474,0.9679758548736572
192,19,0.5496739745140076,0.6141837239265442,-0.19224035739898682,0.8025880455970764
192,20,0.4212648570537567,0.6270580887794495,-0.611690878868103,0.9674056768417358
192,21,0.5432398319244385,0.6084902882575989,-0.1093113049864769,0.782686173915863
192,22,0.42496970295906067,0.6198270916938782,-0.5218023657798767,0.9546124339103699
192,23,0.505185604095459,0.6024391651153564,0.13063272833824158,0.9987624287605286
192,24,0.41971126198768616,0.6039513349533081,-0.1306975930929184,0.9993066787719727
192,25,0.4974067807197571,0.7147700786590576,0.1697240024805069,0.8827786445617676
192,26,0.42743927240371704,0.7213307023048401,-0.09514841437339783,0.9763000011444092
192,27,0.47801581025123596,0.8144162893295288,0.4414996802806854,0.9203290939331055
192,28,0.429342657327652,0.8291231393814087,0.16007986664772034,0.976860761642456
192,29,0.4576561450958252,0.8246335983276367,0.45579007267951965,0.8884627223014832
192,30,0.4195059537887573,0.8416972160339355,0.17148397862911224,0.8386735916137695
192,31,0.5190117359161377,0.8489090204238892,0.2712065279483795,0.9358684420585632
192,32,0.46828731894493103,0.8691806793212891,-0.0796273797750473,0.9712730646133423
193,0,0.49177178740501404,0.385974645614624,-0.5421148538589478,0.9999193549156189
193,1,0.49340277910232544,0.37698566913604736,-0.49977725744247437,0.9998136162757874
193,2,0.49708694219589233,0.3772818446159363,-0.49980032444000244,0.9997687935829163
193,3,0.5001472234725952,0.37761586904525757,-0.4997723400592804,0.9997425079345703
193,4,0.47791361808776855,0.3765222430229187,-0.5348517894744873,0.9998640418052673
193,5,0.47013404965400696,0.3764042556285858,-0.5349413752555847,0.9998645782470703
193,6,0.4615404009819031,0.37627744674682617,-0.5350275635719299,0.9998700618743896
193,7,0.49048301577568054,0.382974237203598,-0.24878406524658203,0.9991497993469238
193,8,0.4390133023262024,0.3802415430545807,-0.41722118854522705,0.9998836517333984
193,9,0.4966559410095215,0.3978957533836365,-0.44428905844688416,0.999873161315918
193,10,0.47754478454589844,0.3976342976093292,-0.49155041575431824,0.9999433755874634
193,11,0.5237594842910767,0.4493136405944824,-0.003650486469268799,0.9996431469917297
193,12,0.37430664896965027,0.4414142072200775,-0.3869875967502594,0.9999511241912842
193,13,0.5412895679473877,0.5266997814178467,0.12453718483448029,0.7086042165756226
193,14,0.3578193783760071,0.5321263074874878,-0.39586782455444336,0.9965013861656189
193,15,0.5475240349769592,0.5924476981163025,-0.058305203914642334,0.8461165428161621
193,16,0.4051273763179779,0.6028606295585632,-0.5081617832183838,0.98583984375
193,17,0.5557177662849426,0.6141851544380188,-0.09920807182788849,0.7910395264625549
193,18,0.4064807891845703,0.6276718378067017,-0.5788151621818542,0.9688717126846313
193,19,0.5494739413261414,0.6141653656959534,-0.16810111701488495,0.8028484582901001
193,20,0.422754168510437,0.6268662214279175,-0.6082469820976257,0.9683355093002319
193,21,0.5429015159606934,0.6084117889404297,-0.09168880432844162,0.7828466296195984
193,22,0.42621973156929016,0.6196666359901428,-0.519393265247345,0.9557967782020569
193,23,0.5025743246078491,0.601570725440979,0.13214586675167084,0.9987491369247437
193,24,0.419060081243515,0.6031337976455688,-0.13224446773529053,0.999279260635376
193,25,0.49582940340042114,0.7142053842544556,0.1721367985010147,0.8826178908348083
193,26,0.42746251821517944,0.7200357913970947,-0.10119716823101044,0.9762720465660095
193,27,0.47766929864883423,0.8141830563545227,0.4349804222583771,0.9207087755203247
193,28,0.4292888939380646,0.8278268575668335,0.1545701026916504,0.9769089818000793
193,29,0.4573131501674652,0.823928952217102,0.44845452904701233,0.8881656527519226
193,30,0.41866743564605713,0.8393190503120422,0.166452094912529,0.836151659488678
193,31,0.5190623998641968,0.8485963940620422,0.269641250371933,0.9365308880805969
193,32,0.4692116677761078,0.8682169914245605,-0.07996628433465958,0.9710639715194702
194,0,0.4899778962135315,0.38648319244384766,-0.6127370595932007,0.9999208450317383
194,1,0.4912213087081909,0.37711864709854126,-0.5735499262809753,0.9998146891593933
194,2,0.4945864677429199,0.37738826870918274,-0.573544442653656,0.9997701644897461
194,3,0.4973640739917755,0.37770724296569824,-0.5735264420509338,0.9997440576553345
194,4,0.4761500954627991,0.37663689255714417,-0.611020565032959,0.9998653531074524
194,5,0.46862223744392395,0.3765069842338562,-0.6111732721328735,0.999866783618927
194,6,0.460233211517334,0.3763708770275116,-0.6112954616546631,0.9998718500137329
194,7,0.4872390329837799,0.382991760969162,-0.3228748142719269,0.9991443753242493
194,8,0.43813222646713257,0.3802618682384491,-0.4976658225059509,0.9998828172683716
194,9,0.4942983090877533,0.3980517089366913,-0.5140939354896545,0.9998717904090881
194,10,0.4756663739681244,0.3977494239807129,-0.5644158720970154,0.9999423027038574
194,11,0.5231738090515137,0.44932013750076294,-0.053041260689496994,0.9996259212493896
194,12,0.37247881293296814,0.44124364852905273,-0.46413183212280273,0.9999511241912842
194,13,0.5399438738822937,0.5268827676773071,0.08234650641679764,0.7008024454116821
194,14,0.3628444969654083,0.532166600227356,-0.46449360251426697,0.9965079426765442
194,15,0.5453047752380371,0.5933955907821655,-0.08029930293560028,0.836227536201477
194,16,0.40597933530807495,0.6032260656356812,-0.5597874522209167,0.9860063195228577
194,17,0.5539345741271973,0.6145356297492981,-0.11721999198198318,0.7772645950317383
194,18,0.4080829620361328,0.6281583309173584,-0.6294888257980347,0.9692217111587524
194,19,0.5487940311431885,0.614661455154419,-0.18611164391040802,0.7899234294891357
194,20,0.4244335889816284,0.6270078420639038,-0.6600890755653381,0.9687100052833557
194,21,0.5424193143844604,0.6091681718826294,-0.11338138580322266,0.7699381709098816
194,22,0.42844703793525696,0.6197923421859741,-0.5709629654884338,0.9561581611633301
194,23,0.5014222860336304,0.6014589667320251,0.13543067872524261,0.9987310171127319
194,24,0.41733548045158386,0.602838397026062,-0.13555167615413666,0.999262273311615
194,25,0.4953305125236511,0.7140423059463501,0.17721012234687805,0.8840304613113403
194,26,0.42748522758483887,0.7195269465446472,-0.10047129541635513,0.9770797491073608
194,27,0.4776424765586853,0.8141759634017944,0.4427812695503235,0.9225793480873108
194,28,0.42924046516418457,0.8275572657585144,0.16369734704494476,0.9778385758399963
194,29,0.4572647213935852,0.823968231678009,0.45588886737823486,0.8896998763084412
194,30,0.4185904562473297,0.8391605615615845,0.1760682612657547,0.8387025594711304
194,31,0.518979549407959,0.8485645055770874,0.27084609866142273,0.938581109046936
194,32,0.4693780243396759,0.8678183555603027,-0.06909343600273132,0.9720784425735474
195,0,0.48934364318847656,0.38669461011886597,-0.5844147205352783,0.999920666217804
195,1,0.4907433092594147,0.3772668242454529,-0.5447673201560974,0.9998118877410889
195,2,0.494046688079834,0.3775193691253662,-0.5447734594345093,0.9997661709785461
195,3,0.4967729449272156,0.3778236210346222,-0.5447498559951782,0.9997397661209106
195,4,0.4756109416484833,0.376761794090271,-0.5824251770973206,0.9998648762702942
195,5,0.46799758076667786,0.3765852749347687,-0.5825517773628235,0.9998669028282166
195,6,0.45955780148506165,0.37641027569770813,-0.5826588273048401,0.9998714923858643
195,7,0.48659899830818176,0.3830033242702484,-0.2979961335659027,0.9991247057914734
195,8,0.4372192919254303,0.38030773401260376,-0.47474321722984314,0.9998807311058044
195,9,0.4930630922317505,0.39813539385795593,-0.48752373456954956,0.9998688697814941
195,10,0.4746397137641907,0.3978305459022522,-0.5380064845085144,0.9999406933784485
195,11,0.5224496722221375,0.44938844442367554,-0.03767811879515648,0.9995968341827393
195,12,0.3705827593803406,0.4411894679069519,-0.45211127400398254,0.9999508261680603
195,13,0.5400422811508179,0.5275278091430664,0.09032141417264938,0.6885237693786621
195,14,0.36591842770576477,0.5324956774711609,-0.46257922053337097,0.9964399933815002
195,15,0.5456337928771973,0.5946736335754395,-0.07801343500614166,0.8232406377792358
195,16,0.40772607922554016,0.6036751866340637,-0.5555850267410278,0.9857968688011169
195,17,0.5542739033699036,0.6157768964767456,-0.11588488519191742,0.7613494992256165
195,18,0.4135158061981201,0.6284152269363403,-0.62468022108078,0.9689314961433411
195,19,0.549024224281311,0.6161797046661377,-0.18452824652194977,0.7748499512672424
195,20,0.4309258460998535,0.6269434094429016,-0.6528818607330322,0.9684237241744995
195,21,0.542665421962738,0.6108964681625366,-0.11120956391096115,0.7551099061965942
195,22,0.433554083108902,0.6197499632835388,-0.5658694505691528,0.9556751847267151
195,23,0.5010682940483093,0.6013793349266052,0.13818353414535522,0.9986622929573059
195,24,0.4170764088630676,0.6028887033462524,-0.13830026984214783,0.9992300868034363
195,25,0.4951176047325134,0.7134932279586792,0.20137745141983032,0.8813390731811523
195,26,0.4275355041027069,0.719460129737854,-0.09473326057195663,0.9772336483001709
195,27,0.47724512219429016,0.8132730722427368,0.4619988799095154,0.9213237762451172
195,28,0.4292968213558197,0.8271282315254211,0.16414988040924072,0.9780996441841125
195,29,0.45712950825691223,0.8228791356086731,0.47539791464805603,0.88885897397995
195,30,0.4186100363731384,0.8388145565986633,0.17608940601348877,0.8395182490348816
195,31,0.5189889073371887,0.84760582447052,0.3038993179798126,0.9385499358177185
195,32,0.46941566467285156,0.8674599528312683,-0.06220034137368202,0.9721862077713013
196,0,0.4879237413406372,0.3871728777885437,-0.5514299869537354,0.9999141693115234
196,1,0.4892735481262207,0.37737804651260376,-0.5117524862289429,0.999792754650116
196,2,0.49257680773735046,0.37760642170906067,-0.5117737054824829,0.999743640422821
196,3,0.4952821433544159,0.3778854012489319,-0.511750340461731,0.9997144341468811
196,4,0.47412845492362976,0.3768758773803711,-0.5519785284996033,0.9998490810394287
196,5,0.46651938557624817,0.3766847550868988,-0.5520823001861572,0.9998524785041809
196,6,0.4582137167453766,0.3765128254890442,-0.5522206425666809,0.9998563528060913
196,7,0.4849681556224823,0.38301989436149597,-0.26954910159111023,0.9990503191947937
196,8,0.4362267851829529,0.3803367018699646,-0.46166181564331055,0.9998648762702942
196,9,0.49167755246162415,0.39834967255592346,-0.4558979868888855,0.9998602271080017
196,10,0.4734024405479431,0.398044615983963,-0.509251058101654,0.9999353885650635
196,11,0.5215097665786743,0.44966691732406616,-0.025781648233532906,0.9995896220207214
196,12,0.36893245577812195,0.4414924085140228,-0.4303845763206482,0.9999486207962036
196,13,0.5365099310874939,0.5286113023757935,0.09836994111537933,0.6818554401397705
196,14,0.36634889245033264,0.5325387716293335,-0.4403698742389679,0.9963411092758179
196,15,0.5455470085144043,0.59740149974823,-0.06485200673341751,0.8156644701957703
196,16,0.4112870395183563,0.6036288142204285,-0.5459873676300049,0.9853793978691101
196,17,0.5545110702514648,0.6179977655410767,-0.10491228848695755,0.7516820430755615
196,18,0.4192233085632324,0.6283634901046753,-0.6130508184432983,0.9681054949760437
196,19,0.549142062664032,0.6185846924781799,-0.17068934440612793,0.7658126950263977
196,20,0.43702539801597595,0.6268532276153564,-0.6421840190887451,0.9675748348236084
196,21,0.5426992774009705,0.6130131483078003,-0.09724577516317368,0.746118426322937
196,22,0.4390660226345062,0.6196510195732117,-0.5558887720108032,0.9544445872306824
196,23,0.5009694695472717,0.6038811802864075,0.13572540879249573,0.9986432790756226
196,24,0.4162308871746063,0.6056271195411682,-0.13582170009613037,0.9991967678070068
196,25,0.4951285421848297,0.7141176462173462,0.1907544881105423,0.8806297183036804
196,26,0.42751842737197876,0.7201166749000549,-0.08559583872556686,0.9759636521339417
196,27,0.47705450654029846,0.8134749531745911,0.48355957865715027,0.9198818206787109
196,28,0.42931264638900757,0.8271771669387817,0.2158491611480713,0.9767842888832092
196,29,0.4570932984352112,0.8230797648429871,0.5016569495201111,0.8845258951187134
196,30,0.4187946617603302,0.839215099811554,0.2322389781475067,0.8317864537239075
196,31,0.5189262628555298,0.8476043939590454,0.31892719864845276,0.9378300309181213
196,32,0.46885693073272705,0.8671968579292297,-0.010231014341115952,0.9708725214004517
197,0,0.4856930673122406,0.38713961839675903,-0.5613454580307007,0.9999138712882996
197,1,0.48724377155303955,0.377104789018631,-0.5213320255279541,0.999789297580719
197,2,0.4909285604953766,0.3772768974304199,-0.5213367342948914,0.9997385740280151
197,3,0.4940633177757263,0.377502977848053,-0.5213028192520142,0.9997084140777588
197,4,0.4710117280483246,0.37671682238578796,-0.558684766292572,0.9998474717140198
197,5,0.46292829513549805,0.37661197781562805,-0.5587853193283081,0.9998511075973511
197,6,0.4545668363571167,0.3765035569667816,-0.5589063167572021,0.9998547434806824
197,7,0.4847744107246399,0.38263940811157227,-0.27575600147247314,0.9990302920341492
197,8,0.4337567687034607,0.38036441802978516,-0.45136210322380066,0.999860942363739
197,9,0.4903475344181061,0.39833635091781616,-0.46526259183883667,0.9998583793640137
197,10,0.47120776772499084,0.3981010913848877,-0.5150989294052124,0.9999343156814575
197,11,0.5212161540985107,0.45045822858810425,-0.0312868133187294,0.9995750188827515
197,12,0.36809206008911133,0.4429172873497009,-0.4213334321975708,0.999947190284729
197,13,0.5371266007423401,0.5307576060295105,0.09882868826389313,0.6839840412139893
197,14,0.3659050464630127,0.5340098142623901,-0.4344031810760498,0.996356725692749
197,15,0.5479059815406799,0.5979076027870178,-0.06949145346879959,0.8162261247634888
197,16,0.41558438539505005,0.6030367016792297,-0.5379400253295898,0.9855421781539917
197,17,0.5564741492271423,0.6190523505210876,-0.11059123277664185,0.7506487965583801
197,18,0.42566266655921936,0.6276413202285767,-0.6058417558670044,0.9683762192726135
197,19,0.5512546896934509,0.6194063425064087,-0.17662787437438965,0.7651144862174988
197,20,0.44702228903770447,0.6245279312133789,-0.6349518895149231,0.9678440690040588
197,21,0.5450699329376221,0.6135137677192688,-0.10211246460676193,0.7455716729164124
197,22,0.4488977789878845,0.6181674599647522,-0.548241913318634,0.9547258019447327
197,23,0.5010382533073425,0.6054712533950806,0.1290574073791504,0.9986116886138916
197,24,0.41496697068214417,0.6074085831642151,-0.12916725873947144,0.9991747736930847
197,25,0.4951089322566986,0.7152187824249268,0.19029667973518372,0.8819761276245117
197,26,0.42554304003715515,0.720352292060852,-0.06898721307516098,0.9757472276687622
197,27,0.477033406496048,0.8134810328483582,0.5063199996948242,0.9197273254394531
197,28,0.4293401539325714,0.8277879953384399,0.24203160405158997,0.9765317440032959
197,29,0.4568784534931183,0.8232611417770386,0.5267049670219421,0.8836055397987366
197,30,0.418914258480072,0.8397217988967896,0.2592085003852844,0.8292965888977051
197,31,0.5185427069664001,0.8476726412773132,0.3459133207798004,0.9380914568901062
197,32,0.46652907133102417,0.8672192692756653,0.01663903333246708,0.9704914093017578
198,0,0.4849165976047516,0.3871823847293854,-0.5646992921829224,0.9999087452888489
198,1,0.48626601696014404,0.3771536946296692,-0.5254153609275818,0.9997711777687073
198,2,0.49002930521965027,0.3773217797279358,-0.5254305005073547,0.9997158646583557
198,3,0.4932838976383209,0.37752822041511536,-0.5254040360450745,0.9996827244758606
198,4,0.4697841703891754,0.37673401832580566,-0.5624157190322876,0.9998351335525513
198,5,0.4617377519607544,0.37667515873908997,-0.5625110864639282,0.9998393654823303
198,6,0.4532085061073303,0.3766162693500519,-0.5626248717308044,0.9998424649238586
198,7,0.484116792678833,0.3826221823692322,-0.28061842918395996,0.9989486932754517
198,8,0.43246015906333923,0.38065826892852783,-0.4524882435798645,0.9998449683189392
198,9,0.4899119436740875,0.3985937237739563,-0.46854960918426514,0.9998476505279541
198,10,0.4702138602733612,0.3986433148384094,-0.5178847312927246,0.9999285340309143
198,11,0.5210233926773071,0.45069512724876404,-0.033001966774463654,0.9995590448379517
198,12,0.3669097423553467,0.44440802931785583,-0.4257280230522156,0.9999448657035828
198,13,0.537513792514801,0.5315176844596863,0.09973589330911636,0.6862456202507019
198,14,0.3659847378730774,0.5360819101333618,-0.43756231665611267,0.9963263869285583
198,15,0.550617516040802,0.5979837775230408,-0.07102994620800018,0.8178671002388
198,16,0.4194146394729614,0.6030283570289612,-0.538063645362854,0.9857549071311951
198,17,0.558869481086731,0.6192328929901123,-0.11278092861175537,0.7514011859893799
198,18,0.43341687321662903,0.6272991299629211,-0.60664302110672,0.9688990116119385
198,19,0.5537305474281311,0.6193788051605225,-0.17860689759254456,0.7661150693893433
198,20,0.4535224139690399,0.6233125925064087,-0.6366042494773865,0.968388020992279
198,21,0.5475488901138306,0.6134334206581116,-0.10364428907632828,0.7467368841171265
198,22,0.4547075629234314,0.6173704862594604,-0.5488541126251221,0.9553232789039612
198,23,0.5008640289306641,0.6088699102401733,0.12796244025230408,0.9985696077346802
198,24,0.4127710163593292,0.6107428669929504,-0.12807834148406982,0.9991350769996643
198,25,0.4953022301197052,0.716338574886322,0.19956669211387634,0.8813707232475281
198,26,0.42377856373786926,0.7213059663772583,-0.056839317083358765,0.9753437638282776
198,27,0.4768996834754944,0.8132843971252441,0.532103955745697,0.9179084300994873
198,28,0.42932161688804626,0.8279709815979004,0.26288148760795593,0.9757742881774902
198,29,0.45619308948516846,0.8230842351913452,0.5538284778594971,0.8820062875747681
198,30,0.4189421832561493,0.8399588465690613,0.2817349433898926,0.8263463973999023
198,31,0.5186472535133362,0.8476278185844421,0.38225674629211426,0.9374687671661377
198,32,0.4657153785228729,0.8668829202651978,0.04771102964878082,0.9695892930030823
199,0,0.4835355877876282,0.3871869444847107,-0.5368978381156921,0.999903678894043
199,1,0.4846045970916748,0.3769524395465851,-0.49857261776924133,0.9997570514678955
199,2,0.48851919174194336,0.3770492672920227,-0.4986029267311096,0.9996997117996216
199,3,0.49184346199035645,0.37719711661338806,-0.4985819458961487,0.9996668696403503
199,4,0.4683263897895813,0.3767249882221222,-0.5383599996566772,0.9998229742050171
199,5,0.4600960314273834,0.37670594453811646,-0.5384290218353271,0.9998272657394409
199,6,0.4518546760082245,0.3766591548919678,-0.5385356545448303,0.9998292922973633
199,7,0.48267635703086853,0.38235944509506226,-0.26688894629478455,0.9989039301872253
199,8,0.431215763092041,0.3807547688484192,-0.44897642731666565,0.9998304843902588
199,9,0.48904672265052795,0.3985191583633423,-0.44590628147125244,0.9998437762260437
199,10,0.4695080518722534,0.39866504073143005,-0.4989723563194275,0.9999253153800964
199,11,0.5205461978912354,0.4513508677482605,-0.02859639562666416,0.9995681047439575
199,12,0.3653833270072937,0.4460005760192871,-0.4214574694633484,0.9999412298202515
199,13,0.5377064943313599,0.5325567126274109,0.10003599524497986,0.6917145848274231
199,14,0.36391228437423706,0.5371062159538269,-0.43703290820121765,0.9961780309677124
199,15,0.555370569229126,0.5978900194168091,-0.06402873247861862,0.8226134181022644
199,16,0.4228678047657013,0.6030105948448181,-0.5358155369758606,0.9853619337081909
199,17,0.5650632381439209,0.6196956634521484,-0.10633418709039688,0.7564578652381897
199,18,0.4373152554035187,0.6272515654563904,-0.6055477857589722,0.968329906463623
199,19,0.559184193611145,0.6199008226394653,-0.1705242395401001,0.7711947560310364
199,20,0.4577702283859253,0.6228925585746765,-0.6360024213790894,0.9677874445915222
199,21,0.5522046089172363,0.6139702796936035,-0.09599169343709946,0.7521372437477112
199,22,0.45835748314857483,0.6168884038925171,-0.5471457839012146,0.9543322324752808
199,23,0.5005399584770203,0.6109210848808289,0.12770968675613403,0.9985894560813904
199,24,0.4119146466255188,0.612825334072113,-0.1278359591960907,0.9991102814674377
199,25,0.4953242838382721,0.720384418964386,0.2147233933210373,0.8811249136924744
199,26,0.4214358925819397,0.7241936922073364,-0.04168195277452469,0.9747956395149231
199,27,0.4767169654369354,0.8136461973190308,0.5771149396896362,0.916944682598114
199,28,0.4287371337413788,0.8281514048576355,0.30874866247177124,0.9745360016822815
199,29,0.45616790652275085,0.8230890035629272,0.6022598147392273,0.8807879090309143
199,30,0.4181670844554901,0.8398893475532532,0.3320344388484955,0.8209173679351807
199,31,0.5191292762756348,0.8477767705917358,0.43275800347328186,0.9371921420097351
199,32,0.464645117521286,0.8670426607131958,0.104192815721035,0.9682155847549438
200,0,0.483443945646286,0.387516587972641,-0.5374602675437927,0.9998959898948669
200,1,0.4844432473182678,0.3770861029624939,-0.49922633171081543,0.9997333288192749
200,2,0.4883023500442505,0.37715187668800354,-0.4992577135562897,0.9996702075004578
200,3,0.49161720275878906,0.3772689700126648,-0.4992392659187317,0.9996342062950134
200,4,0.468173086643219,0.3769005537033081,-0.5398076176643372,0.9998055696487427
200,5,0.4599701762199402,0.37693163752555847,-0.5398774147033691,0.9998105764389038
200,6,0.45167985558509827,0.376924604177475,-0.5399854183197021,0.9998127222061157
200,7,0.48237377405166626,0.3824010491371155,-0.2660526931285858,0.9988006949424744
200,8,0.43067502975463867,0.3810654282569885,-0.4473326504230499,0.9998112916946411
200,9,0.48891422152519226,0.39880841970443726,-0.44655340909957886,0.999832034111023
200,10,0.4692957103252411,0.3990595042705536,-0.5002028942108154,0.9999193549156189
200,11,0.519235372543335,0.4520654082298279,-0.02829674817621708,0.9995555281639099
200,12,0.3637516498565674,0.44669222831726074,-0.4213060140609741,0.9999374151229858
200,13,0.5378592610359192,0.5334814786911011,0.1026952862739563,0.6915019750595093
200,14,0.3601662516593933,0.5372759103775024,-0.43694669008255005,0.9960922002792358
200,15,0.5584531426429749,0.5977805256843567,-0.06559622287750244,0.8211860060691833
200,16,0.42487362027168274,0.6019330024719238,-0.5337876677513123,0.9851579666137695
200,17,0.5698420405387878,0.6195486783981323,-0.10770642012357712,0.7538027167320251
200,18,0.4399383068084717,0.6258275508880615,-0.6047261357307434,0.9679903984069824
200,19,0.5645400881767273,0.6197533011436462,-0.17131821811199188,0.7689578533172607
200,20,0.4602603614330292,0.6204754710197449,-0.6331357359886169,0.9674321413040161
200,21,0.5569300055503845,0.6138139963150024,-0.09761518985033035,0.7501886487007141
200,22,0.46035856008529663,0.6142820119857788,-0.5457801222801208,0.9536659121513367
200,23,0.5000376105308533,0.6110654473304749,0.12499918043613434,0.998543918132782
200,24,0.41089847683906555,0.613418459892273,-0.1251348853111267,0.9990454912185669
200,25,0.4954271614551544,0.7201337814331055,0.20461241900920868,0.8818778395652771
200,26,0.4189710319042206,0.7240403294563293,-0.04779665172100067,0.9742118120193481
200,27,0.4767985939979553,0.8133559226989746,0.5614429116249084,0.915961503982544
200,28,0.4287761151790619,0.828082263469696,0.30306002497673035,0.9734171032905579
200,29,0.4568409025669098,0.8217896223068237,0.5865228176116943,0.8783891797065735
200,30,0.4183587431907654,0.8393079042434692,0.32605040073394775,0.8162219524383545
200,31,0.519376814365387,0.8477951288223267,0.4131099581718445,0.9366246461868286
200,32,0.464802622795105,0.8663140535354614,0.09399346262216568,0.9669505953788757
201,0,0.48352763056755066,0.388938844203949,-0.5060523152351379,0.9998814463615417
201,1,0.48447176814079285,0.3786991834640503,-0.46853527426719666,0.9996912479400635
201,2,0.48821398615837097,0.3787704408168793,-0.46856769919395447,0.9996198415756226
201,3,0.49142077565193176,0.37879085540771484,-0.4685728847980499,0.9995816349983215
201,4,0.4684033691883087,0.37865084409713745,-0.5102630853652954,0.9997689723968506
201,5,0.4602607786655426,0.3787025809288025,-0.5103163123130798,0.9997742772102356
201,6,0.45194584131240845,0.3786635994911194,-0.510435938835144,0.9997755885124207
201,7,0.48203009366989136,0.38330259919166565,-0.2339884638786316,0.9986511468887329
201,8,0.4308546781539917,0.38221463561058044,-0.426932692527771,0.9997640252113342
201,9,0.48876282572746277,0.40055161714553833,-0.41284891963005066,0.9998119473457336
201,10,0.469333678483963,0.40066176652908325,-0.4685901999473572,0.9999077916145325
201,11,0.517094612121582,0.45227426290512085,0.0014671545941382647,0.999556839466095
201,12,0.3639553487300873,0.44685739278793335,-0.40527862310409546,0.9999298453330994
201,13,0.5378521680831909,0.5332959890365601,0.15578269958496094,0.6956802606582642
201,14,0.35714036226272583,0.5372360944747925,-0.4206744432449341,0.9960013628005981
201,15,0.5618425011634827,0.5955680012702942,-0.005936086177825928,0.8256455063819885
201,16,0.4268140196800232,0.5958904027938843,-0.5025202631950378,0.985257625579834
201,17,0.576198399066925,0.6166496276855469,-0.04487961158156395,0.7586195468902588
201,18,0.4472206234931946,0.6192364692687988,-0.5677792429924011,0.9682329297065735
201,19,0.5709733963012695,0.6175147891044617,-0.11212165653705597,0.7738591432571411
201,20,0.46599605679512024,0.6140539050102234,-0.5915204882621765,0.9676442742347717
201,21,0.5621424913406372,0.6112807989120483,-0.03908972814679146,0.755168080329895
201,22,0.4653523862361908,0.6073965430259705,-0.5102472305297852,0.9535853266716003
201,23,0.496521532535553,0.6112419366836548,0.12239732593297958,0.9985364079475403
201,24,0.4072803556919098,0.6135858297348022,-0.12250418961048126,0.9989827275276184
201,25,0.4970540404319763,0.7209864854812622,0.1312257945537567,0.8848677277565002
201,26,0.414903461933136,0.7242762446403503,-0.07668454200029373,0.9728574156761169
201,27,0.4768340587615967,0.8114131093025208,0.545255184173584,0.9138866662979126
201,28,0.4284725487232208,0.8275291323661804,0.2863631844520569,0.9722244143486023
201,29,0.45686039328575134,0.818524181842804,0.5722355246543884,0.8739016652107239
201,30,0.4183812439441681,0.8376139402389526,0.3111257553100586,0.8104421496391296
201,31,0.5175468325614929,0.8477967381477356,0.40066906809806824,0.9349632859230042
201,32,0.46090275049209595,0.8663209676742554,0.07574698328971863,0.9658005833625793
202,0,0.4835669696331024,0.38941705226898193,-0.5064831376075745,0.9998849630355835
202,1,0.48452287912368774,0.3790644705295563,-0.4666381776332855,0.999699592590332
202,2,0.48830363154411316,0.37910011410713196,-0.46666523814201355,0.9996266961097717
202,3,0.49153217673301697,0.379129558801651,-0.46665892004966736,0.9995899796485901
202,4,0.4684390723705292,0.37894269824028015,-0.5079541206359863,0.9997761845588684
202,5,0.46031421422958374,0.37897950410842896,-0.5079910755157471,0.9997794032096863
202,6,0.4520038664340973,0.3789396584033966,-0.5080937743186951,0.9997814893722534
202,7,0.48217955231666565,0.3835616707801819,-0.22061093151569366,0.9986894726753235
202,8,0.4309294521808624,0.382529616355896,-0.4135611355304718,0.9997698068618774
202,9,0.48885101079940796,0.4008021354675293,-0.4095824062824249,0.9998176693916321
202,10,0.4694509208202362,0.4009029269218445,-0.46491381525993347,0.9999112486839294
202,11,0.5160279870033264,0.45234841108322144,0.02143828198313713,0.9995735883712769
202,12,0.36407870054244995,0.44736963510513306,-0.3846593499183655,0.999930739402771
202,13,0.5378333330154419,0.5331652760505676,0.19198960065841675,0.6971736550331116
202,14,0.35154029726982117,0.5367322564125061,-0.3998670279979706,0.9958459138870239
202,15,0.568793535232544,0.5929496884346008,0.01774565689265728,0.828194797039032
202,16,0.42606115341186523,0.5901883840560913,-0.4971202313899994,0.9851667881011963
202,17,0.5838285088539124,0.6127853393554688,-0.021230963990092278,0.7620091438293457
202,18,0.44930359721183777,0.6133371591567993,-0.5640204548835754,0.968263566493988
202,19,0.5795267820358276,0.6138864755630493,-0.09108465164899826,0.777167558670044
202,20,0.466318815946579,0.6058844923973083,-0.5882667899131775,0.9676307439804077
202,21,0.5707187652587891,0.6075865626335144,-0.016580790281295776,0.7587750554084778
202,22,0.46447715163230896,0.5988726019859314,-0.5049164295196533,0.9531117081642151
202,23,0.49596333503723145,0.6140226125717163,0.12243474274873734,0.998602569103241
202,24,0.40629658102989197,0.6176615357398987,-0.1225389689207077,0.9990187287330627
202,25,0.5009284019470215,0.7231888771057129,0.14973627030849457,0.891054093837738
202,26,0.4116360545158386,0.7278732061386108,-0.058616410940885544,0.9739795327186584
202,27,0.4787396192550659,0.8074264526367188,0.6247270703315735,0.915176272392273
202,28,0.42816051840782166,0.8272679448127747,0.3505324125289917,0.9734390377998352
202,29,0.46077263355255127,0.8147611618041992,0.6624141335487366,0.8766546845436096
202,30,0.41851183772087097,0.8373158574104309,0.38037109375,0.8170434236526489
202,31,0.5194538831710815,0.8468235731124878,0.5023584961891174,0.9364192485809326
202,32,0.4601346254348755,0.8663118481636047,0.15050043165683746,0.9672128558158875
203,0,0.48395517468452454,0.39134007692337036,-0.5095372796058655,0.9998847842216492
203,1,0.4849875569343567,0.3816017508506775,-0.4691460132598877,0.9996941685676575
203,2,0.48870810866355896,0.3818357288837433,-0.46909329295158386,0.999617338180542
203,3,0.49184450507164,0.38195565342903137,-0.46901029348373413,0.99957674741745
203,4,0.4691026508808136,0.3812609314918518,-0.5084277391433716,0.9997748732566833
203,5,0.46098896861076355,0.38121411204338074,-0.5083738565444946,0.9997770190238953
203,6,0.4528007209300995,0.3811637759208679,-0.5084258913993835,0.999779224395752
203,7,0.48225855827331543,0.3860470652580261,-0.23271726071834564,0.9986649751663208
203,8,0.4316202700138092,0.38465139269828796,-0.41657817363739014,0.9997661709785461
203,9,0.4889123737812042,0.4036819338798523,-0.41106635332107544,0.9998103976249695
203,10,0.469542533159256,0.4032876491546631,-0.46772637963294983,0.9999110102653503
203,11,0.5129749178886414,0.45235782861709595,0.006238395813852549,0.9995824694633484
203,12,0.36525294184684753,0.44689780473709106,-0.3902644217014313,0.9999316930770874
203,13,0.5379115343093872,0.5310962796211243,0.1804153472185135,0.6976929306983948
203,14,0.3468526303768158,0.5347827076911926,-0.4253256618976593,0.9958513975143433
203,15,0.577170193195343,0.5853002667427063,-0.0043491702526807785,0.8330454230308533
203,16,0.43055954575538635,0.5864711999893188,-0.5058304071426392,0.9853624701499939
203,17,0.5937050580978394,0.6036978363990784,-0.045085106045007706,0.7685694694519043
203,18,0.4606783986091614,0.6079539656639099,-0.5675683617591858,0.9686832427978516
203,19,0.5888674855232239,0.6048864126205444,-0.11370230466127396,0.7830679416656494
203,20,0.4744226336479187,0.6013173460960388,-0.5922917127609253,0.9679405689239502
203,21,0.5798211693763733,0.5985475778579712,-0.0384700745344162,0.7646976113319397
203,22,0.4713355600833893,0.5953029990196228,-0.5094051361083984,0.9533180594444275
203,23,0.49342620372772217,0.6149475574493408,0.12216058373451233,0.9986734390258789
203,24,0.40433111786842346,0.61961829662323,-0.12225999683141708,0.9990631341934204
203,25,0.5129448175430298,0.7167933583259583,0.20739315450191498,0.8969192504882812
203,26,0.40904945135116577,0.7278181910514832,-0.005182766355574131,0.9752538204193115
203,27,0.4788581132888794,0.8025587797164917,0.6034559011459351,0.918697714805603
203,28,0.4281708300113678,0.8235147595405579,0.36929112672805786,0.974790096282959
203,29,0.46071892976760864,0.810163676738739,0.6327629685401917,0.8810941576957703
203,30,0.4189082682132721,0.8343628644943237,0.3952544629573822,0.8256229162216187
203,31,0.5232720971107483,0.8419601321220398,0.4779229164123535,0.9391952157020569
203,32,0.45985451340675354,0.8638685941696167,0.17774061858654022,0.968792200088501
204,0,0.48854339122772217,0.39336299896240234,-0.43397632241249084,0.9998791217803955
204,1,0.4899791181087494,0.3840976357460022,-0.3915858268737793,0.9996719360351562
204,2,0.49296241998672485,0.38441985845565796,-0.391615092754364,0.9995904564857483
204,3,0.4956585466861725,0.38471344113349915,-0.3915954530239105,0.9995500445365906
204,4,0.4752015471458435,0.3833649754524231,-0.4313778877258301,0.9997549057006836
204,5,0.46777814626693726,0.38324224948883057,-0.43130242824554443,0.9997500777244568
204,6,0.4596606492996216,0.38299673795700073,-0.43135514855384827,0.9997467994689941
204,7,0.4842279553413391,0.38905400037765503,-0.15712271630764008,0.9986748695373535
204,8,0.43742015957832336,0.386159747838974,-0.3401457965373993,0.9997177124023438
204,9,0.4915526807308197,0.4060632586479187,-0.3420162796974182,0.9997988343238831
204,10,0.47268375754356384,0.4051263928413391,-0.39515113830566406,0.9999034404754639
204,11,0.5122008919715881,0.45309582352638245,0.0414157509803772,0.9995997548103333
204,12,0.36532852053642273,0.44685083627700806,-0.3315611183643341,0.9999202489852905
204,13,0.5386947393417358,0.5275682806968689,0.18951663374900818,0.7070754170417786
204,14,0.3449234962463379,0.5320552587509155,-0.3964046537876129,0.9956843256950378
204,15,0.5824632048606873,0.5730212330818176,0.022064220160245895,0.844265341758728
204,16,0.4391975402832031,0.5792111754417419,-0.485362708568573,0.9855161309242249
204,17,0.5985134840011597,0.5898532867431641,-0.018679169937968254,0.7836599349975586
204,18,0.46547219157218933,0.5960789322853088,-0.5426551103591919,0.9691659212112427
204,19,0.5927114486694336,0.5906463861465454,-0.07887116074562073,0.7971488833427429
204,20,0.4800673723220825,0.590420126914978,-0.560883641242981,0.968325138092041
204,21,0.5841445326805115,0.585405707359314,-0.007964000105857849,0.779297411441803
204,22,0.4774271547794342,0.5848797559738159,-0.4893313944339752,0.9535533785820007
204,23,0.49210938811302185,0.6145812273025513,0.1120162308216095,0.9987298846244812
204,24,0.39957424998283386,0.6209073066711426,-0.11188709735870361,0.9990607500076294
204,25,0.5254086256027222,0.6993851661682129,-0.036815110594034195,0.9039270877838135
204,26,0.4058990180492401,0.7276033163070679,-0.021117284893989563,0.9750462770462036
204,27,0.47881585359573364,0.7945570349693298,0.30982306599617004,0.9199852347373962
204,28,0.42816662788391113,0.8231423497200012,0.33253225684165955,0.9745759963989258
204,29,0.4579344391822815,0.8038250803947449,0.3361898362636566,0.8833643794059753
204,30,0.41937774419784546,0.8343402743339539,0.3565467298030853,0.8283117413520813
204,31,0.5243405103683472,0.8333517909049988,0.18174034357070923,0.9404739737510681
204,32,0.4595314860343933,0.8629218339920044,0.12338510155677795,0.9683305025100708
205,0,0.49716490507125854,0.4011875092983246,-0.35821130871772766,0.9998776912689209
205,1,0.4980883300304413,0.3921675384044647,-0.3160134553909302,0.9996668100357056
205,2,0.5000474452972412,0.3928171992301941,-0.3160608410835266,0.9995874762535095
205,3,0.5020270943641663,0.39342761039733887,-0.316084086894989,0.999552309513092
205,4,0.485514372587204,0.39044108986854553,-0.3581521809101105,0.9997467398643494
205,5,0.4791628420352936,0.38990074396133423,-0.35812240839004517,0.9997327327728271
205,6,0.4717087149620056,0.38921597599983215,-0.3582020103931427,0.9997240900993347
205,7,0.4867757260799408,0.3966869115829468,-0.08335419744253159,0.9987522959709167
205,8,0.44701528549194336,0.3915333151817322,-0.27720019221305847,0.9996748566627502
205,9,0.49548402428627014,0.41280466318130493,-0.26695799827575684,0.9997944831848145
205,10,0.47912147641181946,0.4112142026424408,-0.3230540454387665,0.9998979568481445
205,11,0.5122667551040649,0.45552563667297363,0.10163063555955887,0.9996240139007568
205,12,0.36586228013038635,0.44699111580848694,-0.27410656213760376,0.9999054670333862
205,13,0.5424538254737854,0.5255769491195679,0.21953892707824707,0.7235609889030457
205,14,0.3396078646183014,0.5290879011154175,-0.404058575630188,0.9956618547439575
205,15,0.5887185335159302,0.5650618076324463,0.02225339226424694,0.8568260669708252
205,16,0.4388081431388855,0.5658645629882812,-0.5966259837150574,0.9861077666282654
205,17,0.6014085412025452,0.5817074775695801,-0.022697798907756805,0.8006322383880615
205,18,0.4634743928909302,0.5818693041801453,-0.6597238183021545,0.9705385565757751
205,19,0.5941808819770813,0.5802463889122009,-0.08162849396467209,0.813142716884613
205,20,0.4794183075428009,0.5755760073661804,-0.6675085425376892,0.9696851372718811
205,21,0.5860251188278198,0.574634313583374,-0.007198948413133621,0.7961114645004272
205,22,0.47743093967437744,0.5705937147140503,-0.5986795425415039,0.9550306797027588
205,23,0.49071234464645386,0.6143213510513306,0.11152137070894241,0.9988213777542114
205,24,0.3939219117164612,0.6222656965255737,-0.11130067706108093,0.9990878105163574
205,25,0.5435977578163147,0.6801501512527466,-0.372179239988327,0.9123831391334534
205,26,0.40682026743888855,0.7277218103408813,-0.10572005063295364,0.9750167727470398
205,27,0.48012423515319824,0.7802010178565979,-0.09314251691102982,0.9232615232467651
205,28,0.42822265625,0.8246012926101685,0.1894160807132721,0.9744961261749268
205,29,0.4579099416732788,0.7902366518974304,-0.07170235365629196,0.8896520137786865
205,30,0.41949784755706787,0.8361788988113403,0.20403741300106049,0.8304105997085571
205,31,0.5292197465896606,0.8223754167556763,-0.2536908984184265,0.9434509873390198
205,32,0.4595840573310852,0.8623247146606445,-0.0328969806432724,0.9676831364631653
206,0,0.50431227684021,0.41055673360824585,-0.3703112304210663,0.9998785257339478
206,1,0.5057451128959656,0.4010850787162781,-0.32718756794929504,0.9996703863143921
206,2,0.5076932311058044,0.401431143283844,-0.3272419273853302,0.9995924234390259
206,3,0.5095549821853638,0.401844322681427,-0.3272993266582489,0.999561607837677
206,4,0.49362632632255554,0.39893609285354614,-0.36774829030036926,0.9997448325157166
206,5,0.4871903359889984,0.39807093143463135,-0.36771664023399353,0.9997212886810303
206,6,0.48016366362571716,0.39715760946273804,-0.36777475476264954,0.9997094869613647
206,7,0.494338721036911,0.40441256761550903,-0.0845152959227562,0.9988358616828918
206,8,0.45697495341300964,0.3990733325481415,-0.2707495391368866,0.9996458888053894
206,9,0.5012800693511963,0.42087626457214355,-0.2751944065093994,0.9997937679290771
206,10,0.48593494296073914,0.41935133934020996,-0.32915380597114563,0.9998939633369446
206,11,0.512307345867157,0.4596509039402008,0.09899041056632996,0.9996433258056641
206,12,0.3687613606452942,0.447709858417511,-0.2520419657230377,0.9998875260353088
206,13,0.5461564660072327,0.5216505527496338,0.1991051286458969,0.7361097931861877
206,14,0.3330303430557251,0.5246661901473999,-0.4086684286594391,0.9955397844314575
206,15,0.5916840434074402,0.5589970350265503,-0.06571735441684723,0.8667517900466919
206,16,0.4390365183353424,0.5590282678604126,-0.6247371435165405,0.9862281084060669
206,17,0.6021855473518372,0.57322758436203,-0.12115134298801422,0.8142111897468567
206,18,0.46232274174690247,0.5726889967918396,-0.6886733174324036,0.9709458947181702
206,19,0.5957174301147461,0.5702615976333618,-0.1763656884431839,0.8259703516960144
206,20,0.4772995412349701,0.5665680170059204,-0.6958843469619751,0.9700443744659424
206,21,0.5888914465904236,0.5656166076660156,-0.09511932730674744,0.809487521648407
206,22,0.4756842851638794,0.5627530217170715,-0.6272836923599243,0.9549866914749146
206,23,0.48847058415412903,0.6130576133728027,0.10426987707614899,0.9988990426063538
206,24,0.38928914070129395,0.6215332746505737,-0.10392308980226517,0.999098002910614
206,25,0.5528954267501831,0.6647735238075256,-0.45036736130714417,0.9204532504081726
206,26,0.4071556031703949,0.7275618314743042,-0.14384061098098755,0.9757869839668274
206,27,0.48499661684036255,0.7705644965171814,-0.17891447246074677,0.9277001619338989
206,28,0.4282306134700775,0.824641227722168,0.13739444315433502,0.9750230312347412
206,29,0.458743155002594,0.7802123427391052,-0.15836744010448456,0.8963502645492554
206,30,0.4199501872062683,0.8362075686454773,0.15106844902038574,0.8343105316162109
206,31,0.5301182866096497,0.8122671842575073,-0.34988903999328613,0.9467683434486389
206,32,0.4553168714046478,0.8605073690414429,-0.08997787535190582,0.9674553871154785
207,0,0.5150107741355896,0.42199915647506714,-0.3531196117401123,0.9998724460601807
207,1,0.5172463059425354,0.4126240611076355,-0.3083288371562958,0.9996581673622131
207,2,0.5192110538482666,0.4129224717617035,-0.308411180973053,0.9995775818824768
207,3,0.5210008025169373,0.4132634997367859,-0.30848297476768494,0.9995495676994324
207,4,0.5044365525245667,0.4105638563632965,-0.3466130495071411,0.9997336864471436
207,5,0.49688461422920227,0.409463495016098,-0.34661129117012024,0.9996994733810425
207,6,0.48915213346481323,0.4082021117210388,-0.34669074416160583,0.9996886253356934
207,7,0.5062906742095947,0.4152213931083679,-0.06928084790706635,0.998871922492981
207,8,0.46647214889526367,0.4097656309604645,-0.24437256157398224,0.9996077418327332
207,9,0.509850263595581,0.4334293007850647,-0.26125290989875793,0.9997812509536743
207,10,0.4950934052467346,0.43105077743530273,-0.31208285689353943,0.9998879432678223
207,11,0.5154867172241211,0.46902400255203247,0.09453324228525162,0.9996347427368164
207,12,0.37809062004089355,0.4504671096801758,-0.23521281778812408,0.9998757839202881
207,13,0.5544483661651611,0.5175454020500183,0.09257844090461731,0.7425525784492493
207,14,0.326569527387619,0.5206390619277954,-0.41239550709724426,0.9957296252250671
207,15,0.5941066145896912,0.5493210554122925,-0.25242066383361816,0.87252277135849
207,16,0.4428907036781311,0.5538477301597595,-0.6107838749885559,0.9867305159568787
207,17,0.6024640202522278,0.5629612803459167,-0.32531410455703735,0.8229520320892334
207,18,0.4686303436756134,0.5634015798568726,-0.67349773645401,0.9718477725982666
207,19,0.5941449999809265,0.5593668222427368,-0.36651411652565,0.8342636823654175
207,20,0.48043525218963623,0.5575796365737915,-0.6788055896759033,0.970900297164917
207,21,0.5878596901893616,0.5557975172996521,-0.2793295681476593,0.8176205158233643
207,22,0.47667762637138367,0.5544596314430237,-0.6114624738693237,0.9557594656944275
207,23,0.48300430178642273,0.6095904111862183,0.10222771763801575,0.9989452958106995
207,24,0.3852868676185608,0.6212493181228638,-0.10185025632381439,0.9990723133087158
207,25,0.5538055896759033,0.6456018686294556,-0.4591670632362366,0.9270656108856201
207,26,0.40758055448532104,0.724913477897644,-0.14896343648433685,0.976465106010437
207,27,0.49254339933395386,0.7573720216751099,-0.27252501249313354,0.9308399558067322
207,28,0.4282399117946625,0.8246740102767944,0.0648338720202446,0.9750159978866577
207,29,0.466556578874588,0.7684107422828674,-0.25968196988105774,0.9018086791038513
207,30,0.4205356538295746,0.8367217183113098,0.0723087266087532,0.8363686203956604
207,31,0.5432797074317932,0.7939839959144592,-0.44550955295562744,0.9494029879570007
207,32,0.4562465250492096,0.857702374458313,-0.16714869439601898,0.9658657908439636
208,0,0.5273861289024353,0.4388476014137268,-0.3790092468261719,0.9998555183410645
208,1,0.5294299125671387,0.4292783737182617,-0.3399098813533783,0.9996460676193237
208,2,0.5307926535606384,0.429410457611084,-0.3400024473667145,0.999572217464447
208,3,0.5319314002990723,0.42950743436813354,-0.3401092290878296,0.999547004699707
208,4,0.518310546875,0.4276157021522522,-0.3758724331855774,0.9997051954269409
208,5,0.5107983350753784,0.42641526460647583,-0.3758630156517029,0.9996525645256042
208,6,0.5023040771484375,0.4248977303504944,-0.375926673412323,0.9996388554573059
208,7,0.514461874961853,0.4290800094604492,-0.1100723147392273,0.9989373683929443
208,8,0.4768843352794647,0.42377790808677673,-0.2774322032928467,0.9995529055595398
208,9,0.5195879340171814,0.44979244470596313,-0.29053059220314026,0.9997857809066772
208,10,0.5065475702285767,0.44790205359458923,-0.3380293548107147,0.9998875856399536
208,11,0.5252989530563354,0.4780067503452301,0.009541035629808903,0.9996614456176758
208,12,0.3830500841140747,0.45928245782852173,-0.24400289356708527,0.9998679161071777
208,13,0.5737764835357666,0.5185629725456238,-0.14897772669792175,0.7621329426765442
208,14,0.3116115927696228,0.5207223892211914,-0.4340801537036896,0.9958128333091736
208,15,0.5947322249412537,0.5423477292060852,-0.6113001108169556,0.8818784356117249
208,16,0.44444677233695984,0.5489364862442017,-0.6656496524810791,0.9867686629295349
208,17,0.6011081337928772,0.5563064813613892,-0.7115061283111572,0.8361634016036987
208,18,0.472520112991333,0.5551518201828003,-0.7352431416511536,0.9720248579978943
208,19,0.5929897427558899,0.5526226162910461,-0.7388268113136292,0.846589982509613
208,20,0.48520511388778687,0.5477539896965027,-0.7307944297790527,0.9710503816604614
208,21,0.5863093733787537,0.5483584403991699,-0.6341962218284607,0.8306638598442078
208,22,0.4793882966041565,0.5454246997833252,-0.6628396511077881,0.9553438425064087
208,23,0.4787799119949341,0.6076856255531311,0.08638398349285126,0.9989644885063171
208,24,0.38020777702331543,0.6210387945175171,-0.08591069281101227,0.9989705681800842
208,25,0.5516504049301147,0.6295354962348938,-0.45419934391975403,0.9306687116622925
208,26,0.41460004448890686,0.722045361995697,-0.13667568564414978,0.9735344052314758
208,27,0.49245044589042664,0.7414392828941345,-0.24971722066402435,0.9267339706420898
208,28,0.42926838994026184,0.8238905668258667,0.09584284573793411,0.9699270129203796
208,29,0.4682539701461792,0.7495246529579163,-0.23450471460819244,0.9002030491828918
208,30,0.4205464720726013,0.8376432657241821,0.1075262501835823,0.8289908170700073
208,31,0.5437712073326111,0.7797085046768188,-0.40942585468292236,0.946523904800415
208,32,0.45718902349472046,0.8565682172775269,-0.11765330284833908,0.9546915292739868
209,0,0.5315073728561401,0.45115089416503906,-0.40665876865386963,0.9998515844345093
209,1,0.5352420210838318,0.4412166178226471,-0.3771171569824219,0.9996488094329834
209,2,0.5369264483451843,0.4413728713989258,-0.3772121071815491,0.9995824694633484
209,3,0.5384794473648071,0.4414505958557129,-0.3774234354496002,0.9995527863502502
209,4,0.5244748592376709,0.43945711851119995,-0.4029335379600525,0.999700665473938
209,5,0.5172951817512512,0.4382583200931549,-0.40292221307754517,0.9996455907821655
209,6,0.5092212557792664,0.43671122193336487,-0.402921199798584,0.9996307492256165
209,7,0.5241431593894958,0.4400533139705658,-0.15819266438484192,0.9990035891532898
209,8,0.4832340180873871,0.43333688378334045,-0.28854507207870483,0.9995635747909546
209,9,0.5249595642089844,0.46124523878097534,-0.3206976652145386,0.9997935891151428
209,10,0.5120198726654053,0.45905643701553345,-0.3515435457229614,0.9998928308486938
209,11,0.5383182764053345,0.48493582010269165,-0.028310205787420273,0.999681830406189
209,12,0.38783666491508484,0.4670650362968445,-0.26057150959968567,0.9998750686645508
209,13,0.5800994038581848,0.519112229347229,-0.20106366276741028,0.7790899872779846
209,14,0.30608290433883667,0.5250729322433472,-0.46189218759536743,0.9960690140724182
209,15,0.5954594612121582,0.5361750721931458,-0.6669381856918335,0.8888975977897644
209,16,0.4459078013896942,0.5434682965278625,-0.6900429725646973,0.9873306751251221
209,17,0.6007083654403687,0.5439425110816956,-0.7634128928184509,0.8457767963409424
209,18,0.4741632342338562,0.5473924875259399,-0.7544453144073486,0.972856879234314
209,19,0.5922098755836487,0.538037896156311,-0.7789044976234436,0.8553164601325989
209,20,0.4869019091129303,0.5393408536911011,-0.7438704371452332,0.9718566536903381
209,21,0.5861753821372986,0.5352866053581238,-0.6858135461807251,0.839836061000824
209,22,0.4805724322795868,0.5368335247039795,-0.6841545104980469,0.9561640024185181
209,23,0.4791167676448822,0.6063442230224609,0.08591291308403015,0.9989514350891113
209,24,0.3809860646724701,0.6208779811859131,-0.08549335598945618,0.9988994002342224
209,25,0.54878169298172,0.6215245723724365,-0.43058425188064575,0.9356111884117126
209,26,0.4201613664627075,0.7207675576210022,-0.17816272377967834,0.9739642143249512
209,27,0.49730512499809265,0.7412736415863037,-0.278190553188324,0.9288937449455261
209,28,0.42928534746170044,0.824410080909729,-0.01516165491193533,0.9693007469177246
209,29,0.47369086742401123,0.750159502029419,-0.26863259077072144,0.905012309551239
209,30,0.42046648263931274,0.8377583622932434,-0.00973474606871605,0.8318741917610168
209,31,0.5536854267120361,0.7726842761039734,-0.44208186864852905,0.9479368329048157
209,32,0.4626154899597168,0.8569043278694153,-0.2390201836824417,0.9515746831893921
210,0,0.533352792263031,0.46005886793136597,-0.49312713742256165,0.9998623132705688
210,1,0.5378430485725403,0.4503140449523926,-0.4582248330116272,0.9996758103370667
210,2,0.5398216843605042,0.4505727291107178,-0.4582756757736206,0.9996152520179749
210,3,0.541697084903717,0.4507777690887451,-0.4584463834762573,0.999586284160614
210,4,0.526961624622345,0.44824495911598206,-0.48589181900024414,0.9997226595878601
210,5,0.5204236507415771,0.44697946310043335,-0.4858730435371399,0.9996718168258667
210,6,0.5132510662078857,0.4454774856567383,-0.48582300543785095,0.99965900182724
210,7,0.5282192230224609,0.44912463426589966,-0.2256060689687729,0.9990919828414917
210,8,0.4887734651565552,0.4415099024772644,-0.35167446732521057,0.9996004104614258
210,9,0.527028501033783,0.46985071897506714,-0.40091225504875183,0.9998105764389038
210,10,0.5142058730125427,0.46725183725357056,-0.43675002455711365,0.9999021887779236
210,11,0.5412691235542297,0.48759135603904724,-0.046881549060344696,0.9997047185897827
210,12,0.39081642031669617,0.472146213054657,-0.2746085822582245,0.9998852014541626
210,13,0.5958058834075928,0.51929771900177,-0.18171118199825287,0.7973302602767944
210,14,0.3059382736682892,0.5296980142593384,-0.4703519940376282,0.9963330030441284
210,15,0.5989075303077698,0.5359143614768982,-0.5963321924209595,0.8938425183296204
210,16,0.4474280774593353,0.5435040593147278,-0.6691045165061951,0.9879096746444702
210,17,0.6001903414726257,0.5449854135513306,-0.687455952167511,0.8510259389877319
210,18,0.47713983058929443,0.5472811460494995,-0.7325766086578369,0.9738268852233887
210,19,0.5904837846755981,0.5390181541442871,-0.6973634362220764,0.859553337097168
210,20,0.48841744661331177,0.5395495295524597,-0.7306712865829468,0.9728034138679504
210,21,0.5852555632591248,0.5356334447860718,-0.6122879981994629,0.8441035151481628
210,22,0.4817439317703247,0.5376821756362915,-0.6661673784255981,0.9573315382003784
210,23,0.47217708826065063,0.605548620223999,0.08966386318206787,0.9989938139915466
210,24,0.3766372799873352,0.6198462843894958,-0.08923551440238953,0.9989330172538757
210,25,0.5493502616882324,0.6130703687667847,-0.3789230287075043,0.9407364726066589
210,26,0.4288249909877777,0.7139033675193787,-0.3245481550693512,0.9756717085838318
210,27,0.4975090026855469,0.7389677166938782,-0.2643667161464691,0.9324915409088135
210,28,0.42928776144981384,0.8243927955627441,-0.23602087795734406,0.9702164530754089
210,29,0.47359928488731384,0.7501106858253479,-0.25925731658935547,0.9110257625579834
210,30,0.4157770276069641,0.837738037109375,-0.2367197424173355,0.8403663635253906
210,31,0.5599684119224548,0.7700404524803162,-0.4209093749523163,0.9501091241836548
210,32,0.4691523313522339,0.8571556210517883,-0.4682103395462036,0.9523023366928101
211,0,0.5353774428367615,0.46367472410202026,-0.362053245306015,0.9998668432235718
211,1,0.5401175618171692,0.454157292842865,-0.3317716717720032,0.9996929168701172
211,2,0.5422098636627197,0.4542197287082672,-0.33186155557632446,0.9996365904808044
211,3,0.5442014336585999,0.4541282057762146,-0.33198675513267517,0.9996067881584167
211,4,0.5292783975601196,0.4523666799068451,-0.3606335520744324,0.9997349977493286
211,5,0.5225462913513184,0.4509262442588806,-0.3606242835521698,0.9996854066848755
211,6,0.5153149366378784,0.4491773545742035,-0.36064115166664124,0.9996747374534607
211,7,0.5300421714782715,0.4517389237880707,-0.13500221073627472,0.9991592764854431
211,8,0.48998117446899414,0.4440174698829651,-0.2651272118091583,0.9996253252029419
211,9,0.52862548828125,0.4731915593147278,-0.2827220857143402,0.9998236298561096
211,10,0.5158337354660034,0.4710046350955963,-0.3211178183555603,0.9999095797538757
211,11,0.5424092411994934,0.48857173323631287,-0.00047487180563621223,0.9997262954711914
211,12,0.3920624554157257,0.47326022386550903,-0.2274269461631775,0.9998942017555237
211,13,0.59422367811203,0.5206795930862427,-0.10617370903491974,0.8129627704620361
211,14,0.30773818492889404,0.532808780670166,-0.3763587176799774,0.9965245723724365
211,15,0.5985579490661621,0.5389174222946167,-0.5047444701194763,0.90069580078125
211,16,0.45006683468818665,0.5475250482559204,-0.5285322666168213,0.988418698310852
211,17,0.5998311638832092,0.5482655167579651,-0.5856454372406006,0.8600821495056152
211,18,0.480813205242157,0.5526403188705444,-0.58050137758255,0.974750816822052
211,19,0.5892582535743713,0.5426734089851379,-0.5958611965179443,0.8677075505256653
211,20,0.49213188886642456,0.5457308292388916,-0.5730224847793579,0.9736841320991516
211,21,0.585070013999939,0.5390599966049194,-0.5186703205108643,0.8527917265892029
211,22,0.48404252529144287,0.5429623126983643,-0.5210682153701782,0.9583616256713867
211,23,0.46908190846443176,0.605458676815033,0.09534981846809387,0.9989931583404541
211,24,0.3737638592720032,0.6197634935379028,-0.09504038840532303,0.9989380240440369
211,25,0.551732063293457,0.6158794164657593,-0.3155139088630676,0.9431170225143433
211,26,0.4305836260318756,0.7150207757949829,-0.25964805483818054,0.9768953919410706
211,27,0.5005072951316833,0.7387899160385132,-0.15354041755199432,0.9313401579856873
211,28,0.4294174611568451,0.8244065046310425,-0.15961480140686035,0.9716149568557739
211,29,0.47368860244750977,0.7493763566017151,-0.14349012076854706,0.9147932529449463
211,30,0.4148865044116974,0.8392866849899292,-0.1594332754611969,0.8512366414070129
211,31,0.5647233724594116,0.7689086198806763,-0.278997540473938,0.9497483968734741
211,32,0.4708389341831207,0.8573607206344604,-0.36675000190734863,0.9534487724304199
212,0,0.534578263759613,0.4604581892490387,-0.35188812017440796,0.9998502135276794
212,1,0.5391834378242493,0.45085495710372925,-0.3160620927810669,0.9996766448020935
212,2,0.5412231683731079,0.4509514272212982,-0.31618934869766235,0.9996257424354553
212,3,0.5432679653167725,0.45091813802719116,-0.31635212898254395,0.9995951652526855
212,4,0.5281475782394409,0.44918185472488403,-0.34813404083251953,0.9997090697288513
212,5,0.5218071937561035,0.4478883147239685,-0.34808453917503357,0.999647319316864
212,6,0.5144259929656982,0.4463181495666504,-0.34811633825302124,0.9996342658996582
212,7,0.5289661884307861,0.44898566603660583,-0.10273870825767517,0.9991884231567383
212,8,0.4894563853740692,0.4417617917060852,-0.2478906661272049,0.9995891451835632
212,9,0.5275748372077942,0.47024744749069214,-0.26767897605895996,0.9998236298561096
212,10,0.5151702165603638,0.4681565761566162,-0.31014519929885864,0.9999088644981384
212,11,0.5445531606674194,0.49039140343666077,0.023713456466794014,0.9997430443763733
212,12,0.39236029982566833,0.47187361121177673,-0.2045380026102066,0.9998953938484192
212,13,0.5932492613792419,0.5272507667541504,-0.09741629660129547,0.8263624906539917
212,14,0.31015846133232117,0.5333372354507446,-0.35985323786735535,0.9964610934257507
212,15,0.5974040627479553,0.5426146388053894,-0.5339829921722412,0.9069833755493164
212,16,0.4517781436443329,0.5491241216659546,-0.5531834363937378,0.9882633686065674
212,17,0.5985339879989624,0.5538654327392578,-0.6300792694091797,0.8686259388923645
212,18,0.48080936074256897,0.5570907592773438,-0.6143055558204651,0.9746988415718079
212,19,0.5862436294555664,0.5486752986907959,-0.6484484076499939,0.8756681084632874
212,20,0.49471724033355713,0.550605833530426,-0.614011824131012,0.9735873341560364
212,21,0.5827013254165649,0.5442730188369751,-0.552661120891571,0.861074686050415
212,22,0.4860970675945282,0.5476820468902588,-0.5503863096237183,0.9576703906059265
212,23,0.4699705243110657,0.6054940223693848,0.09547311067581177,0.998981237411499
212,24,0.37338900566101074,0.6194150447845459,-0.09508390724658966,0.9989061951637268
212,25,0.5503665208816528,0.625603437423706,-0.34395256638526917,0.9451379776000977
212,26,0.429699569940567,0.7151457667350769,-0.23029853403568268,0.9770452976226807
212,27,0.49844279885292053,0.7430153489112854,-0.19176863133907318,0.9289149641990662
212,28,0.43156883120536804,0.8253380656242371,-0.1109544038772583,0.9714545011520386
212,29,0.473550021648407,0.7535364031791687,-0.1821678727865219,0.916913628578186
212,30,0.4200435280799866,0.8452979326248169,-0.11136551946401596,0.8572700619697571
212,31,0.5625485777854919,0.7726365327835083,-0.340962290763855,0.9474591016769409
212,32,0.4707401990890503,0.8576300740242004,-0.3430370092391968,0.9507607817649841
213,0,0.5322790145874023,0.4526267647743225,-0.2630576491355896,0.9998519420623779
213,1,0.5368375778198242,0.4428618848323822,-0.22747531533241272,0.999686598777771
213,2,0.5390414595603943,0.4429969787597656,-0.22763799130916595,0.9996399283409119
213,3,0.5410929918289185,0.44305938482284546,-0.22777870297431946,0.9996123313903809
213,4,0.5251126885414124,0.4410673975944519,-0.2599858045578003,0.9997126460075378
213,5,0.5184749364852905,0.43983954191207886,-0.2599213719367981,0.99964839220047
213,6,0.5110097527503967,0.4384389817714691,-0.259944349527359,0.9996349215507507
213,7,0.5269176363945007,0.442368745803833,-0.026065055280923843,0.9992423057556152
213,8,0.4866117238998413,0.43563762307167053,-0.1728372722864151,0.9995874166488647
213,9,0.5260075330734253,0.4625338017940521,-0.18434910476207733,0.9998314380645752
213,10,0.5130130052566528,0.4606478810310364,-0.2269962579011917,0.9999121427536011
213,11,0.5428031086921692,0.4875209331512451,0.09612604975700378,0.9997613430023193
213,12,0.3927440643310547,0.47022494673728943,-0.15855978429317474,0.9998956918716431
213,13,0.5888789892196655,0.5271506309509277,-0.0044509838335216045,0.8369554281234741
213,14,0.3208390474319458,0.5332198739051819,-0.27351874113082886,0.9960950613021851
213,15,0.5966274738311768,0.5471624135971069,-0.45840826630592346,0.9126067161560059
213,16,0.4558110535144806,0.5574802160263062,-0.4262910485267639,0.98743736743927
213,17,0.5956521034240723,0.5598281621932983,-0.616162896156311,0.876761257648468
213,18,0.481738418340683,0.5686733722686768,-0.4850320518016815,0.9738855957984924
213,19,0.5809279680252075,0.5544095635414124,-0.6013090014457703,0.8833234310150146
213,20,0.4959915280342102,0.560355544090271,-0.49748438596725464,0.9726923108100891
213,21,0.5759419798851013,0.550287127494812,-0.47123390436172485,0.8690958619117737
213,22,0.48792609572410583,0.5549265146255493,-0.4284190237522125,0.9560476541519165
213,23,0.46829524636268616,0.6054693460464478,0.09902678430080414,0.9989529848098755
213,24,0.373905211687088,0.6185474991798401,-0.0985654965043068,0.9988415241241455
213,25,0.5509318709373474,0.6325053572654724,-0.27203842997550964,0.9442597031593323
213,26,0.42891281843185425,0.7157975435256958,-0.22709892690181732,0.9768490195274353
213,27,0.4968554973602295,0.7471631765365601,-0.15610574185848236,0.9209778308868408
213,28,0.4317680895328522,0.8253294229507446,-0.11135023087263107,0.9706708788871765
213,29,0.4711814820766449,0.7573592662811279,-0.13491609692573547,0.9146523475646973
213,30,0.4189797639846802,0.8470590710639954,-0.11133088171482086,0.8605891466140747
213,31,0.5615473389625549,0.7786060571670532,-0.24417097866535187,0.940764844417572
213,32,0.47094473242759705,0.8559695482254028,-0.32551369071006775,0.9476209282875061
214,0,0.5320876836776733,0.4509623944759369,-0.32616692781448364,0.9998568296432495
214,1,0.5359254479408264,0.4415975511074066,-0.2911469340324402,0.9996940493583679
214,2,0.5381954312324524,0.4420127868652344,-0.2912672162055969,0.9996504187583923
214,3,0.540495753288269,0.44235071539878845,-0.29137784242630005,0.999625027179718
214,4,0.5244540572166443,0.4402524530887604,-0.3233809471130371,0.9997153282165527
214,5,0.5180259943008423,0.4395286440849304,-0.32334691286087036,0.9996507167816162
214,6,0.5103752613067627,0.43732714653015137,-0.32338380813598633,0.9996347427368164
214,7,0.5252249836921692,0.44015032052993774,-0.05114726349711418,0.9992749691009521
214,8,0.48439547419548035,0.4334409832954407,-0.22936390340328217,0.999584972858429
214,9,0.5247340798377991,0.4617030620574951,-0.24378153681755066,0.9998387694358826
214,10,0.5116850137710571,0.4602910876274109,-0.2869485318660736,0.9999157786369324
214,11,0.5359936952590942,0.4821300506591797,0.04791991040110588,0.9997807741165161
214,12,0.39241307973861694,0.46604999899864197,-0.20031142234802246,0.9998975396156311
214,13,0.5831912755966187,0.5271140933036804,-0.005017056595534086,0.849332869052887
214,14,0.3287343382835388,0.5383826494216919,-0.289002001285553,0.9959993958473206
214,15,0.5940631628036499,0.5602959990501404,-0.34427499771118164,0.9198894500732422
214,16,0.45701661705970764,0.5700074434280396,-0.37243741750717163,0.9873745441436768
214,17,0.5937557220458984,0.5753668546676636,-0.43404871225357056,0.886709451675415
214,18,0.4810958802700043,0.5834559202194214,-0.4227907359600067,0.9740636944770813
214,19,0.5792649388313293,0.5708622336387634,-0.4598129391670227,0.8927191495895386
214,20,0.49636659026145935,0.5763997435569763,-0.43984654545783997,0.9729003310203552
214,21,0.5728663802146912,0.5659693479537964,-0.3633653521537781,0.8794078230857849
214,22,0.4894223213195801,0.5699504613876343,-0.374853253364563,0.9565823078155518
214,23,0.4673716127872467,0.604469358921051,0.09931868314743042,0.9988768696784973
214,24,0.37415745854377747,0.6162103414535522,-0.0988876149058342,0.9987301230430603
214,25,0.5502182841300964,0.6441856026649475,-0.1775369495153427,0.942089319229126
214,26,0.4266839623451233,0.7159526944160461,-0.2141231745481491,0.976580798625946
214,27,0.49448084831237793,0.754663348197937,-0.019486261531710625,0.9140464067459106
214,28,0.4322422742843628,0.8221171498298645,-0.11204297095537186,0.9698367118835449
214,29,0.4692475199699402,0.7682027816772461,-0.007427162025123835,0.9097524285316467
214,30,0.41917189955711365,0.8409643173217773,-0.1144871637225151,0.8604592680931091
214,31,0.5596347451210022,0.7908228635787964,-0.12157002836465836,0.9343042969703674
214,32,0.4725152254104614,0.8549917340278625,-0.3170410692691803,0.9452673196792603
215,0,0.5264514684677124,0.43811336159706116,-0.3747100532054901,0.9998577833175659
215,1,0.5302921533584595,0.42874622344970703,-0.34811535477638245,0.9996840357780457
215,2,0.532303512096405,0.4289183020591736,-0.34822410345077515,0.9996423125267029
215,3,0.5340501666069031,0.4289408326148987,-0.34829339385032654,0.9996189475059509
215,4,0.5197513699531555,0.42674246430397034,-0.3809841275215149,0.9997001886367798
215,5,0.5128967761993408,0.4251209795475006,-0.38099437952041626,0.9996348023414612
215,6,0.5052456259727478,0.42292895913124084,-0.3810393512248993,0.9996131062507629
215,7,0.5162510275840759,0.42713895440101624,-0.15641555190086365,0.9992716312408447
215,8,0.47698721289634705,0.42015329003334045,-0.312423974275589,0.9995495676994324
215,9,0.5187971591949463,0.4470128118991852,-0.3000526428222656,0.9998428225517273
215,10,0.506305456161499,0.44562864303588867,-0.3436257243156433,0.9999163150787354
215,11,0.522447943687439,0.46845102310180664,-0.011026942171156406,0.9997994303703308
215,12,0.385720819234848,0.4604923725128174,-0.29749271273612976,0.9999018907546997
215,13,0.5684065818786621,0.5270190834999084,-0.006671448703855276,0.8606472611427307
215,14,0.3469609022140503,0.5413280725479126,-0.3241005837917328,0.9958803653717041
215,15,0.5903646349906921,0.5689154863357544,-0.2849684953689575,0.9264495372772217
215,16,0.4619770050048828,0.5821453332901001,-0.41458410024642944,0.9873806238174438
215,17,0.5925655364990234,0.5871630907058716,-0.3537198603153229,0.8954963684082031
215,18,0.48281049728393555,0.59969162940979,-0.4673144519329071,0.974426805973053
215,19,0.579292893409729,0.5831669569015503,-0.3932303190231323,0.9010436534881592
215,20,0.5006505846977234,0.5900961756706238,-0.4876370429992676,0.9733265042304993
215,21,0.5729233622550964,0.5774034261703491,-0.3076666295528412,0.8885875940322876
215,22,0.4938046336174011,0.5850260257720947,-0.4188811779022217,0.957327127456665
215,23,0.46814486384391785,0.6035685539245605,0.09942052513360977,0.9988812208175659
215,24,0.37466591596603394,0.6137877702713013,-0.09903407841920853,0.9987413883209229
215,25,0.5474417805671692,0.6566684246063232,-0.15919917821884155,0.9405076503753662
215,26,0.4233552813529968,0.7149840593338013,-0.23684817552566528,0.9762211441993713
215,27,0.4917333424091339,0.7631242871284485,0.024012546986341476,0.9093621969223022
215,28,0.43142378330230713,0.8197076916694641,-0.16509494185447693,0.9693153500556946
215,29,0.466490775346756,0.7759461998939514,0.03641341254115105,0.9034646153450012
215,30,0.41916197538375854,0.8381401300430298,-0.16995160281658173,0.8584347367286682
215,31,0.5540627837181091,0.8020801544189453,-0.0927496999502182,0.9314994215965271
215,32,0.47266367077827454,0.8536224365234375,-0.3773193657398224,0.9451722502708435
216,0,0.5159035325050354,0.42684024572372437,-0.5171318650245667,0.999843418598175
216,1,0.5193432569503784,0.4170467257499695,-0.488783597946167,0.9996100664138794
216,2,0.5207901000976562,0.4170278012752533,-0.488822340965271,0.9995494484901428
216,3,0.5220301151275635,0.4169643521308899,-0.48884302377700806,0.9995253682136536
216,4,0.5091075897216797,0.4150613248348236,-0.5323638319969177,0.9996537566184998
216,5,0.5031163692474365,0.41346558928489685,-0.532403290271759,0.9995876550674438
216,6,0.4954218864440918,0.411721795797348,-0.5324832201004028,0.9995599985122681
216,7,0.5041891932487488,0.4160993695259094,-0.2778107225894928,0.9990716576576233
216,8,0.46824365854263306,0.40967240929603577,-0.4786090552806854,0.9994795322418213
216,9,0.5078468918800354,0.435441255569458,-0.42928382754325867,0.9998226761817932
216,10,0.49568524956703186,0.4337541162967682,-0.4874476194381714,0.9999077320098877
216,11,0.5116721391677856,0.45789891481399536,-0.06142622232437134,0.9998135566711426
216,12,0.3746558725833893,0.45832744240760803,-0.4577530026435852,0.9999068975448608
216,13,0.5453397631645203,0.5269404053688049,0.052083101123571396,0.8675917983055115
216,14,0.35508599877357483,0.5419836044311523,-0.4937291145324707,0.9956940412521362
216,15,0.5774952173233032,0.5786158442497253,-0.1034088060259819,0.9313521385192871
216,16,0.46062490344047546,0.5948044061660767,-0.5512853264808655,0.9871861934661865
216,17,0.5867882370948792,0.5983949899673462,-0.14613692462444305,0.901427686214447
216,18,0.4789890646934509,0.6125504374504089,-0.6187517046928406,0.9742042422294617
216,19,0.5758529901504517,0.5967633724212646,-0.20450346171855927,0.9066433310508728
216,20,0.49506139755249023,0.6047428250312805,-0.6437327265739441,0.973116397857666
216,21,0.5679628252983093,0.590744137763977,-0.13146336376667023,0.8946934342384338
216,22,0.4907405376434326,0.5982383489608765,-0.5594766139984131,0.9570938944816589
216,23,0.4742688536643982,0.6052665710449219,0.11034116894006729,0.9987928867340088
216,24,0.38572564721107483,0.6156858801841736,-0.1100996732711792,0.9987642168998718
216,25,0.5304592847824097,0.6870906352996826,0.17349937558174133,0.9335525631904602
216,26,0.4186517000198364,0.7164959907531738,-0.22488266229629517,0.9747443199157715
216,27,0.4798273742198944,0.7810899019241333,0.540339469909668,0.8972952961921692
216,28,0.43126732110977173,0.8199405670166016,-0.06269780546426773,0.9689185619354248
216,29,0.45461133122444153,0.7910753488540649,0.5680928826332092,0.891670286655426
216,30,0.41642096638679504,0.8376156687736511,-0.05225338414311409,0.8581635355949402
216,31,0.5384698510169983,0.8179010152816772,0.4407341778278351,0.9225561022758484
216,32,0.4697248339653015,0.8559068441390991,-0.2805490791797638,0.9463080763816833
217,0,0.5061132907867432,0.4173678755760193,-0.5699867010116577,0.999821662902832
217,1,0.5092215538024902,0.40657180547714233,-0.5351176857948303,0.9995140433311462
217,2,0.5114107131958008,0.4066198468208313,-0.5351736545562744,0.9994307160377502
217,3,0.5135010480880737,0.40670448541641235,-0.5352047085762024,0.9994004368782043
217,4,0.4970402121543884,0.4049607217311859,-0.5801074504852295,0.9995811581611633
217,5,0.49047279357910156,0.4037666320800781,-0.580143392086029,0.9995158910751343
217,6,0.4824807047843933,0.402514785528183,-0.5802438259124756,0.9994751811027527
217,7,0.4966929256916046,0.40746212005615234,-0.2967897653579712,0.998769998550415
217,8,0.45670950412750244,0.4016939103603363,-0.5034404993057251,0.9993484616279602
217,9,0.49973225593566895,0.4270575940608978,-0.47247645258903503,0.99977707862854
217,10,0.48562192916870117,0.42555665969848633,-0.5323925614356995,0.9998821020126343
217,11,0.5047314763069153,0.45388349890708923,-0.05503467097878456,0.9998154640197754
217,12,0.3651534616947174,0.4582096040248871,-0.4707984924316406,0.9998964667320251
217,13,0.5276017189025879,0.5270636677742004,0.09259703755378723,0.8645572066307068
217,14,0.3648074269294739,0.5458008050918579,-0.4980602562427521,0.9950510263442993
217,15,0.5666958689689636,0.5824463367462158,-0.07031383365392685,0.932952344417572
217,16,0.45798254013061523,0.6054697036743164,-0.5828467607498169,0.9856600165367126
217,17,0.5821099877357483,0.6023011803627014,-0.1136249452829361,0.9026810526847839
217,18,0.47235107421875,0.6260841488838196,-0.6517993211746216,0.9718530178070068
217,19,0.5733242034912109,0.6024481654167175,-0.17605188488960266,0.9080072641372681
217,20,0.4877082109451294,0.6196256279945374,-0.6816685199737549,0.970827579498291
217,21,0.5629697442054749,0.595725417137146,-0.10111218690872192,0.895933985710144
217,22,0.4854002594947815,0.6120142936706543,-0.5933442115783691,0.9540932178497314
217,23,0.4818412661552429,0.6122096180915833,0.11570671945810318,0.9987176656723022
217,24,0.3943186402320862,0.6210964322090149,-0.11555586755275726,0.9987159967422485
217,25,0.5238243341445923,0.7046639323234558,0.15899591147899628,0.9294474124908447
217,26,0.4180895984172821,0.7264155149459839,-0.12290023267269135,0.9718318581581116
217,27,0.47103989124298096,0.78929603099823,0.5788012742996216,0.8869784474372864
217,28,0.4313197135925293,0.8200566172599792,0.1704641729593277,0.9673206806182861
217,29,0.44485923647880554,0.7977629899978638,0.6123729348182678,0.8813810348510742
217,30,0.41628554463386536,0.8376809358596802,0.18814358115196228,0.8544729351997375
217,31,0.5226845741271973,0.824550449848175,0.4785628914833069,0.9152365922927856
217,32,0.47069159150123596,0.8586700558662415,-0.036539476364851,0.9458929300308228
218,0,0.4988384246826172,0.41197657585144043,-0.5748767256736755,0.9998165965080261
218,1,0.5025600790977478,0.40183815360069275,-0.5394090414047241,0.999484121799469
218,2,0.5051593780517578,0.40216487646102905,-0.5394561290740967,0.9993861317634583
218,3,0.5079026818275452,0.4024988114833832,-0.5394673943519592,0.999353289604187
218,4,0.4889753460884094,0.40014681220054626,-0.5805060267448425,0.9995593428611755
218,5,0.4823058545589447,0.3991957902908325,-0.5805371999740601,0.9994972348213196
218,6,0.47426265478134155,0.3980790078639984,-0.5806092023849487,0.9994534850120544
218,7,0.4940115213394165,0.4043557643890381,-0.29795393347740173,0.9986202716827393
218,8,0.44986656308174133,0.39741137623786926,-0.48888880014419556,0.9993125796318054
218,9,0.4939904808998108,0.42266950011253357,-0.47710150480270386,0.9997618198394775
218,10,0.4777172803878784,0.4206317365169525,-0.5322350263595581,0.9998705983161926
218,11,0.502565324306488,0.45457276701927185,-0.057159047573804855,0.9998152256011963
218,12,0.3616507649421692,0.4574631154537201,-0.449784517288208,0.9998899698257446
218,13,0.5255739092826843,0.5274347066879272,0.09771467000246048,0.8609493374824524
218,14,0.37136411666870117,0.5471296310424805,-0.46738100051879883,0.9942876100540161
218,15,0.5576538443565369,0.5887455344200134,-0.05350213125348091,0.9331371188163757
218,16,0.45398661494255066,0.608927845954895,-0.5664606094360352,0.9838429093360901
218,17,0.5724480748176575,0.6087657809257507,-0.09451736509799957,0.9017916321754456
218,18,0.4664953052997589,0.6313358545303345,-0.6332813501358032,0.96907639503479
218,19,0.5663047432899475,0.6084916591644287,-0.1571277230978012,0.9073506593704224
218,20,0.4805586636066437,0.625583827495575,-0.6592810153961182,0.9681177735328674
218,21,0.5565640330314636,0.601742148399353,-0.08363635092973709,0.8950361609458923
218,22,0.4791358411312103,0.6178203225135803,-0.5742763876914978,0.950920581817627
218,23,0.4859732389450073,0.6139516830444336,0.11580999195575714,0.9987292289733887
218,24,0.3980773985385895,0.6226308345794678,-0.11572140455245972,0.9987151026725769
218,25,0.5079285502433777,0.7145091891288757,0.20655256509780884,0.9254269599914551
218,26,0.41659924387931824,0.7277323007583618,-0.016582965850830078,0.9700676798820496
218,27,0.46121788024902344,0.7945325374603271,0.6199945211410522,0.8823890089988708
218,28,0.43133413791656494,0.8198434710502625,0.3542845547199249,0.9667854905128479
218,29,0.4334495961666107,0.803145706653595,0.6533961296081543,0.8777043223381042
218,30,0.41710785031318665,0.833222508430481,0.38082069158554077,0.8545147776603699
218,31,0.5223334431648254,0.8339117169380188,0.5152100920677185,0.9127479195594788
218,32,0.4702396094799042,0.8586710691452026,0.17108571529388428,0.9465460181236267
219,0,0.49725350737571716,0.4104633927345276,-0.55007004737854,0.9997962117195129
219,1,0.5010077953338623,0.40014439821243286,-0.5168787240982056,0.9993929266929626
219,2,0.5038416385650635,0.4006205201148987,-0.5169107913970947,0.999267041683197
219,3,0.5065435171127319,0.4010101854801178,-0.5168982744216919,0.999220609664917
219,4,0.4873467683792114,0.3983190655708313,-0.5567697882652283,0.9994967579841614
219,5,0.4801272451877594,0.39741581678390503,-0.5567813515663147,0.9994379281997681
219,6,0.4725158214569092,0.39641547203063965,-0.5568473935127258,0.9993879795074463
219,7,0.49367555975914,0.4033673405647278,-0.289583295583725,0.9982806444168091
219,8,0.4486484229564667,0.39655429124832153,-0.47534117102622986,0.9992055296897888
219,9,0.492776095867157,0.421814501285553,-0.4580037295818329,0.9997146129608154
219,10,0.47634613513946533,0.4196687638759613,-0.511411190032959,0.9998441934585571
219,11,0.5020867586135864,0.4551524519920349,-0.06522568315267563,0.9997997879981995
219,12,0.3612522482872009,0.45680466294288635,-0.43779876828193665,0.999881386756897
219,13,0.5246016383171082,0.5275761485099792,0.07973884791135788,0.8538095951080322
219,14,0.37387728691101074,0.5482862591743469,-0.4581971764564514,0.9936577081680298
219,15,0.5561351180076599,0.5880919098854065,-0.07580460608005524,0.931936502456665
219,16,0.451977401971817,0.6097796559333801,-0.5599113702774048,0.9824686646461487
219,17,0.5696078538894653,0.6086071133613586,-0.11648157984018326,0.8994682431221008
219,18,0.4641461968421936,0.6325015425682068,-0.6249334216117859,0.9670344591140747
219,19,0.5640122890472412,0.6085522174835205,-0.17549706995487213,0.9051968455314636
219,20,0.47835639119148254,0.6289516687393188,-0.6464203000068665,0.9660884141921997
219,21,0.5549071431159973,0.6019425988197327,-0.10453707724809647,0.8925167918205261
219,22,0.4768311083316803,0.6203211545944214,-0.5654739141464233,0.9486225247383118
219,23,0.4886566698551178,0.6139248609542847,0.11356665194034576,0.9986323714256287
219,24,0.39975208044052124,0.6225663423538208,-0.11358007788658142,0.998660683631897
219,25,0.5042732954025269,0.7062940001487732,0.2112680822610855,0.9219494462013245
219,26,0.4149274528026581,0.7271903157234192,-0.01128023024648428,0.9681207537651062
219,27,0.46056368947029114,0.7895461320877075,0.5816821455955505,0.8788566589355469
219,28,0.4303622841835022,0.8183143734931946,0.30758291482925415,0.9655205011367798
219,29,0.4330514371395111,0.7986591458320618,0.6109530329704285,0.8733405470848083
219,30,0.41647157073020935,0.8296723365783691,0.3284216821193695,0.8525538444519043
219,31,0.5078560709953308,0.8263457417488098,0.48132869601249695,0.9105551242828369
219,32,0.467852920293808,0.8582016229629517,0.12728828191757202,0.945891261100769
220,0,0.498993843793869,0.40959635376930237,-0.5225298404693604,0.9997835159301758
220,1,0.5027120113372803,0.3995874524116516,-0.48772701621055603,0.9993334412574768
220,2,0.5053894519805908,0.40000414848327637,-0.48776859045028687,0.9991999268531799
220,3,0.5079257488250732,0.40036073327064514,-0.4877701699733734,0.9991535544395447
220,4,0.48934081196784973,0.397854745388031,-0.5277165174484253,0.9994471073150635
220,5,0.48218047618865967,0.39691680669784546,-0.527731716632843,0.9993867874145508
220,6,0.4744819104671478,0.39597228169441223,-0.5278180241584778,0.9993271827697754
220,7,0.4948905408382416,0.4029116630554199,-0.2630443274974823,0.9982079267501831
220,8,0.4502891004085541,0.396291583776474,-0.4483073353767395,0.999059796333313
220,9,0.49442771077156067,0.42091336846351624,-0.43196868896484375,0.9997020363807678
220,10,0.47835010290145874,0.4189780652523041,-0.4854169189929962,0.9998305439949036
220,11,0.5039258599281311,0.4565081000328064,-0.05994211137294769,0.9997991323471069
220,12,0.36095529794692993,0.45687276124954224,-0.4111264944076538,0.9998661875724792
220,13,0.5287707448005676,0.5295392274856567,0.06694122403860092,0.8564830422401428
220,14,0.37547776103019714,0.5510097742080688,-0.4561171531677246,0.9935065507888794
220,15,0.558414101600647,0.5892060995101929,-0.10557779669761658,0.9337514638900757
220,16,0.45204928517341614,0.6086205244064331,-0.5286345481872559,0.9824365973472595
220,17,0.5711498260498047,0.6079083681106567,-0.1499646008014679,0.9014286398887634
220,18,0.46414074301719666,0.6299480199813843,-0.5884019732475281,0.9671053886413574
220,19,0.5645440220832825,0.6072196364402771,-0.2059222310781479,0.9071273803710938
220,20,0.4782145619392395,0.6252410411834717,-0.6150070428848267,0.9662230610847473
220,21,0.5551309585571289,0.6009207963943481,-0.13289156556129456,0.8941905498504639
220,22,0.4766145348548889,0.6170417666435242,-0.5366935729980469,0.9486826062202454
220,23,0.49212443828582764,0.6148760914802551,0.09852122515439987,0.99864661693573
220,24,0.4001883268356323,0.6243776679039001,-0.09839464724063873,0.9986099600791931
220,25,0.5087623000144958,0.697360634803772,-0.17263127863407135,0.9266944527626038
220,26,0.4126676321029663,0.729625403881073,-0.06374036520719528,0.9665161967277527
220,27,0.4568529725074768,0.7870897650718689,0.21248361468315125,0.8800284266471863
220,28,0.42976319789886475,0.8192011117935181,0.2519809901714325,0.964372456073761
220,29,0.4267232120037079,0.7956317663192749,0.24600134789943695,0.8730975985527039
220,30,0.41629138588905334,0.830475926399231,0.27091073989868164,0.8483461737632751
220,31,0.4928111135959625,0.8231452703475952,0.09214150160551071,0.9126370549201965
220,32,0.46486419439315796,0.8593161702156067,0.05920259281992912,0.9451930522918701
221,0,0.5004869699478149,0.411681592464447,-0.3496863842010498,0.9997808337211609
221,1,0.5039156079292297,0.40163692831993103,-0.3187050223350525,0.9993113875389099
221,2,0.5061931014060974,0.4019981920719147,-0.3187154233455658,0.9991746544837952
221,3,0.5084485411643982,0.4023037850856781,-0.3187057077884674,0.9991346597671509
221,4,0.4912680387496948,0.3998655080795288,-0.3574995994567871,0.9994218945503235
221,5,0.48466363549232483,0.39886707067489624,-0.357504278421402,0.9993568062782288
221,6,0.476505309343338,0.3978274464607239,-0.35760167241096497,0.9992973804473877
221,7,0.4950035512447357,0.4041512608528137,-0.13338127732276917,0.9982021450996399
221,8,0.4511456787586212,0.3974801301956177,-0.312652051448822,0.9989665746688843
221,9,0.4955046772956848,0.42273950576782227,-0.27431416511535645,0.9997022151947021
221,10,0.47931697964668274,0.42058491706848145,-0.32619574666023254,0.9998250007629395
221,11,0.5049083828926086,0.457522451877594,0.012064008042216301,0.9998081922531128
221,12,0.36170750856399536,0.45169171690940857,-0.30874472856521606,0.9998635053634644
221,13,0.5319024324417114,0.5295280814170837,0.11222609132528305,0.8608680367469788
221,14,0.3723553419113159,0.5497162938117981,-0.3513442277908325,0.9933564066886902
221,15,0.5603083968162537,0.5880576968193054,-0.03879447653889656,0.936779797077179
221,16,0.45282652974128723,0.6043696999549866,-0.4097227454185486,0.9827119708061218
221,17,0.5717393159866333,0.6051562428474426,-0.07548101991415024,0.9053398370742798
221,18,0.46459200978279114,0.6254266500473022,-0.46121689677238464,0.967675507068634
221,19,0.5650714635848999,0.6038088202476501,-0.1276284158229828,0.9107897281646729
221,20,0.47839537262916565,0.6187734603881836,-0.47580036520957947,0.9668535590171814
221,21,0.5560543537139893,0.5983420610427856,-0.06308842450380325,0.8980128765106201
221,22,0.4774407744407654,0.6112639904022217,-0.41246914863586426,0.9496949315071106
221,23,0.4916507303714752,0.6147600412368774,0.08422719687223434,0.9986734986305237
221,24,0.3993852436542511,0.624116063117981,-0.08402684330940247,0.9985870122909546
221,25,0.5143717527389526,0.6813305020332336,-0.30170494318008423,0.930827796459198
221,26,0.4125007092952728,0.7292009592056274,-0.09524039179086685,0.9619362354278564
221,27,0.45340049266815186,0.7739150524139404,-0.019461801275610924,0.8764860033988953
221,28,0.4302881062030792,0.8212884664535522,0.19328206777572632,0.9604249000549316
221,29,0.423697829246521,0.7833706736564636,0.0032648704946041107,0.8641349673271179
221,30,0.4213659465312958,0.8334017992019653,0.2080734670162201,0.8363003134727478
221,31,0.472962349653244,0.8208267092704773,-0.1447143256664276,0.9099690318107605
221,32,0.46147921681404114,0.8613179326057434,0.03499571233987808,0.9411453008651733
222,0,0.5058642029762268,0.4119184613227844,-0.30672311782836914,0.9997726678848267
222,1,0.5096279978752136,0.4020310044288635,-0.27022692561149597,0.9992942214012146
222,2,0.5118906497955322,0.4024980068206787,-0.27029651403427124,0.9991559386253357
222,3,0.5139340162277222,0.402859628200531,-0.2703312635421753,0.9991276264190674
222,4,0.4968357980251312,0.4005261957645416,-0.3090379536151886,0.9993985295295715
222,5,0.4896332323551178,0.39981213212013245,-0.3089974820613861,0.9993163347244263
222,6,0.4806590974330902,0.3990427851676941,-0.3090853691101074,0.9992596507072449
222,7,0.4989264905452728,0.40494346618652344,-0.06996563076972961,0.9982275366783142
222,8,0.4561724364757538,0.3978261649608612,-0.24613164365291595,0.9988644123077393
222,9,0.5000941157341003,0.42347264289855957,-0.2274356186389923,0.9996953010559082
222,10,0.48384618759155273,0.4207429885864258,-0.27840593457221985,0.9998173713684082
222,11,0.5056748986244202,0.45774537324905396,0.06663668900728226,0.9998034834861755
222,12,0.36652567982673645,0.45141762495040894,-0.256258100271225,0.9998566508293152
222,13,0.5354673862457275,0.529477596282959,0.09381509572267532,0.8589483499526978
222,14,0.36995717883110046,0.5436972975730896,-0.3277342617511749,0.9932565093040466
222,15,0.5606083273887634,0.5842694640159607,-0.11733496934175491,0.9366653561592102
222,16,0.4643282890319824,0.6017236113548279,-0.39374643564224243,0.9829851388931274
222,17,0.5720072388648987,0.5992947220802307,-0.18107886612415314,0.9057757258415222
222,18,0.47835272550582886,0.623759388923645,-0.4456543028354645,0.9682340025901794
222,19,0.5652951002120972,0.5969856381416321,-0.2210366129875183,0.910915732383728
222,20,0.4927140176296234,0.6139373183250427,-0.46031442284584045,0.9673723578453064
222,21,0.5566542148590088,0.5948830842971802,-0.14079168438911438,0.8978291749954224
222,22,0.4890781342983246,0.6077609062194824,-0.39582908153533936,0.9503167867660522
222,23,0.4911872446537018,0.6137372255325317,0.08722385764122009,0.9987268447875977
222,24,0.39878204464912415,0.6227689981460571,-0.08703106641769409,0.9986094832420349
222,25,0.54267817735672,0.6531099081039429,-0.36421483755111694,0.9358772039413452
222,26,0.41323408484458923,0.7288817763328552,-0.1116938516497612,0.962023138999939
222,27,0.45404210686683655,0.7490509152412415,-0.10901722311973572,0.8792244791984558
222,28,0.43199077248573303,0.8239815831184387,0.14388351142406464,0.9604474306106567
222,29,0.4254954159259796,0.7582910060882568,-0.08800560235977173,0.8665564656257629
222,30,0.42751291394233704,0.8380334973335266,0.1546022742986679,0.8339218497276306
222,31,0.485707551240921,0.7893031239509583,-0.2296416461467743,0.912239134311676
222,32,0.4595417082309723,0.8612526655197144,-0.03134898468852043,0.9408950805664062
223,0,0.5175744295120239,0.418844997882843,-0.30189406871795654,0.999758780002594
223,1,0.5213829278945923,0.4094817042350769,-0.2638046145439148,0.9992778301239014
223,2,0.5231454372406006,0.40974968671798706,-0.26388442516326904,0.9991411566734314
223,3,0.5244429707527161,0.409979909658432,-0.26392608880996704,0.9991225600242615
223,4,0.5092395544052124,0.4071805477142334,-0.3047448992729187,0.9993817210197449
223,5,0.5020539164543152,0.4058963656425476,-0.3047136664390564,0.9992882013320923
223,6,0.4933088421821594,0.40435752272605896,-0.304807186126709,0.9992356300354004
223,7,0.507045567035675,0.41063863039016724,-0.057409483939409256,0.9982760548591614
223,8,0.4680866599082947,0.4033573567867279,-0.2418811172246933,0.9988090395927429
223,9,0.5100422501564026,0.42975950241088867,-0.22085946798324585,0.9996852278709412
223,10,0.49623310565948486,0.4267697334289551,-0.2743786573410034,0.999812126159668
223,11,0.5099915266036987,0.46117106080055237,0.0863451287150383,0.999789297580719
223,12,0.3767722547054291,0.4516485631465912,-0.257475882768631,0.9998566508293152
223,13,0.5489796996116638,0.5270368456840515,0.08445814996957779,0.8543703556060791
223,14,0.36863094568252563,0.5378409624099731,-0.34982573986053467,0.9933697581291199
223,15,0.5745037794113159,0.5686031579971313,-0.2128576636314392,0.9329798221588135
223,16,0.4689452350139618,0.5820916891098022,-0.4317741096019745,0.9833919405937195
223,17,0.5838214755058289,0.5816937685012817,-0.27995994687080383,0.9019309282302856
223,18,0.48503774404525757,0.6009891629219055,-0.48592454195022583,0.9688758850097656
223,19,0.5758360028266907,0.5802432298660278,-0.31757327914237976,0.9070184230804443
223,20,0.5005918741226196,0.5945725440979004,-0.5007990002632141,0.967971920967102
223,21,0.5673531293869019,0.5763261318206787,-0.2371174544095993,0.8931350708007812
223,22,0.4976657032966614,0.5883499383926392,-0.43418535590171814,0.9507834911346436
223,23,0.4908945858478546,0.6088238954544067,0.09675358980894089,0.9987683892250061
223,24,0.398497998714447,0.6183723211288452,-0.09645935893058777,0.9986282587051392
223,25,0.5610628128051758,0.6355317831039429,-0.35100865364074707,0.9405121803283691
223,26,0.4183496832847595,0.7264121174812317,-0.11814019829034805,0.9635190963745117
223,27,0.4636616110801697,0.7301366925239563,-0.12182953953742981,0.8837618231773376
223,28,0.43379250168800354,0.8279421925544739,0.09016705304384232,0.9619660973548889
223,29,0.43545469641685486,0.7349045276641846,-0.10367225110530853,0.8723511099815369
223,30,0.42703378200531006,0.8387579917907715,0.0972834900021553,0.8387050032615662
223,31,0.5016095638275146,0.7684749364852905,-0.24747799336910248,0.9162032604217529
223,32,0.459594190120697,0.8612025380134583,-0.11713303625583649,0.9426851868629456
224,0,0.5297816395759583,0.4306858479976654,-0.3091470003128052,0.9996629953384399
224,1,0.5347888469696045,0.4209233224391937,-0.29629820585250854,0.9991477131843567
224,2,0.5364803075790405,0.42111891508102417,-0.29619133472442627,0.9990109205245972
224,3,0.5376338362693787,0.421295166015625,-0.29591137170791626,0.9990013837814331
224,4,0.522747814655304,0.41907232999801636,-0.3369365930557251,0.9992464780807495
224,5,0.5155693292617798,0.41766196489334106,-0.3370191156864166,0.9990931153297424
224,6,0.5070479512214661,0.415816068649292,-0.33707937598228455,0.9990526437759399
224,7,0.5212538838386536,0.4212483763694763,-0.10295926034450531,0.9982006549835205
224,8,0.48135918378829956,0.41418641805648804,-0.2834192216396332,0.9985430836677551
224,9,0.5221822261810303,0.4412580132484436,-0.24222218990325928,0.999639093875885
224,10,0.5089573860168457,0.4388754367828369,-0.29875120520591736,0.9997877478599548
224,11,0.5246924757957458,0.4730928838253021,0.06538189202547073,0.9997456073760986
224,12,0.3850838840007782,0.4541781544685364,-0.26433065533638,0.999839723110199
224,13,0.569398820400238,0.5343275666236877,-0.08390515297651291,0.8558840155601501
224,14,0.3614577054977417,0.5357421636581421,-0.3610302805900574,0.9933211803436279
224,15,0.5787600874900818,0.5568085312843323,-0.535763144493103,0.9263036251068115
224,16,0.4743885397911072,0.5674470663070679,-0.492387056350708,0.9828721880912781
224,17,0.584558367729187,0.5629618763923645,-0.6336971521377563,0.8940629363059998
224,18,0.49789997935295105,0.578244149684906,-0.5526204705238342,0.967910885810852
224,19,0.5757366418838501,0.5570366382598877,-0.6525965929031372,0.8989986181259155
224,20,0.5145217180252075,0.5701348185539246,-0.5601131319999695,0.9669024348258972
224,21,0.5674677491188049,0.5550682544708252,-0.5554843544960022,0.8830689787864685
224,22,0.5046848058700562,0.5653877854347229,-0.49128419160842896,0.9480915665626526
224,23,0.4876442849636078,0.6050175428390503,0.09492321312427521,0.9986802339553833
224,24,0.3975658118724823,0.615163266658783,-0.0945122092962265,0.9985389709472656
224,25,0.5683390498161316,0.617267906665802,-0.39106711745262146,0.9438474774360657
224,26,0.4216238260269165,0.7225443124771118,-0.15699981153011322,0.9639126658439636
224,27,0.4747468829154968,0.7089179754257202,-0.16137075424194336,0.8855065107345581
224,28,0.43439170718193054,0.8277469873428345,0.030786527320742607,0.9619005918502808
224,29,0.44712913036346436,0.7169570922851562,-0.14331333339214325,0.8770689964294434
224,30,0.42612093687057495,0.8405358195304871,0.03642241284251213,0.8403660655021667
224,31,0.5157817602157593,0.7497316598892212,-0.30023834109306335,0.9165434241294861
224,32,0.4551691710948944,0.8576635122299194,-0.19940701127052307,0.9397639632225037
225,0,0.5427618622779846,0.44692477583885193,-0.3646160662174225,0.9996066093444824
225,1,0.5476933717727661,0.43640071153640747,-0.3311116099357605,0.999095618724823
225,2,0.5492182970046997,0.4364863932132721,-0.33112677931785583,0.9989646673202515
225,3,0.5502554774284363,0.43647313117980957,-0.3311726450920105,0.9989514350891113
225,4,0.5371429920196533,0.43482136726379395,-0.36496788263320923,0.9991826415061951
225,5,0.530523419380188,0.43351393938064575,-0.3650009036064148,0.9990073442459106
225,6,0.5224260687828064,0.4318854808807373,-0.36517080664634705,0.9989863038063049
225,7,0.5345195531845093,0.43524470925331116,-0.10966300219297409,0.9981716871261597
225,8,0.49498897790908813,0.4287695288658142,-0.2981393039226532,0.9984936714172363
225,9,0.5356467366218567,0.4568517208099365,-0.2820355296134949,0.9996155500411987
225,10,0.5237826704978943,0.4548494815826416,-0.32791319489479065,0.9997812509536743
225,11,0.5380622744560242,0.48629412055015564,0.03125787526369095,0.9997009634971619
225,12,0.4007594585418701,0.4583160877227783,-0.2688404619693756,0.9998406171798706
225,13,0.579072117805481,0.5470386743545532,-0.1248156726360321,0.8551947474479675
225,14,0.3523610532283783,0.5347542762756348,-0.36642205715179443,0.993316650390625
225,15,0.5786004662513733,0.5511641502380371,-0.5577569603919983,0.9152969121932983
225,16,0.48552682995796204,0.5602039694786072,-0.49154549837112427,0.9811204075813293
225,17,0.583710253238678,0.5529823899269104,-0.6483113765716553,0.8801718950271606
225,18,0.5200462937355042,0.5647345185279846,-0.5505325198173523,0.9638671875
225,19,0.5754304528236389,0.5442994236946106,-0.6511666774749756,0.8843810558319092
225,20,0.5312397480010986,0.5560216903686523,-0.5513914227485657,0.9624999761581421
225,21,0.5673971772193909,0.5427772998809814,-0.5701755881309509,0.8660770058631897
225,22,0.5183084607124329,0.5532602667808533,-0.4906207323074341,0.9405216574668884
225,23,0.4875507652759552,0.6041778922080994,0.09521238505840302,0.9984087347984314
225,24,0.3966512978076935,0.6141016483306885,-0.09481976926326752,0.9984002113342285
225,25,0.5647551417350769,0.6022985577583313,-0.31691187620162964,0.944197416305542
225,26,0.4287961423397064,0.7170316576957703,-0.188576340675354,0.9643451571464539
225,27,0.48594483733177185,0.7019601464271545,-0.1117284893989563,0.8837726712226868
225,28,0.4344733655452728,0.8269649744033813,-0.07575629651546478,0.961044430732727
225,29,0.464624285697937,0.7110376358032227,-0.09651109576225281,0.876743495464325
225,30,0.42587724328041077,0.8394428491592407,-0.07654079794883728,0.8420182466506958
225,31,0.5394328832626343,0.7345358729362488,-0.2501808702945709,0.9153053164482117
225,32,0.4583127200603485,0.8571408987045288,-0.3119877576828003,0.9361494779586792
226,0,0.5446913242340088,0.460756778717041,-0.38820013403892517,0.9995099306106567
226,1,0.5511223077774048,0.44980207085609436,-0.35461539030075073,0.9989928603172302
226,2,0.553217887878418,0.4498017430305481,-0.35467275977134705,0.998863935470581
226,3,0.5550561547279358,0.44968724250793457,-0.3548082709312439,0.9988130331039429
226,4,0.5396546125411987,0.44790640473365784,-0.37832361459732056,0.999052107334137
226,5,0.5328107476234436,0.44632911682128906,-0.3783841133117676,0.9988566637039185
226,6,0.5254435539245605,0.44454655051231384,-0.378618448972702,0.9988650679588318
226,7,0.5421460270881653,0.4469326138496399,-0.12152855098247528,0.9980301856994629
226,8,0.5013126134872437,0.4396299719810486,-0.2946487367153168,0.9984226822853088
226,9,0.5383988618850708,0.4700440764427185,-0.29951223731040955,0.999566912651062
226,10,0.5254005193710327,0.4674034118652344,-0.3309512734413147,0.9997633099555969
226,11,0.5446966886520386,0.4898711144924164,0.020601706579327583,0.999662458896637
226,12,0.4034402072429657,0.46504536271095276,-0.240631565451622,0.9998465180397034
226,13,0.5776475071907043,0.5438030958175659,-0.14165425300598145,0.845145583152771
226,14,0.3433879315853119,0.5351085066795349,-0.36684027314186096,0.9934377074241638
226,15,0.5786776542663574,0.5379348993301392,-0.566745936870575,0.9010434746742249
226,16,0.4883785545825958,0.5458688139915466,-0.4950234293937683,0.9804638624191284
226,17,0.5837467908859253,0.5401467084884644,-0.6496722102165222,0.8636756539344788
226,18,0.5231349468231201,0.5474916696548462,-0.549562394618988,0.9614446759223938
226,19,0.5761442184448242,0.5331951379776001,-0.6486315131187439,0.8669990301132202
226,20,0.5347470045089722,0.5402103662490845,-0.543519914150238,0.9598859548568726
226,21,0.5688286423683167,0.5323265790939331,-0.5773932337760925,0.8478530645370483
226,22,0.5200755000114441,0.5385342240333557,-0.49070847034454346,0.9364784359931946
226,23,0.48679542541503906,0.6039242148399353,0.09511222690343857,0.9981111288070679
226,24,0.393698513507843,0.6136318445205688,-0.09472842514514923,0.9983270764350891
226,25,0.5630849003791809,0.5835646390914917,-0.3178335130214691,0.9374773502349854
226,26,0.43149304389953613,0.7151761054992676,-0.23211590945720673,0.9645390510559082
226,27,0.48919978737831116,0.684095561504364,-0.15560713410377502,0.8702636957168579
226,28,0.43515121936798096,0.8268141746520996,-0.19761718809604645,0.9597081542015076
226,29,0.4678857922554016,0.6939719915390015,-0.14399364590644836,0.8710386157035828
226,30,0.42714419960975647,0.8394025564193726,-0.20465685427188873,0.8477382063865662
226,31,0.5381806492805481,0.7192683219909668,-0.282166063785553,0.9070193767547607
226,32,0.4645642936229706,0.8571842908859253,-0.43033793568611145,0.9316784143447876
227,0,0.5512570142745972,0.4687821865081787,-0.3910086750984192,0.9994826316833496
227,1,0.5585677027702332,0.4577573239803314,-0.35666513442993164,0.9989776611328125
227,2,0.5604906678199768,0.45781078934669495,-0.3567180931568146,0.9988545775413513
227,3,0.5621269941329956,0.45779427886009216,-0.35683491826057434,0.9987754821777344
227,4,0.5478540062904358,0.4560914635658264,-0.3854866921901703,0.99904465675354
227,5,0.5414727330207825,0.4546986222267151,-0.385515034198761,0.9988588690757751
227,6,0.5339787602424622,0.45305418968200684,-0.3856906592845917,0.9988841414451599
227,7,0.5482813119888306,0.4551970958709717,-0.1244133934378624,0.9980092644691467
227,8,0.5092518925666809,0.44852304458618164,-0.30032214522361755,0.9984970092773438
227,9,0.5445797443389893,0.47791600227355957,-0.30352264642715454,0.9995520114898682
227,10,0.5309680104255676,0.47552475333213806,-0.34206995368003845,0.999765932559967
227,11,0.5485550165176392,0.4931149482727051,0.009735307656228542,0.9995896816253662
227,12,0.405892014503479,0.4705953598022461,-0.25774577260017395,0.9998570084571838
227,13,0.5869982838630676,0.5419371724128723,-0.15997953712940216,0.836456298828125
227,14,0.33369237184524536,0.5358260869979858,-0.362617164850235,0.9937922954559326
227,15,0.5772901177406311,0.5291522145271301,-0.5437722206115723,0.8769891262054443
227,16,0.48763468861579895,0.540483832359314,-0.38057196140289307,0.980169951915741
227,17,0.5826718807220459,0.5284231305122375,-0.6146715879440308,0.8334807753562927
227,18,0.5195263624191284,0.5420295596122742,-0.4083409309387207,0.9588296413421631
227,19,0.5722782015800476,0.5203888416290283,-0.5968955159187317,0.8343676328659058
227,20,0.5286527872085571,0.5351442098617554,-0.39504706859588623,0.9568226933479309
227,21,0.5583139061927795,0.5236489176750183,-0.5466083884239197,0.8157354593276978
227,22,0.5159013867378235,0.5333992838859558,-0.36730411648750305,0.9317733645439148
227,23,0.48530369997024536,0.6034225225448608,0.09630271792411804,0.9980103373527527
227,24,0.39220118522644043,0.61385577917099,-0.09593832492828369,0.9983704686164856
227,25,0.5602670311927795,0.5828549861907959,-0.2908724844455719,0.9371782541275024
227,26,0.43230193853378296,0.7157639861106873,-0.2206484079360962,0.9663728475570679
227,27,0.4996536374092102,0.6851124167442322,-0.11477863788604736,0.8698534369468689
227,28,0.43507829308509827,0.8267537951469421,-0.17969049513339996,0.9615402817726135
227,29,0.4786953330039978,0.6946111917495728,-0.10175956040620804,0.8739560842514038
227,30,0.42591649293899536,0.8401671648025513,-0.18532608449459076,0.857215404510498
227,31,0.5573809146881104,0.7200425267219543,-0.22701528668403625,0.9082498550415039
227,32,0.4660796821117401,0.8580517768859863,-0.401668518781662,0.9337844848632812
228,0,0.5536336898803711,0.47309261560440063,-0.33882012963294983,0.999448299407959
228,1,0.5611514449119568,0.4624543786048889,-0.3087228238582611,0.9989386200904846
228,2,0.5627089142799377,0.46246305108070374,-0.30872470140457153,0.9988179206848145
228,3,0.5641143321990967,0.4623977541923523,-0.3087972104549408,0.9987094402313232
228,4,0.5516633987426758,0.46086710691452026,-0.3439348340034485,0.9990207552909851
228,5,0.5457503199577332,0.45952969789505005,-0.34396255016326904,0.9988448619842529
228,6,0.5385547876358032,0.4578312933444977,-0.34410104155540466,0.9988867044448853
228,7,0.5481060743331909,0.4596470892429352,-0.11359487473964691,0.9979509711265564
228,8,0.5131567120552063,0.45211735367774963,-0.2809467613697052,0.9985431432723999
228,9,0.5459407567977905,0.4821246564388275,-0.2621971368789673,0.9995316863059998
228,10,0.533405065536499,0.4795609414577484,-0.3087898790836334,0.999767005443573
228,11,0.5474710464477539,0.4950311779975891,0.014723015949130058,0.9995132684707642
228,12,0.4074609577655792,0.4741727411746979,-0.2503608763217926,0.9998659491539001
228,13,0.5894664525985718,0.5387444496154785,-0.1353360116481781,0.8247014284133911
228,14,0.3329426944255829,0.535973310470581,-0.36326539516448975,0.9941766262054443
228,15,0.5769835710525513,0.5277498960494995,-0.4927281141281128,0.8567695617675781
228,16,0.4852137565612793,0.5373842716217041,-0.4176909923553467,0.9811198115348816
228,17,0.5826510190963745,0.5265301465988159,-0.5602536797523499,0.8095799684524536
228,18,0.5156344771385193,0.5401834845542908,-0.453760027885437,0.9600352048873901
228,19,0.5716918706893921,0.5202886462211609,-0.5488414764404297,0.8086479902267456
228,20,0.525063693523407,0.53387850522995,-0.44099920988082886,0.9579731225967407
228,21,0.5588425397872925,0.5215925574302673,-0.49757546186447144,0.7912125587463379
228,22,0.5135167837142944,0.5323406457901001,-0.4069371223449707,0.9332556128501892
228,23,0.4835537075996399,0.6035604476928711,0.096731036901474,0.9979093074798584
228,24,0.391417533159256,0.6142667531967163,-0.09639307856559753,0.9983813762664795
228,25,0.5594261884689331,0.5839948058128357,-0.2888752222061157,0.9386730194091797
228,26,0.4339389503002167,0.7158378958702087,-0.2111111730337143,0.9681961536407471
228,27,0.5028731226921082,0.6922553181648254,-0.14401653409004211,0.8726845383644104
228,28,0.4350566864013672,0.8264724016189575,-0.1611034870147705,0.9634507298469543
228,29,0.48101869225502014,0.7007571458816528,-0.13328780233860016,0.8790225982666016
228,30,0.4220656156539917,0.8401201367378235,-0.16505184769630432,0.8666000366210938
228,31,0.5667692422866821,0.7260527610778809,-0.24987216293811798,0.9110457301139832
228,32,0.4695584177970886,0.859075665473938,-0.36900943517684937,0.9362614154815674
229,0,0.5550732016563416,0.4717039465904236,-0.32747024297714233,0.9994643926620483
229,1,0.5624051094055176,0.4611925184726715,-0.2963181734085083,0.9989898204803467
229,2,0.5638372898101807,0.46120548248291016,-0.29635632038116455,0.998879075050354
229,3,0.5650333166122437,0.4611142575740814,-0.2964300215244293,0.9987674355506897
229,4,0.5532070398330688,0.4595862030982971,-0.33169928193092346,0.9990649819374084
229,5,0.5471104979515076,0.45820602774620056,-0.33171218633651733,0.9988989233970642
229,6,0.5400397181510925,0.4564228057861328,-0.3318401873111725,0.9989420771598816
229,7,0.5476347804069519,0.4582916796207428,-0.10331129282712936,0.9980608224868774
229,8,0.5137884020805359,0.45062699913978577,-0.2661631405353546,0.998643696308136
229,9,0.546519935131073,0.48113569617271423,-0.2513573467731476,0.9995508193969727
229,10,0.5351731777191162,0.478632390499115,-0.29849696159362793,0.99978107213974
229,11,0.5452798008918762,0.49544382095336914,0.02365272305905819,0.999519944190979
229,12,0.40773364901542664,0.47398871183395386,-0.24779509007930756,0.9998767375946045
229,13,0.5864370465278625,0.5386500954627991,-0.13324615359306335,0.8159012198448181
229,14,0.33495596051216125,0.5356595516204834,-0.3810536563396454,0.9944656491279602
229,15,0.5766693353652954,0.5310962796211243,-0.5211250185966492,0.8495603203773499
229,16,0.4852554202079773,0.5381327271461487,-0.45666834712028503,0.9819037914276123
229,17,0.5843347907066345,0.5292602181434631,-0.5943855047225952,0.8025913238525391
229,18,0.5145190954208374,0.5423065423965454,-0.49106016755104065,0.9610995650291443
229,19,0.5731574296951294,0.5225573778152466,-0.5881068110466003,0.8006052374839783
229,20,0.5243104696273804,0.53606116771698,-0.4500308036804199,0.9589679837226868
229,21,0.559113085269928,0.5230845808982849,-0.5293298959732056,0.7835710644721985
229,22,0.512712299823761,0.5342921018600464,-0.4388861358165741,0.9345025420188904
229,23,0.47372156381607056,0.6022872924804688,0.10402539372444153,0.9979119896888733
229,24,0.38617995381355286,0.6139798164367676,-0.10375223308801651,0.998448371887207
229,25,0.5588108897209167,0.591798722743988,-0.2251395732164383,0.9377806186676025
229,26,0.4347776770591736,0.7155665755271912,-0.2246973067522049,0.9701766967773438
229,27,0.511245608329773,0.6966084241867065,-0.10727204382419586,0.8722574710845947
229,28,0.4342411160469055,0.8261805772781372,-0.1733202040195465,0.965575098991394
229,29,0.49185261130332947,0.708377480506897,-0.11283738911151886,0.881232500076294
229,30,0.41845017671585083,0.8402947187423706,-0.17710493505001068,0.8750542402267456
229,31,0.5886794328689575,0.7261138558387756,-0.17176812887191772,0.911188542842865
229,32,0.4709679186344147,0.8592793345451355,-0.3838212788105011,0.9389927983283997
230,0,0.5578947067260742,0.4662507474422455,-0.3187752664089203,0.9994303584098816
230,1,0.5636599063873291,0.45610857009887695,-0.2847908139228821,0.998969316482544
230,2,0.5649076104164124,0.45609959959983826,-0.28485339879989624,0.9988621473312378
230,3,0.5659092664718628,0.45598942041397095,-0.2849370241165161,0.9987366795539856
230,4,0.5546618700027466,0.4544134736061096,-0.3233538568019867,0.999043881893158
230,5,0.5486037135124207,0.45298343896865845,-0.3233632445335388,0.9988700151443481
230,6,0.5411934852600098,0.45116814970970154,-0.32352834939956665,0.9989261627197266
230,7,0.5479968190193176,0.45320025086402893,-0.08525968343019485,0.9980415105819702
230,8,0.5143470168113708,0.44605812430381775,-0.25993141531944275,0.9986697435379028
230,9,0.548967719078064,0.47578302025794983,-0.24028447270393372,0.9995435476303101
230,10,0.5383357405662537,0.4735150933265686,-0.2912612557411194,0.9997841119766235
230,11,0.5474205613136292,0.4953756332397461,0.042343392968177795,0.9994853734970093
230,12,0.41256290674209595,0.47304511070251465,-0.2493147999048233,0.9998834133148193
230,13,0.58533775806427,0.5413460731506348,-0.1087426096200943,0.7866578102111816
230,14,0.3365596830844879,0.5304616689682007,-0.3954553008079529,0.9946101307868958
230,15,0.5779919028282166,0.535805344581604,-0.49456343054771423,0.8274033665657043
230,16,0.48427680134773254,0.5417945981025696,-0.49278268218040466,0.9821715950965881
230,17,0.5853036642074585,0.537272036075592,-0.5681149363517761,0.7838535308837891
230,18,0.5130982995033264,0.5478385090827942,-0.5347366333007812,0.9615666270256042
230,19,0.5758863091468811,0.5312024354934692,-0.5704569816589355,0.7815809845924377
230,20,0.5240551829338074,0.5412073135375977,-0.512715220451355,0.9593694806098938
230,21,0.5643687844276428,0.5306745171546936,-0.5069081783294678,0.7644167542457581
230,22,0.5122480988502502,0.5388628244400024,-0.4812124967575073,0.9347407221794128
230,23,0.47335052490234375,0.6038610339164734,0.10558881610631943,0.997854471206665
230,24,0.38367244601249695,0.614077091217041,-0.10530521720647812,0.9984381198883057
230,25,0.5583495497703552,0.5992898344993591,-0.2981092929840088,0.940002977848053
230,26,0.43441182374954224,0.7184048295021057,-0.21320997178554535,0.9718913435935974
230,27,0.5114710927009583,0.7045155763626099,-0.13620632886886597,0.8765228986740112
230,28,0.4343118369579315,0.8261321187019348,-0.13096067309379578,0.9675052165985107
230,29,0.4924237132072449,0.71006840467453,-0.1261560022830963,0.8855897784233093
230,30,0.4185153543949127,0.8445574641227722,-0.12771251797676086,0.882786750793457
230,31,0.5772622227668762,0.7323396801948547,-0.25887611508369446,0.9148426651954651
230,32,0.47122055292129517,0.8600055575370789,-0.3623507618904114,0.9417747855186462
231,0,0.5566030740737915,0.4630778729915619,-0.1971912533044815,0.9994767308235168
231,1,0.561914324760437,0.4545959532260895,-0.15883518755435944,0.9990593791007996
231,2,0.5633314251899719,0.4545503258705139,-0.15893973410129547,0.9989621639251709
231,3,0.5645720362663269,0.4544091820716858,-0.15903110802173615,0.9988483190536499
231,4,0.5521893501281738,0.4514859616756439,-0.194251149892807,0.9991245865821838
231,5,0.5463249683380127,0.4496058523654938,-0.19426250457763672,0.9989635348320007
231,6,0.539303183555603,0.4474550783634186,-0.19435983896255493,0.9990148544311523
231,7,0.5470291376113892,0.4503858685493469,0.04225427657365799,0.9982186555862427
231,8,0.5143107771873474,0.443403959274292,-0.12019925564527512,0.9987820982933044
231,9,0.5478578805923462,0.4722151756286621,-0.12052635848522186,0.9995825290679932
231,10,0.5368556380271912,0.4686197340488434,-0.16807588934898376,0.9998020529747009
231,11,0.5463744401931763,0.4932710528373718,0.14079251885414124,0.9995176792144775
231,12,0.41764694452285767,0.4624144434928894,-0.1379925161600113,0.9998906850814819
231,13,0.582909107208252,0.5410044193267822,-0.03037656657397747,0.7840925455093384
231,14,0.34729844331741333,0.514237105846405,-0.332396924495697,0.9945006370544434
231,15,0.5815421342849731,0.5365384817123413,-0.48923230171203613,0.8350353240966797
231,16,0.4816358685493469,0.5442478060722351,-0.5037952661514282,0.9821457862854004
231,17,0.5888505578041077,0.5417251586914062,-0.5428677201271057,0.7948252558708191
231,18,0.5017816424369812,0.5520938634872437,-0.5613082051277161,0.962258517742157
231,19,0.5797340273857117,0.5334637761116028,-0.547709047794342,0.7930456399917603
231,20,0.5170465111732483,0.545616626739502,-0.5543831586837769,0.9600483775138855
231,21,0.5700274705886841,0.532500684261322,-0.4969656765460968,0.775470495223999
231,22,0.5111614465713501,0.5429449677467346,-0.4994228780269623,0.9356746077537537
231,23,0.47321492433547974,0.6039184331893921,0.10622034221887589,0.9979830384254456
231,24,0.38256707787513733,0.613113284111023,-0.10591700673103333,0.9985166788101196
231,25,0.5627085566520691,0.6133670210838318,-0.3366509675979614,0.9425058960914612
231,26,0.4336767792701721,0.7171861529350281,-0.23598931729793549,0.9735327959060669
231,27,0.5107651352882385,0.7305780053138733,-0.1830974519252777,0.880243718624115
231,28,0.43400564789772034,0.8259122967720032,-0.12150684744119644,0.9692934155464172
231,29,0.48930519819259644,0.7438837885856628,-0.17249701917171478,0.8900308012962341
231,30,0.41860973834991455,0.8442840576171875,-0.12072163820266724,0.8893704414367676
231,31,0.5780366063117981,0.7579314708709717,-0.3120456635951996,0.9182329177856445
231,32,0.4727899432182312,0.8594073057174683,-0.347247451543808,0.9443209767341614
232,0,0.5546464323997498,0.4475865960121155,-0.23938973248004913,0.9995132684707642
232,1,0.5600345730781555,0.43900442123413086,-0.20242629945278168,0.9991280436515808
232,2,0.5614929795265198,0.43924206495285034,-0.20254874229431152,0.9990361928939819
232,3,0.5627849698066711,0.4393739700317383,-0.20262855291366577,0.998932421207428
232,4,0.5502462983131409,0.43564572930336,-0.23789717257022858,0.9991851449012756
232,5,0.544375479221344,0.43368059396743774,-0.2378854602575302,0.9990338683128357
232,6,0.5370601415634155,0.4315032958984375,-0.237953782081604,0.9990808367729187
232,7,0.5456907749176025,0.43707332015037537,0.000517733977176249,0.9983510375022888
232,8,0.511951208114624,0.42946261167526245,-0.16180084645748138,0.9988694787025452
232,9,0.5462286472320557,0.4568300247192383,-0.1613318771123886,0.9996135830879211
232,10,0.5349245667457581,0.4532955288887024,-0.20863522589206696,0.9998172521591187
232,11,0.5432042479515076,0.4837857186794281,0.11676452308893204,0.9995538592338562
232,12,0.4168880581855774,0.45551466941833496,-0.18107770383358002,0.9998974204063416
232,13,0.5827356576919556,0.5305855870246887,-0.019469112157821655,0.7868079543113708
232,14,0.34916284680366516,0.5141101479530334,-0.3456222414970398,0.9946064352989197
232,15,0.5878118872642517,0.54105544090271,-0.47253137826919556,0.8463709354400635
232,16,0.47901642322540283,0.5455878973007202,-0.5250988602638245,0.9827927947044373
232,17,0.5937477946281433,0.5549413561820984,-0.5325167775154114,0.8097443580627441
232,18,0.4968762993812561,0.5625532865524292,-0.591268002986908,0.9640800952911377
232,19,0.585272490978241,0.5494933724403381,-0.5544922351837158,0.8083211183547974
232,20,0.5145028233528137,0.5568439960479736,-0.5913114547729492,0.9619463682174683
232,21,0.5780215263366699,0.544897198677063,-0.47834986448287964,0.7914839386940002
232,22,0.5109294056892395,0.5513195991516113,-0.5233007669448853,0.9386689066886902
232,23,0.47364282608032227,0.6039599180221558,0.11672404408454895,0.9979401230812073
232,24,0.3833318054676056,0.6131727695465088,-0.11644405871629715,0.9985215663909912
232,25,0.5657205581665039,0.637604832649231,-0.10158473998308182,0.9338213801383972
232,26,0.43357348442077637,0.7176803350448608,-0.2803366482257843,0.9747474789619446
232,27,0.5084945559501648,0.7465144395828247,0.1766449213027954,0.8628489971160889
232,28,0.4327036142349243,0.8259892463684082,-0.16405899822711945,0.9704626798629761
232,29,0.48681288957595825,0.7575782537460327,0.19786643981933594,0.8782657980918884
232,30,0.4151858389377594,0.8442237973213196,-0.16290374100208282,0.8931947946548462
232,31,0.5731989145278931,0.7790191173553467,0.09735963493585587,0.9051477313041687
232,32,0.47268378734588623,0.8612105250358582,-0.3774890601634979,0.9455847144126892
233,0,0.5525974035263062,0.4333541989326477,-0.23521991074085236,0.999556839466095
233,1,0.5583432912826538,0.42461079359054565,-0.20396770536899567,0.9992003440856934
233,2,0.5595666170120239,0.42493242025375366,-0.20405180752277374,0.999115526676178
233,3,0.5606666207313538,0.42520174384117126,-0.2041042298078537,0.999022901058197
233,4,0.5484320521354675,0.42125406861305237,-0.24035590887069702,0.999252438545227
233,5,0.5433053970336914,0.41933926939964294,-0.24033111333847046,0.9991132616996765
233,6,0.5362499952316284,0.4172978401184082,-0.24037988483905792,0.9991539716720581
233,7,0.5427823066711426,0.423628568649292,-0.021998673677444458,0.9984872341156006
233,8,0.5112214684486389,0.4151223301887512,-0.18835648894309998,0.9989604353904724
233,9,0.5432729721069336,0.44178929924964905,-0.16342982649803162,0.9996462464332581
233,10,0.5321406126022339,0.438647985458374,-0.21193252503871918,0.9998322129249573
233,11,0.5327882766723633,0.468959242105484,0.10981042683124542,0.9995940923690796
233,12,0.41490545868873596,0.44733548164367676,-0.1999291330575943,0.9999043941497803
233,13,0.5747077465057373,0.524604082107544,0.11437494307756424,0.7986276745796204
233,14,0.355854868888855,0.5164800882339478,-0.32067832350730896,0.9948621392250061
233,15,0.5891699194908142,0.5492194294929504,-0.13471828401088715,0.8597276210784912
233,16,0.4742726981639862,0.5554308891296387,-0.37626105546951294,0.9836925268173218
233,17,0.5953478217124939,0.5688665509223938,-0.1904923915863037,0.8256885409355164
233,18,0.48775190114974976,0.5746675729751587,-0.4261283874511719,0.9659882187843323
233,19,0.5863561034202576,0.5654009580612183,-0.23245075345039368,0.8245837092399597
233,20,0.5071411728858948,0.5736051797866821,-0.436689168214798,0.9639522433280945
233,21,0.5793389678001404,0.5590952634811401,-0.15799443423748016,0.8086779117584229
233,22,0.503400981426239,0.5670921206474304,-0.3767656683921814,0.9420040249824524
233,23,0.4767824411392212,0.60186368227005,0.11534999310970306,0.9980640411376953
233,24,0.38771045207977295,0.6094205975532532,-0.11507736146450043,0.9985701441764832
233,25,0.5640987753868103,0.6573959589004517,-0.1566065549850464,0.9360675811767578
233,26,0.4299699664115906,0.715459942817688,-0.18109199404716492,0.975705623626709
233,27,0.5077371001243591,0.7648922801017761,0.050289690494537354,0.8670437335968018
233,28,0.4319469928741455,0.8218172788619995,-0.07235054671764374,0.9715107083320618
233,29,0.4855758547782898,0.7778478264808655,0.07563944905996323,0.8796099424362183
233,30,0.4144453704357147,0.8380117416381836,-0.07254497706890106,0.8932622075080872
233,31,0.5703522562980652,0.8010696172714233,-0.0576750822365284,0.9083433151245117
233,32,0.47019249200820923,0.8581874966621399,-0.25463080406188965,0.9475809931755066
234,0,0.5479989051818848,0.41884845495224,-0.3306160271167755,0.9995808005332947
234,1,0.5534780025482178,0.410067617893219,-0.295636922121048,0.9992149472236633
234,2,0.5552610158920288,0.41060471534729004,-0.2956893742084503,0.9991169571876526
234,3,0.556776225566864,0.4111415445804596,-0.2956528067588806,0.9990270733833313
234,4,0.5434169769287109,0.4068882465362549,-0.3363344073295593,0.9992828369140625
234,5,0.5373989939689636,0.40518254041671753,-0.3363053500652313,0.999152421951294
234,6,0.5310738682746887,0.40353140234947205,-0.33634305000305176,0.9991869330406189
234,7,0.5411996841430664,0.411914587020874,-0.07940718531608582,0.9983894228935242
234,8,0.5082846879959106,0.4028302729129791,-0.26844316720962524,0.9990041255950928
234,9,0.540265679359436,0.42788395285606384,-0.2435057908296585,0.9996442198753357
234,10,0.5285034775733948,0.4250788688659668,-0.2984108626842499,0.9998361468315125
234,11,0.5282092690467834,0.45985308289527893,0.10298432409763336,0.9996238350868225
234,12,0.4135710895061493,0.441005140542984,-0.28320109844207764,0.999911367893219
234,13,0.5599918961524963,0.5211730003356934,0.19363273680210114,0.7999475002288818
234,14,0.3636700510978699,0.5168957710266113,-0.33229920268058777,0.9948098063468933
234,15,0.5889994502067566,0.5623598694801331,0.0027554903645068407,0.867997944355011
234,16,0.465046226978302,0.5666022300720215,-0.4176088571548462,0.9839443564414978
234,17,0.5933200716972351,0.5839882493019104,-0.043098364025354385,0.8342954516410828
234,18,0.478983610868454,0.5896910429000854,-0.4532639682292938,0.9667283892631531
234,19,0.5846187472343445,0.5824098587036133,-0.09966132789850235,0.8335139155387878
234,20,0.4962446093559265,0.5869054794311523,-0.4743352234363556,0.9647557139396667
234,21,0.5787116289138794,0.5770649313926697,-0.025527408346533775,0.817561686038971
234,22,0.4948926270008087,0.5798377990722656,-0.4100871682167053,0.9435040354728699
234,23,0.4876249432563782,0.6020196676254272,0.12770669162273407,0.998060941696167
234,24,0.4027634561061859,0.6088108420372009,-0.12748290598392487,0.9986622929573059
234,25,0.5484462976455688,0.6867983341217041,0.22267325222492218,0.9318245053291321
234,26,0.4296130836009979,0.7149201035499573,-0.26709261536598206,0.9765437245368958
234,27,0.5069119930267334,0.7857853174209595,0.5372647047042847,0.8629029989242554
234,28,0.43193677067756653,0.8225446939468384,-0.19796344637870789,0.9724738597869873
234,29,0.48535606265068054,0.7967523336410522,0.5591385960578918,0.8710916042327881
234,30,0.4136066138744354,0.8379491567611694,-0.20259124040603638,0.8917926549911499
234,31,0.5683947801589966,0.8207807540893555,0.4473317861557007,0.9033026099205017
234,32,0.4631843864917755,0.8600956797599792,-0.4248158037662506,0.9501903057098389
235,0,0.543491005897522,0.4090448021888733,-0.36561575531959534,0.9995672106742859
235,1,0.5475820899009705,0.39954620599746704,-0.33347392082214355,0.9991282224655151
235,2,0.5494593381881714,0.40005984902381897,-0.3335132598876953,0.9990012645721436
235,3,0.551198422908783,0.4006272256374359,-0.3334811329841614,0.998917818069458
235,4,0.5363978743553162,0.39678487181663513,-0.37968191504478455,0.9992449283599854
235,5,0.5305408835411072,0.3954251706600189,-0.3796808421611786,0.9991185665130615
235,6,0.5241580009460449,0.39413896203041077,-0.37976112961769104,0.9991475939750671
235,7,0.5352554321289062,0.40257319808006287,-0.12261855602264404,0.9979905486106873
235,8,0.5012580156326294,0.39440903067588806,-0.33743369579315186,0.9989694356918335
235,9,0.5367954969406128,0.41913312673568726,-0.27993300557136536,0.9995919466018677
235,10,0.5244530439376831,0.41679519414901733,-0.3421032428741455,0.9998185038566589
235,11,0.5275314450263977,0.4570918679237366,0.09573470056056976,0.9996280074119568
235,12,0.41329464316368103,0.438041627407074,-0.34258413314819336,0.9999145865440369
235,13,0.5448481440544128,0.5217666029930115,0.18636900186538696,0.7779977917671204
235,14,0.3653353750705719,0.5180822014808655,-0.3871707618236542,0.9948150515556335
235,15,0.5805907249450684,0.5718603134155273,0.005820474587380886,0.8635338544845581
235,16,0.45500993728637695,0.5793390870094299,-0.45990991592407227,0.9837382435798645
235,17,0.5865952968597412,0.591398298740387,-0.034454718232154846,0.8282575011253357
235,18,0.4649094045162201,0.6044344902038574,-0.5233519077301025,0.9666075110435486
235,19,0.5818882584571838,0.5908218026161194,-0.09918765723705292,0.8285261392593384
235,20,0.4827442169189453,0.6013866662979126,-0.5425702929496765,0.9646028876304626
235,21,0.5761014223098755,0.5842604041099548,-0.02631872147321701,0.8118926882743835
235,22,0.48410606384277344,0.5928698778152466,-0.4627886116504669,0.9434918165206909
235,23,0.4992612600326538,0.6021264791488647,0.12960833311080933,0.9979650974273682
235,24,0.41109535098075867,0.6076458692550659,-0.12939126789569855,0.9986827969551086
235,25,0.5391802191734314,0.7045474052429199,0.1974731832742691,0.9280186891555786
235,26,0.4276525676250458,0.714739203453064,-0.18581847846508026,0.9772338271141052
235,27,0.5060649514198303,0.7953250408172607,0.5087612867355347,0.8609421849250793
235,28,0.43193697929382324,0.8228391408920288,-0.013536968268454075,0.9734172821044922
235,29,0.4836559593677521,0.8074176907539368,0.5300594568252563,0.866118848323822
235,30,0.4139993488788605,0.8378947973251343,-0.008943798951804638,0.8913570046424866
235,31,0.5629299879074097,0.8333185315132141,0.3954092264175415,0.9020522832870483
235,32,0.4632796049118042,0.8619637489318848,-0.23435227572917938,0.9526216983795166
236,0,0.5385167598724365,0.4015938639640808,-0.405648410320282,0.9995907545089722
236,1,0.5403220653533936,0.39204272627830505,-0.3705946207046509,0.9991644024848938
236,2,0.5423024296760559,0.3925960063934326,-0.3706413805484772,0.9990328550338745
236,3,0.5443121790885925,0.3931179642677307,-0.3706170320510864,0.9989532232284546
236,4,0.5282412767410278,0.3901057541370392,-0.41745930910110474,0.9992887377738953
236,5,0.5225330591201782,0.3892945945262909,-0.4175015687942505,0.999173104763031
236,6,0.5155578851699829,0.38841813802719116,-0.4175977408885956,0.9992002248764038
236,7,0.5274754166603088,0.3955574035644531,-0.1492079198360443,0.997963547706604
236,8,0.4917532205581665,0.3891909718513489,-0.3655316233634949,0.9990437626838684
236,9,0.5341030359268188,0.41270214319229126,-0.31672921776771545,0.9995972514152527
236,10,0.5201914310455322,0.4103110432624817,-0.37935832142829895,0.9998223781585693
236,11,0.5268557071685791,0.45662394165992737,0.09042578935623169,0.9996128082275391
236,12,0.4108130633831024,0.43984436988830566,-0.38251829147338867,0.9999193549156189
236,13,0.532941460609436,0.5229354500770569,0.22198887169361115,0.7453698515892029
236,14,0.36663565039634705,0.5244107246398926,-0.42477208375930786,0.9950413107872009
236,15,0.5736038684844971,0.5845233798027039,0.06624285876750946,0.8533453941345215
236,16,0.43977653980255127,0.5966299772262573,-0.5001341700553894,0.9844698905944824
236,17,0.5814813375473022,0.6053503751754761,0.03709288313984871,0.8156204223632812
236,18,0.4452122151851654,0.6196956634521484,-0.5674906373023987,0.9680224061012268
236,19,0.5798463821411133,0.604554295539856,-0.02946566417813301,0.8176546096801758
236,20,0.4708060026168823,0.6186297535896301,-0.5866595506668091,0.9661455750465393
236,21,0.5738786458969116,0.597619891166687,0.033134832978248596,0.8007771968841553
236,22,0.47122922539711,0.6118044257164001,-0.5061967372894287,0.9460644125938416
236,23,0.5006686449050903,0.6064879298210144,0.14215265214443207,0.9979563355445862
236,24,0.41584208607673645,0.6078605055809021,-0.14210127294063568,0.9986882209777832
236,25,0.5193175077438354,0.717700719833374,0.21965619921684265,0.9197147488594055
236,26,0.4259960651397705,0.7195369005203247,-0.09184463322162628,0.9770837426185608
236,27,0.5004040002822876,0.8126100301742554,0.48948025703430176,0.8618223667144775
236,28,0.4337421953678131,0.8249548673629761,0.16184638440608978,0.973500669002533
236,29,0.47981882095336914,0.8230130076408386,0.506075918674469,0.8663500547409058
236,30,0.4183521568775177,0.8381935358047485,0.17502230405807495,0.8874493837356567
236,31,0.5477083921432495,0.8404170274734497,0.35902896523475647,0.9035769104957581
236,32,0.4673534333705902,0.8627755045890808,-0.04040702432394028,0.9541760087013245
237,0,0.5304034352302551,0.3951001763343811,-0.4116800129413605,0.9996154308319092
237,1,0.5320820808410645,0.38551080226898193,-0.37336528301239014,0.9992090463638306
237,2,0.5350307822227478,0.3860522508621216,-0.37342703342437744,0.9990765452384949
237,3,0.5377823114395142,0.38654807209968567,-0.37342581152915955,0.9990015029907227
237,4,0.5180866718292236,0.3836624324321747,-0.4163760840892792,0.9993319511413574
237,5,0.510809063911438,0.38298720121383667,-0.41640472412109375,0.9992266297340393
237,6,0.5031599998474121,0.38232776522636414,-0.4164797365665436,0.9992501139640808
237,7,0.5224692225456238,0.3902139663696289,-0.1484859585762024,0.9979882836341858
237,8,0.4808747172355652,0.3842523694038391,-0.3479139506816864,0.9991114735603333
237,9,0.5288553237915039,0.4075535237789154,-0.3232669532299042,0.9996111392974854
237,10,0.511861264705658,0.4054199755191803,-0.38075610995292664,0.9998274445533752
237,11,0.5258581638336182,0.45609551668167114,0.08768919855356216,0.9996053576469421
237,12,0.40365681052207947,0.44150739908218384,-0.37063971161842346,0.9999213218688965
237,13,0.528165876865387,0.5268694758415222,0.20312339067459106,0.7171968221664429
237,14,0.3728429079055786,0.5315335392951965,-0.4194950461387634,0.9948379397392273
237,15,0.5636674761772156,0.5937726497650146,0.06683290749788284,0.8423479795455933
237,16,0.4229981005191803,0.6060528755187988,-0.5003730058670044,0.9838111400604248
237,17,0.5715726017951965,0.6145729422569275,0.03827838972210884,0.8015773892402649
237,18,0.4258965253829956,0.6289114356040955,-0.5664550065994263,0.9670289754867554
237,19,0.5711060762405396,0.6143327355384827,-0.022655334323644638,0.8051115274429321
237,20,0.4441326856613159,0.6275514364242554,-0.5876104235649109,0.9652464389801025
237,21,0.5658575296401978,0.6083272695541382,0.03659443557262421,0.7880070805549622
237,22,0.44532594084739685,0.6212911605834961,-0.508201539516449,0.945451557636261
237,23,0.5001887679100037,0.6098300218582153,0.14162039756774902,0.9980586171150208
237,24,0.4155937135219574,0.608798623085022,-0.14165249466896057,0.9987338185310364
237,25,0.5145838260650635,0.7200683951377869,0.23022587597370148,0.9077973961830139
237,26,0.42599916458129883,0.7205223441123962,-0.05361635982990265,0.974897027015686
237,27,0.4974610507488251,0.8137052655220032,0.5235612392425537,0.8585365414619446
237,28,0.43386489152908325,0.8240543603897095,0.2396622747182846,0.9710325002670288
237,29,0.47694918513298035,0.822564959526062,0.54322749376297,0.8627152442932129
237,30,0.4186857044696808,0.8353279829025269,0.2583411633968353,0.8747422695159912
237,31,0.5398874282836914,0.8428133130073547,0.3990880846977234,0.9017919301986694
237,32,0.47478488087654114,0.8624356985092163,0.055305998772382736,0.9530954360961914
238,0,0.5247557163238525,0.3905748426914215,-0.40704116225242615,0.9996477961540222
238,1,0.5247371792793274,0.38033297657966614,-0.36757129430770874,0.9992751479148865
238,2,0.5278796553611755,0.3807830214500427,-0.367613822221756,0.9991505146026611
238,3,0.5309494733810425,0.381312757730484,-0.3675762712955475,0.9990810751914978
238,4,0.5110349655151367,0.37926948070526123,-0.4102579653263092,0.999390721321106
238,5,0.5037342309951782,0.378995418548584,-0.4102994203567505,0.9992955923080444
238,6,0.4962421953678131,0.37879687547683716,-0.41035303473472595,0.9993171691894531
238,7,0.5161851048469543,0.3861434757709503,-0.14163166284561157,0.998123049736023
238,8,0.4735967814922333,0.3824174404144287,-0.3383212685585022,0.9991940855979919
238,9,0.5247558355331421,0.4037676751613617,-0.31885668635368347,0.9996389150619507
238,10,0.507584273815155,0.40230149030685425,-0.37558767199516296,0.9998399615287781
238,11,0.5243005752563477,0.4556129574775696,0.08964137732982635,0.9995919466018677
238,12,0.3992967903614044,0.4428383409976959,-0.3757879436016083,0.9999266862869263
238,13,0.5236554145812988,0.5293107032775879,0.20728231966495514,0.6767043471336365
238,14,0.3824235796928406,0.5362004041671753,-0.41438746452331543,0.9947541952133179
238,15,0.5499994158744812,0.5978429913520813,0.07024376839399338,0.812269926071167
238,16,0.416096955537796,0.6137217879295349,-0.4590894877910614,0.9829381704330444
238,17,0.5566731095314026,0.6188519597053528,0.04469546675682068,0.7700904607772827
238,18,0.41634130477905273,0.6369041800498962,-0.520017147064209,0.9655507206916809
238,19,0.5571701526641846,0.6196419596672058,-0.012685530818998814,0.7750112414360046
238,20,0.4359932243824005,0.6363748908042908,-0.5433306097984314,0.9638073444366455
238,21,0.5516937971115112,0.6144055128097534,0.04063001647591591,0.7585617899894714
238,22,0.4381575286388397,0.6294177174568176,-0.46721649169921875,0.9442933797836304
238,23,0.4998701810836792,0.6116346716880798,0.14813928306102753,0.9981803894042969
238,24,0.4184015989303589,0.6097451448440552,-0.14828841388225555,0.9988180994987488
238,25,0.5064664483070374,0.7229135632514954,0.298812597990036,0.9006289839744568
238,26,0.42567169666290283,0.7241469025611877,-0.018907804042100906,0.9752208590507507
238,27,0.49239760637283325,0.8152289390563965,0.558250904083252,0.86269211769104
238,28,0.4348774254322052,0.8241116404533386,0.2544856071472168,0.9714453816413879
238,29,0.4735109508037567,0.8253622055053711,0.574474573135376,0.8650810122489929
238,30,0.4200988709926605,0.8355530500411987,0.27094581723213196,0.8710953593254089
238,31,0.5365616679191589,0.8458641171455383,0.42952045798301697,0.9056429266929626
238,32,0.479385107755661,0.8624905347824097,0.07085701823234558,0.9549996256828308
239,0,0.5205448269844055,0.38975217938423157,-0.4456290304660797,0.9996771812438965
239,1,0.5191797614097595,0.37909913063049316,-0.40490177273750305,0.9993353486061096
239,2,0.5219360589981079,0.37929269671440125,-0.4049263894557953,0.9992194175720215
239,3,0.5246686339378357,0.3795720636844635,-0.40486645698547363,0.9991543292999268
239,4,0.5059990286827087,0.3786495625972748,-0.44674792885780334,0.9994440078735352
239,5,0.49892735481262207,0.3785346448421478,-0.446837842464447,0.9993587732315063
239,6,0.491554856300354,0.3785017132759094,-0.44689038395881653,0.9993783831596375
239,7,0.5094329714775085,0.38441306352615356,-0.1734924465417862,0.9982496500015259
239,8,0.4686131477355957,0.38252508640289307,-0.36499840021133423,0.9992687702178955
239,9,0.5209758877754211,0.4024076461791992,-0.3557192087173462,0.9996634125709534
239,10,0.504063606262207,0.4017903208732605,-0.4108077883720398,0.9998506903648376
239,11,0.5245233178138733,0.4542236924171448,0.08164269477128983,0.9995684027671814
239,12,0.3991173505783081,0.4434959888458252,-0.4010378420352936,0.9999313950538635
239,13,0.5218819975852966,0.5307990312576294,0.18236728012561798,0.6395853757858276
239,14,0.38819223642349243,0.5391052961349487,-0.4183754026889801,0.994811475276947
239,15,0.5396077632904053,0.6001169085502625,0.040639203041791916,0.7836998105049133
239,16,0.41055843234062195,0.6142017245292664,-0.45058661699295044,0.9828785061836243
239,17,0.5474588871002197,0.6225763559341431,0.016089800745248795,0.7403456568717957
239,18,0.4087155759334564,0.6384705305099487,-0.5078022480010986,0.9655941128730774
239,19,0.54679936170578,0.6232900619506836,-0.04046998918056488,0.7463606595993042
239,20,0.4276081919670105,0.6373065710067749,-0.5320991277694702,0.9639661908149719
239,21,0.5413869023323059,0.6172834038734436,0.011546543799340725,0.730586051940918
239,22,0.4305300712585449,0.6302251815795898,-0.45846879482269287,0.9451838135719299
239,23,0.5001912713050842,0.6112934350967407,0.15877404808998108,0.9982706308364868
239,24,0.42149513959884644,0.6098917722702026,-0.15902742743492126,0.9988923072814941
239,25,0.5005027055740356,0.7218356728553772,0.2873697578907013,0.8911636471748352
239,26,0.4259487986564636,0.7238618731498718,-0.06273950636386871,0.9761346578598022
239,27,0.48490244150161743,0.8153960108757019,0.5194434523582458,0.8669804930686951
239,28,0.4355431795120239,0.824508011341095,0.1517384648323059,0.9726902842521667
239,29,0.464065283536911,0.8280590772628784,0.5322937965393066,0.8664706349372864
239,30,0.42027825117111206,0.8377808332443237,0.16159942746162415,0.8720994591712952
239,31,0.534871518611908,0.8464003801345825,0.39155328273773193,0.9094789624214172
239,32,0.48738962411880493,0.8625011444091797,-0.041398707777261734,0.9575977921485901
240,0,0.5176195502281189,0.3877236247062683,-0.47243040800094604,0.9997069835662842
240,1,0.5156151652336121,0.3773871064186096,-0.43085768818855286,0.9993966221809387
240,2,0.5183913707733154,0.3774651885032654,-0.4308684170246124,0.9992907643318176
240,3,0.5208525657653809,0.3775598406791687,-0.43081948161125183,0.9992310404777527
240,4,0.5015077590942383,0.3773699402809143,-0.4692297577857971,0.9994961023330688
240,5,0.4939064383506775,0.3775182366371155,-0.46930888295173645,0.9994195699691772
240,6,0.48554110527038574,0.3776894211769104,-0.46932142972946167,0.9994370341300964
240,7,0.5065105557441711,0.3825415372848511,-0.19876134395599365,0.998399555683136
240,8,0.4633546471595764,0.3827730119228363,-0.3747067451477051,0.9993386268615723
240,9,0.5190379619598389,0.3998451828956604,-0.3831595480442047,0.9996912479400635
240,10,0.5019288659095764,0.4000718593597412,-0.43356916308403015,0.9998624920845032
240,11,0.5247160792350769,0.4540289044380188,0.05248650908470154,0.9995637536048889
240,12,0.3993881344795227,0.44392576813697815,-0.4128464162349701,0.9999353289604187
240,13,0.5219020247459412,0.53155517578125,0.16046980023384094,0.6086615324020386
240,14,0.3908659517765045,0.5416619181632996,-0.43455132842063904,0.994652509689331
240,15,0.5372800827026367,0.6020110249519348,0.03047952614724636,0.7626945376396179
240,16,0.4079098105430603,0.6168599128723145,-0.45507147908210754,0.9817747473716736
240,17,0.5453685522079468,0.6235753297805786,0.008571362122893333,0.7177168130874634
240,18,0.40468788146972656,0.6408969759941101,-0.5105920433998108,0.9638842344284058
240,19,0.5445927381515503,0.6244091391563416,-0.04792681708931923,0.7247824668884277
240,20,0.4198499321937561,0.6412195563316345,-0.5411854386329651,0.9623941779136658
240,21,0.5393434762954712,0.6192290782928467,0.001890785526484251,0.7093519568443298
240,22,0.42491501569747925,0.6339215636253357,-0.46729838848114014,0.944042980670929
240,23,0.5001144409179688,0.6110648512840271,0.15810663998126984,0.9983768463134766
240,24,0.42409375309944153,0.6099051833152771,-0.15837305784225464,0.9989708662033081
240,25,0.49771109223365784,0.7193896770477295,0.3032047152519226,0.8826947808265686
240,26,0.4261936545372009,0.7235939502716064,-0.05668707937002182,0.9769176244735718
240,27,0.48019519448280334,0.8130908012390137,0.5425134301185608,0.8712934255599976
240,28,0.4354709982872009,0.8243870735168457,0.15101492404937744,0.9738017916679382
240,29,0.4602704644203186,0.8257232904434204,0.5563685297966003,0.8684576749801636
240,30,0.4202132225036621,0.8378114700317383,0.16076724231243134,0.8730831742286682
240,31,0.5331248641014099,0.8448401689529419,0.42137736082077026,0.9129937291145325
240,32,0.48664382100105286,0.8613533973693848,-0.03548388183116913,0.9598396420478821
241,0,0.5146394371986389,0.3844989836215973,-0.4511760175228119,0.9997328519821167
241,1,0.5121020078659058,0.3742104172706604,-0.40852484107017517,0.9994504451751709
241,2,0.514910101890564,0.3742258548736572,-0.4085504710674286,0.9993525147438049
241,3,0.5174229741096497,0.37424176931381226,-0.40850770473480225,0.9992973208427429
241,4,0.49816271662712097,0.3747374415397644,-0.44694119691848755,0.9995424747467041
241,5,0.49059322476387024,0.37509840726852417,-0.4470076262950897,0.9994736313819885
241,6,0.482209175825119,0.37555810809135437,-0.44704484939575195,0.9994896650314331
241,7,0.504116415977478,0.37957319617271423,-0.17546913027763367,0.9985212087631226
241,8,0.4602299630641937,0.3811296224594116,-0.3584613502025604,0.9994018077850342
241,9,0.5171155333518982,0.3966517448425293,-0.3602621257305145,0.9997149109840393
241,10,0.4998820722103119,0.39777517318725586,-0.41074100136756897,0.9998731017112732
241,11,0.524759829044342,0.4518415927886963,0.07814896106719971,0.9995406866073608
241,12,0.4005410373210907,0.44442400336265564,-0.3866136372089386,0.9999399185180664
241,13,0.5228894948959351,0.5315721035003662,0.1919899433851242,0.5687665343284607
241,14,0.38892287015914917,0.5403777360916138,-0.4294409155845642,0.9946812987327576
241,15,0.5370018482208252,0.6012881994247437,0.04550528898835182,0.7285313010215759
241,16,0.40169477462768555,0.6118639707565308,-0.45425888895988464,0.9816192388534546
241,17,0.5463215112686157,0.6222636699676514,0.020610054954886436,0.6850626468658447
241,18,0.3934456706047058,0.6354803442955017,-0.5120270252227783,0.9635366797447205
241,19,0.5457693934440613,0.6229041814804077,-0.03873622044920921,0.692949116230011
241,20,0.41026225686073303,0.6354256868362427,-0.5381650924682617,0.962108314037323
241,21,0.5398767590522766,0.6166984438896179,0.014757059514522552,0.678430438041687
241,22,0.4159168601036072,0.6283711194992065,-0.46406272053718567,0.9442460536956787
241,23,0.5020779967308044,0.610866129398346,0.16310639679431915,0.9984779953956604
241,24,0.42957836389541626,0.6100170016288757,-0.1634029597043991,0.9990453720092773
241,25,0.4962267279624939,0.7216224074363708,0.31892067193984985,0.8764007687568665
241,26,0.42740729451179504,0.7245196104049683,-0.03689856827259064,0.9778355360031128
241,27,0.4782130718231201,0.8126546144485474,0.5769931077957153,0.8766846060752869
241,28,0.4354962706565857,0.8243876695632935,0.21610108017921448,0.9749970436096191
241,29,0.45916637778282166,0.8245339393615723,0.5926110744476318,0.8719795942306519
241,30,0.42036738991737366,0.8378788232803345,0.23112145066261292,0.8740490078926086
241,31,0.5336172580718994,0.8440104722976685,0.45244479179382324,0.9172582030296326
241,32,0.4867353141307831,0.8613361120223999,0.03325290232896805,0.9621435403823853
242,0,0.5125788450241089,0.38181212544441223,-0.44433221220970154,0.9997533559799194
242,1,0.5104478001594543,0.37158477306365967,-0.39999639987945557,0.9994924664497375
242,2,0.5134484767913818,0.37174639105796814,-0.40004873275756836,0.9994004964828491
242,3,0.5162090063095093,0.37197595834732056,-0.4000110924243927,0.9993481636047363
242,4,0.4960450828075409,0.3717986047267914,-0.43705612421035767,0.9995794296264648
242,5,0.4882696270942688,0.37229156494140625,-0.4371115267276764,0.9995176792144775
242,6,0.4797992408275604,0.37304195761680603,-0.43716904520988464,0.9995322227478027
242,7,0.503791332244873,0.37792277336120605,-0.16713467240333557,0.9985969662666321
242,8,0.45830854773521423,0.3794368803501129,-0.3357604444026947,0.999454140663147
242,9,0.5154600739479065,0.3939664959907532,-0.35180002450942993,0.9997310042381287
242,10,0.4979749023914337,0.39496853947639465,-0.40062421560287476,0.9998801350593567
242,11,0.5275769233703613,0.4506400227546692,0.08888714015483856,0.9995162487030029
242,12,0.40004849433898926,0.4440825581550598,-0.35421520471572876,0.9999421238899231
242,13,0.5249524712562561,0.5315527319908142,0.19907493889331818,0.5437526702880859
242,14,0.38819533586502075,0.5398850440979004,-0.37685054540634155,0.9946243762969971
242,15,0.5402752161026001,0.5990071892738342,0.03131963685154915,0.7089594006538391
242,16,0.397432804107666,0.6078482866287231,-0.453226774930954,0.9813191890716553
242,17,0.54937744140625,0.6204134821891785,-0.0005208658403716981,0.664916455745697
242,18,0.39091870188713074,0.6315538287162781,-0.513641893863678,0.9628865718841553
242,19,0.5480000972747803,0.620965838432312,-0.062034640461206436,0.6736955642700195
242,20,0.4054214060306549,0.6313365697860718,-0.5390621423721313,0.9615240097045898
242,21,0.541877269744873,0.6149269938468933,-0.0003190959105268121,0.659333348274231
242,22,0.4106335937976837,0.6244837045669556,-0.46344414353370667,0.9439972043037415
242,23,0.5043550729751587,0.6107147932052612,0.15983814001083374,0.9985373020172119
242,24,0.4287329912185669,0.6099775433540344,-0.16008035838603973,0.9990915060043335
242,25,0.49760758876800537,0.721649706363678,0.2756839394569397,0.871417760848999
242,26,0.4290958344936371,0.7245140075683594,-0.061562955379486084,0.9782024025917053
242,27,0.4786738157272339,0.8160666227340698,0.5238134860992432,0.8815403580665588
242,28,0.43548712134361267,0.8259001970291138,0.16785436868667603,0.9757074117660522
242,29,0.45919501781463623,0.8275332450866699,0.5370562076568604,0.8741232752799988
242,30,0.420438289642334,0.8394354581832886,0.17891952395439148,0.8719146847724915
242,31,0.5338315963745117,0.846037745475769,0.3830702602863312,0.9206281900405884
242,32,0.4858737587928772,0.8624234199523926,-0.03090858645737171,0.963744580745697
243,0,0.5104761719703674,0.3797245919704437,-0.44252756237983704,0.9997738003730774
243,1,0.5086218118667603,0.37024229764938354,-0.390252947807312,0.9995341897010803
243,2,0.5118856430053711,0.37040984630584717,-0.39034780859947205,0.9994488954544067
243,3,0.5149387121200562,0.37059515714645386,-0.39031630754470825,0.9994004368782043
243,4,0.49372684955596924,0.37045976519584656,-0.4214557111263275,0.9996150135993958
243,5,0.4855561852455139,0.37097617983818054,-0.42149150371551514,0.9995595216751099
243,6,0.4768306016921997,0.37163645029067993,-0.42152607440948486,0.9995724558830261
243,7,0.5034918785095215,0.376648485660553,-0.13779222965240479,0.9986907839775085
243,8,0.4562162756919861,0.3783658444881439,-0.2925547659397125,0.9995027780532837
243,9,0.5141514539718628,0.39200931787490845,-0.34467244148254395,0.9997498393058777
243,10,0.49590471386909485,0.3930208086967468,-0.3851426839828491,0.9998879432678223
243,11,0.5306025147438049,0.451041042804718,0.11483756452798843,0.9995250701904297
243,12,0.40014931559562683,0.4437297284603119,-0.3217676877975464,0.9999443292617798
243,13,0.5314515233039856,0.5313363075256348,0.2243019938468933,0.538663387298584
243,14,0.38737398386001587,0.5374008417129517,-0.3654944896697998,0.994685173034668
243,15,0.5489267706871033,0.5974664688110352,0.05050340294837952,0.713615894317627
243,16,0.39700847864151,0.6056128740310669,-0.46505504846572876,0.9816153049468994
243,17,0.5557377338409424,0.6190245151519775,0.016137469559907913,0.6682428121566772
243,18,0.39134034514427185,0.6293033957481384,-0.5351024866104126,0.9633777737617493
243,19,0.5544545650482178,0.619538426399231,-0.04997763782739639,0.6774795055389404
243,20,0.40645039081573486,0.629306435585022,-0.5624436140060425,0.9620746970176697
243,21,0.5488714575767517,0.6132699251174927,0.01715339720249176,0.6626573801040649
243,22,0.4114510118961334,0.6221174001693726,-0.4774360656738281,0.9450568556785583
243,23,0.507594645023346,0.6105948090553284,0.1584213823080063,0.9985863566398621
243,24,0.42954888939857483,0.6099081039428711,-0.1586214005947113,0.9991300106048584
243,25,0.49882248044013977,0.7234673500061035,0.26178497076034546,0.8675330281257629
243,26,0.43008333444595337,0.7258124351501465,-0.08261480927467346,0.9786893129348755
243,27,0.47790268063545227,0.8190497159957886,0.5003684759140015,0.8849115967750549
243,28,0.4362933337688446,0.8302650451660156,0.1122632548213005,0.9761669039726257
243,29,0.45889222621917725,0.8305095434188843,0.5125247836112976,0.8747497797012329
243,30,0.4223365783691406,0.8451626896858215,0.11878618597984314,0.868126392364502
243,31,0.5334568619728088,0.8473950624465942,0.3581910729408264,0.922426700592041
243,32,0.4855365455150604,0.8637827038764954,-0.10647574812173843,0.9647172093391418
244,0,0.5113815069198608,0.37933990359306335,-0.4335174858570099,0.999794065952301
244,1,0.5096739530563354,0.3696872591972351,-0.3860875070095062,0.9995755553245544
244,2,0.5128503441810608,0.36977070569992065,-0.38616541028022766,0.9994974136352539
244,3,0.5158102512359619,0.3698558509349823,-0.38613900542259216,0.9994531869888306
244,4,0.4949628710746765,0.36995983123779297,-0.42002931237220764,0.9996497631072998
244,5,0.48689281940460205,0.37042123079299927,-0.42006349563598633,0.9995997548103333
244,6,0.4783046245574951,0.3709196448326111,-0.42009562253952026,0.9996111989021301
244,7,0.5039234757423401,0.3755204975605011,-0.1390041559934616,0.9987965226173401
244,8,0.4560469388961792,0.37728172540664673,-0.2928856909275055,0.9995487928390503
244,9,0.5147251486778259,0.39153343439102173,-0.33963102102279663,0.9997707009315491
244,10,0.49676305055618286,0.3927064538002014,-0.3842243254184723,0.9998969435691833
244,11,0.5352818965911865,0.4492718577384949,0.11241480708122253,0.9995529055595398
244,12,0.3992580771446228,0.44393953680992126,-0.3244630694389343,0.9999462366104126
244,13,0.5446294546127319,0.5288696885108948,0.20822429656982422,0.5580680966377258
244,14,0.3810901939868927,0.5363291501998901,-0.3678351938724518,0.9949150085449219
244,15,0.5613517165184021,0.5960334539413452,0.0323488675057888,0.7336119413375854
244,16,0.39509883522987366,0.6044142842292786,-0.4724441468715668,0.9825235605239868
244,17,0.5711734294891357,0.6166670918464661,-0.006076832767575979,0.6882803440093994
244,18,0.38864368200302124,0.6286311149597168,-0.5437168478965759,0.9650079011917114
244,19,0.5669294595718384,0.6168299913406372,-0.071869395673275,0.697536826133728
244,20,0.40392664074897766,0.6284114122390747,-0.5749586820602417,0.9637902975082397
244,21,0.5608541965484619,0.610944390296936,-0.0011952862842008471,0.6827220320701599
244,22,0.41054844856262207,0.6210850477218628,-0.4863565266132355,0.9476527571678162
244,23,0.5112597346305847,0.6096319556236267,0.1543402075767517,0.9986488819122314
244,24,0.4307476580142975,0.6093178987503052,-0.15454760193824768,0.9991681575775146
244,25,0.5005670189857483,0.7224338054656982,0.2465813159942627,0.8676403760910034
244,26,0.4304977059364319,0.7256373167037964,-0.0854438915848732,0.9788223505020142
244,27,0.4782699942588806,0.8189957737922668,0.4813717007637024,0.8892794847488403
244,28,0.4367619752883911,0.8317850232124329,0.11208732426166534,0.9764569401741028
244,29,0.46026942133903503,0.8304778933525085,0.4935954511165619,0.8768181204795837
244,30,0.42444416880607605,0.8458290100097656,0.1188066303730011,0.8631376028060913
244,31,0.5334235429763794,0.8489691019058228,0.34477391839027405,0.9249245524406433
244,32,0.48328644037246704,0.8663999438285828,-0.10714591294527054,0.9653547406196594
